ISO-10303-21;
HEADER;
/* Generated by software containing ST-Developer
 * from STEP Tools, Inc. (www.steptools.com) 
 */

FILE_DESCRIPTION(
/* description */ (''),
/* implementation_level */ '2;1');

FILE_NAME(
/* name */ 'L.step',
/* time_stamp */ '2025-11-15T18:53:39+01:00',
/* author */ (''),
/* organization */ (''),
/* preprocessor_version */ 'ST-DEVELOPER v20.1',
/* originating_system */ 'Autodesk Translation Framework v14.21.0.0',
/* authorisation */ '');

FILE_SCHEMA (('AUTOMOTIVE_DESIGN { 1 0 10303 214 3 1 1 }'));
ENDSEC;

DATA;
#10=MECHANICAL_DESIGN_GEOMETRIC_PRESENTATION_REPRESENTATION('',(#21,#22),
#1667);
#11=SHAPE_REPRESENTATION_RELATIONSHIP('SRR','None',#1673,#12);
#12=ADVANCED_BREP_SHAPE_REPRESENTATION('',(#13),#1666);
#13=MANIFOLD_SOLID_BREP('L',#799);
#14=SPHERICAL_SURFACE('',#857,1.8);
#15=ELLIPSE('',#835,1.50970442934586,1.4);
#16=ELLIPSE('',#836,1.50970442934586,1.4);
#17=FACE_BOUND('',#157,.T.);
#18=FACE_BOUND('',#161,.T.);
#19=FACE_BOUND('',#174,.T.);
#20=FACE_BOUND('',#176,.T.);
#21=STYLED_ITEM('',(#1683),#775);
#22=STYLED_ITEM('',(#1710),#13);
#23=CYLINDRICAL_SURFACE('',#814,16.1459726484248);
#24=CYLINDRICAL_SURFACE('',#833,14.8959726484248);
#25=CYLINDRICAL_SURFACE('',#838,1.4);
#26=CYLINDRICAL_SURFACE('',#840,1.4);
#27=CYLINDRICAL_SURFACE('',#846,0.875);
#28=CYLINDRICAL_SURFACE('',#854,0.875);
#29=CYLINDRICAL_SURFACE('',#870,1.8);
#30=CIRCLE('',#809,16.1459726484248);
#31=CIRCLE('',#813,16.1459726484248);
#32=CIRCLE('',#823,14.8959726484248);
#33=CIRCLE('',#824,11.5959726484248);
#34=CIRCLE('',#827,1.40000000000001);
#35=CIRCLE('',#828,1.80000000000003);
#36=CIRCLE('',#829,1.40000000000001);
#37=CIRCLE('',#831,11.5959726484248);
#38=CIRCLE('',#832,14.8959726484248);
#39=CIRCLE('',#842,0.475);
#40=CIRCLE('',#843,0.4);
#41=CIRCLE('',#844,0.875);
#42=CIRCLE('',#845,0.875);
#43=CIRCLE('',#847,0.875);
#44=CIRCLE('',#850,0.475);
#45=CIRCLE('',#851,0.4);
#46=CIRCLE('',#852,0.875);
#47=CIRCLE('',#853,0.875);
#48=CIRCLE('',#855,0.875);
#49=CIRCLE('',#858,1.49666295470958);
#50=CIRCLE('',#859,1.8);
#51=CIRCLE('',#860,1.8);
#52=CIRCLE('',#861,1.8);
#53=CIRCLE('',#862,1.49666295470958);
#54=CIRCLE('',#863,1.8);
#55=CIRCLE('',#867,1.8);
#56=CIRCLE('',#869,1.8);
#57=TOROIDAL_SURFACE('',#808,12.8459726484249,3.3);
#58=TOROIDAL_SURFACE('',#812,12.8459726484249,3.3);
#59=TOROIDAL_SURFACE('',#822,11.5959726484248,3.3);
#60=TOROIDAL_SURFACE('',#830,11.5959726484248,3.3);
#61=TOROIDAL_SURFACE('',#841,0.475,0.4);
#62=TOROIDAL_SURFACE('',#849,0.475,0.4);
#63=B_SPLINE_CURVE_WITH_KNOTS('',3,(#1142,#1143,#1144,#1145),
 .UNSPECIFIED.,.F.,.F.,(4,4),(0.32634455778441,0.366578138682082),
 .UNSPECIFIED.);
#64=B_SPLINE_CURVE_WITH_KNOTS('',3,(#1147,#1148,#1149,#1150,#1151,#1152,
#1153,#1154,#1155,#1156,#1157,#1158,#1159,#1160,#1161,#1162,#1163,#1164,
#1165,#1166,#1167,#1168),.UNSPECIFIED.,.F.,.F.,(4,3,3,3,3,3,3,4),(0.,0.00985560204160611,
0.0200871013257956,0.0253441481454285,0.0354040320926838,0.0457986743306151,
0.05162879558478,0.0545256999604978),.UNSPECIFIED.);
#65=B_SPLINE_CURVE_WITH_KNOTS('',3,(#1170,#1171,#1172,#1173),
 .UNSPECIFIED.,.F.,.F.,(4,4),(0.0921399754175299,0.256791414738145),
 .UNSPECIFIED.);
#66=B_SPLINE_CURVE_WITH_KNOTS('',3,(#1175,#1176,#1177,#1178,#1179,#1180,
#1181,#1182,#1183,#1184,#1185,#1186,#1187,#1188,#1189,#1190,#1191,#1192,
#1193,#1194,#1195,#1196,#1197,#1198,#1199,#1200,#1201,#1202,#1203,#1204,
#1205,#1206,#1207,#1208,#1209,#1210,#1211,#1212,#1213,#1214,#1215,#1216,
#1217,#1218,#1219,#1220,#1221,#1222,#1223,#1224,#1225,#1226),
 .UNSPECIFIED.,.F.,.F.,(4,3,3,3,3,3,3,3,3,3,3,3,3,3,3,3,3,4),(0.,0.0100306496929008,
0.0203127574511271,0.027141460966212,0.0374160086290757,0.0475980526699371,
0.0542535554095223,0.0559261932776392,0.0659935550067158,0.0762782589190236,
0.0815476045384608,0.0918528296513706,0.0934465595465586,0.103772351165843,
0.106339972811606,0.116679633331313,0.126973659798811,0.131249287272299),
 .UNSPECIFIED.);
#67=B_SPLINE_CURVE_WITH_KNOTS('',3,(#1228,#1229,#1230,#1231),
 .UNSPECIFIED.,.F.,.F.,(4,4),(-0.265655184209102,-0.159502347000957),
 .UNSPECIFIED.);
#68=B_SPLINE_CURVE_WITH_KNOTS('',3,(#1232,#1233,#1234,#1235,#1236,#1237,
#1238,#1239,#1240,#1241,#1242,#1243,#1244,#1245,#1246,#1247,#1248,#1249,
#1250,#1251,#1252,#1253,#1254,#1255,#1256,#1257,#1258,#1259,#1260,#1261,
#1262),.UNSPECIFIED.,.F.,.F.,(4,3,3,3,3,3,3,3,3,3,4),(0.,0.01103418677308,
0.0221548640210269,0.0317126746006742,0.0395333505098615,0.0503986787810158,
0.0608718869035418,0.0630329973138854,0.0732976019815022,0.078090783259648,
0.0790833028813129),.UNSPECIFIED.);
#69=B_SPLINE_CURVE_WITH_KNOTS('',3,(#1265,#1266,#1267,#1268,#1269,#1270,
#1271,#1272,#1273,#1274),.UNSPECIFIED.,.F.,.F.,(4,2,2,2,4),(-0.397603388402575,
-0.366560874845979,-0.244351361257869,-0.122167312457832,0.),
 .UNSPECIFIED.);
#70=B_SPLINE_CURVE_WITH_KNOTS('',3,(#1277,#1278,#1279,#1280,#1281,#1282,
#1283,#1284,#1285,#1286),.UNSPECIFIED.,.F.,.F.,(4,2,2,2,4),(0.,0.120586690208309,
0.243358930327815,0.369543664026695,0.420827204276424),.UNSPECIFIED.);
#71=B_SPLINE_CURVE_WITH_KNOTS('',3,(#1291,#1292,#1293,#1294,#1295,#1296,
#1297,#1298,#1299,#1300,#1301,#1302,#1303,#1304,#1305,#1306,#1307,#1308,
#1309,#1310,#1311,#1312,#1313,#1314,#1315,#1316,#1317,#1318,#1319,#1320,
#1321,#1322,#1323,#1324,#1325,#1326,#1327,#1328,#1329,#1330,#1331,#1332,
#1333,#1334,#1335,#1336,#1337,#1338,#1339,#1340,#1341,#1342),
 .UNSPECIFIED.,.F.,.F.,(4,3,3,3,3,3,3,3,3,3,3,3,3,3,3,3,3,4),(0.,0.0101723879810758,
0.0205851744440898,0.0278293714349156,0.0382073625672625,0.0483653184382076,
0.0554891127915001,0.0566420753792839,0.0668153393612868,0.0770582701873312,
0.0828713787965964,0.0931108316543614,0.0940382104726992,0.104279783259285,
0.107088679981169,0.117305411418431,0.127456139771678,0.131295376398211),
 .UNSPECIFIED.);
#72=B_SPLINE_CURVE_WITH_KNOTS('',3,(#1344,#1345,#1346,#1347,#1348,#1349,
#1350,#1351,#1352,#1353),.UNSPECIFIED.,.F.,.F.,(4,2,2,2,4),(0.,0.12216731245783,
0.244351361257865,0.366560874845979,0.397603388402574),.UNSPECIFIED.);
#73=B_SPLINE_CURVE_WITH_KNOTS('',3,(#1358,#1359,#1360,#1361),
 .UNSPECIFIED.,.F.,.F.,(4,4),(0.127644838231739,0.292296277553922),
 .UNSPECIFIED.);
#74=B_SPLINE_CURVE_WITH_KNOTS('',3,(#1388,#1389,#1390,#1391,#1392,#1393,
#1394,#1395,#1396,#1397,#1398,#1399,#1400,#1401,#1402,#1403,#1404,#1405,
#1406,#1407,#1408,#1409,#1410,#1411,#1412,#1413,#1414,#1415),
 .UNSPECIFIED.,.F.,.F.,(4,3,3,3,3,3,3,3,3,4),(0.0541101163232779,0.0645844171534054,
0.074135943158078,0.0798960597573744,0.090415494222473,0.101379586631953,
0.106264527082357,0.117419814111374,0.12833137881187,0.132922663490328),
 .UNSPECIFIED.);
#75=B_SPLINE_CURVE_WITH_KNOTS('',3,(#1416,#1417,#1418,#1419),
 .UNSPECIFIED.,.F.,.F.,(4,4),(-0.224933905970496,-0.118781068760494),
 .UNSPECIFIED.);
#76=B_SPLINE_CURVE_WITH_KNOTS('',3,(#1421,#1422,#1423,#1424,#1425,#1426,
#1427,#1428,#1429,#1430,#1431,#1432,#1433,#1434,#1435,#1436,#1437,#1438,
#1439,#1440,#1441,#1442),.UNSPECIFIED.,.F.,.F.,(4,3,3,3,3,3,3,4),(0.0780780338300701,
0.0880541127018183,0.0919412532257752,0.0962956943614651,0.106516445287668,
0.112448889281225,0.122629666653722,0.13271868934586),.UNSPECIFIED.);
#77=B_SPLINE_CURVE_WITH_KNOTS('',3,(#1443,#1444,#1445,#1446),
 .UNSPECIFIED.,.F.,.F.,(4,4),(0.517862200958531,0.550656378233842),
 .UNSPECIFIED.);
#78=B_SPLINE_CURVE_WITH_KNOTS('',3,(#1449,#1450,#1451,#1452,#1453,#1454,
#1455,#1456,#1457,#1458),.UNSPECIFIED.,.F.,.F.,(4,2,2,2,4),(-0.420827204276425,
-0.369543664026693,-0.243358930327814,-0.120586690208305,0.),
 .UNSPECIFIED.);
#79=B_SPLINE_CURVE_WITH_KNOTS('',3,(#1501,#1502,#1503,#1504,#1505,#1506,
#1507,#1508),.UNSPECIFIED.,.F.,.F.,(4,2,2,4),(0.,0.120262616627847,0.243106779621652,
0.363265497935828),.UNSPECIFIED.);
#80=B_SPLINE_CURVE_WITH_KNOTS('',3,(#1512,#1513,#1514,#1515,#1516,#1517,
#1518,#1519,#1520,#1521),.UNSPECIFIED.,.F.,.F.,(4,2,2,2,4),(2.08437312090508,
2.20354933287603,2.32674145744604,2.45649024086245,2.59572094098942),
 .UNSPECIFIED.);
#81=B_SPLINE_CURVE_WITH_KNOTS('',3,(#1525,#1526,#1527,#1528),
 .UNSPECIFIED.,.F.,.F.,(4,4),(1.54152308896395,1.65848127080157),
 .UNSPECIFIED.);
#82=B_SPLINE_CURVE_WITH_KNOTS('',3,(#1529,#1530,#1531,#1532,#1533,#1534),
 .UNSPECIFIED.,.F.,.F.,(4,2,4),(0.365957460425761,0.370650904562628,0.38819936908148),
 .UNSPECIFIED.);
#83=B_SPLINE_CURVE_WITH_KNOTS('',3,(#1554,#1555,#1556,#1557),
 .UNSPECIFIED.,.F.,.F.,(4,4),(0.388199369081479,0.505157550919096),
 .UNSPECIFIED.);
#84=B_SPLINE_CURVE_WITH_KNOTS('',3,(#1558,#1559,#1560,#1561,#1562,#1563),
 .UNSPECIFIED.,.F.,.F.,(4,2,4),(1.65848127080157,1.67602973532042,1.68072317945729),
 .UNSPECIFIED.);
#85=B_SPLINE_CURVE_WITH_KNOTS('',3,(#1568,#1569,#1570,#1571,#1572,#1573,
#1574,#1575,#1576,#1577),.UNSPECIFIED.,.F.,.F.,(4,2,2,2,4),(1.57302530082074,
1.71225600094771,1.84200478436411,1.96519690893412,2.08437312090508),
 .UNSPECIFIED.);
#86=B_SPLINE_CURVE_WITH_KNOTS('',3,(#1580,#1581,#1582,#1583,#1584,#1585,
#1586,#1587),.UNSPECIFIED.,.F.,.F.,(4,2,2,4),(1.66976490499061,1.78992362330479,
1.9127677862986,2.03303040292644),.UNSPECIFIED.);
#87=B_SPLINE_SURFACE_WITH_KNOTS('',3,3,((#1116,#1117,#1118,#1119),(#1120,
#1121,#1122,#1123),(#1124,#1125,#1126,#1127),(#1128,#1129,#1130,#1131),
(#1132,#1133,#1134,#1135),(#1136,#1137,#1138,#1139)),.UNSPECIFIED.,.F.,
 .F.,.F.,(4,1,1,4),(4,4),(0.,0.285714285714286,0.571428571428571,1.),(-0.265655184209102,
-0.0920754398093337),.UNSPECIFIED.);
#88=B_SPLINE_SURFACE_WITH_KNOTS('',3,3,((#1362,#1363,#1364,#1365),(#1366,
#1367,#1368,#1369),(#1370,#1371,#1372,#1373),(#1374,#1375,#1376,#1377),
(#1378,#1379,#1380,#1381),(#1382,#1383,#1384,#1385)),.UNSPECIFIED.,.F.,
 .F.,.F.,(4,1,1,4),(4,4),(0.,0.285714285714286,0.571428571428571,1.),(0.118781068760494,
0.292347740579162),.UNSPECIFIED.);
#89=FACE_OUTER_BOUND('',#133,.T.);
#90=FACE_OUTER_BOUND('',#134,.T.);
#91=FACE_OUTER_BOUND('',#135,.T.);
#92=FACE_OUTER_BOUND('',#136,.T.);
#93=FACE_OUTER_BOUND('',#137,.T.);
#94=FACE_OUTER_BOUND('',#138,.T.);
#95=FACE_OUTER_BOUND('',#139,.T.);
#96=FACE_OUTER_BOUND('',#140,.T.);
#97=FACE_OUTER_BOUND('',#141,.T.);
#98=FACE_OUTER_BOUND('',#142,.T.);
#99=FACE_OUTER_BOUND('',#143,.T.);
#100=FACE_OUTER_BOUND('',#144,.T.);
#101=FACE_OUTER_BOUND('',#145,.T.);
#102=FACE_OUTER_BOUND('',#146,.T.);
#103=FACE_OUTER_BOUND('',#147,.T.);
#104=FACE_OUTER_BOUND('',#148,.T.);
#105=FACE_OUTER_BOUND('',#149,.T.);
#106=FACE_OUTER_BOUND('',#150,.T.);
#107=FACE_OUTER_BOUND('',#151,.T.);
#108=FACE_OUTER_BOUND('',#152,.T.);
#109=FACE_OUTER_BOUND('',#153,.T.);
#110=FACE_OUTER_BOUND('',#154,.T.);
#111=FACE_OUTER_BOUND('',#155,.T.);
#112=FACE_OUTER_BOUND('',#156,.T.);
#113=FACE_OUTER_BOUND('',#158,.T.);
#114=FACE_OUTER_BOUND('',#159,.T.);
#115=FACE_OUTER_BOUND('',#160,.T.);
#116=FACE_OUTER_BOUND('',#162,.T.);
#117=FACE_OUTER_BOUND('',#163,.T.);
#118=FACE_OUTER_BOUND('',#164,.T.);
#119=FACE_OUTER_BOUND('',#165,.T.);
#120=FACE_OUTER_BOUND('',#166,.T.);
#121=FACE_OUTER_BOUND('',#167,.T.);
#122=FACE_OUTER_BOUND('',#168,.T.);
#123=FACE_OUTER_BOUND('',#169,.T.);
#124=FACE_OUTER_BOUND('',#170,.T.);
#125=FACE_OUTER_BOUND('',#171,.T.);
#126=FACE_OUTER_BOUND('',#172,.T.);
#127=FACE_OUTER_BOUND('',#173,.T.);
#128=FACE_OUTER_BOUND('',#175,.T.);
#129=FACE_OUTER_BOUND('',#177,.T.);
#130=FACE_OUTER_BOUND('',#178,.T.);
#131=FACE_OUTER_BOUND('',#179,.T.);
#132=FACE_OUTER_BOUND('',#180,.T.);
#133=EDGE_LOOP('',(#497,#498,#499,#500));
#134=EDGE_LOOP('',(#501,#502,#503,#504));
#135=EDGE_LOOP('',(#505,#506,#507,#508));
#136=EDGE_LOOP('',(#509,#510,#511,#512));
#137=EDGE_LOOP('',(#513,#514,#515,#516));
#138=EDGE_LOOP('',(#517,#518,#519,#520));
#139=EDGE_LOOP('',(#521,#522,#523,#524,#525,#526));
#140=EDGE_LOOP('',(#527,#528,#529,#530,#531,#532));
#141=EDGE_LOOP('',(#533,#534,#535,#536));
#142=EDGE_LOOP('',(#537,#538,#539,#540,#541,#542));
#143=EDGE_LOOP('',(#543,#544,#545,#546));
#144=EDGE_LOOP('',(#547,#548,#549,#550,#551,#552));
#145=EDGE_LOOP('',(#553,#554,#555,#556));
#146=EDGE_LOOP('',(#557,#558,#559,#560));
#147=EDGE_LOOP('',(#561,#562,#563,#564));
#148=EDGE_LOOP('',(#565,#566,#567,#568));
#149=EDGE_LOOP('',(#569,#570,#571,#572));
#150=EDGE_LOOP('',(#573,#574,#575,#576));
#151=EDGE_LOOP('',(#577,#578,#579,#580));
#152=EDGE_LOOP('',(#581,#582,#583,#584));
#153=EDGE_LOOP('',(#585,#586,#587,#588,#589,#590));
#154=EDGE_LOOP('',(#591,#592,#593,#594,#595,#596,#597));
#155=EDGE_LOOP('',(#598,#599,#600,#601));
#156=EDGE_LOOP('',(#602,#603,#604,#605,#606,#607,#608,#609,#610,#611,#612,
#613,#614,#615));
#157=EDGE_LOOP('',(#616,#617,#618,#619,#620,#621));
#158=EDGE_LOOP('',(#622,#623,#624,#625,#626,#627,#628));
#159=EDGE_LOOP('',(#629,#630,#631,#632));
#160=EDGE_LOOP('',(#633,#634,#635,#636,#637,#638,#639,#640));
#161=EDGE_LOOP('',(#641,#642,#643,#644,#645,#646));
#162=EDGE_LOOP('',(#647,#648,#649,#650));
#163=EDGE_LOOP('',(#651,#652,#653,#654));
#164=EDGE_LOOP('',(#655,#656,#657,#658,#659));
#165=EDGE_LOOP('',(#660,#661,#662,#663));
#166=EDGE_LOOP('',(#664,#665,#666,#667,#668));
#167=EDGE_LOOP('',(#669,#670,#671,#672,#673));
#168=EDGE_LOOP('',(#674));
#169=EDGE_LOOP('',(#675,#676,#677,#678,#679));
#170=EDGE_LOOP('',(#680,#681,#682,#683,#684));
#171=EDGE_LOOP('',(#685));
#172=EDGE_LOOP('',(#686,#687,#688,#689,#690,#691,#692));
#173=EDGE_LOOP('',(#693,#694,#695,#696));
#174=EDGE_LOOP('',(#697));
#175=EDGE_LOOP('',(#698,#699,#700,#701));
#176=EDGE_LOOP('',(#702));
#177=EDGE_LOOP('',(#703,#704));
#178=EDGE_LOOP('',(#705,#706));
#179=EDGE_LOOP('',(#707,#708,#709,#710,#711,#712,#713,#714,#715,#716,#717,
#718));
#180=EDGE_LOOP('',(#719,#720,#721,#722,#723,#724,#725,#726));
#181=LINE('',#1082,#243);
#182=LINE('',#1084,#244);
#183=LINE('',#1086,#245);
#184=LINE('',#1087,#246);
#185=LINE('',#1090,#247);
#186=LINE('',#1092,#248);
#187=LINE('',#1093,#249);
#188=LINE('',#1096,#250);
#189=LINE('',#1098,#251);
#190=LINE('',#1099,#252);
#191=LINE('',#1102,#253);
#192=LINE('',#1104,#254);
#193=LINE('',#1105,#255);
#194=LINE('',#1108,#256);
#195=LINE('',#1110,#257);
#196=LINE('',#1111,#258);
#197=LINE('',#1113,#259);
#198=LINE('',#1114,#260);
#199=LINE('',#1289,#261);
#200=LINE('',#1354,#262);
#201=LINE('',#1357,#263);
#202=LINE('',#1461,#264);
#203=LINE('',#1465,#265);
#204=LINE('',#1467,#266);
#205=LINE('',#1469,#267);
#206=LINE('',#1470,#268);
#207=LINE('',#1473,#269);
#208=LINE('',#1475,#270);
#209=LINE('',#1476,#271);
#210=LINE('',#1479,#272);
#211=LINE('',#1481,#273);
#212=LINE('',#1482,#274);
#213=LINE('',#1485,#275);
#214=LINE('',#1487,#276);
#215=LINE('',#1488,#277);
#216=LINE('',#1491,#278);
#217=LINE('',#1493,#279);
#218=LINE('',#1494,#280);
#219=LINE('',#1496,#281);
#220=LINE('',#1497,#282);
#221=LINE('',#1537,#283);
#222=LINE('',#1539,#284);
#223=LINE('',#1540,#285);
#224=LINE('',#1545,#286);
#225=LINE('',#1548,#287);
#226=LINE('',#1552,#288);
#227=LINE('',#1589,#289);
#228=LINE('',#1590,#290);
#229=LINE('',#1593,#291);
#230=LINE('',#1597,#292);
#231=LINE('',#1600,#293);
#232=LINE('',#1602,#294);
#233=LINE('',#1604,#295);
#234=LINE('',#1617,#296);
#235=LINE('',#1629,#297);
#236=LINE('',#1647,#298);
#237=LINE('',#1649,#299);
#238=LINE('',#1650,#300);
#239=LINE('',#1653,#301);
#240=LINE('',#1655,#302);
#241=LINE('',#1656,#303);
#242=LINE('',#1662,#304);
#243=VECTOR('',#876,10.);
#244=VECTOR('',#877,10.);
#245=VECTOR('',#878,10.);
#246=VECTOR('',#879,10.);
#247=VECTOR('',#882,10.);
#248=VECTOR('',#883,10.);
#249=VECTOR('',#884,10.);
#250=VECTOR('',#887,10.);
#251=VECTOR('',#888,10.);
#252=VECTOR('',#889,10.);
#253=VECTOR('',#892,10.);
#254=VECTOR('',#893,10.);
#255=VECTOR('',#894,10.);
#256=VECTOR('',#897,10.);
#257=VECTOR('',#898,10.);
#258=VECTOR('',#899,10.);
#259=VECTOR('',#902,10.);
#260=VECTOR('',#903,10.);
#261=VECTOR('',#912,10.);
#262=VECTOR('',#913,10.);
#263=VECTOR('',#916,10.);
#264=VECTOR('',#923,10.);
#265=VECTOR('',#926,10.);
#266=VECTOR('',#927,10.);
#267=VECTOR('',#928,10.);
#268=VECTOR('',#929,10.);
#269=VECTOR('',#932,10.);
#270=VECTOR('',#933,10.);
#271=VECTOR('',#934,10.);
#272=VECTOR('',#937,10.);
#273=VECTOR('',#938,10.);
#274=VECTOR('',#939,10.);
#275=VECTOR('',#942,10.);
#276=VECTOR('',#943,10.);
#277=VECTOR('',#944,10.);
#278=VECTOR('',#947,10.);
#279=VECTOR('',#948,10.);
#280=VECTOR('',#949,10.);
#281=VECTOR('',#952,10.);
#282=VECTOR('',#953,10.);
#283=VECTOR('',#964,10.);
#284=VECTOR('',#965,10.);
#285=VECTOR('',#966,10.);
#286=VECTOR('',#971,10.);
#287=VECTOR('',#974,10.);
#288=VECTOR('',#977,10.);
#289=VECTOR('',#986,10.);
#290=VECTOR('',#987,10.);
#291=VECTOR('',#990,10.);
#292=VECTOR('',#993,10.);
#293=VECTOR('',#998,10.);
#294=VECTOR('',#1001,10.);
#295=VECTOR('',#1004,10.);
#296=VECTOR('',#1021,0.875);
#297=VECTOR('',#1036,0.875);
#298=VECTOR('',#1057,10.);
#299=VECTOR('',#1058,10.);
#300=VECTOR('',#1059,10.);
#301=VECTOR('',#1062,10.);
#302=VECTOR('',#1063,10.);
#303=VECTOR('',#1064,10.);
#304=VECTOR('',#1075,1.8);
#305=VERTEX_POINT('',#1080);
#306=VERTEX_POINT('',#1081);
#307=VERTEX_POINT('',#1083);
#308=VERTEX_POINT('',#1085);
#309=VERTEX_POINT('',#1089);
#310=VERTEX_POINT('',#1091);
#311=VERTEX_POINT('',#1095);
#312=VERTEX_POINT('',#1097);
#313=VERTEX_POINT('',#1101);
#314=VERTEX_POINT('',#1103);
#315=VERTEX_POINT('',#1107);
#316=VERTEX_POINT('',#1109);
#317=VERTEX_POINT('',#1140);
#318=VERTEX_POINT('',#1141);
#319=VERTEX_POINT('',#1146);
#320=VERTEX_POINT('',#1169);
#321=VERTEX_POINT('',#1174);
#322=VERTEX_POINT('',#1227);
#323=VERTEX_POINT('',#1264);
#324=VERTEX_POINT('',#1275);
#325=VERTEX_POINT('',#1288);
#326=VERTEX_POINT('',#1290);
#327=VERTEX_POINT('',#1343);
#328=VERTEX_POINT('',#1356);
#329=VERTEX_POINT('',#1386);
#330=VERTEX_POINT('',#1387);
#331=VERTEX_POINT('',#1420);
#332=VERTEX_POINT('',#1448);
#333=VERTEX_POINT('',#1463);
#334=VERTEX_POINT('',#1464);
#335=VERTEX_POINT('',#1466);
#336=VERTEX_POINT('',#1468);
#337=VERTEX_POINT('',#1472);
#338=VERTEX_POINT('',#1474);
#339=VERTEX_POINT('',#1478);
#340=VERTEX_POINT('',#1480);
#341=VERTEX_POINT('',#1484);
#342=VERTEX_POINT('',#1486);
#343=VERTEX_POINT('',#1490);
#344=VERTEX_POINT('',#1492);
#345=VERTEX_POINT('',#1500);
#346=VERTEX_POINT('',#1509);
#347=VERTEX_POINT('',#1511);
#348=VERTEX_POINT('',#1522);
#349=VERTEX_POINT('',#1524);
#350=VERTEX_POINT('',#1536);
#351=VERTEX_POINT('',#1538);
#352=VERTEX_POINT('',#1542);
#353=VERTEX_POINT('',#1544);
#354=VERTEX_POINT('',#1547);
#355=VERTEX_POINT('',#1549);
#356=VERTEX_POINT('',#1551);
#357=VERTEX_POINT('',#1553);
#358=VERTEX_POINT('',#1565);
#359=VERTEX_POINT('',#1567);
#360=VERTEX_POINT('',#1578);
#361=VERTEX_POINT('',#1592);
#362=VERTEX_POINT('',#1594);
#363=VERTEX_POINT('',#1596);
#364=VERTEX_POINT('',#1607);
#365=VERTEX_POINT('',#1609);
#366=VERTEX_POINT('',#1611);
#367=VERTEX_POINT('',#1615);
#368=VERTEX_POINT('',#1620);
#369=VERTEX_POINT('',#1622);
#370=VERTEX_POINT('',#1624);
#371=VERTEX_POINT('',#1628);
#372=VERTEX_POINT('',#1633);
#373=VERTEX_POINT('',#1634);
#374=VERTEX_POINT('',#1636);
#375=VERTEX_POINT('',#1638);
#376=VERTEX_POINT('',#1640);
#377=VERTEX_POINT('',#1642);
#378=VERTEX_POINT('',#1646);
#379=VERTEX_POINT('',#1648);
#380=VERTEX_POINT('',#1652);
#381=VERTEX_POINT('',#1654);
#382=EDGE_CURVE('',#305,#306,#181,.T.);
#383=EDGE_CURVE('',#305,#307,#182,.T.);
#384=EDGE_CURVE('',#307,#308,#183,.T.);
#385=EDGE_CURVE('',#306,#308,#184,.T.);
#386=EDGE_CURVE('',#309,#305,#185,.T.);
#387=EDGE_CURVE('',#309,#310,#186,.T.);
#388=EDGE_CURVE('',#310,#307,#187,.T.);
#389=EDGE_CURVE('',#311,#309,#188,.T.);
#390=EDGE_CURVE('',#311,#312,#189,.T.);
#391=EDGE_CURVE('',#312,#310,#190,.T.);
#392=EDGE_CURVE('',#313,#311,#191,.T.);
#393=EDGE_CURVE('',#313,#314,#192,.T.);
#394=EDGE_CURVE('',#314,#312,#193,.T.);
#395=EDGE_CURVE('',#315,#313,#194,.T.);
#396=EDGE_CURVE('',#315,#316,#195,.T.);
#397=EDGE_CURVE('',#316,#314,#196,.T.);
#398=EDGE_CURVE('',#306,#315,#197,.T.);
#399=EDGE_CURVE('',#308,#316,#198,.T.);
#400=EDGE_CURVE('',#317,#318,#63,.T.);
#401=EDGE_CURVE('',#319,#318,#64,.T.);
#402=EDGE_CURVE('',#319,#320,#65,.T.);
#403=EDGE_CURVE('',#320,#321,#66,.T.);
#404=EDGE_CURVE('',#321,#322,#67,.T.);
#405=EDGE_CURVE('',#322,#317,#68,.T.);
#406=EDGE_CURVE('',#321,#323,#69,.T.);
#407=EDGE_CURVE('',#323,#324,#30,.T.);
#408=EDGE_CURVE('',#324,#322,#70,.T.);
#409=EDGE_CURVE('',#320,#325,#199,.T.);
#410=EDGE_CURVE('',#326,#325,#71,.T.);
#411=EDGE_CURVE('',#327,#326,#72,.T.);
#412=EDGE_CURVE('',#323,#327,#200,.T.);
#413=EDGE_CURVE('',#319,#328,#201,.T.);
#414=EDGE_CURVE('',#325,#328,#73,.T.);
#415=EDGE_CURVE('',#329,#330,#74,.T.);
#416=EDGE_CURVE('',#330,#326,#75,.T.);
#417=EDGE_CURVE('',#328,#331,#76,.F.);
#418=EDGE_CURVE('',#331,#329,#77,.T.);
#419=EDGE_CURVE('',#330,#332,#78,.T.);
#420=EDGE_CURVE('',#332,#327,#31,.T.);
#421=EDGE_CURVE('',#324,#332,#202,.T.);
#422=EDGE_CURVE('',#333,#334,#203,.T.);
#423=EDGE_CURVE('',#333,#335,#204,.T.);
#424=EDGE_CURVE('',#335,#336,#205,.T.);
#425=EDGE_CURVE('',#334,#336,#206,.T.);
#426=EDGE_CURVE('',#337,#333,#207,.T.);
#427=EDGE_CURVE('',#337,#338,#208,.T.);
#428=EDGE_CURVE('',#338,#335,#209,.T.);
#429=EDGE_CURVE('',#339,#337,#210,.T.);
#430=EDGE_CURVE('',#339,#340,#211,.T.);
#431=EDGE_CURVE('',#340,#338,#212,.T.);
#432=EDGE_CURVE('',#341,#339,#213,.T.);
#433=EDGE_CURVE('',#341,#342,#214,.T.);
#434=EDGE_CURVE('',#342,#340,#215,.T.);
#435=EDGE_CURVE('',#343,#341,#216,.T.);
#436=EDGE_CURVE('',#343,#344,#217,.T.);
#437=EDGE_CURVE('',#344,#342,#218,.T.);
#438=EDGE_CURVE('',#334,#343,#219,.T.);
#439=EDGE_CURVE('',#336,#344,#220,.T.);
#440=EDGE_CURVE('',#345,#317,#79,.T.);
#441=EDGE_CURVE('',#345,#346,#32,.T.);
#442=EDGE_CURVE('',#346,#347,#80,.T.);
#443=EDGE_CURVE('',#347,#348,#33,.T.);
#444=EDGE_CURVE('',#348,#349,#81,.T.);
#445=EDGE_CURVE('',#318,#349,#82,.T.);
#446=EDGE_CURVE('',#350,#347,#221,.T.);
#447=EDGE_CURVE('',#351,#350,#222,.T.);
#448=EDGE_CURVE('',#351,#348,#223,.T.);
#449=EDGE_CURVE('',#352,#351,#34,.T.);
#450=EDGE_CURVE('',#352,#353,#224,.T.);
#451=EDGE_CURVE('',#353,#353,#35,.T.);
#452=EDGE_CURVE('',#353,#354,#225,.T.);
#453=EDGE_CURVE('',#355,#354,#36,.T.);
#454=EDGE_CURVE('',#356,#355,#226,.T.);
#455=EDGE_CURVE('',#357,#356,#83,.T.);
#456=EDGE_CURVE('',#357,#331,#84,.T.);
#457=EDGE_CURVE('',#356,#358,#37,.T.);
#458=EDGE_CURVE('',#358,#359,#85,.T.);
#459=EDGE_CURVE('',#359,#360,#38,.T.);
#460=EDGE_CURVE('',#360,#329,#86,.F.);
#461=EDGE_CURVE('',#345,#360,#227,.T.);
#462=EDGE_CURVE('',#346,#359,#228,.T.);
#463=EDGE_CURVE('',#361,#358,#229,.T.);
#464=EDGE_CURVE('',#362,#361,#15,.T.);
#465=EDGE_CURVE('',#363,#362,#230,.T.);
#466=EDGE_CURVE('',#350,#363,#16,.T.);
#467=EDGE_CURVE('',#361,#355,#231,.T.);
#468=EDGE_CURVE('',#363,#352,#232,.T.);
#469=EDGE_CURVE('',#354,#362,#233,.T.);
#470=EDGE_CURVE('',#364,#364,#39,.T.);
#471=EDGE_CURVE('',#364,#365,#40,.T.);
#472=EDGE_CURVE('',#365,#366,#41,.T.);
#473=EDGE_CURVE('',#366,#365,#42,.T.);
#474=EDGE_CURVE('',#367,#367,#43,.T.);
#475=EDGE_CURVE('',#367,#366,#234,.T.);
#476=EDGE_CURVE('',#368,#368,#44,.T.);
#477=EDGE_CURVE('',#368,#369,#45,.T.);
#478=EDGE_CURVE('',#369,#370,#46,.T.);
#479=EDGE_CURVE('',#370,#369,#47,.T.);
#480=EDGE_CURVE('',#370,#371,#235,.T.);
#481=EDGE_CURVE('',#371,#371,#48,.T.);
#482=EDGE_CURVE('',#372,#373,#49,.T.);
#483=EDGE_CURVE('',#373,#374,#50,.T.);
#484=EDGE_CURVE('',#375,#374,#51,.T.);
#485=EDGE_CURVE('',#374,#376,#52,.T.);
#486=EDGE_CURVE('',#376,#377,#53,.T.);
#487=EDGE_CURVE('',#377,#372,#54,.T.);
#488=EDGE_CURVE('',#378,#372,#236,.T.);
#489=EDGE_CURVE('',#378,#379,#237,.T.);
#490=EDGE_CURVE('',#373,#379,#238,.T.);
#491=EDGE_CURVE('',#380,#376,#239,.T.);
#492=EDGE_CURVE('',#380,#381,#240,.T.);
#493=EDGE_CURVE('',#377,#381,#241,.T.);
#494=EDGE_CURVE('',#379,#378,#55,.T.);
#495=EDGE_CURVE('',#381,#380,#56,.T.);
#496=EDGE_CURVE('',#374,#353,#242,.T.);
#497=ORIENTED_EDGE('',*,*,#382,.F.);
#498=ORIENTED_EDGE('',*,*,#383,.T.);
#499=ORIENTED_EDGE('',*,*,#384,.T.);
#500=ORIENTED_EDGE('',*,*,#385,.F.);
#501=ORIENTED_EDGE('',*,*,#386,.F.);
#502=ORIENTED_EDGE('',*,*,#387,.T.);
#503=ORIENTED_EDGE('',*,*,#388,.T.);
#504=ORIENTED_EDGE('',*,*,#383,.F.);
#505=ORIENTED_EDGE('',*,*,#389,.F.);
#506=ORIENTED_EDGE('',*,*,#390,.T.);
#507=ORIENTED_EDGE('',*,*,#391,.T.);
#508=ORIENTED_EDGE('',*,*,#387,.F.);
#509=ORIENTED_EDGE('',*,*,#392,.F.);
#510=ORIENTED_EDGE('',*,*,#393,.T.);
#511=ORIENTED_EDGE('',*,*,#394,.T.);
#512=ORIENTED_EDGE('',*,*,#390,.F.);
#513=ORIENTED_EDGE('',*,*,#395,.F.);
#514=ORIENTED_EDGE('',*,*,#396,.T.);
#515=ORIENTED_EDGE('',*,*,#397,.T.);
#516=ORIENTED_EDGE('',*,*,#393,.F.);
#517=ORIENTED_EDGE('',*,*,#398,.F.);
#518=ORIENTED_EDGE('',*,*,#385,.T.);
#519=ORIENTED_EDGE('',*,*,#399,.T.);
#520=ORIENTED_EDGE('',*,*,#396,.F.);
#521=ORIENTED_EDGE('',*,*,#399,.F.);
#522=ORIENTED_EDGE('',*,*,#384,.F.);
#523=ORIENTED_EDGE('',*,*,#388,.F.);
#524=ORIENTED_EDGE('',*,*,#391,.F.);
#525=ORIENTED_EDGE('',*,*,#394,.F.);
#526=ORIENTED_EDGE('',*,*,#397,.F.);
#527=ORIENTED_EDGE('',*,*,#400,.T.);
#528=ORIENTED_EDGE('',*,*,#401,.F.);
#529=ORIENTED_EDGE('',*,*,#402,.T.);
#530=ORIENTED_EDGE('',*,*,#403,.T.);
#531=ORIENTED_EDGE('',*,*,#404,.T.);
#532=ORIENTED_EDGE('',*,*,#405,.T.);
#533=ORIENTED_EDGE('',*,*,#404,.F.);
#534=ORIENTED_EDGE('',*,*,#406,.T.);
#535=ORIENTED_EDGE('',*,*,#407,.T.);
#536=ORIENTED_EDGE('',*,*,#408,.T.);
#537=ORIENTED_EDGE('',*,*,#403,.F.);
#538=ORIENTED_EDGE('',*,*,#409,.T.);
#539=ORIENTED_EDGE('',*,*,#410,.F.);
#540=ORIENTED_EDGE('',*,*,#411,.F.);
#541=ORIENTED_EDGE('',*,*,#412,.F.);
#542=ORIENTED_EDGE('',*,*,#406,.F.);
#543=ORIENTED_EDGE('',*,*,#402,.F.);
#544=ORIENTED_EDGE('',*,*,#413,.T.);
#545=ORIENTED_EDGE('',*,*,#414,.F.);
#546=ORIENTED_EDGE('',*,*,#409,.F.);
#547=ORIENTED_EDGE('',*,*,#415,.T.);
#548=ORIENTED_EDGE('',*,*,#416,.T.);
#549=ORIENTED_EDGE('',*,*,#410,.T.);
#550=ORIENTED_EDGE('',*,*,#414,.T.);
#551=ORIENTED_EDGE('',*,*,#417,.T.);
#552=ORIENTED_EDGE('',*,*,#418,.T.);
#553=ORIENTED_EDGE('',*,*,#416,.F.);
#554=ORIENTED_EDGE('',*,*,#419,.T.);
#555=ORIENTED_EDGE('',*,*,#420,.T.);
#556=ORIENTED_EDGE('',*,*,#411,.T.);
#557=ORIENTED_EDGE('',*,*,#420,.F.);
#558=ORIENTED_EDGE('',*,*,#421,.F.);
#559=ORIENTED_EDGE('',*,*,#407,.F.);
#560=ORIENTED_EDGE('',*,*,#412,.T.);
#561=ORIENTED_EDGE('',*,*,#422,.F.);
#562=ORIENTED_EDGE('',*,*,#423,.T.);
#563=ORIENTED_EDGE('',*,*,#424,.T.);
#564=ORIENTED_EDGE('',*,*,#425,.F.);
#565=ORIENTED_EDGE('',*,*,#426,.F.);
#566=ORIENTED_EDGE('',*,*,#427,.T.);
#567=ORIENTED_EDGE('',*,*,#428,.T.);
#568=ORIENTED_EDGE('',*,*,#423,.F.);
#569=ORIENTED_EDGE('',*,*,#429,.F.);
#570=ORIENTED_EDGE('',*,*,#430,.T.);
#571=ORIENTED_EDGE('',*,*,#431,.T.);
#572=ORIENTED_EDGE('',*,*,#427,.F.);
#573=ORIENTED_EDGE('',*,*,#432,.F.);
#574=ORIENTED_EDGE('',*,*,#433,.T.);
#575=ORIENTED_EDGE('',*,*,#434,.T.);
#576=ORIENTED_EDGE('',*,*,#430,.F.);
#577=ORIENTED_EDGE('',*,*,#435,.F.);
#578=ORIENTED_EDGE('',*,*,#436,.T.);
#579=ORIENTED_EDGE('',*,*,#437,.T.);
#580=ORIENTED_EDGE('',*,*,#433,.F.);
#581=ORIENTED_EDGE('',*,*,#438,.F.);
#582=ORIENTED_EDGE('',*,*,#425,.T.);
#583=ORIENTED_EDGE('',*,*,#439,.T.);
#584=ORIENTED_EDGE('',*,*,#436,.F.);
#585=ORIENTED_EDGE('',*,*,#439,.F.);
#586=ORIENTED_EDGE('',*,*,#424,.F.);
#587=ORIENTED_EDGE('',*,*,#428,.F.);
#588=ORIENTED_EDGE('',*,*,#431,.F.);
#589=ORIENTED_EDGE('',*,*,#434,.F.);
#590=ORIENTED_EDGE('',*,*,#437,.F.);
#591=ORIENTED_EDGE('',*,*,#400,.F.);
#592=ORIENTED_EDGE('',*,*,#440,.F.);
#593=ORIENTED_EDGE('',*,*,#441,.T.);
#594=ORIENTED_EDGE('',*,*,#442,.T.);
#595=ORIENTED_EDGE('',*,*,#443,.T.);
#596=ORIENTED_EDGE('',*,*,#444,.T.);
#597=ORIENTED_EDGE('',*,*,#445,.F.);
#598=ORIENTED_EDGE('',*,*,#443,.F.);
#599=ORIENTED_EDGE('',*,*,#446,.F.);
#600=ORIENTED_EDGE('',*,*,#447,.F.);
#601=ORIENTED_EDGE('',*,*,#448,.T.);
#602=ORIENTED_EDGE('',*,*,#444,.F.);
#603=ORIENTED_EDGE('',*,*,#448,.F.);
#604=ORIENTED_EDGE('',*,*,#449,.F.);
#605=ORIENTED_EDGE('',*,*,#450,.T.);
#606=ORIENTED_EDGE('',*,*,#451,.T.);
#607=ORIENTED_EDGE('',*,*,#452,.T.);
#608=ORIENTED_EDGE('',*,*,#453,.F.);
#609=ORIENTED_EDGE('',*,*,#454,.F.);
#610=ORIENTED_EDGE('',*,*,#455,.F.);
#611=ORIENTED_EDGE('',*,*,#456,.T.);
#612=ORIENTED_EDGE('',*,*,#417,.F.);
#613=ORIENTED_EDGE('',*,*,#413,.F.);
#614=ORIENTED_EDGE('',*,*,#401,.T.);
#615=ORIENTED_EDGE('',*,*,#445,.T.);
#616=ORIENTED_EDGE('',*,*,#382,.T.);
#617=ORIENTED_EDGE('',*,*,#398,.T.);
#618=ORIENTED_EDGE('',*,*,#395,.T.);
#619=ORIENTED_EDGE('',*,*,#392,.T.);
#620=ORIENTED_EDGE('',*,*,#389,.T.);
#621=ORIENTED_EDGE('',*,*,#386,.T.);
#622=ORIENTED_EDGE('',*,*,#456,.F.);
#623=ORIENTED_EDGE('',*,*,#455,.T.);
#624=ORIENTED_EDGE('',*,*,#457,.T.);
#625=ORIENTED_EDGE('',*,*,#458,.T.);
#626=ORIENTED_EDGE('',*,*,#459,.T.);
#627=ORIENTED_EDGE('',*,*,#460,.T.);
#628=ORIENTED_EDGE('',*,*,#418,.F.);
#629=ORIENTED_EDGE('',*,*,#441,.F.);
#630=ORIENTED_EDGE('',*,*,#461,.T.);
#631=ORIENTED_EDGE('',*,*,#459,.F.);
#632=ORIENTED_EDGE('',*,*,#462,.F.);
#633=ORIENTED_EDGE('',*,*,#442,.F.);
#634=ORIENTED_EDGE('',*,*,#462,.T.);
#635=ORIENTED_EDGE('',*,*,#458,.F.);
#636=ORIENTED_EDGE('',*,*,#463,.F.);
#637=ORIENTED_EDGE('',*,*,#464,.F.);
#638=ORIENTED_EDGE('',*,*,#465,.F.);
#639=ORIENTED_EDGE('',*,*,#466,.F.);
#640=ORIENTED_EDGE('',*,*,#446,.T.);
#641=ORIENTED_EDGE('',*,*,#422,.T.);
#642=ORIENTED_EDGE('',*,*,#438,.T.);
#643=ORIENTED_EDGE('',*,*,#435,.T.);
#644=ORIENTED_EDGE('',*,*,#432,.T.);
#645=ORIENTED_EDGE('',*,*,#429,.T.);
#646=ORIENTED_EDGE('',*,*,#426,.T.);
#647=ORIENTED_EDGE('',*,*,#457,.F.);
#648=ORIENTED_EDGE('',*,*,#454,.T.);
#649=ORIENTED_EDGE('',*,*,#467,.F.);
#650=ORIENTED_EDGE('',*,*,#463,.T.);
#651=ORIENTED_EDGE('',*,*,#449,.T.);
#652=ORIENTED_EDGE('',*,*,#447,.T.);
#653=ORIENTED_EDGE('',*,*,#466,.T.);
#654=ORIENTED_EDGE('',*,*,#468,.T.);
#655=ORIENTED_EDGE('',*,*,#468,.F.);
#656=ORIENTED_EDGE('',*,*,#465,.T.);
#657=ORIENTED_EDGE('',*,*,#469,.F.);
#658=ORIENTED_EDGE('',*,*,#452,.F.);
#659=ORIENTED_EDGE('',*,*,#450,.F.);
#660=ORIENTED_EDGE('',*,*,#464,.T.);
#661=ORIENTED_EDGE('',*,*,#467,.T.);
#662=ORIENTED_EDGE('',*,*,#453,.T.);
#663=ORIENTED_EDGE('',*,*,#469,.T.);
#664=ORIENTED_EDGE('',*,*,#470,.T.);
#665=ORIENTED_EDGE('',*,*,#471,.T.);
#666=ORIENTED_EDGE('',*,*,#472,.T.);
#667=ORIENTED_EDGE('',*,*,#473,.T.);
#668=ORIENTED_EDGE('',*,*,#471,.F.);
#669=ORIENTED_EDGE('',*,*,#474,.F.);
#670=ORIENTED_EDGE('',*,*,#475,.T.);
#671=ORIENTED_EDGE('',*,*,#472,.F.);
#672=ORIENTED_EDGE('',*,*,#473,.F.);
#673=ORIENTED_EDGE('',*,*,#475,.F.);
#674=ORIENTED_EDGE('',*,*,#470,.F.);
#675=ORIENTED_EDGE('',*,*,#476,.T.);
#676=ORIENTED_EDGE('',*,*,#477,.T.);
#677=ORIENTED_EDGE('',*,*,#478,.T.);
#678=ORIENTED_EDGE('',*,*,#479,.T.);
#679=ORIENTED_EDGE('',*,*,#477,.F.);
#680=ORIENTED_EDGE('',*,*,#479,.F.);
#681=ORIENTED_EDGE('',*,*,#480,.T.);
#682=ORIENTED_EDGE('',*,*,#481,.F.);
#683=ORIENTED_EDGE('',*,*,#480,.F.);
#684=ORIENTED_EDGE('',*,*,#478,.F.);
#685=ORIENTED_EDGE('',*,*,#476,.F.);
#686=ORIENTED_EDGE('',*,*,#482,.T.);
#687=ORIENTED_EDGE('',*,*,#483,.T.);
#688=ORIENTED_EDGE('',*,*,#484,.F.);
#689=ORIENTED_EDGE('',*,*,#484,.T.);
#690=ORIENTED_EDGE('',*,*,#485,.T.);
#691=ORIENTED_EDGE('',*,*,#486,.T.);
#692=ORIENTED_EDGE('',*,*,#487,.T.);
#693=ORIENTED_EDGE('',*,*,#482,.F.);
#694=ORIENTED_EDGE('',*,*,#488,.F.);
#695=ORIENTED_EDGE('',*,*,#489,.T.);
#696=ORIENTED_EDGE('',*,*,#490,.F.);
#697=ORIENTED_EDGE('',*,*,#481,.T.);
#698=ORIENTED_EDGE('',*,*,#486,.F.);
#699=ORIENTED_EDGE('',*,*,#491,.F.);
#700=ORIENTED_EDGE('',*,*,#492,.T.);
#701=ORIENTED_EDGE('',*,*,#493,.F.);
#702=ORIENTED_EDGE('',*,*,#474,.T.);
#703=ORIENTED_EDGE('',*,*,#489,.F.);
#704=ORIENTED_EDGE('',*,*,#494,.F.);
#705=ORIENTED_EDGE('',*,*,#495,.F.);
#706=ORIENTED_EDGE('',*,*,#492,.F.);
#707=ORIENTED_EDGE('',*,*,#483,.F.);
#708=ORIENTED_EDGE('',*,*,#490,.T.);
#709=ORIENTED_EDGE('',*,*,#494,.T.);
#710=ORIENTED_EDGE('',*,*,#488,.T.);
#711=ORIENTED_EDGE('',*,*,#487,.F.);
#712=ORIENTED_EDGE('',*,*,#493,.T.);
#713=ORIENTED_EDGE('',*,*,#495,.T.);
#714=ORIENTED_EDGE('',*,*,#491,.T.);
#715=ORIENTED_EDGE('',*,*,#485,.F.);
#716=ORIENTED_EDGE('',*,*,#496,.T.);
#717=ORIENTED_EDGE('',*,*,#451,.F.);
#718=ORIENTED_EDGE('',*,*,#496,.F.);
#719=ORIENTED_EDGE('',*,*,#405,.F.);
#720=ORIENTED_EDGE('',*,*,#408,.F.);
#721=ORIENTED_EDGE('',*,*,#421,.T.);
#722=ORIENTED_EDGE('',*,*,#419,.F.);
#723=ORIENTED_EDGE('',*,*,#415,.F.);
#724=ORIENTED_EDGE('',*,*,#460,.F.);
#725=ORIENTED_EDGE('',*,*,#461,.F.);
#726=ORIENTED_EDGE('',*,*,#440,.T.);
#727=PLANE('',#801);
#728=PLANE('',#802);
#729=PLANE('',#803);
#730=PLANE('',#804);
#731=PLANE('',#805);
#732=PLANE('',#806);
#733=PLANE('',#807);
#734=PLANE('',#810);
#735=PLANE('',#811);
#736=PLANE('',#815);
#737=PLANE('',#816);
#738=PLANE('',#817);
#739=PLANE('',#818);
#740=PLANE('',#819);
#741=PLANE('',#820);
#742=PLANE('',#821);
#743=PLANE('',#825);
#744=PLANE('',#826);
#745=PLANE('',#834);
#746=PLANE('',#837);
#747=PLANE('',#839);
#748=PLANE('',#848);
#749=PLANE('',#856);
#750=PLANE('',#864);
#751=PLANE('',#865);
#752=PLANE('',#866);
#753=PLANE('',#868);
#754=PLANE('',#871);
#755=ADVANCED_FACE('',(#89),#727,.F.);
#756=ADVANCED_FACE('',(#90),#728,.F.);
#757=ADVANCED_FACE('',(#91),#729,.F.);
#758=ADVANCED_FACE('',(#92),#730,.F.);
#759=ADVANCED_FACE('',(#93),#731,.F.);
#760=ADVANCED_FACE('',(#94),#732,.F.);
#761=ADVANCED_FACE('',(#95),#733,.F.);
#762=ADVANCED_FACE('',(#96),#87,.F.);
#763=ADVANCED_FACE('',(#97),#57,.T.);
#764=ADVANCED_FACE('',(#98),#734,.T.);
#765=ADVANCED_FACE('',(#99),#735,.T.);
#766=ADVANCED_FACE('',(#100),#88,.F.);
#767=ADVANCED_FACE('',(#101),#58,.T.);
#768=ADVANCED_FACE('',(#102),#23,.T.);
#769=ADVANCED_FACE('',(#103),#736,.F.);
#770=ADVANCED_FACE('',(#104),#737,.F.);
#771=ADVANCED_FACE('',(#105),#738,.F.);
#772=ADVANCED_FACE('',(#106),#739,.F.);
#773=ADVANCED_FACE('',(#107),#740,.F.);
#774=ADVANCED_FACE('',(#108),#741,.F.);
#775=ADVANCED_FACE('',(#109),#742,.F.);
#776=ADVANCED_FACE('',(#110),#59,.T.);
#777=ADVANCED_FACE('',(#111),#743,.F.);
#778=ADVANCED_FACE('',(#112,#17),#744,.T.);
#779=ADVANCED_FACE('',(#113),#60,.T.);
#780=ADVANCED_FACE('',(#114),#24,.T.);
#781=ADVANCED_FACE('',(#115,#18),#745,.T.);
#782=ADVANCED_FACE('',(#116),#746,.T.);
#783=ADVANCED_FACE('',(#117),#25,.T.);
#784=ADVANCED_FACE('',(#118),#747,.T.);
#785=ADVANCED_FACE('',(#119),#26,.T.);
#786=ADVANCED_FACE('',(#120),#61,.T.);
#787=ADVANCED_FACE('',(#121),#27,.T.);
#788=ADVANCED_FACE('',(#122),#748,.T.);
#789=ADVANCED_FACE('',(#123),#62,.T.);
#790=ADVANCED_FACE('',(#124),#28,.T.);
#791=ADVANCED_FACE('',(#125),#749,.F.);
#792=ADVANCED_FACE('',(#126),#14,.T.);
#793=ADVANCED_FACE('',(#127,#19),#750,.F.);
#794=ADVANCED_FACE('',(#128,#20),#751,.F.);
#795=ADVANCED_FACE('',(#129),#752,.T.);
#796=ADVANCED_FACE('',(#130),#753,.T.);
#797=ADVANCED_FACE('',(#131),#29,.T.);
#798=ADVANCED_FACE('',(#132),#754,.T.);
#799=CLOSED_SHELL('',(#755,#756,#757,#758,#759,#760,#761,#762,#763,#764,
#765,#766,#767,#768,#769,#770,#771,#772,#773,#774,#775,#776,#777,#778,#779,
#780,#781,#782,#783,#784,#785,#786,#787,#788,#789,#790,#791,#792,#793,#794,
#795,#796,#797,#798));
#800=AXIS2_PLACEMENT_3D('',#1078,#872,#873);
#801=AXIS2_PLACEMENT_3D('',#1079,#874,#875);
#802=AXIS2_PLACEMENT_3D('',#1088,#880,#881);
#803=AXIS2_PLACEMENT_3D('',#1094,#885,#886);
#804=AXIS2_PLACEMENT_3D('',#1100,#890,#891);
#805=AXIS2_PLACEMENT_3D('',#1106,#895,#896);
#806=AXIS2_PLACEMENT_3D('',#1112,#900,#901);
#807=AXIS2_PLACEMENT_3D('',#1115,#904,#905);
#808=AXIS2_PLACEMENT_3D('',#1263,#906,#907);
#809=AXIS2_PLACEMENT_3D('',#1276,#908,#909);
#810=AXIS2_PLACEMENT_3D('',#1287,#910,#911);
#811=AXIS2_PLACEMENT_3D('',#1355,#914,#915);
#812=AXIS2_PLACEMENT_3D('',#1447,#917,#918);
#813=AXIS2_PLACEMENT_3D('',#1459,#919,#920);
#814=AXIS2_PLACEMENT_3D('',#1460,#921,#922);
#815=AXIS2_PLACEMENT_3D('',#1462,#924,#925);
#816=AXIS2_PLACEMENT_3D('',#1471,#930,#931);
#817=AXIS2_PLACEMENT_3D('',#1477,#935,#936);
#818=AXIS2_PLACEMENT_3D('',#1483,#940,#941);
#819=AXIS2_PLACEMENT_3D('',#1489,#945,#946);
#820=AXIS2_PLACEMENT_3D('',#1495,#950,#951);
#821=AXIS2_PLACEMENT_3D('',#1498,#954,#955);
#822=AXIS2_PLACEMENT_3D('',#1499,#956,#957);
#823=AXIS2_PLACEMENT_3D('',#1510,#958,#959);
#824=AXIS2_PLACEMENT_3D('',#1523,#960,#961);
#825=AXIS2_PLACEMENT_3D('',#1535,#962,#963);
#826=AXIS2_PLACEMENT_3D('',#1541,#967,#968);
#827=AXIS2_PLACEMENT_3D('',#1543,#969,#970);
#828=AXIS2_PLACEMENT_3D('',#1546,#972,#973);
#829=AXIS2_PLACEMENT_3D('',#1550,#975,#976);
#830=AXIS2_PLACEMENT_3D('',#1564,#978,#979);
#831=AXIS2_PLACEMENT_3D('',#1566,#980,#981);
#832=AXIS2_PLACEMENT_3D('',#1579,#982,#983);
#833=AXIS2_PLACEMENT_3D('',#1588,#984,#985);
#834=AXIS2_PLACEMENT_3D('',#1591,#988,#989);
#835=AXIS2_PLACEMENT_3D('',#1595,#991,#992);
#836=AXIS2_PLACEMENT_3D('',#1598,#994,#995);
#837=AXIS2_PLACEMENT_3D('',#1599,#996,#997);
#838=AXIS2_PLACEMENT_3D('',#1601,#999,#1000);
#839=AXIS2_PLACEMENT_3D('',#1603,#1002,#1003);
#840=AXIS2_PLACEMENT_3D('',#1605,#1005,#1006);
#841=AXIS2_PLACEMENT_3D('',#1606,#1007,#1008);
#842=AXIS2_PLACEMENT_3D('',#1608,#1009,#1010);
#843=AXIS2_PLACEMENT_3D('',#1610,#1011,#1012);
#844=AXIS2_PLACEMENT_3D('',#1612,#1013,#1014);
#845=AXIS2_PLACEMENT_3D('',#1613,#1015,#1016);
#846=AXIS2_PLACEMENT_3D('',#1614,#1017,#1018);
#847=AXIS2_PLACEMENT_3D('',#1616,#1019,#1020);
#848=AXIS2_PLACEMENT_3D('',#1618,#1022,#1023);
#849=AXIS2_PLACEMENT_3D('',#1619,#1024,#1025);
#850=AXIS2_PLACEMENT_3D('',#1621,#1026,#1027);
#851=AXIS2_PLACEMENT_3D('',#1623,#1028,#1029);
#852=AXIS2_PLACEMENT_3D('',#1625,#1030,#1031);
#853=AXIS2_PLACEMENT_3D('',#1626,#1032,#1033);
#854=AXIS2_PLACEMENT_3D('',#1627,#1034,#1035);
#855=AXIS2_PLACEMENT_3D('',#1630,#1037,#1038);
#856=AXIS2_PLACEMENT_3D('',#1631,#1039,#1040);
#857=AXIS2_PLACEMENT_3D('',#1632,#1041,#1042);
#858=AXIS2_PLACEMENT_3D('',#1635,#1043,#1044);
#859=AXIS2_PLACEMENT_3D('',#1637,#1045,#1046);
#860=AXIS2_PLACEMENT_3D('',#1639,#1047,#1048);
#861=AXIS2_PLACEMENT_3D('',#1641,#1049,#1050);
#862=AXIS2_PLACEMENT_3D('',#1643,#1051,#1052);
#863=AXIS2_PLACEMENT_3D('',#1644,#1053,#1054);
#864=AXIS2_PLACEMENT_3D('',#1645,#1055,#1056);
#865=AXIS2_PLACEMENT_3D('',#1651,#1060,#1061);
#866=AXIS2_PLACEMENT_3D('',#1657,#1065,#1066);
#867=AXIS2_PLACEMENT_3D('',#1658,#1067,#1068);
#868=AXIS2_PLACEMENT_3D('',#1659,#1069,#1070);
#869=AXIS2_PLACEMENT_3D('',#1660,#1071,#1072);
#870=AXIS2_PLACEMENT_3D('',#1661,#1073,#1074);
#871=AXIS2_PLACEMENT_3D('',#1663,#1076,#1077);
#872=DIRECTION('axis',(0.,0.,1.));
#873=DIRECTION('refdir',(1.,0.,0.));
#874=DIRECTION('center_axis',(1.,-2.39582875208556E-15,0.));
#875=DIRECTION('ref_axis',(-2.39582875208556E-15,-1.,0.));
#876=DIRECTION('',(-2.39582875208556E-15,-1.,4.65757216259066E-22));
#877=DIRECTION('',(0.,0.,-1.));
#878=DIRECTION('',(-2.39582875208556E-15,-1.,0.));
#879=DIRECTION('',(0.,0.,-1.));
#880=DIRECTION('center_axis',(-1.37645468550209E-15,-1.,0.));
#881=DIRECTION('ref_axis',(-1.,1.37645468550209E-15,0.));
#882=DIRECTION('',(-0.999999999999983,1.37645468550206E-15,1.84949541757374E-7));
#883=DIRECTION('',(0.,0.,-1.));
#884=DIRECTION('',(-1.,1.37645468550209E-15,0.));
#885=DIRECTION('center_axis',(1.,0.,0.));
#886=DIRECTION('ref_axis',(0.,-1.,0.));
#887=DIRECTION('',(0.,-1.,2.26497864316941E-23));
#888=DIRECTION('',(0.,0.,-1.));
#889=DIRECTION('',(0.,-1.,0.));
#890=DIRECTION('center_axis',(1.11022300808154E-15,1.,0.));
#891=DIRECTION('ref_axis',(1.,-1.11022300808154E-15,0.));
#892=DIRECTION('',(0.999999999999983,-1.11022300808153E-15,-1.84949541757374E-7));
#893=DIRECTION('',(0.,0.,-1.));
#894=DIRECTION('',(1.,-1.11022300808154E-15,0.));
#895=DIRECTION('center_axis',(-1.,1.53921965050688E-15,0.));
#896=DIRECTION('ref_axis',(1.53921965050688E-15,1.,0.));
#897=DIRECTION('',(1.53921965050688E-15,1.,-3.07327755456892E-22));
#898=DIRECTION('',(0.,0.,-1.));
#899=DIRECTION('',(1.53921965050688E-15,1.,0.));
#900=DIRECTION('center_axis',(0.,-1.,0.));
#901=DIRECTION('ref_axis',(-1.,0.,0.));
#902=DIRECTION('',(-0.999999999999983,0.,1.84949541757374E-7));
#903=DIRECTION('',(-1.,0.,0.));
#904=DIRECTION('center_axis',(0.,0.,-1.));
#905=DIRECTION('ref_axis',(-1.,0.,0.));
#906=DIRECTION('center_axis',(-1.22464679914735E-16,1.,0.));
#907=DIRECTION('ref_axis',(0.,0.,1.));
#908=DIRECTION('center_axis',(1.22464679914735E-16,-1.,0.));
#909=DIRECTION('ref_axis',(-0.968724608755828,-1.03142410383075E-16,-0.248138333175003));
#910=DIRECTION('center_axis',(-0.258819045102522,-3.16961915143177E-17,
0.965925826289068));
#911=DIRECTION('ref_axis',(0.965925826289068,1.18291797137867E-16,0.258819045102522));
#912=DIRECTION('',(-1.22464679914735E-16,1.,0.));
#913=DIRECTION('',(-1.22464679914735E-16,1.,0.));
#914=DIRECTION('center_axis',(0.92281614853451,1.13012384250428E-16,0.385240646874045));
#915=DIRECTION('ref_axis',(0.385240646874045,4.71783725095755E-17,-0.92281614853451));
#916=DIRECTION('',(-1.22464679914735E-16,1.,0.));
#917=DIRECTION('center_axis',(-1.22464679914735E-16,1.,0.));
#918=DIRECTION('ref_axis',(0.,0.,1.));
#919=DIRECTION('center_axis',(-1.22464679914735E-16,1.,0.));
#920=DIRECTION('ref_axis',(-0.968724608755828,-1.03142410383075E-16,-0.248138333175003));
#921=DIRECTION('center_axis',(-1.22464679914735E-16,1.,0.));
#922=DIRECTION('ref_axis',(-0.965655872915014,-1.18258737384321E-16,-0.259824431308419));
#923=DIRECTION('',(-1.22464679914735E-16,1.,0.));
#924=DIRECTION('center_axis',(0.927333836204356,1.1356564142487E-16,0.374235161670456));
#925=DIRECTION('ref_axis',(-1.22464679914735E-16,1.,0.));
#926=DIRECTION('',(-1.22464679914735E-16,1.,6.16297582203915E-33));
#927=DIRECTION('',(-0.374235161670456,0.,0.927333836204356));
#928=DIRECTION('',(-1.22464679914735E-16,1.,0.));
#929=DIRECTION('',(-0.374235161670456,0.,0.927333836204356));
#930=DIRECTION('center_axis',(5.00041875354892E-15,1.,2.01797071086487E-15));
#931=DIRECTION('ref_axis',(-0.927333836204355,5.39225310058348E-15,-0.374235161670458));
#932=DIRECTION('',(-0.927333836204355,5.39225310058348E-15,-0.374235161670458));
#933=DIRECTION('',(-0.374235161670456,0.,0.927333836204356));
#934=DIRECTION('',(-0.927333836204355,5.39225310058348E-15,-0.374235161670458));
#935=DIRECTION('center_axis',(0.927333836204356,1.1356564142487E-16,0.374235161670456));
#936=DIRECTION('ref_axis',(-1.22464679914735E-16,1.,0.));
#937=DIRECTION('',(-1.22464679914735E-16,1.,6.16297582203915E-33));
#938=DIRECTION('',(-0.374235161670456,0.,0.927333836204356));
#939=DIRECTION('',(-1.22464679914735E-16,1.,0.));
#940=DIRECTION('center_axis',(-4.01287618258286E-15,-1.,-1.61943769149978E-15));
#941=DIRECTION('ref_axis',(0.927333836204355,-4.32732639090131E-15,0.374235161670458));
#942=DIRECTION('',(0.927333836204355,-4.32732639090131E-15,0.374235161670458));
#943=DIRECTION('',(-0.374235161670456,0.,0.927333836204356));
#944=DIRECTION('',(0.927333836204355,-4.32732639090131E-15,0.374235161670458));
#945=DIRECTION('center_axis',(-0.927333836204356,-1.1356564142487E-16,-0.374235161670456));
#946=DIRECTION('ref_axis',(1.22464679914735E-16,-1.,0.));
#947=DIRECTION('',(1.22464679914735E-16,-1.,-6.16297582203915E-33));
#948=DIRECTION('',(-0.374235161670456,0.,0.927333836204356));
#949=DIRECTION('',(1.22464679914735E-16,-1.,0.));
#950=DIRECTION('center_axis',(-1.05313261923533E-16,1.,-4.25002561788452E-17));
#951=DIRECTION('ref_axis',(-0.927333836204355,-1.1356564142487E-16,-0.374235161670458));
#952=DIRECTION('',(-0.927333836204355,-1.1356564142487E-16,-0.374235161670458));
#953=DIRECTION('',(-0.927333836204355,-1.1356564142487E-16,-0.374235161670458));
#954=DIRECTION('center_axis',(-0.374235161670456,0.,0.927333836204356));
#955=DIRECTION('ref_axis',(0.927333836204356,0.,0.374235161670456));
#956=DIRECTION('center_axis',(-1.22464679914735E-16,1.,0.));
#957=DIRECTION('ref_axis',(0.,0.,-1.));
#958=DIRECTION('center_axis',(1.22464679914735E-16,-1.,0.));
#959=DIRECTION('ref_axis',(-0.871760597185752,-1.06759882496632E-16,-0.489932098554831));
#960=DIRECTION('center_axis',(-1.22464679914735E-16,1.,0.));
#961=DIRECTION('ref_axis',(-0.871760597185752,-1.06759882496632E-16,-0.489932098554831));
#962=DIRECTION('center_axis',(-1.22464679914735E-16,1.,0.));
#963=DIRECTION('ref_axis',(-1.,-1.22464679914735E-16,0.));
#964=DIRECTION('',(-0.927333836204355,-1.1356564142487E-16,-0.374235161670458));
#965=DIRECTION('',(0.,0.,-1.));
#966=DIRECTION('',(-0.999999999999983,-1.22464679914733E-16,1.84949541757374E-7));
#967=DIRECTION('center_axis',(1.84949541757374E-7,2.26497864316937E-23,
0.999999999999983));
#968=DIRECTION('ref_axis',(0.999999999999983,1.22464679914733E-16,-1.84949541757374E-7));
#969=DIRECTION('center_axis',(-1.84949541757374E-7,-2.26497864316937E-23,
-0.999999999999983));
#970=DIRECTION('ref_axis',(0.707106781186541,-0.707106781186541,-1.30779075153984E-7));
#971=DIRECTION('',(-1.22464679914735E-16,1.,0.));
#972=DIRECTION('center_axis',(-1.84949541757374E-7,-2.26497864316937E-23,
-0.999999999999983));
#973=DIRECTION('ref_axis',(-0.999999999999983,-1.22464679914733E-16,1.84949541757374E-7));
#974=DIRECTION('',(-1.22464679914735E-16,1.,0.));
#975=DIRECTION('center_axis',(-1.84949541757374E-7,-2.26497864316937E-23,
-0.999999999999983));
#976=DIRECTION('ref_axis',(0.707106781186542,0.707106781186541,-1.30779075153985E-7));
#977=DIRECTION('',(0.999999999999983,1.22464679914733E-16,-1.84949541757374E-7));
#978=DIRECTION('center_axis',(-1.22464679914735E-16,1.,0.));
#979=DIRECTION('ref_axis',(0.,0.,-1.));
#980=DIRECTION('center_axis',(1.22464679914735E-16,-1.,0.));
#981=DIRECTION('ref_axis',(-0.871760597185752,-1.06759882496632E-16,-0.489932098554831));
#982=DIRECTION('center_axis',(-1.22464679914735E-16,1.,0.));
#983=DIRECTION('ref_axis',(-0.871760597185752,-1.06759882496632E-16,-0.489932098554831));
#984=DIRECTION('center_axis',(-1.22464679914735E-16,1.,0.));
#985=DIRECTION('ref_axis',(-0.739456474919482,-9.05573005118929E-17,-0.673204368449621));
#986=DIRECTION('',(-1.22464679914735E-16,1.,0.));
#987=DIRECTION('',(-1.22464679914735E-16,1.,0.));
#988=DIRECTION('center_axis',(0.374235161670458,4.58305892868118E-17,-0.927333836204356));
#989=DIRECTION('ref_axis',(-0.927333836204355,-1.1356564142487E-16,-0.374235161670458));
#990=DIRECTION('',(-0.927333836204355,-1.1356564142487E-16,-0.374235161670458));
#991=DIRECTION('center_axis',(-0.374235161670458,-4.58305892868118E-17,
0.927333836204356));
#992=DIRECTION('ref_axis',(0.927333836204355,2.97413387222736E-16,0.374235161670458));
#993=DIRECTION('',(-1.22464679914735E-16,1.,0.));
#994=DIRECTION('center_axis',(-0.374235161670458,-4.58305892868118E-17,
0.927333836204356));
#995=DIRECTION('ref_axis',(0.927333836204355,-7.02821043729959E-17,0.374235161670458));
#996=DIRECTION('center_axis',(-1.22464679914735E-16,1.,0.));
#997=DIRECTION('ref_axis',(-1.,-1.22464679914735E-16,0.));
#998=DIRECTION('',(0.,0.,1.));
#999=DIRECTION('center_axis',(0.,0.,1.));
#1000=DIRECTION('ref_axis',(0.707106781186548,-0.707106781186548,0.));
#1001=DIRECTION('',(0.,0.,1.));
#1002=DIRECTION('center_axis',(1.,1.22464679914735E-16,0.));
#1003=DIRECTION('ref_axis',(0.,0.,-1.));
#1004=DIRECTION('',(0.,0.,-1.));
#1005=DIRECTION('center_axis',(0.,0.,-1.));
#1006=DIRECTION('ref_axis',(0.707106781186548,0.707106781186547,0.));
#1007=DIRECTION('center_axis',(-1.22464679914735E-16,1.,0.));
#1008=DIRECTION('ref_axis',(0.,0.,-1.));
#1009=DIRECTION('center_axis',(1.22464679914735E-16,-1.,0.));
#1010=DIRECTION('ref_axis',(-1.,-1.22464679914735E-16,0.));
#1011=DIRECTION('center_axis',(1.,1.22464679914735E-16,0.));
#1012=DIRECTION('ref_axis',(0.,0.,1.));
#1013=DIRECTION('center_axis',(-1.22464679914735E-16,1.,0.));
#1014=DIRECTION('ref_axis',(-1.,-1.22464679914735E-16,0.));
#1015=DIRECTION('center_axis',(-1.22464679914735E-16,1.,0.));
#1016=DIRECTION('ref_axis',(-1.,-1.22464679914735E-16,0.));
#1017=DIRECTION('center_axis',(1.22464679914735E-16,-1.,0.));
#1018=DIRECTION('ref_axis',(-1.,-1.22464679914735E-16,0.));
#1019=DIRECTION('center_axis',(1.22464679914735E-16,-1.,0.));
#1020=DIRECTION('ref_axis',(-1.,-1.22464679914735E-16,0.));
#1021=DIRECTION('',(-1.22464679914735E-16,1.,0.));
#1022=DIRECTION('center_axis',(-1.22464679914735E-16,1.,0.));
#1023=DIRECTION('ref_axis',(-1.,-1.22464679914735E-16,0.));
#1024=DIRECTION('center_axis',(1.22464679914735E-16,-1.,0.));
#1025=DIRECTION('ref_axis',(0.,0.,1.));
#1026=DIRECTION('center_axis',(-1.22464679914735E-16,1.,0.));
#1027=DIRECTION('ref_axis',(-1.,-1.22464679914735E-16,0.));
#1028=DIRECTION('center_axis',(1.,1.22464679914735E-16,0.));
#1029=DIRECTION('ref_axis',(0.,0.,-1.));
#1030=DIRECTION('center_axis',(1.22464679914735E-16,-1.,0.));
#1031=DIRECTION('ref_axis',(-1.,-1.22464679914735E-16,0.));
#1032=DIRECTION('center_axis',(1.22464679914735E-16,-1.,0.));
#1033=DIRECTION('ref_axis',(-1.,-1.22464679914735E-16,0.));
#1034=DIRECTION('center_axis',(1.22464679914735E-16,-1.,0.));
#1035=DIRECTION('ref_axis',(-1.,-1.22464679914735E-16,0.));
#1036=DIRECTION('',(-1.22464679914735E-16,1.,0.));
#1037=DIRECTION('center_axis',(-1.22464679914735E-16,1.,0.));
#1038=DIRECTION('ref_axis',(-1.,-1.22464679914735E-16,0.));
#1039=DIRECTION('center_axis',(-1.22464679914735E-16,1.,0.));
#1040=DIRECTION('ref_axis',(-1.,-1.22464679914735E-16,0.));
#1041=DIRECTION('center_axis',(0.,0.,1.));
#1042=DIRECTION('ref_axis',(-1.,0.,0.));
#1043=DIRECTION('center_axis',(-1.22464679914735E-16,1.,0.));
#1044=DIRECTION('ref_axis',(0.,0.,-1.));
#1045=DIRECTION('center_axis',(0.,0.,1.));
#1046=DIRECTION('ref_axis',(-1.,-1.22464679914735E-16,0.));
#1047=DIRECTION('center_axis',(0.,1.,0.));
#1048=DIRECTION('ref_axis',(1.,0.,0.));
#1049=DIRECTION('center_axis',(0.,0.,1.));
#1050=DIRECTION('ref_axis',(-1.,-1.22464679914735E-16,0.));
#1051=DIRECTION('center_axis',(1.22464679914735E-16,-1.,0.));
#1052=DIRECTION('ref_axis',(0.,0.,1.));
#1053=DIRECTION('center_axis',(0.,0.,1.));
#1054=DIRECTION('ref_axis',(-1.,-1.22464679914735E-16,0.));
#1055=DIRECTION('center_axis',(-1.22464679914735E-16,1.,0.));
#1056=DIRECTION('ref_axis',(1.,1.22464679914735E-16,0.));
#1057=DIRECTION('',(0.,0.,1.));
#1058=DIRECTION('',(1.,1.22464679914735E-16,0.));
#1059=DIRECTION('',(0.,0.,-1.));
#1060=DIRECTION('center_axis',(1.22464679914735E-16,-1.,0.));
#1061=DIRECTION('ref_axis',(-1.,-1.22464679914735E-16,0.));
#1062=DIRECTION('',(0.,0.,1.));
#1063=DIRECTION('',(-1.,-1.22464679914735E-16,0.));
#1064=DIRECTION('',(0.,0.,-1.));
#1065=DIRECTION('center_axis',(0.,0.,1.));
#1066=DIRECTION('ref_axis',(1.,1.22464679914735E-16,0.));
#1067=DIRECTION('center_axis',(0.,0.,-1.));
#1068=DIRECTION('ref_axis',(-1.,-1.22464679914735E-16,0.));
#1069=DIRECTION('center_axis',(0.,0.,1.));
#1070=DIRECTION('ref_axis',(1.,1.22464679914735E-16,0.));
#1071=DIRECTION('center_axis',(0.,0.,-1.));
#1072=DIRECTION('ref_axis',(-1.,-1.22464679914735E-16,0.));
#1073=DIRECTION('center_axis',(0.,0.,1.));
#1074=DIRECTION('ref_axis',(-1.,-1.22464679914735E-16,0.));
#1075=DIRECTION('',(0.,0.,-1.));
#1076=DIRECTION('center_axis',(2.13765290404991E-16,2.61786978663277E-32,
-1.));
#1077=DIRECTION('ref_axis',(-1.,-1.22464679914735E-16,-2.13765290404991E-16));
#1078=CARTESIAN_POINT('',(0.,0.,0.));
#1079=CARTESIAN_POINT('Origin',(-18.783473050794,17.8422545250184,0.399995778791162));
#1080=CARTESIAN_POINT('',(-18.783473050794,17.8422545250184,0.399995778791162));
#1081=CARTESIAN_POINT('',(-18.783473050794,16.9154578800923,0.399995778791162));
#1082=CARTESIAN_POINT('',(-18.783473050794,17.0211272625092,0.399999252785895));
#1083=CARTESIAN_POINT('',(-18.783473050794,17.8422545250184,-0.100004221208838));
#1084=CARTESIAN_POINT('',(-18.783473050794,17.8422545250184,0.399995778791162));
#1085=CARTESIAN_POINT('',(-18.783473050794,16.9154578800923,-0.100004221208838));
#1086=CARTESIAN_POINT('',(-18.783473050794,17.8422545250184,-0.100004221208838));
#1087=CARTESIAN_POINT('',(-18.783473050794,16.9154578800923,0.399995778791162));
#1088=CARTESIAN_POINT('Origin',(-17.170309847793,17.8422545250184,0.399995778791162));
#1089=CARTESIAN_POINT('',(-17.170309847793,17.8422545250184,0.399995778791162));
#1090=CARTESIAN_POINT('',(-18.4740700172007,17.8422545250184,0.399999195561946));
#1091=CARTESIAN_POINT('',(-17.170309847793,17.8422545250184,-0.100004221208838));
#1092=CARTESIAN_POINT('',(-17.170309847793,17.8422545250184,0.399995778791162));
#1093=CARTESIAN_POINT('',(-17.170309847793,17.8422545250184,-0.100004221208838));
#1094=CARTESIAN_POINT('Origin',(-17.170309847793,18.3580369483358,0.399995778791162));
#1095=CARTESIAN_POINT('',(-17.170309847793,18.3580369483358,0.399995778791162));
#1096=CARTESIAN_POINT('',(-17.170309847793,17.2790184741679,0.3999989544321));
#1097=CARTESIAN_POINT('',(-17.170309847793,18.3580369483358,-0.100004221208838));
#1098=CARTESIAN_POINT('',(-17.170309847793,18.3580369483358,0.399995778791162));
#1099=CARTESIAN_POINT('',(-17.170309847793,18.3580369483358,-0.100004221208838));
#1100=CARTESIAN_POINT('Origin',(-19.1703098775953,18.3580369483358,0.399995778791162));
#1101=CARTESIAN_POINT('',(-19.1703098775953,18.3580369483358,0.399995778791162));
#1102=CARTESIAN_POINT('',(-19.4740700321018,18.3580369483358,0.399999380511491));
#1103=CARTESIAN_POINT('',(-19.1703098775953,18.3580369483358,-0.100004221208838));
#1104=CARTESIAN_POINT('',(-19.1703098775953,18.3580369483358,0.399995778791162));
#1105=CARTESIAN_POINT('',(-19.1703098775953,18.3580369483358,-0.100004221208838));
#1106=CARTESIAN_POINT('Origin',(-19.1703098775953,16.9154578800923,0.399995778791162));
#1107=CARTESIAN_POINT('',(-19.1703098775953,16.9154578800923,0.399995778791162));
#1108=CARTESIAN_POINT('',(-19.1703098775953,16.5577289400462,0.399999324331189));
#1109=CARTESIAN_POINT('',(-19.1703098775953,16.9154578800923,-0.100004221208838));
#1110=CARTESIAN_POINT('',(-19.1703098775953,16.9154578800923,0.399995778791162));
#1111=CARTESIAN_POINT('',(-19.1703098775953,16.9154578800923,-0.100004221208838));
#1112=CARTESIAN_POINT('Origin',(-18.783473050794,16.9154578800923,0.399995778791162));
#1113=CARTESIAN_POINT('',(-19.2806516187012,16.9154578800923,0.399999344738844));
#1114=CARTESIAN_POINT('',(-18.783473050794,16.9154578800923,-0.100004221208838));
#1115=CARTESIAN_POINT('Origin',(-18.1703098626941,17.6367474142141,-0.100004221208838));
#1116=CARTESIAN_POINT('Ctrl Pts',(-21.2901091262912,16.3426663614335,1.68382566564358));
#1117=CARTESIAN_POINT('Ctrl Pts',(-21.041172455554,16.3069699111915,1.14779057861583));
#1118=CARTESIAN_POINT('Ctrl Pts',(-20.8017216093404,16.2911531243404,0.612081354811199));
#1119=CARTESIAN_POINT('Ctrl Pts',(-20.5716114599158,16.2855508110522,0.0735630761749885));
#1120=CARTESIAN_POINT('Ctrl Pts',(-21.1810467707705,16.3070691885903,1.73123155068644));
#1121=CARTESIAN_POINT('Ctrl Pts',(-20.9326543504244,16.2761278221742,1.19397774078561));
#1122=CARTESIAN_POINT('Ctrl Pts',(-20.6938598214935,16.2630924265502,0.65764484063977));
#1123=CARTESIAN_POINT('Ctrl Pts',(-20.4638886372542,16.2584365144665,0.118757396451079));
#1124=CARTESIAN_POINT('Ctrl Pts',(-20.9444686581391,16.300850938425,1.83032170960017));
#1125=CARTESIAN_POINT('Ctrl Pts',(-20.7004228707392,16.2776362807051,1.29071763740043));
#1126=CARTESIAN_POINT('Ctrl Pts',(-20.4646438584571,16.2689827422544,0.753202898837333));
#1127=CARTESIAN_POINT('Ctrl Pts',(-20.2357078509184,16.2658164273385,0.21395319135321));
#1128=CARTESIAN_POINT('Ctrl Pts',(-20.5762307393627,16.51867241309,1.97256461202188));
#1129=CARTESIAN_POINT('Ctrl Pts',(-20.3449756924798,16.4991126143166,1.43193772129478));
#1130=CARTESIAN_POINT('Ctrl Pts',(-20.1171355131382,16.4921648335438,0.893942122261286));
#1131=CARTESIAN_POINT('Ctrl Pts',(-19.8913930413293,16.4895895403175,0.355841724048053));
#1132=CARTESIAN_POINT('Ctrl Pts',(-20.4496105065685,16.8264237883409,2.00920067897153));
#1133=CARTESIAN_POINT('Ctrl Pts',(-20.2255558428966,16.8016296614871,1.47220199448934));
#1134=CARTESIAN_POINT('Ctrl Pts',(-20.0017127463946,16.7912248763123,0.93634859711159));
#1135=CARTESIAN_POINT('Ctrl Pts',(-19.7781101910095,16.7875219499511,0.400670167012037));
#1136=CARTESIAN_POINT('Ctrl Pts',(-20.446125156056,17.0124037999173,2.00085177352149));
#1137=CARTESIAN_POINT('Ctrl Pts',(-20.2234004186129,16.9842793239691,1.46733074956321));
#1138=CARTESIAN_POINT('Ctrl Pts',(-20.0004894659035,16.9718176131166,0.933363660382277));
#1139=CARTESIAN_POINT('Ctrl Pts',(-19.7775815600859,16.9674036693139,0.399403869810958));
#1140=CARTESIAN_POINT('',(-20.1120430896369,16.4894633910442,0.69999999999999));
#1141=CARTESIAN_POINT('',(-19.9895494063656,16.4829354626464,0.399999475849165));
#1142=CARTESIAN_POINT('Ctrl Pts',(-20.1120430896369,16.4894633910442,0.699999999999989));
#1143=CARTESIAN_POINT('Ctrl Pts',(-20.0699327955166,16.4866565406428,0.596341310988329));
#1144=CARTESIAN_POINT('Ctrl Pts',(-20.0290154988161,16.4845229615464,0.496160343712687));
#1145=CARTESIAN_POINT('Ctrl Pts',(-19.9895494063656,16.4829354626464,0.399999475849165));
#1146=CARTESIAN_POINT('',(-19.7778301863858,16.9674085962099,0.399999436157312));
#1147=CARTESIAN_POINT('Ctrl Pts',(-19.7778301863999,16.9674085958622,0.399999436191064));
#1148=CARTESIAN_POINT('Ctrl Pts',(-19.7778301827908,16.9345565877187,0.39999943864813));
#1149=CARTESIAN_POINT('Ctrl Pts',(-19.780446927874,16.9019130041906,0.399952211118219));
#1150=CARTESIAN_POINT('Ctrl Pts',(-19.7855089690746,16.8696856504055,0.399899772513052));
#1151=CARTESIAN_POINT('Ctrl Pts',(-19.7907640788794,16.8362291303684,0.399845333875112));
#1152=CARTESIAN_POINT('Ctrl Pts',(-19.7986547492995,16.8032201307653,0.399785231345775));
#1153=CARTESIAN_POINT('Ctrl Pts',(-19.8090405541564,16.7708890508559,0.399744400209971));
#1154=CARTESIAN_POINT('Ctrl Pts',(-19.814376884725,16.7542770181429,0.399723420763395));
#1155=CARTESIAN_POINT('Ctrl Pts',(-19.8203727328121,16.737844024665,0.399707182582539));
#1156=CARTESIAN_POINT('Ctrl Pts',(-19.8270137807569,16.7216225770961,0.399696997222283));
#1157=CARTESIAN_POINT('Ctrl Pts',(-19.8397220890344,16.6905812176412,0.399677506518538));
#1158=CARTESIAN_POINT('Ctrl Pts',(-19.8546697074675,16.660606186953,0.399679226650069));
#1159=CARTESIAN_POINT('Ctrl Pts',(-19.871662713694,16.6318830764851,0.399703226146238));
#1160=CARTESIAN_POINT('Ctrl Pts',(-19.8892211886423,16.6022041598258,0.399728024262983));
#1161=CARTESIAN_POINT('Ctrl Pts',(-19.9089637193193,16.5738607419846,0.399776517420183));
#1162=CARTESIAN_POINT('Ctrl Pts',(-19.9307267545568,16.5470610312631,0.399827248729184));
#1163=CARTESIAN_POINT('Ctrl Pts',(-19.9429331519863,16.5320296757333,0.399855702780425));
#1164=CARTESIAN_POINT('Ctrl Pts',(-19.9557760382457,16.5174841043362,0.399884466743897));
#1165=CARTESIAN_POINT('Ctrl Pts',(-19.9692326367037,16.5034635757006,0.399906962930784));
#1166=CARTESIAN_POINT('Ctrl Pts',(-19.9759184106194,16.4964976188187,0.399918139932161));
#1167=CARTESIAN_POINT('Ctrl Pts',(-19.9827428926514,16.4896749145316,0.399928194710313));
#1168=CARTESIAN_POINT('Ctrl Pts',(-19.9897015486605,16.4829990704323,0.399935630407504));
#1169=CARTESIAN_POINT('',(-20.4120025795382,17.008222805165,1.91911360571453));
#1170=CARTESIAN_POINT('Ctrl Pts',(-19.7778301863999,16.9674085958622,0.399999436191064));
#1171=CARTESIAN_POINT('Ctrl Pts',(-19.9892725296552,16.971601179982,0.906494299656747));
#1172=CARTESIAN_POINT('Ctrl Pts',(-20.200717551108,16.9830374753228,1.41299557855136));
#1173=CARTESIAN_POINT('Ctrl Pts',(-20.4120037170181,17.0082168218902,1.91911633046543));
#1174=CARTESIAN_POINT('',(-21.2901091262912,16.3426663614335,1.68382566564358));
#1175=CARTESIAN_POINT('Ctrl Pts',(-20.4120037170181,17.0082168218902,1.91911633046543));
#1176=CARTESIAN_POINT('Ctrl Pts',(-20.4120061804069,16.9747821594567,1.91911506056242));
#1177=CARTESIAN_POINT('Ctrl Pts',(-20.4144594724859,16.9415137837355,1.91843695470098));
#1178=CARTESIAN_POINT('Ctrl Pts',(-20.419212644705,16.9086318001944,1.91713983091815));
#1179=CARTESIAN_POINT('Ctrl Pts',(-20.4240849740603,16.8749254991644,1.91581018957695));
#1180=CARTESIAN_POINT('Ctrl Pts',(-20.4313742523744,16.8416240625394,1.91383004130279));
#1181=CARTESIAN_POINT('Ctrl Pts',(-20.4409677675203,16.8089697120484,1.91124051411973));
#1182=CARTESIAN_POINT('Ctrl Pts',(-20.4473391528568,16.7872828280725,1.90952071952185));
#1183=CARTESIAN_POINT('Ctrl Pts',(-20.4547279007031,16.7658814862143,1.90753170871899));
#1184=CARTESIAN_POINT('Ctrl Pts',(-20.4631116217923,16.7448417249072,1.90528078965676));
#1185=CARTESIAN_POINT('Ctrl Pts',(-20.4757258671953,16.7131850524674,1.90189403034891));
#1186=CARTESIAN_POINT('Ctrl Pts',(-20.4904948470455,16.6825857559342,1.8979406145753));
#1187=CARTESIAN_POINT('Ctrl Pts',(-20.5072801718965,16.6532756043209,1.89345620593608));
#1188=CARTESIAN_POINT('Ctrl Pts',(-20.5239143754139,16.6242293373354,1.88901217124376));
#1189=CARTESIAN_POINT('Ctrl Pts',(-20.542529364304,16.5964480237382,1.88404647948789));
#1190=CARTESIAN_POINT('Ctrl Pts',(-20.5630315895573,16.5701784377551,1.87857488410834));
#1191=CARTESIAN_POINT('Ctrl Pts',(-20.5764328885296,16.5530072979744,1.87499837060158));
#1192=CARTESIAN_POINT('Ctrl Pts',(-20.5906413419636,16.5364825226501,1.87120532692726));
#1193=CARTESIAN_POINT('Ctrl Pts',(-20.6056387279434,16.5206813571439,1.86719624215362));
#1194=CARTESIAN_POINT('Ctrl Pts',(-20.609407818979,16.5167102630253,1.86618869287129));
#1195=CARTESIAN_POINT('Ctrl Pts',(-20.6132222454153,16.512789671031,1.8651686806235));
#1196=CARTESIAN_POINT('Ctrl Pts',(-20.6170814368179,16.5089205382273,1.8641362888217));
#1197=CARTESIAN_POINT('Ctrl Pts',(-20.6403093432119,16.4856327959997,1.85792247415627));
#1198=CARTESIAN_POINT('Ctrl Pts',(-20.6651557607533,16.4642066058916,1.85126171883368));
#1199=CARTESIAN_POINT('Ctrl Pts',(-20.6913565445881,16.4447222686278,1.84423642968697));
#1200=CARTESIAN_POINT('Ctrl Pts',(-20.7181229717079,16.4248172880502,1.83705947303072));
#1201=CARTESIAN_POINT('Ctrl Pts',(-20.746303869375,16.4069382092212,1.82950169832422));
#1202=CARTESIAN_POINT('Ctrl Pts',(-20.775649594955,16.3912104644604,1.82163463988747));
#1203=CARTESIAN_POINT('Ctrl Pts',(-20.7906848134554,16.383152388733,1.81760396965476));
#1204=CARTESIAN_POINT('Ctrl Pts',(-20.8060262164354,16.3756597402844,1.81349188707968));
#1205=CARTESIAN_POINT('Ctrl Pts',(-20.8216420547969,16.3687542480671,1.8093069022901));
#1206=CARTESIAN_POINT('Ctrl Pts',(-20.8521818487797,16.3552492216455,1.80112235463172));
#1207=CARTESIAN_POINT('Ctrl Pts',(-20.8835640645095,16.3440781740173,1.7927148566018));
#1208=CARTESIAN_POINT('Ctrl Pts',(-20.9155294502756,16.3353466653299,1.78415176938083));
#1209=CARTESIAN_POINT('Ctrl Pts',(-20.9204729804119,16.3339963147774,1.7828274656466));
#1210=CARTESIAN_POINT('Ctrl Pts',(-20.9254305018755,16.3327043999979,1.78149941620537));
#1211=CARTESIAN_POINT('Ctrl Pts',(-20.9304010976009,16.3314714111948,1.78016784567694));
#1212=CARTESIAN_POINT('Ctrl Pts',(-20.9626056360481,16.323482864649,1.7715405871656));
#1213=CARTESIAN_POINT('Ctrl Pts',(-20.9953585100644,16.3179636552691,1.7627659935791));
#1214=CARTESIAN_POINT('Ctrl Pts',(-21.0284051911081,16.3149033922387,1.75391422616874));
#1215=CARTESIAN_POINT('Ctrl Pts',(-21.0366226117861,16.3141424241805,1.75171313685336));
#1216=CARTESIAN_POINT('Ctrl Pts',(-21.044858215158,16.3135337493227,1.74950725320372));
#1217=CARTESIAN_POINT('Ctrl Pts',(-21.0531080846114,16.3130777057335,1.74729762388005));
#1218=CARTESIAN_POINT('Ctrl Pts',(-21.0863298210073,16.3112412451699,1.73839957726994));
#1219=CARTESIAN_POINT('Ctrl Pts',(-21.1195793352019,16.3118870470807,1.72949561411496));
#1220=CARTESIAN_POINT('Ctrl Pts',(-21.1526001254429,16.3149788956481,1.72065357317927));
#1221=CARTESIAN_POINT('Ctrl Pts',(-21.1854751785524,16.3180570983537,1.71185055655747));
#1222=CARTESIAN_POINT('Ctrl Pts',(-21.2181246602213,16.3235598880425,1.70310843438326));
#1223=CARTESIAN_POINT('Ctrl Pts',(-21.2502934360778,16.3315020826686,1.69449208671923));
#1224=CARTESIAN_POINT('Ctrl Pts',(-21.263654748318,16.3348008759688,1.69091328372025));
#1225=CARTESIAN_POINT('Ctrl Pts',(-21.2769330098573,16.3385211018184,1.68735619540142));
#1226=CARTESIAN_POINT('Ctrl Pts',(-21.2901091262912,16.3426663614335,1.68382566564358));
#1227=CARTESIAN_POINT('',(-20.8439701274549,16.2974527426636,0.699999999999988));
#1228=CARTESIAN_POINT('Ctrl Pts',(-21.2901091262912,16.3426663614335,1.68382566564358));
#1229=CARTESIAN_POINT('Ctrl Pts',(-21.1378716980401,16.3208361675676,1.35601296187521));
#1230=CARTESIAN_POINT('Ctrl Pts',(-20.9891819152379,16.306440856898,1.02832212913424));
#1231=CARTESIAN_POINT('Ctrl Pts',(-20.8440065847626,16.2972698400743,0.700036159623662));
#1232=CARTESIAN_POINT('Ctrl Pts',(-20.8440065847626,16.2972698400743,0.700036159623662));
#1233=CARTESIAN_POINT('Ctrl Pts',(-20.8082093760891,16.2888075869064,0.700033680463053));
#1234=CARTESIAN_POINT('Ctrl Pts',(-20.7719104290949,16.2828454373967,0.700025449703805));
#1235=CARTESIAN_POINT('Ctrl Pts',(-20.7354000182421,16.2793267115404,0.700013466554378));
#1236=CARTESIAN_POINT('Ctrl Pts',(-20.6986034238367,16.2757804044697,0.700001389476119));
#1237=CARTESIAN_POINT('Ctrl Pts',(-20.6615908819183,16.2747159198882,0.699985991778566));
#1238=CARTESIAN_POINT('Ctrl Pts',(-20.6246496839714,16.2761264230682,0.699972072117676));
#1239=CARTESIAN_POINT('Ctrl Pts',(-20.5929000913261,16.2773386983565,0.699960108684231));
#1240=CARTESIAN_POINT('Ctrl Pts',(-20.5612026021538,16.2803800004695,0.699949466124907));
#1241=CARTESIAN_POINT('Ctrl Pts',(-20.5297438104386,16.2852764040965,0.699940575157581));
#1242=CARTESIAN_POINT('Ctrl Pts',(-20.5040026626674,16.2892828850336,0.699933300125982));
#1243=CARTESIAN_POINT('Ctrl Pts',(-20.4784949051236,16.294520325489,0.69992554075209));
#1244=CARTESIAN_POINT('Ctrl Pts',(-20.4533227084586,16.3009966566457,0.699919162962337));
#1245=CARTESIAN_POINT('Ctrl Pts',(-20.4183507721136,16.309994275883,0.699910302247468));
#1246=CARTESIAN_POINT('Ctrl Pts',(-20.3840250759373,16.3213817217821,0.699904821321421));
#1247=CARTESIAN_POINT('Ctrl Pts',(-20.3506200278994,16.3350607990847,0.699908806716896));
#1248=CARTESIAN_POINT('Ctrl Pts',(-20.3184205386881,16.3482462105089,0.699912648282951));
#1249=CARTESIAN_POINT('Ctrl Pts',(-20.2870756102426,16.3635615393909,0.699925615010403));
#1250=CARTESIAN_POINT('Ctrl Pts',(-20.2568617844673,16.3809527440444,0.699938441204889));
#1251=CARTESIAN_POINT('Ctrl Pts',(-20.2506272656212,16.3845413592027,0.699941087845928));
#1252=CARTESIAN_POINT('Ctrl Pts',(-20.244441040176,16.3882184618251,0.699943667249866));
#1253=CARTESIAN_POINT('Ctrl Pts',(-20.2383057591981,16.3919837245861,0.699945996267836));
#1254=CARTESIAN_POINT('Ctrl Pts',(-20.2091613112546,16.4098698662195,0.699957059810521));
#1255=CARTESIAN_POINT('Ctrl Pts',(-20.1813276637041,16.4296429423353,0.699966344930901));
#1256=CARTESIAN_POINT('Ctrl Pts',(-20.1550661694037,16.4512279573782,0.699961983083117));
#1257=CARTESIAN_POINT('Ctrl Pts',(-20.1428030470632,16.4613073411774,0.699959946265546));
#1258=CARTESIAN_POINT('Ctrl Pts',(-20.1308832296884,16.4717822742364,0.699954701159811));
#1259=CARTESIAN_POINT('Ctrl Pts',(-20.1193363588184,16.4826472579004,0.699943633861603));
#1260=CARTESIAN_POINT('Ctrl Pts',(-20.1169453589287,16.484897060036,0.699941342166381));
#1261=CARTESIAN_POINT('Ctrl Pts',(-20.1145703578127,16.4871635908024,0.699938797308745));
#1262=CARTESIAN_POINT('Ctrl Pts',(-20.1122114929327,16.4894466901457,0.699936029983081));
#1263=CARTESIAN_POINT('Origin',(-7.86299605826978,19.5,4.89511816129826));
#1264=CARTESIAN_POINT('',(-23.5512615149777,19.5,1.07795170913132));
#1265=CARTESIAN_POINT('Ctrl Pts',(-21.2901091262912,16.3426663614335,1.68382566564358));
#1266=CARTESIAN_POINT('Ctrl Pts',(-21.3922913513506,16.3748133034442,1.65644602095811));
#1267=CARTESIAN_POINT('Ctrl Pts',(-21.490753157411,16.4116778024119,1.6300632595389));
#1268=CARTESIAN_POINT('Ctrl Pts',(-21.9466389976261,16.6071363394966,1.50790901681248));
#1269=CARTESIAN_POINT('Ctrl Pts',(-22.3392721964244,16.8786755909111,1.40270326827282));
#1270=CARTESIAN_POINT('Ctrl Pts',(-22.8957326627661,17.4546676221995,1.25360013569673));
#1271=CARTESIAN_POINT('Ctrl Pts',(-23.1580443236322,17.8610117023657,1.18331393800239));
#1272=CARTESIAN_POINT('Ctrl Pts',(-23.4591592158024,18.613499335123,1.10263044581638));
#1273=CARTESIAN_POINT('Ctrl Pts',(-23.5512615149777,19.0927756251406,1.07795170913133));
#1274=CARTESIAN_POINT('Ctrl Pts',(-23.5512615149777,19.5,1.07795170913133));
#1275=CARTESIAN_POINT('',(-23.4544493701464,19.5,0.69999999999999));
#1276=CARTESIAN_POINT('Origin',(-7.86299605826978,19.5,4.89511816129826));
#1277=CARTESIAN_POINT('Ctrl Pts',(-23.4544493701464,19.5,0.69999999999999));
#1278=CARTESIAN_POINT('Ctrl Pts',(-23.4544493701464,19.0980443659723,0.69999999999999));
#1279=CARTESIAN_POINT('Ctrl Pts',(-23.3581913747045,18.6253998949374,0.69999999999999));
#1280=CARTESIAN_POINT('Ctrl Pts',(-23.042612188519,17.8781051522341,0.69999999999999));
#1281=CARTESIAN_POINT('Ctrl Pts',(-22.764842774242,17.4731205604339,0.69999999999999));
#1282=CARTESIAN_POINT('Ctrl Pts',(-22.1715727558918,16.8928683500191,0.69999999999999));
#1283=CARTESIAN_POINT('Ctrl Pts',(-21.7479345616999,16.6184743400255,0.699999999999991));
#1284=CARTESIAN_POINT('Ctrl Pts',(-21.1994588553391,16.3968469195355,0.699999999999991));
#1285=CARTESIAN_POINT('Ctrl Pts',(-21.0247044289804,16.3402004115334,0.69999999999999));
#1286=CARTESIAN_POINT('Ctrl Pts',(-20.8439701274549,16.2974527426636,0.69999999999999));
#1287=CARTESIAN_POINT('Origin',(-23.5512615149777,16.2,1.07795170913133));
#1288=CARTESIAN_POINT('',(-20.4120025795382,26.3917771948351,1.91911360571453));
#1289=CARTESIAN_POINT('',(-20.4120025795382,16.2,1.91911360571453));
#1290=CARTESIAN_POINT('',(-21.2901091262912,27.0573336385665,1.68382566564358));
#1291=CARTESIAN_POINT('Ctrl Pts',(-21.2901091262912,27.0573336385665,1.68382566564358));
#1292=CARTESIAN_POINT('Ctrl Pts',(-21.2587715496704,27.0671925671404,1.69222254399186));
#1293=CARTESIAN_POINT('Ctrl Pts',(-21.2268586002714,27.0745672000551,1.70076613689023));
#1294=CARTESIAN_POINT('Ctrl Pts',(-21.1946268856612,27.0795467136402,1.70939346869197));
#1295=CARTESIAN_POINT('Ctrl Pts',(-21.161633456567,27.0846439053465,1.71822468550794));
#1296=CARTESIAN_POINT('Ctrl Pts',(-21.1283048935955,27.0872314742966,1.72714412036577));
#1297=CARTESIAN_POINT('Ctrl Pts',(-21.0949052148916,27.0873520299744,1.73608571805093));
#1298=CARTESIAN_POINT('Ctrl Pts',(-21.0716689896198,27.0874359008077,1.7423064059786));
#1299=CARTESIAN_POINT('Ctrl Pts',(-21.0483980900315,27.0863246212922,1.74853786004557));
#1300=CARTESIAN_POINT('Ctrl Pts',(-21.0251828496088,27.0840178004451,1.75475634169447));
#1301=CARTESIAN_POINT('Ctrl Pts',(-20.991924841917,27.0807130633811,1.76366489946708));
#1302=CARTESIAN_POINT('Ctrl Pts',(-20.9590100712315,27.0749797111391,1.772485638233));
#1303=CARTESIAN_POINT('Ctrl Pts',(-20.9266984225872,27.0668732638682,1.78114889687311));
#1304=CARTESIAN_POINT('Ctrl Pts',(-20.8950718489218,27.0589386903463,1.78962847619079));
#1305=CARTESIAN_POINT('Ctrl Pts',(-20.8640220038545,27.0487302635469,1.79795761842546));
#1306=CARTESIAN_POINT('Ctrl Pts',(-20.833801470373,27.0362527770584,1.80606415430274));
#1307=CARTESIAN_POINT('Ctrl Pts',(-20.8126077510358,27.0275022913387,1.81174928379542));
#1308=CARTESIAN_POINT('Ctrl Pts',(-20.7918220682177,27.0176348562347,1.81732479875902));
#1309=CARTESIAN_POINT('Ctrl Pts',(-20.7715385394192,27.0066389189071,1.82276199664699));
#1310=CARTESIAN_POINT('Ctrl Pts',(-20.7682557172751,27.0048592627678,1.82364198916731));
#1311=CARTESIAN_POINT('Ctrl Pts',(-20.7649886964793,27.0030514486806,1.82451764892942));
#1312=CARTESIAN_POINT('Ctrl Pts',(-20.7617378247909,27.0012155387959,1.82538886850655));
#1313=CARTESIAN_POINT('Ctrl Pts',(-20.7330534804699,26.9850162309414,1.83307614894252));
#1314=CARTESIAN_POINT('Ctrl Pts',(-20.7056248372093,26.9666335162614,1.84041869521412));
#1315=CARTESIAN_POINT('Ctrl Pts',(-20.6796203544098,26.9463000889638,1.84738113084445));
#1316=CARTESIAN_POINT('Ctrl Pts',(-20.6534377920627,26.9258274176919,1.8543912454614));
#1317=CARTESIAN_POINT('Ctrl Pts',(-20.6286980708193,26.9033763391561,1.86101634782206));
#1318=CARTESIAN_POINT('Ctrl Pts',(-20.6056006559924,26.8791429539112,1.86720570064804));
#1319=CARTESIAN_POINT('Ctrl Pts',(-20.5924923197885,26.8653899272833,1.87071830664036));
#1320=CARTESIAN_POINT('Ctrl Pts',(-20.5799135150772,26.8510621708041,1.87409027343348));
#1321=CARTESIAN_POINT('Ctrl Pts',(-20.5679063081211,26.836191316193,1.87730963281712));
#1322=CARTESIAN_POINT('Ctrl Pts',(-20.5467563111324,26.8099971703443,1.88298034720707));
#1323=CARTESIAN_POINT('Ctrl Pts',(-20.527526673246,26.782303963033,1.88813909382787));
#1324=CARTESIAN_POINT('Ctrl Pts',(-20.5103989691633,26.7533253291506,1.89272963440835));
#1325=CARTESIAN_POINT('Ctrl Pts',(-20.5088477271005,26.7507007581291,1.89314539589075));
#1326=CARTESIAN_POINT('Ctrl Pts',(-20.5073137509356,26.748065620102,1.8935564847505));
#1327=CARTESIAN_POINT('Ctrl Pts',(-20.5057971907149,26.7454200608423,1.89396285194052));
#1328=CARTESIAN_POINT('Ctrl Pts',(-20.4890489519379,26.7162036422835,1.89845059640088));
#1329=CARTESIAN_POINT('Ctrl Pts',(-20.4744211220329,26.6857178624791,1.90236414188406));
#1330=CARTESIAN_POINT('Ctrl Pts',(-20.4619904555588,26.6542101075796,1.90569185827159));
#1331=CARTESIAN_POINT('Ctrl Pts',(-20.4585811688176,26.6455686585273,1.90660453172976));
#1332=CARTESIAN_POINT('Ctrl Pts',(-20.4553374152869,26.6368502381204,1.90747302121834));
#1333=CARTESIAN_POINT('Ctrl Pts',(-20.4522613863991,26.6280597809764,1.90829681657087));
#1334=CARTESIAN_POINT('Ctrl Pts',(-20.4410730216598,26.5960864659196,1.91129318728486));
#1335=CARTESIAN_POINT('Ctrl Pts',(-20.4321755766113,26.5633767880744,1.91367984797979));
#1336=CARTESIAN_POINT('Ctrl Pts',(-20.4256117875453,26.5301886367216,1.91544488550251));
#1337=CARTESIAN_POINT('Ctrl Pts',(-20.4190904024834,26.4972148905683,1.91719852036473));
#1338=CARTESIAN_POINT('Ctrl Pts',(-20.4148723448328,26.4637676666605,1.91833858368646));
#1339=CARTESIAN_POINT('Ctrl Pts',(-20.4130442997997,26.4300869425989,1.91883396126511));
#1340=CARTESIAN_POINT('Ctrl Pts',(-20.412352891538,26.4173481257451,1.91902132434663));
#1341=CARTESIAN_POINT('Ctrl Pts',(-20.4120038616292,26.4045758632256,1.91911626035827));
#1342=CARTESIAN_POINT('Ctrl Pts',(-20.41200371698,26.3917831771599,1.91911633037419));
#1343=CARTESIAN_POINT('',(-23.5512615149777,23.9,1.07795170913132));
#1344=CARTESIAN_POINT('Ctrl Pts',(-23.5512615149777,23.9,1.07795170913133));
#1345=CARTESIAN_POINT('Ctrl Pts',(-23.5512615149777,24.3072243748594,1.07795170913133));
#1346=CARTESIAN_POINT('Ctrl Pts',(-23.4591592158025,24.786500664877,1.10263044581638));
#1347=CARTESIAN_POINT('Ctrl Pts',(-23.1580443236322,25.5389882976343,1.18331393800239));
#1348=CARTESIAN_POINT('Ctrl Pts',(-22.8957326627661,25.9453323778005,1.25360013569673));
#1349=CARTESIAN_POINT('Ctrl Pts',(-22.3392721964244,26.5213244090889,1.40270326827282));
#1350=CARTESIAN_POINT('Ctrl Pts',(-21.9466389976261,26.7928636605034,1.50790901681248));
#1351=CARTESIAN_POINT('Ctrl Pts',(-21.490753157411,26.9883221975882,1.6300632595389));
#1352=CARTESIAN_POINT('Ctrl Pts',(-21.3922913513506,27.0251866965558,1.6564460209581));
#1353=CARTESIAN_POINT('Ctrl Pts',(-21.2901091262912,27.0573336385665,1.68382566564358));
#1354=CARTESIAN_POINT('',(-23.5512615149777,16.2,1.07795170913132));
#1355=CARTESIAN_POINT('Origin',(-20.4120025795382,16.2,1.91911360571453));
#1356=CARTESIAN_POINT('',(-19.7778301863859,26.4325914037902,0.399999436157311));
#1357=CARTESIAN_POINT('',(-19.777830186609,16.2,0.399999436691792));
#1358=CARTESIAN_POINT('Ctrl Pts',(-20.41200371698,26.3917831771599,1.91911633037419));
#1359=CARTESIAN_POINT('Ctrl Pts',(-20.2007175506157,26.41696251228,1.41299557737215));
#1360=CARTESIAN_POINT('Ctrl Pts',(-19.9892725247979,26.428398698677,0.906494288021382));
#1361=CARTESIAN_POINT('Ctrl Pts',(-19.7778301863948,26.4325914040096,0.399999436178766));
#1362=CARTESIAN_POINT('Ctrl Pts',(-20.446125156056,26.3875962000827,2.00085177352149));
#1363=CARTESIAN_POINT('Ctrl Pts',(-20.223417192393,26.4157185579287,1.4673709299421));
#1364=CARTESIAN_POINT('Ctrl Pts',(-20.0005230363798,26.4281803818274,0.933444076033994));
#1365=CARTESIAN_POINT('Ctrl Pts',(-19.7776319227951,26.4325953332701,0.399524510043639));
#1366=CARTESIAN_POINT('Ctrl Pts',(-20.4484487230644,26.511582874467,2.00641771048819));
#1367=CARTESIAN_POINT('Ctrl Pts',(-20.2247976415741,26.5375090802939,1.47064814061346));
#1368=CARTESIAN_POINT('Ctrl Pts',(-20.0013487978422,26.548571530645,0.935427900107011));
#1369=CARTESIAN_POINT('Ctrl Pts',(-19.7779844507315,26.5525165854292,0.400368965256787));
#1370=CARTESIAN_POINT('Ctrl Pts',(-20.5155391174053,26.7587563617325,1.99143973341126));
#1371=CARTESIAN_POINT('Ctrl Pts',(-20.2876066938268,26.78033323029,1.45210726267611));
#1372=CARTESIAN_POINT('Ctrl Pts',(-20.0617016803947,26.7886543802048,0.914878351034384));
#1373=CARTESIAN_POINT('Ctrl Pts',(-19.8369139350021,26.7916679473849,0.3777456761118));
#1374=CARTESIAN_POINT('Ctrl Pts',(-20.8187669196073,27.0737553196653,1.88145877787282));
#1375=CARTESIAN_POINT('Ctrl Pts',(-20.5782623075622,27.0941062530557,1.34080469410304));
#1376=CARTESIAN_POINT('Ctrl Pts',(-20.3447831966102,27.1011679733794,0.802749136814342));
#1377=CARTESIAN_POINT('Ctrl Pts',(-20.1166931891002,27.1038040723027,0.263529514065588));
#1378=CARTESIAN_POINT('Ctrl Pts',(-21.1265155930102,27.1107293978314,1.75493449320788));
#1379=CARTESIAN_POINT('Ctrl Pts',(-20.8783685866666,27.1391916577888,1.21709910057348));
#1380=CARTESIAN_POINT('Ctrl Pts',(-20.6399745573398,27.150954832979,0.680515775548884));
#1381=CARTESIAN_POINT('Ctrl Pts',(-20.4100791684097,27.1551196877634,0.141476351306772));
#1382=CARTESIAN_POINT('Ctrl Pts',(-21.2901091262912,27.0573336385665,1.68382566564358));
#1383=CARTESIAN_POINT('Ctrl Pts',(-21.0411912033995,27.0930274004479,1.1478309483331));
#1384=CARTESIAN_POINT('Ctrl Pts',(-20.8017576521638,27.108844330781,0.612162032331654));
#1385=CARTESIAN_POINT('Ctrl Pts',(-20.5716634500209,27.1144479229967,0.073684746281932));
#1386=CARTESIAN_POINT('',(-20.1120430896369,26.9105366089558,0.69999999999999));
#1387=CARTESIAN_POINT('',(-20.8439701274549,27.1025472573365,0.69999999999999));
#1388=CARTESIAN_POINT('Ctrl Pts',(-20.1121769616664,26.9103706101001,0.699947604111863));
#1389=CARTESIAN_POINT('Ctrl Pts',(-20.1373124636823,26.9346361051811,0.699944516636971));
#1390=CARTESIAN_POINT('Ctrl Pts',(-20.1641286120375,26.9570367220065,0.699948590642869));
#1391=CARTESIAN_POINT('Ctrl Pts',(-20.1923651389405,26.9774390987277,0.699959542622533));
#1392=CARTESIAN_POINT('Ctrl Pts',(-20.2181140576864,26.9960440476374,0.699969529744372));
#1393=CARTESIAN_POINT('Ctrl Pts',(-20.2450452369314,27.012987693711,0.699984752677351));
#1394=CARTESIAN_POINT('Ctrl Pts',(-20.2729919603786,27.0281523307372,0.699990654823068));
#1395=CARTESIAN_POINT('Ctrl Pts',(-20.2898454333782,27.0372974743942,0.699994214154583));
#1396=CARTESIAN_POINT('Ctrl Pts',(-20.3070687368156,27.0457953198767,0.699994141965741));
#1397=CARTESIAN_POINT('Ctrl Pts',(-20.3246159091394,27.0536480529221,0.699991468430874));
#1398=CARTESIAN_POINT('Ctrl Pts',(-20.3566612261231,27.0679890142454,0.699986585919282));
#1399=CARTESIAN_POINT('Ctrl Pts',(-20.3896393607,27.0801153615359,0.6999753319329));
#1400=CARTESIAN_POINT('Ctrl Pts',(-20.4232668483167,27.0900643554809,0.699969462954596));
#1401=CARTESIAN_POINT('Ctrl Pts',(-20.4583157744687,27.1004338947709,0.69996334589377));
#1402=CARTESIAN_POINT('Ctrl Pts',(-20.4940710903738,27.1084385535908,0.699962679710838));
#1403=CARTESIAN_POINT('Ctrl Pts',(-20.5302407885449,27.1140743048023,0.699966920075577));
#1404=CARTESIAN_POINT('Ctrl Pts',(-20.5463558316398,27.1165852567382,0.699968809327187));
#1405=CARTESIAN_POINT('Ctrl Pts',(-20.5625534135291,27.1186253296292,0.699971531212029));
#1406=CARTESIAN_POINT('Ctrl Pts',(-20.5788086305524,27.1201910377596,0.69997453776298));
#1407=CARTESIAN_POINT('Ctrl Pts',(-20.6159291673233,27.1237665007106,0.699981403545514));
#1408=CARTESIAN_POINT('Ctrl Pts',(-20.6532310407618,27.124860079945,0.699992207088186));
#1409=CARTESIAN_POINT('Ctrl Pts',(-20.6904186744407,27.1234403524898,0.700003253051035));
#1410=CARTESIAN_POINT('Ctrl Pts',(-20.7267938273068,27.122051643446,0.700014057680085));
#1411=CARTESIAN_POINT('Ctrl Pts',(-20.7630608143797,27.1182582349733,0.70002461253107));
#1412=CARTESIAN_POINT('Ctrl Pts',(-20.7989412740724,27.1119819054672,0.700030732346967));
#1413=CARTESIAN_POINT('Ctrl Pts',(-20.8140387792758,27.1093409995761,0.700033307396259));
#1414=CARTESIAN_POINT('Ctrl Pts',(-20.8290677318706,27.1062598935555,0.700035129270115));
#1415=CARTESIAN_POINT('Ctrl Pts',(-20.8440065742464,27.102730089145,0.700036154036914));
#1416=CARTESIAN_POINT('Ctrl Pts',(-20.8440065742464,27.102730089145,0.700036154036914));
#1417=CARTESIAN_POINT('Ctrl Pts',(-20.989181906215,27.0935590823604,1.02832212434401));
#1418=CARTESIAN_POINT('Ctrl Pts',(-21.1378716980424,27.0791638324321,1.35601296188025));
#1419=CARTESIAN_POINT('Ctrl Pts',(-21.2901091262912,27.0573336385665,1.68382566564358));
#1420=CARTESIAN_POINT('',(-19.9895494063656,26.9170645373536,0.399999475849165));
#1421=CARTESIAN_POINT('Ctrl Pts',(-19.9896816729369,26.9168239391886,0.399942303303358));
#1422=CARTESIAN_POINT('Ctrl Pts',(-19.9658101150422,26.893967349013,0.399940958283834));
#1423=CARTESIAN_POINT('Ctrl Pts',(-19.943484998187,26.8694947606856,0.399949636425662));
#1424=CARTESIAN_POINT('Ctrl Pts',(-19.9229465414955,26.8435257498066,0.399960407566571));
#1425=CARTESIAN_POINT('Ctrl Pts',(-19.9149438113315,26.8334070252203,0.399964604499941));
#1426=CARTESIAN_POINT('Ctrl Pts',(-19.9072128208982,26.823061004626,0.399968902657358));
#1427=CARTESIAN_POINT('Ctrl Pts',(-19.8997697721239,26.8124945113304,0.399971943388808));
#1428=CARTESIAN_POINT('Ctrl Pts',(-19.891430704314,26.8006559883305,0.399975350173652));
#1429=CARTESIAN_POINT('Ctrl Pts',(-19.8834781437052,26.7885762055196,0.399977395396193));
#1430=CARTESIAN_POINT('Ctrl Pts',(-19.8759296387413,26.776268289715,0.399976486996311));
#1431=CARTESIAN_POINT('Ctrl Pts',(-19.8582117762884,26.747379130822,0.399974354798712));
#1432=CARTESIAN_POINT('Ctrl Pts',(-19.8427169074589,26.7172334655289,0.399957341285576));
#1433=CARTESIAN_POINT('Ctrl Pts',(-19.8295681997781,26.6860477233697,0.399947593449274));
#1434=CARTESIAN_POINT('Ctrl Pts',(-19.8219362779685,26.6679465417547,0.399941935499741));
#1435=CARTESIAN_POINT('Ctrl Pts',(-19.8150956112412,26.6494947765634,0.399938349708282));
#1436=CARTESIAN_POINT('Ctrl Pts',(-19.8090777084077,26.630734795366,0.399937858607693));
#1437=CARTESIAN_POINT('Ctrl Pts',(-19.798750273532,26.5985404430399,0.399937015820846));
#1438=CARTESIAN_POINT('Ctrl Pts',(-19.7909259950761,26.5656949012323,0.399947504723632));
#1439=CARTESIAN_POINT('Ctrl Pts',(-19.7856839975842,26.5324390738808,0.399963184359521));
#1440=CARTESIAN_POINT('Ctrl Pts',(-19.7804892438132,26.4994829660592,0.399978722682038));
#1441=CARTESIAN_POINT('Ctrl Pts',(-19.7778301859896,26.4661228294913,0.399999436640511));
#1442=CARTESIAN_POINT('Ctrl Pts',(-19.7778301863948,26.4325914040096,0.399999436178766));
#1443=CARTESIAN_POINT('Ctrl Pts',(-19.9896816729369,26.9168239391886,0.399942303303359));
#1444=CARTESIAN_POINT('Ctrl Pts',(-20.0308142709296,26.9151757022031,0.500177228595318));
#1445=CARTESIAN_POINT('Ctrl Pts',(-20.0716641082494,26.9130384389944,0.600228327527281));
#1446=CARTESIAN_POINT('Ctrl Pts',(-20.1121769616664,26.9103706101001,0.699947604111864));
#1447=CARTESIAN_POINT('Origin',(-7.86299605826978,23.9,4.89511816129826));
#1448=CARTESIAN_POINT('',(-23.4544493701464,23.9,0.69999999999999));
#1449=CARTESIAN_POINT('Ctrl Pts',(-20.8439701274549,27.1025472573365,0.69999999999999));
#1450=CARTESIAN_POINT('Ctrl Pts',(-21.0247044289804,27.0597995884666,0.69999999999999));
#1451=CARTESIAN_POINT('Ctrl Pts',(-21.1994588553391,27.0031530804646,0.69999999999999));
#1452=CARTESIAN_POINT('Ctrl Pts',(-21.7479345617,26.7815256599745,0.699999999999991));
#1453=CARTESIAN_POINT('Ctrl Pts',(-22.1715727558918,26.507131649981,0.69999999999999));
#1454=CARTESIAN_POINT('Ctrl Pts',(-22.764842774242,25.9268794395661,0.69999999999999));
#1455=CARTESIAN_POINT('Ctrl Pts',(-23.042612188519,25.5218948477659,0.69999999999999));
#1456=CARTESIAN_POINT('Ctrl Pts',(-23.3581913747045,24.7746001050625,0.69999999999999));
#1457=CARTESIAN_POINT('Ctrl Pts',(-23.4544493701464,24.3019556340277,0.69999999999999));
#1458=CARTESIAN_POINT('Ctrl Pts',(-23.4544493701464,23.9,0.69999999999999));
#1459=CARTESIAN_POINT('Origin',(-7.86299605826978,23.9,4.89511816129826));
#1460=CARTESIAN_POINT('Origin',(-7.86299605826978,16.2,4.89511816129826));
#1461=CARTESIAN_POINT('',(-23.4544493701464,16.2,0.69999999999999));
#1462=CARTESIAN_POINT('Origin',(-17.3060353370966,21.862579134399,-4.49856559158816));
#1463=CARTESIAN_POINT('',(-17.3060353370966,21.862579134399,-4.49856559158816));
#1464=CARTESIAN_POINT('',(-17.3060353370966,23.7161724242511,-4.49856559158816));
#1465=CARTESIAN_POINT('',(-17.3060353370966,19.0312895671995,-4.49856559158813));
#1466=CARTESIAN_POINT('',(-17.4931529179318,21.862579134399,-4.03489867348598));
#1467=CARTESIAN_POINT('',(-17.3060353370966,21.862579134399,-4.49856559158816));
#1468=CARTESIAN_POINT('',(-17.4931529179318,23.7161724242511,-4.03489867348598));
#1469=CARTESIAN_POINT('',(-17.4931529179318,21.862579134399,-4.03489867348598));
#1470=CARTESIAN_POINT('',(-17.3060353370966,23.7161724242511,-4.49856559158816));
#1471=CARTESIAN_POINT('Origin',(-14.3141536941713,21.862579134399,-3.29116080743632));
#1472=CARTESIAN_POINT('',(-14.3141536941713,21.862579134399,-3.29116080743632));
#1473=CARTESIAN_POINT('',(-10.2365011442985,21.862579134399,-1.64558194288884));
#1474=CARTESIAN_POINT('',(-14.5012712750065,21.862579134399,-2.82749388933414));
#1475=CARTESIAN_POINT('',(-14.3141536941713,21.862579134399,-3.29116080743632));
#1476=CARTESIAN_POINT('',(-14.5012712750065,21.862579134399,-2.82749388933414));
#1477=CARTESIAN_POINT('Origin',(-14.3141536941713,20.8310142877641,-3.29116080743632));
#1478=CARTESIAN_POINT('',(-14.3141536941713,20.8310142877641,-3.29116080743632));
#1479=CARTESIAN_POINT('',(-14.3141536941713,18.5155071438821,-3.29116080743628));
#1480=CARTESIAN_POINT('',(-14.5012712750065,20.8310142877641,-2.82749388933414));
#1481=CARTESIAN_POINT('',(-14.3141536941713,20.8310142877641,-3.29116080743632));
#1482=CARTESIAN_POINT('',(-14.5012712750065,20.8310142877641,-2.82749388933414));
#1483=CARTESIAN_POINT('Origin',(-18.0234890942621,20.8310142877641,-4.7881014764243));
#1484=CARTESIAN_POINT('',(-18.0234890942621,20.8310142877641,-4.7881014764243));
#1485=CARTESIAN_POINT('',(-12.0911688443439,20.8310142877641,-2.39405227738283));
#1486=CARTESIAN_POINT('',(-18.2106066750973,20.8310142877641,-4.32443455832212));
#1487=CARTESIAN_POINT('',(-18.0234890942621,20.8310142877641,-4.7881014764243));
#1488=CARTESIAN_POINT('',(-18.2106066750973,20.8310142877641,-4.32443455832213));
#1489=CARTESIAN_POINT('Origin',(-18.0234890942621,23.7161724242511,-4.7881014764243));
#1490=CARTESIAN_POINT('',(-18.0234890942621,23.7161724242511,-4.7881014764243));
#1491=CARTESIAN_POINT('',(-18.0234890942621,19.9580862121256,-4.78810147642427));
#1492=CARTESIAN_POINT('',(-18.2106066750973,23.7161724242511,-4.32443455832212));
#1493=CARTESIAN_POINT('',(-18.0234890942621,23.7161724242511,-4.7881014764243));
#1494=CARTESIAN_POINT('',(-18.2106066750973,23.7161724242511,-4.32443455832213));
#1495=CARTESIAN_POINT('Origin',(-17.3060353370966,23.7161724242511,-4.49856559158816));
#1496=CARTESIAN_POINT('',(-11.7324419657612,23.7161724242511,-2.24928433496477));
#1497=CARTESIAN_POINT('',(-17.4931529179318,23.7161724242511,-4.03489867348598));
#1498=CARTESIAN_POINT('Origin',(-16.3559389750519,22.2735933560076,-3.57596422382813));
#1499=CARTESIAN_POINT('Origin',(-7.86299605826978,19.5,4.89511816129826));
#1500=CARTESIAN_POINT('',(-22.1560357893895,19.5,0.69999999999999));
#1501=CARTESIAN_POINT('Ctrl Pts',(-22.1560357893895,19.5,0.69999999999999));
#1502=CARTESIAN_POINT('Ctrl Pts',(-22.1560357893895,19.0991246112405,0.69999999999999));
#1503=CARTESIAN_POINT('Ctrl Pts',(-22.0596704926616,18.6278250452346,0.69999999999999));
#1504=CARTESIAN_POINT('Ctrl Pts',(-21.7435321891676,17.8816794095116,0.69999999999999));
#1505=CARTESIAN_POINT('Ctrl Pts',(-21.4647240519531,17.4770597897088,0.699999999999991));
#1506=CARTESIAN_POINT('Ctrl Pts',(-20.8844990399416,16.9118567336382,0.699999999999991));
#1507=CARTESIAN_POINT('Ctrl Pts',(-20.4874162825296,16.648891596207,0.699999999999991));
#1508=CARTESIAN_POINT('Ctrl Pts',(-20.1120430896369,16.4894633910442,0.699999999999991));
#1509=CARTESIAN_POINT('',(-18.877919483371,19.5,-5.13291569792742));
#1510=CARTESIAN_POINT('Origin',(-7.86299605826978,19.5,4.89511816129826));
#1511=CARTESIAN_POINT('',(-15.5476329411513,16.2,-3.78894411630393));
#1512=CARTESIAN_POINT('Ctrl Pts',(-18.877919483371,19.5,-5.13291569792742));
#1513=CARTESIAN_POINT('Ctrl Pts',(-18.877919483371,19.1027459600968,-5.13291569792742));
#1514=CARTESIAN_POINT('Ctrl Pts',(-18.7880720217111,18.6359909496325,-5.09665682541866));
#1515=CARTESIAN_POINT('Ctrl Pts',(-18.4927195228423,17.8935264813537,-4.97746426946024));
#1516=CARTESIAN_POINT('Ctrl Pts',(-18.2304560355915,17.4899961455063,-4.87162512640329));
#1517=CARTESIAN_POINT('Ctrl Pts',(-17.6664611499681,16.9060576102664,-4.6440191565117));
#1518=CARTESIAN_POINT('Ctrl Pts',(-17.2593366230876,16.6292701398127,-4.47971984251195));
#1519=CARTESIAN_POINT('Ctrl Pts',(-16.4861406257589,16.2995840369382,-4.16768860007651));
#1520=CARTESIAN_POINT('Ctrl Pts',(-15.9780107387052,16.2,-3.96262752820896));
#1521=CARTESIAN_POINT('Ctrl Pts',(-15.5476329411513,16.2,-3.78894411630394));
#1522=CARTESIAN_POINT('',(-18.5522657843509,16.2,0.399999210024217));
#1523=CARTESIAN_POINT('Origin',(-7.86299605826978,16.2,4.89511816129826));
#1524=CARTESIAN_POINT('',(-19.777830186609,16.4026482466836,0.399999436691791));
#1525=CARTESIAN_POINT('Ctrl Pts',(-18.5522657843509,16.2,0.399999210024217));
#1526=CARTESIAN_POINT('Ctrl Pts',(-18.9421263904763,16.2,0.399999282128758));
#1527=CARTESIAN_POINT('Ctrl Pts',(-19.394191106701,16.2706988481203,0.39999936573792));
#1528=CARTESIAN_POINT('Ctrl Pts',(-19.777830186609,16.4026482466836,0.399999436691792));
#1529=CARTESIAN_POINT('Ctrl Pts',(-19.9895494063656,16.4829354626464,0.399999475849165));
#1530=CARTESIAN_POINT('Ctrl Pts',(-19.9749187847501,16.4768566098377,0.399999473143238));
#1531=CARTESIAN_POINT('Ctrl Pts',(-19.9603359080072,16.4709108943988,0.399999470446141));
#1532=CARTESIAN_POINT('Ctrl Pts',(-19.8915037502671,16.4433640522478,0.399999457715665));
#1533=CARTESIAN_POINT('Ctrl Pts',(-19.8353915874108,16.4224460009116,0.399999447337747));
#1534=CARTESIAN_POINT('Ctrl Pts',(-19.777830186609,16.4026482466836,0.399999436691792));
#1535=CARTESIAN_POINT('Origin',(-14.8550550547017,16.2,-1.60690104610644));
#1536=CARTESIAN_POINT('',(-7.55884859442577,16.2,-0.564987559532256));
#1537=CARTESIAN_POINT('',(-6.15884859442577,16.2,-3.07834140400587E-6));
#1538=CARTESIAN_POINT('',(-7.55884859442577,16.2,0.399997176796745));
#1539=CARTESIAN_POINT('',(-7.55884859442577,16.2,-0.603452064119528));
#1540=CARTESIAN_POINT('',(-6.15884859442577,16.2,0.399996917867387));
#1541=CARTESIAN_POINT('Origin',(-19.777830186609,16.2,0.399999436691792));
#1542=CARTESIAN_POINT('',(-6.15884859442577,17.6,0.399996917867387));
#1543=CARTESIAN_POINT('Origin',(-7.55884859442577,17.6,0.399997176796745));
#1544=CARTESIAN_POINT('',(-6.15884859442577,21.7,0.399996917867387));
#1545=CARTESIAN_POINT('',(-6.15884859442577,16.2,0.399996917867387));
#1546=CARTESIAN_POINT('Origin',(-7.95884859442578,21.7,0.399997250776562));
#1547=CARTESIAN_POINT('',(-6.15884859442578,25.8,0.399996917867387));
#1548=CARTESIAN_POINT('',(-6.15884859442577,16.2,0.399996917867387));
#1549=CARTESIAN_POINT('',(-7.55884859442578,27.2,0.399997176796745));
#1550=CARTESIAN_POINT('Origin',(-7.55884859442578,25.8,0.399997176796745));
#1551=CARTESIAN_POINT('',(-18.5522657843509,27.2,0.399999210024217));
#1552=CARTESIAN_POINT('',(-6.15884859442578,27.2,0.399996917867387));
#1553=CARTESIAN_POINT('',(-19.777830186609,26.9973517533164,0.399999436691791));
#1554=CARTESIAN_POINT('Ctrl Pts',(-19.777830186609,26.9973517533164,0.399999436691792));
#1555=CARTESIAN_POINT('Ctrl Pts',(-19.394191106701,27.1293011518797,0.39999936573792));
#1556=CARTESIAN_POINT('Ctrl Pts',(-18.9421263904763,27.2,0.399999282128758));
#1557=CARTESIAN_POINT('Ctrl Pts',(-18.5522657843509,27.2,0.399999210024217));
#1558=CARTESIAN_POINT('Ctrl Pts',(-19.777830186609,26.9973517533164,0.399999436691792));
#1559=CARTESIAN_POINT('Ctrl Pts',(-19.8353915874108,26.9775539990884,0.399999447337747));
#1560=CARTESIAN_POINT('Ctrl Pts',(-19.8915037502671,26.9566359477523,0.399999457715665));
#1561=CARTESIAN_POINT('Ctrl Pts',(-19.9603359080072,26.9290891056012,0.399999470446141));
#1562=CARTESIAN_POINT('Ctrl Pts',(-19.9749187847501,26.9231433901623,0.399999473143238));
#1563=CARTESIAN_POINT('Ctrl Pts',(-19.9895494063656,26.9170645373536,0.399999475849165));
#1564=CARTESIAN_POINT('Origin',(-7.86299605826978,23.9,4.89511816129826));
#1565=CARTESIAN_POINT('',(-15.5476329411513,27.2,-3.78894411630393));
#1566=CARTESIAN_POINT('Origin',(-7.86299605826978,27.2,4.89511816129826));
#1567=CARTESIAN_POINT('',(-18.877919483371,23.9,-5.13291569792742));
#1568=CARTESIAN_POINT('Ctrl Pts',(-15.5476329411513,27.2,-3.78894411630394));
#1569=CARTESIAN_POINT('Ctrl Pts',(-15.9780107387052,27.2,-3.96262752820896));
#1570=CARTESIAN_POINT('Ctrl Pts',(-16.4861406257589,27.1004159630618,-4.16768860007651));
#1571=CARTESIAN_POINT('Ctrl Pts',(-17.2593366230876,26.7707298601873,-4.47971984251195));
#1572=CARTESIAN_POINT('Ctrl Pts',(-17.6664611499681,26.4939423897336,-4.6440191565117));
#1573=CARTESIAN_POINT('Ctrl Pts',(-18.2304560355915,25.9100038544937,-4.87162512640329));
#1574=CARTESIAN_POINT('Ctrl Pts',(-18.4927195228423,25.5064735186463,-4.97746426946024));
#1575=CARTESIAN_POINT('Ctrl Pts',(-18.7880720217111,24.7640090503676,-5.09665682541866));
#1576=CARTESIAN_POINT('Ctrl Pts',(-18.877919483371,24.2972540399032,-5.13291569792742));
#1577=CARTESIAN_POINT('Ctrl Pts',(-18.877919483371,23.9,-5.13291569792742));
#1578=CARTESIAN_POINT('',(-22.1560357893895,23.9,0.69999999999999));
#1579=CARTESIAN_POINT('Origin',(-7.86299605826978,23.9,4.89511816129826));
#1580=CARTESIAN_POINT('Ctrl Pts',(-20.1120430896369,26.9105366089558,0.699999999999991));
#1581=CARTESIAN_POINT('Ctrl Pts',(-20.4874162825296,26.751108403793,0.699999999999991));
#1582=CARTESIAN_POINT('Ctrl Pts',(-20.8844990399416,26.4881432663619,0.699999999999991));
#1583=CARTESIAN_POINT('Ctrl Pts',(-21.4647240519531,25.9229402102912,0.699999999999991));
#1584=CARTESIAN_POINT('Ctrl Pts',(-21.7435321891676,25.5183205904885,0.69999999999999));
#1585=CARTESIAN_POINT('Ctrl Pts',(-22.0596704926616,24.7721749547654,0.69999999999999));
#1586=CARTESIAN_POINT('Ctrl Pts',(-22.1560357893895,24.3008753887595,0.69999999999999));
#1587=CARTESIAN_POINT('Ctrl Pts',(-22.1560357893895,23.9,0.69999999999999));
#1588=CARTESIAN_POINT('Origin',(-7.86299605826978,16.2,4.89511816129826));
#1589=CARTESIAN_POINT('',(-22.1560357893895,16.2,0.69999999999999));
#1590=CARTESIAN_POINT('',(-18.877919483371,16.2,-5.13291569792742));
#1591=CARTESIAN_POINT('Origin',(-6.15884859442577,16.2,-3.07834140400587E-6));
#1592=CARTESIAN_POINT('',(-7.55884859442578,27.2,-0.564987559532256));
#1593=CARTESIAN_POINT('',(-6.15884859442578,27.2,-3.07834140400587E-6));
#1594=CARTESIAN_POINT('',(-6.15884859442578,25.8,-3.07834140400587E-6));
#1595=CARTESIAN_POINT('Origin',(-7.55884859442578,25.8,-0.564987559532256));
#1596=CARTESIAN_POINT('',(-6.15884859442577,17.6,-3.07834140400587E-6));
#1597=CARTESIAN_POINT('',(-6.15884859442577,16.2,-3.07834140400587E-6));
#1598=CARTESIAN_POINT('Origin',(-7.55884859442577,17.6,-0.564987559532256));
#1599=CARTESIAN_POINT('Origin',(-14.8550550547017,27.2,-1.60690104610644));
#1600=CARTESIAN_POINT('',(-7.55884859442578,27.2,-0.603452064119528));
#1601=CARTESIAN_POINT('Origin',(-7.55884859442577,17.6,-0.603452064119528));
#1602=CARTESIAN_POINT('',(-6.15884859442577,17.6,-0.603452064119528));
#1603=CARTESIAN_POINT('Origin',(-6.15884859442577,16.2,0.399996917867387));
#1604=CARTESIAN_POINT('',(-6.15884859442578,25.8,-0.603452064119528));
#1605=CARTESIAN_POINT('Origin',(-7.55884859442578,25.8,-0.603452064119528));
#1606=CARTESIAN_POINT('Origin',(-7.95884859442578,23.05,4.99999691786739));
#1607=CARTESIAN_POINT('',(-7.95884859442578,23.45,5.47499691786739));
#1608=CARTESIAN_POINT('Origin',(-7.95884859442578,23.45,4.99999691786739));
#1609=CARTESIAN_POINT('',(-7.95884859442578,23.05,5.87499691786739));
#1610=CARTESIAN_POINT('Origin',(-7.95884859442578,23.05,5.47499691786739));
#1611=CARTESIAN_POINT('',(-7.08384859442577,23.05,4.99999691786739));
#1612=CARTESIAN_POINT('Origin',(-7.95884859442578,23.05,4.99999691786739));
#1613=CARTESIAN_POINT('Origin',(-7.95884859442578,23.05,4.99999691786739));
#1614=CARTESIAN_POINT('Origin',(-7.95884859442578,22.7,4.99999691786739));
#1615=CARTESIAN_POINT('',(-7.08384859442577,22.7,4.99999691786739));
#1616=CARTESIAN_POINT('Origin',(-7.95884859442578,22.7,4.99999691786739));
#1617=CARTESIAN_POINT('',(-7.08384859442578,22.7,4.99999691786739));
#1618=CARTESIAN_POINT('Origin',(-7.95884859442578,23.45,4.99999691786739));
#1619=CARTESIAN_POINT('Origin',(-7.95884859442578,20.35,4.99999691786739));
#1620=CARTESIAN_POINT('',(-7.95884859442578,19.95,4.52499691786739));
#1621=CARTESIAN_POINT('Origin',(-7.95884859442578,19.95,4.99999691786739));
#1622=CARTESIAN_POINT('',(-7.95884859442578,20.35,4.12499691786739));
#1623=CARTESIAN_POINT('Origin',(-7.95884859442578,20.35,4.52499691786739));
#1624=CARTESIAN_POINT('',(-7.08384859442577,20.35,4.99999691786739));
#1625=CARTESIAN_POINT('Origin',(-7.95884859442578,20.35,4.99999691786739));
#1626=CARTESIAN_POINT('Origin',(-7.95884859442578,20.35,4.99999691786739));
#1627=CARTESIAN_POINT('Origin',(-7.95884859442578,22.7,4.99999691786739));
#1628=CARTESIAN_POINT('',(-7.08384859442577,20.7,4.99999691786739));
#1629=CARTESIAN_POINT('',(-7.08384859442578,22.7,4.99999691786739));
#1630=CARTESIAN_POINT('Origin',(-7.95884859442578,20.7,4.99999691786739));
#1631=CARTESIAN_POINT('Origin',(-7.95884859442578,19.95,4.99999691786739));
#1632=CARTESIAN_POINT('Origin',(-7.95884859442578,21.7,4.99999691786739));
#1633=CARTESIAN_POINT('',(-9.45551154913535,20.7,4.99999691786739));
#1634=CARTESIAN_POINT('',(-6.4621856397162,20.7,4.99999691786739));
#1635=CARTESIAN_POINT('Origin',(-7.95884859442578,20.7,4.99999691786739));
#1636=CARTESIAN_POINT('',(-6.15884859442578,21.7,4.99999691786739));
#1637=CARTESIAN_POINT('Origin',(-7.95884859442578,21.7,4.99999691786739));
#1638=CARTESIAN_POINT('',(-7.95884859442578,21.7,6.79999691786739));
#1639=CARTESIAN_POINT('Origin',(-7.95884859442578,21.7,4.99999691786739));
#1640=CARTESIAN_POINT('',(-6.4621856397162,22.7,4.99999691786739));
#1641=CARTESIAN_POINT('Origin',(-7.95884859442578,21.7,4.99999691786739));
#1642=CARTESIAN_POINT('',(-9.45551154913535,22.7,4.99999691786739));
#1643=CARTESIAN_POINT('Origin',(-7.95884859442578,22.7,4.99999691786739));
#1644=CARTESIAN_POINT('Origin',(-7.95884859442578,21.7,4.99999691786739));
#1645=CARTESIAN_POINT('Origin',(-9.45551154913535,20.7,6.79999691786739));
#1646=CARTESIAN_POINT('',(-9.45551154913535,20.7,2.09999691786739));
#1647=CARTESIAN_POINT('',(-9.45551154913535,20.7,0.399996917867387));
#1648=CARTESIAN_POINT('',(-6.4621856397162,20.7,2.09999691786739));
#1649=CARTESIAN_POINT('',(-6.4621856397162,20.7,2.09999691786739));
#1650=CARTESIAN_POINT('',(-6.4621856397162,20.7,0.399996917867387));
#1651=CARTESIAN_POINT('Origin',(-6.4621856397162,22.7,6.79999691786739));
#1652=CARTESIAN_POINT('',(-6.4621856397162,22.7,2.09999691786739));
#1653=CARTESIAN_POINT('',(-6.4621856397162,22.7,0.399996917867387));
#1654=CARTESIAN_POINT('',(-9.45551154913535,22.7,2.09999691786739));
#1655=CARTESIAN_POINT('',(-6.4621856397162,22.7,2.09999691786739));
#1656=CARTESIAN_POINT('',(-9.45551154913535,22.7,0.399996917867387));
#1657=CARTESIAN_POINT('Origin',(-7.95884859442578,20.3,2.09999691786739));
#1658=CARTESIAN_POINT('Origin',(-7.95884859442578,21.7,2.09999691786739));
#1659=CARTESIAN_POINT('Origin',(-7.95884859442578,23.1,2.09999691786739));
#1660=CARTESIAN_POINT('Origin',(-7.95884859442578,21.7,2.09999691786739));
#1661=CARTESIAN_POINT('Origin',(-7.95884859442578,21.7,0.399996917867387));
#1662=CARTESIAN_POINT('',(-6.15884859442578,21.7,0.399996917867387));
#1663=CARTESIAN_POINT('Origin',(-22.1560357893895,16.2,0.69999999999999));
#1664=UNCERTAINTY_MEASURE_WITH_UNIT(LENGTH_MEASURE(0.01),#1668,
'DISTANCE_ACCURACY_VALUE',
'Maximum model space distance between geometric entities at asserted c
onnectivities');
#1665=UNCERTAINTY_MEASURE_WITH_UNIT(LENGTH_MEASURE(0.01),#1668,
'DISTANCE_ACCURACY_VALUE',
'Maximum model space distance between geometric entities at asserted c
onnectivities');
#1666=(
GEOMETRIC_REPRESENTATION_CONTEXT(3)
GLOBAL_UNCERTAINTY_ASSIGNED_CONTEXT((#1664))
GLOBAL_UNIT_ASSIGNED_CONTEXT((#1668,#1669,#1670))
REPRESENTATION_CONTEXT('','3D')
);
#1667=(
GEOMETRIC_REPRESENTATION_CONTEXT(3)
GLOBAL_UNCERTAINTY_ASSIGNED_CONTEXT((#1665))
GLOBAL_UNIT_ASSIGNED_CONTEXT((#1668,#1669,#1670))
REPRESENTATION_CONTEXT('','3D')
);
#1668=(
LENGTH_UNIT()
NAMED_UNIT(*)
SI_UNIT(.MILLI.,.METRE.)
);
#1669=(
NAMED_UNIT(*)
PLANE_ANGLE_UNIT()
SI_UNIT($,.RADIAN.)
);
#1670=(
NAMED_UNIT(*)
SI_UNIT($,.STERADIAN.)
SOLID_ANGLE_UNIT()
);
#1671=SHAPE_DEFINITION_REPRESENTATION(#1672,#1673);
#1672=PRODUCT_DEFINITION_SHAPE('',$,#1675);
#1673=SHAPE_REPRESENTATION('',(#800),#1666);
#1674=PRODUCT_DEFINITION_CONTEXT('part definition',#1679,'design');
#1675=PRODUCT_DEFINITION('Xii-Boy Ultra','Xii-Boy Ultra v221',#1676,#1674);
#1676=PRODUCT_DEFINITION_FORMATION('',$,#1681);
#1677=PRODUCT_RELATED_PRODUCT_CATEGORY('Xii-Boy Ultra v221',
'Xii-Boy Ultra v221',(#1681));
#1678=APPLICATION_PROTOCOL_DEFINITION('international standard',
'automotive_design',2009,#1679);
#1679=APPLICATION_CONTEXT(
'Core Data for Automotive Mechanical Design Process');
#1680=PRODUCT_CONTEXT('part definition',#1679,'mechanical');
#1681=PRODUCT('Xii-Boy Ultra','Xii-Boy Ultra v221',$,(#1680));
#1682=PRESENTATION_STYLE_ASSIGNMENT((#1716));
#1683=PRESENTATION_STYLE_ASSIGNMENT((#1717));
#1684=PRESENTATION_STYLE_ASSIGNMENT((#1718));
#1685=PRESENTATION_STYLE_ASSIGNMENT((#1719));
#1686=PRESENTATION_STYLE_ASSIGNMENT((#1720));
#1687=PRESENTATION_STYLE_ASSIGNMENT((#1721));
#1688=PRESENTATION_STYLE_ASSIGNMENT((#1722));
#1689=PRESENTATION_STYLE_ASSIGNMENT((#1723));
#1690=PRESENTATION_STYLE_ASSIGNMENT((#1724));
#1691=PRESENTATION_STYLE_ASSIGNMENT((#1725));
#1692=PRESENTATION_STYLE_ASSIGNMENT((#1726));
#1693=PRESENTATION_STYLE_ASSIGNMENT((#1727));
#1694=PRESENTATION_STYLE_ASSIGNMENT((#1728));
#1695=PRESENTATION_STYLE_ASSIGNMENT((#1729));
#1696=PRESENTATION_STYLE_ASSIGNMENT((#1730));
#1697=PRESENTATION_STYLE_ASSIGNMENT((#1731));
#1698=PRESENTATION_STYLE_ASSIGNMENT((#1732));
#1699=PRESENTATION_STYLE_ASSIGNMENT((#1733));
#1700=PRESENTATION_STYLE_ASSIGNMENT((#1734));
#1701=PRESENTATION_STYLE_ASSIGNMENT((#1735));
#1702=PRESENTATION_STYLE_ASSIGNMENT((#1736));
#1703=PRESENTATION_STYLE_ASSIGNMENT((#1737));
#1704=PRESENTATION_STYLE_ASSIGNMENT((#1738));
#1705=PRESENTATION_STYLE_ASSIGNMENT((#1739));
#1706=PRESENTATION_STYLE_ASSIGNMENT((#1740));
#1707=PRESENTATION_STYLE_ASSIGNMENT((#1741));
#1708=PRESENTATION_STYLE_ASSIGNMENT((#1742));
#1709=PRESENTATION_STYLE_ASSIGNMENT((#1743));
#1710=PRESENTATION_STYLE_ASSIGNMENT((#1744));
#1711=PRESENTATION_STYLE_ASSIGNMENT((#1745));
#1712=PRESENTATION_STYLE_ASSIGNMENT((#1746));
#1713=PRESENTATION_STYLE_ASSIGNMENT((#1747));
#1714=PRESENTATION_STYLE_ASSIGNMENT((#1748));
#1715=PRESENTATION_STYLE_ASSIGNMENT((#1749));
#1716=SURFACE_STYLE_USAGE(.BOTH.,#1750);
#1717=SURFACE_STYLE_USAGE(.BOTH.,#1751);
#1718=SURFACE_STYLE_USAGE(.BOTH.,#1752);
#1719=SURFACE_STYLE_USAGE(.BOTH.,#1753);
#1720=SURFACE_STYLE_USAGE(.BOTH.,#1754);
#1721=SURFACE_STYLE_USAGE(.BOTH.,#1755);
#1722=SURFACE_STYLE_USAGE(.BOTH.,#1756);
#1723=SURFACE_STYLE_USAGE(.BOTH.,#1757);
#1724=SURFACE_STYLE_USAGE(.BOTH.,#1758);
#1725=SURFACE_STYLE_USAGE(.BOTH.,#1759);
#1726=SURFACE_STYLE_USAGE(.BOTH.,#1760);
#1727=SURFACE_STYLE_USAGE(.BOTH.,#1761);
#1728=SURFACE_STYLE_USAGE(.BOTH.,#1762);
#1729=SURFACE_STYLE_USAGE(.BOTH.,#1763);
#1730=SURFACE_STYLE_USAGE(.BOTH.,#1764);
#1731=SURFACE_STYLE_USAGE(.BOTH.,#1765);
#1732=SURFACE_STYLE_USAGE(.BOTH.,#1766);
#1733=SURFACE_STYLE_USAGE(.BOTH.,#1767);
#1734=SURFACE_STYLE_USAGE(.BOTH.,#1768);
#1735=SURFACE_STYLE_USAGE(.BOTH.,#1769);
#1736=SURFACE_STYLE_USAGE(.BOTH.,#1770);
#1737=SURFACE_STYLE_USAGE(.BOTH.,#1771);
#1738=SURFACE_STYLE_USAGE(.BOTH.,#1772);
#1739=SURFACE_STYLE_USAGE(.BOTH.,#1773);
#1740=SURFACE_STYLE_USAGE(.BOTH.,#1774);
#1741=SURFACE_STYLE_USAGE(.BOTH.,#1775);
#1742=SURFACE_STYLE_USAGE(.BOTH.,#1776);
#1743=SURFACE_STYLE_USAGE(.BOTH.,#1777);
#1744=SURFACE_STYLE_USAGE(.BOTH.,#1778);
#1745=SURFACE_STYLE_USAGE(.BOTH.,#1779);
#1746=SURFACE_STYLE_USAGE(.BOTH.,#1780);
#1747=SURFACE_STYLE_USAGE(.BOTH.,#1781);
#1748=SURFACE_STYLE_USAGE(.BOTH.,#1782);
#1749=SURFACE_STYLE_USAGE(.BOTH.,#1783);
#1750=SURFACE_SIDE_STYLE('',(#1784));
#1751=SURFACE_SIDE_STYLE('',(#1785));
#1752=SURFACE_SIDE_STYLE('',(#1786));
#1753=SURFACE_SIDE_STYLE('',(#1787));
#1754=SURFACE_SIDE_STYLE('',(#1788));
#1755=SURFACE_SIDE_STYLE('',(#1789));
#1756=SURFACE_SIDE_STYLE('',(#1790));
#1757=SURFACE_SIDE_STYLE('',(#1791));
#1758=SURFACE_SIDE_STYLE('',(#1792));
#1759=SURFACE_SIDE_STYLE('',(#1793));
#1760=SURFACE_SIDE_STYLE('',(#1794));
#1761=SURFACE_SIDE_STYLE('',(#1795));
#1762=SURFACE_SIDE_STYLE('',(#1796));
#1763=SURFACE_SIDE_STYLE('',(#1797));
#1764=SURFACE_SIDE_STYLE('',(#1798));
#1765=SURFACE_SIDE_STYLE('',(#1799));
#1766=SURFACE_SIDE_STYLE('',(#1800));
#1767=SURFACE_SIDE_STYLE('',(#1801));
#1768=SURFACE_SIDE_STYLE('',(#1802));
#1769=SURFACE_SIDE_STYLE('',(#1803));
#1770=SURFACE_SIDE_STYLE('',(#1804));
#1771=SURFACE_SIDE_STYLE('',(#1805));
#1772=SURFACE_SIDE_STYLE('',(#1806));
#1773=SURFACE_SIDE_STYLE('',(#1807));
#1774=SURFACE_SIDE_STYLE('',(#1808));
#1775=SURFACE_SIDE_STYLE('',(#1809));
#1776=SURFACE_SIDE_STYLE('',(#1810));
#1777=SURFACE_SIDE_STYLE('',(#1811));
#1778=SURFACE_SIDE_STYLE('',(#1812));
#1779=SURFACE_SIDE_STYLE('',(#1813));
#1780=SURFACE_SIDE_STYLE('',(#1814));
#1781=SURFACE_SIDE_STYLE('',(#1815));
#1782=SURFACE_SIDE_STYLE('',(#1816));
#1783=SURFACE_SIDE_STYLE('',(#1817));
#1784=SURFACE_STYLE_FILL_AREA(#1818);
#1785=SURFACE_STYLE_FILL_AREA(#1819);
#1786=SURFACE_STYLE_FILL_AREA(#1820);
#1787=SURFACE_STYLE_FILL_AREA(#1821);
#1788=SURFACE_STYLE_FILL_AREA(#1822);
#1789=SURFACE_STYLE_FILL_AREA(#1823);
#1790=SURFACE_STYLE_FILL_AREA(#1824);
#1791=SURFACE_STYLE_FILL_AREA(#1825);
#1792=SURFACE_STYLE_FILL_AREA(#1826);
#1793=SURFACE_STYLE_FILL_AREA(#1827);
#1794=SURFACE_STYLE_FILL_AREA(#1828);
#1795=SURFACE_STYLE_FILL_AREA(#1829);
#1796=SURFACE_STYLE_FILL_AREA(#1830);
#1797=SURFACE_STYLE_FILL_AREA(#1831);
#1798=SURFACE_STYLE_FILL_AREA(#1832);
#1799=SURFACE_STYLE_FILL_AREA(#1833);
#1800=SURFACE_STYLE_FILL_AREA(#1834);
#1801=SURFACE_STYLE_FILL_AREA(#1835);
#1802=SURFACE_STYLE_FILL_AREA(#1836);
#1803=SURFACE_STYLE_FILL_AREA(#1837);
#1804=SURFACE_STYLE_FILL_AREA(#1838);
#1805=SURFACE_STYLE_FILL_AREA(#1839);
#1806=SURFACE_STYLE_FILL_AREA(#1840);
#1807=SURFACE_STYLE_FILL_AREA(#1841);
#1808=SURFACE_STYLE_FILL_AREA(#1842);
#1809=SURFACE_STYLE_FILL_AREA(#1843);
#1810=SURFACE_STYLE_FILL_AREA(#1844);
#1811=SURFACE_STYLE_FILL_AREA(#1845);
#1812=SURFACE_STYLE_FILL_AREA(#1846);
#1813=SURFACE_STYLE_FILL_AREA(#1847);
#1814=SURFACE_STYLE_FILL_AREA(#1848);
#1815=SURFACE_STYLE_FILL_AREA(#1849);
#1816=SURFACE_STYLE_FILL_AREA(#1850);
#1817=SURFACE_STYLE_FILL_AREA(#1851);
#1818=FILL_AREA_STYLE('Opaque(80,124,105)',(#1852));
#1819=FILL_AREA_STYLE('Opaque(50,50,50)',(#1853));
#1820=FILL_AREA_STYLE('Opaque(218,205,0)',(#1854));
#1821=FILL_AREA_STYLE('Opaque(52,52,52)',(#1855));
#1822=FILL_AREA_STYLE('Opaque(191,191,191)',(#1856));
#1823=FILL_AREA_STYLE('Opaque(15,102,15)',(#1857));
#1824=FILL_AREA_STYLE('Opaque(202,209,238)',(#1858));
#1825=FILL_AREA_STYLE('Opaque(255,255,255)',(#1859));
#1826=FILL_AREA_STYLE('Opaque(152,170,175)',(#1860));
#1827=FILL_AREA_STYLE('Opaque(204,203,178)',(#1861));
#1828=FILL_AREA_STYLE('Opaque(234,234,234)',(#1862));
#1829=FILL_AREA_STYLE('Opaque(69,69,69)',(#1863));
#1830=FILL_AREA_STYLE('Opaque(64,64,64)',(#1864));
#1831=FILL_AREA_STYLE('Opaque(225,225,225)',(#1865));
#1832=FILL_AREA_STYLE('Opaque(25,25,25)',(#1866));
#1833=FILL_AREA_STYLE('Opaque(211,84,18)',(#1867));
#1834=FILL_AREA_STYLE('Opaque(70,70,70)',(#1868));
#1835=FILL_AREA_STYLE('Opaque(219,219,219)',(#1869));
#1836=FILL_AREA_STYLE('Opaque(204,204,204)',(#1870));
#1837=FILL_AREA_STYLE('Opaque(160,160,160)',(#1871));
#1838=FILL_AREA_STYLE('Opaque(220,220,220)',(#1872));
#1839=FILL_AREA_STYLE('Opaque(63,63,63)',(#1873));
#1840=FILL_AREA_STYLE('Opaque(176,176,176)',(#1874));
#1841=FILL_AREA_STYLE('Powder Coat - Rough (Dark Grey)',(#1875));
#1842=FILL_AREA_STYLE('Opaque(21,22,24)',(#1876));
#1843=FILL_AREA_STYLE('Aluminum - Polished',(#1877));
#1844=FILL_AREA_STYLE('Gold - Polished',(#1878));
#1845=FILL_AREA_STYLE('Steel - Satin',(#1879));
#1846=FILL_AREA_STYLE('Opaque(246,246,243)',(#1880));
#1847=FILL_AREA_STYLE('Plastic - Glossy (Black)',(#1881));
#1848=FILL_AREA_STYLE('Copper - Polished',(#1882));
#1849=FILL_AREA_STYLE('Aluminum - Anodized Rough (Red)',(#1883));
#1850=FILL_AREA_STYLE('Glass (Clear)',(#1884));
#1851=FILL_AREA_STYLE('Opaque(243,243,243)',(#1885));
#1852=FILL_AREA_STYLE_COLOUR('Opaque(80,124,105)',#1886);
#1853=FILL_AREA_STYLE_COLOUR('Opaque(50,50,50)',#1887);
#1854=FILL_AREA_STYLE_COLOUR('Opaque(218,205,0)',#1888);
#1855=FILL_AREA_STYLE_COLOUR('Opaque(52,52,52)',#1889);
#1856=FILL_AREA_STYLE_COLOUR('Opaque(191,191,191)',#1890);
#1857=FILL_AREA_STYLE_COLOUR('Opaque(15,102,15)',#1891);
#1858=FILL_AREA_STYLE_COLOUR('Opaque(202,209,238)',#1892);
#1859=FILL_AREA_STYLE_COLOUR('Opaque(255,255,255)',#1893);
#1860=FILL_AREA_STYLE_COLOUR('Opaque(152,170,175)',#1894);
#1861=FILL_AREA_STYLE_COLOUR('Opaque(204,203,178)',#1895);
#1862=FILL_AREA_STYLE_COLOUR('Opaque(234,234,234)',#1896);
#1863=FILL_AREA_STYLE_COLOUR('Opaque(69,69,69)',#1897);
#1864=FILL_AREA_STYLE_COLOUR('Opaque(64,64,64)',#1898);
#1865=FILL_AREA_STYLE_COLOUR('Opaque(225,225,225)',#1899);
#1866=FILL_AREA_STYLE_COLOUR('Opaque(25,25,25)',#1900);
#1867=FILL_AREA_STYLE_COLOUR('Opaque(211,84,18)',#1901);
#1868=FILL_AREA_STYLE_COLOUR('Opaque(70,70,70)',#1902);
#1869=FILL_AREA_STYLE_COLOUR('Opaque(219,219,219)',#1903);
#1870=FILL_AREA_STYLE_COLOUR('Opaque(204,204,204)',#1904);
#1871=FILL_AREA_STYLE_COLOUR('Opaque(160,160,160)',#1905);
#1872=FILL_AREA_STYLE_COLOUR('Opaque(220,220,220)',#1906);
#1873=FILL_AREA_STYLE_COLOUR('Opaque(63,63,63)',#1907);
#1874=FILL_AREA_STYLE_COLOUR('Opaque(176,176,176)',#1908);
#1875=FILL_AREA_STYLE_COLOUR('Powder Coat - Rough (Dark Grey)',#1909);
#1876=FILL_AREA_STYLE_COLOUR('Opaque(21,22,24)',#1910);
#1877=FILL_AREA_STYLE_COLOUR('Aluminum - Polished',#1911);
#1878=FILL_AREA_STYLE_COLOUR('Gold - Polished',#1912);
#1879=FILL_AREA_STYLE_COLOUR('Steel - Satin',#1913);
#1880=FILL_AREA_STYLE_COLOUR('Opaque(246,246,243)',#1914);
#1881=FILL_AREA_STYLE_COLOUR('Plastic - Glossy (Black)',#1915);
#1882=FILL_AREA_STYLE_COLOUR('Copper - Polished',#1916);
#1883=FILL_AREA_STYLE_COLOUR('Aluminum - Anodized Rough (Red)',#1917);
#1884=FILL_AREA_STYLE_COLOUR('Glass (Clear)',#1918);
#1885=FILL_AREA_STYLE_COLOUR('Opaque(243,243,243)',#1919);
#1886=COLOUR_RGB('Opaque(80,124,105)',0.313725490196078,0.486274509803922,
0.411764705882353);
#1887=COLOUR_RGB('Opaque(50,50,50)',0.196078431372549,0.196078431372549,
0.196078431372549);
#1888=COLOUR_RGB('Opaque(218,205,0)',0.854901960784314,0.803921568627451,
0.);
#1889=COLOUR_RGB('Opaque(52,52,52)',0.203921568627451,0.203921568627451,
0.203921568627451);
#1890=COLOUR_RGB('Opaque(191,191,191)',0.749019607843137,0.749019607843137,
0.749019607843137);
#1891=COLOUR_RGB('Opaque(15,102,15)',0.0588235294117647,0.4,0.0588235294117647);
#1892=COLOUR_RGB('Opaque(202,209,238)',0.792156862745098,0.819607843137255,
0.933333333333333);
#1893=COLOUR_RGB('Opaque(255,255,255)',1.,1.,1.);
#1894=COLOUR_RGB('Opaque(152,170,175)',0.596078431372549,0.666666666666667,
0.686274509803922);
#1895=COLOUR_RGB('Opaque(204,203,178)',0.8,0.796078431372549,0.698039215686274);
#1896=COLOUR_RGB('Opaque(234,234,234)',0.917647058823529,0.917647058823529,
0.917647058823529);
#1897=COLOUR_RGB('Opaque(69,69,69)',0.270588235294118,0.270588235294118,
0.270588235294118);
#1898=COLOUR_RGB('Opaque(64,64,64)',0.250980392156863,0.250980392156863,
0.250980392156863);
#1899=COLOUR_RGB('Opaque(225,225,225)',0.882352941176471,0.882352941176471,
0.882352941176471);
#1900=COLOUR_RGB('Opaque(25,25,25)',0.0980392156862745,0.0980392156862745,
0.0980392156862745);
#1901=COLOUR_RGB('Opaque(211,84,18)',0.827450980392157,0.329411764705882,
0.0705882352941176);
#1902=COLOUR_RGB('Opaque(70,70,70)',0.274509803921569,0.274509803921569,
0.274509803921569);
#1903=COLOUR_RGB('Opaque(219,219,219)',0.858823529411765,0.858823529411765,
0.858823529411765);
#1904=COLOUR_RGB('Opaque(204,204,204)',0.8,0.8,0.8);
#1905=COLOUR_RGB('Opaque(160,160,160)',0.627450980392157,0.627450980392157,
0.627450980392157);
#1906=COLOUR_RGB('Opaque(220,220,220)',0.862745098039216,0.862745098039216,
0.862745098039216);
#1907=COLOUR_RGB('Opaque(63,63,63)',0.250980392156863,0.250980392156863,
0.250980392156863);
#1908=COLOUR_RGB('Opaque(176,176,176)',0.690196078431373,0.690196078431373,
0.690196078431373);
#1909=COLOUR_RGB('Powder Coat - Rough (Dark Grey)',0.349019607843137,0.349019607843137,
0.349019607843137);
#1910=COLOUR_RGB('Opaque(21,22,24)',0.0823529411764706,0.0862745098039216,
0.0941176470588235);
#1911=COLOUR_RGB('Aluminum - Polished',0.96078431372549,0.96078431372549,
0.964705882352941);
#1912=COLOUR_RGB('Gold - Polished',0.956862745098039,0.898039215686275,
0.654901960784314);
#1913=COLOUR_RGB('Steel - Satin',0.627450980392157,0.627450980392157,0.627450980392157);
#1914=COLOUR_RGB('Opaque(246,246,243)',0.964705882352941,0.964705882352941,
0.952941176470588);
#1915=COLOUR_RGB('Plastic - Glossy (Black)',0.0980392156862745,0.0980392156862745,
0.0980392156862745);
#1916=COLOUR_RGB('Copper - Polished',0.929411764705882,0.807843137254902,
0.764705882352941);
#1917=COLOUR_RGB('Aluminum - Anodized Rough (Red)',0.854901960784314,0.349019607843137,
0.349019607843137);
#1918=COLOUR_RGB('Glass (Clear)',0.964705882352941,0.964705882352941,0.952941176470588);
#1919=COLOUR_RGB('Opaque(243,243,243)',0.952941176470588,0.952941176470588,
0.952941176470588);
ENDSEC;
END-ISO-10303-21;
