ISO-10303-21;
HEADER;
/* Generated by software containing ST-Developer
 * from STEP Tools, Inc. (www.steptools.com) 
 */

FILE_DESCRIPTION(
/* description */ (''),
/* implementation_level */ '2;1');

FILE_NAME(
/* name */ 'LZ.step',
/* time_stamp */ '2025-11-15T18:53:51+01:00',
/* author */ (''),
/* organization */ (''),
/* preprocessor_version */ 'ST-DEVELOPER v20.1',
/* originating_system */ 'Autodesk Translation Framework v14.21.0.0',
/* authorisation */ '');

FILE_SCHEMA (('AUTOMOTIVE_DESIGN { 1 0 10303 214 3 1 1 }'));
ENDSEC;

DATA;
#10=MECHANICAL_DESIGN_GEOMETRIC_PRESENTATION_REPRESENTATION('',(#18,#19,
#20),#2373);
#11=SHAPE_REPRESENTATION_RELATIONSHIP('SRR','None',#2379,#12);
#12=ADVANCED_BREP_SHAPE_REPRESENTATION('',(#13),#2372);
#13=MANIFOLD_SOLID_BREP('LZ',#1417);
#14=TOROIDAL_SURFACE('',#1508,0.70000000000001,0.5);
#15=TOROIDAL_SURFACE('',#1514,0.699999999999983,0.5);
#16=TOROIDAL_SURFACE('',#1520,0.699999999999992,0.5);
#17=TOROIDAL_SURFACE('',#1526,0.700000000000001,0.5);
#18=STYLED_ITEM('',(#2389),#1385);
#19=STYLED_ITEM('',(#2389),#1392);
#20=STYLED_ITEM('',(#2416),#13);
#21=FACE_BOUND('',#203,.T.);
#22=FACE_BOUND('',#246,.T.);
#23=FACE_BOUND('',#247,.T.);
#24=FACE_BOUND('',#259,.T.);
#25=CIRCLE('',#1427,0.5);
#26=CIRCLE('',#1428,0.5);
#27=CIRCLE('',#1431,0.5);
#28=CIRCLE('',#1432,0.5);
#29=CIRCLE('',#1435,0.5);
#30=CIRCLE('',#1436,0.5);
#31=CIRCLE('',#1439,0.5);
#32=CIRCLE('',#1440,0.5);
#33=CIRCLE('',#1443,0.5);
#34=CIRCLE('',#1444,0.5);
#35=CIRCLE('',#1447,0.5);
#36=CIRCLE('',#1448,0.5);
#37=CIRCLE('',#1451,0.250000000000001);
#38=CIRCLE('',#1452,0.250000000000001);
#39=CIRCLE('',#1455,0.25);
#40=CIRCLE('',#1456,0.25);
#41=CIRCLE('',#1458,1.85000000000001);
#42=CIRCLE('',#1459,1.85);
#43=CIRCLE('',#1460,0.249999999999999);
#44=CIRCLE('',#1461,0.25);
#45=CIRCLE('',#1462,1.85000000000002);
#46=CIRCLE('',#1463,1.85);
#47=CIRCLE('',#1464,0.25);
#48=CIRCLE('',#1465,0.25);
#49=CIRCLE('',#1466,1.85000000000001);
#50=CIRCLE('',#1467,1.19999999999999);
#51=CIRCLE('',#1468,1.19999999999998);
#52=CIRCLE('',#1469,1.20000000000001);
#53=CIRCLE('',#1470,1.2);
#54=CIRCLE('',#1472,1.85000000000001);
#55=CIRCLE('',#1474,0.25);
#56=CIRCLE('',#1477,0.249999999999999);
#57=CIRCLE('',#1481,0.25);
#58=CIRCLE('',#1484,0.25);
#59=CIRCLE('',#1506,0.5);
#60=CIRCLE('',#1507,0.500000000000007);
#61=CIRCLE('',#1509,0.499999999999998);
#62=CIRCLE('',#1510,0.70000000000001);
#63=CIRCLE('',#1511,1.20000000000001);
#64=CIRCLE('',#1513,0.499999999999998);
#65=CIRCLE('',#1515,0.499999999999998);
#66=CIRCLE('',#1516,0.699999999999983);
#67=CIRCLE('',#1517,1.19999999999998);
#68=CIRCLE('',#1519,0.499999999999998);
#69=CIRCLE('',#1521,0.500000000000007);
#70=CIRCLE('',#1522,0.699999999999992);
#71=CIRCLE('',#1523,1.19999999999999);
#72=CIRCLE('',#1525,0.499999999999998);
#73=CIRCLE('',#1527,0.700000000000001);
#74=CIRCLE('',#1528,1.2);
#75=CIRCLE('',#1539,1.85);
#76=CIRCLE('',#1542,1.85000000000001);
#77=CIRCLE('',#1544,1.85);
#78=CIRCLE('',#1547,1.85000000000002);
#79=CYLINDRICAL_SURFACE('',#1426,0.5);
#80=CYLINDRICAL_SURFACE('',#1430,0.5);
#81=CYLINDRICAL_SURFACE('',#1434,0.5);
#82=CYLINDRICAL_SURFACE('',#1438,0.5);
#83=CYLINDRICAL_SURFACE('',#1442,0.5);
#84=CYLINDRICAL_SURFACE('',#1446,0.5);
#85=CYLINDRICAL_SURFACE('',#1450,0.250000000000001);
#86=CYLINDRICAL_SURFACE('',#1454,0.25);
#87=CYLINDRICAL_SURFACE('',#1471,1.85000000000001);
#88=CYLINDRICAL_SURFACE('',#1473,0.25);
#89=CYLINDRICAL_SURFACE('',#1476,0.249999999999999);
#90=CYLINDRICAL_SURFACE('',#1480,0.25);
#91=CYLINDRICAL_SURFACE('',#1483,0.25);
#92=CYLINDRICAL_SURFACE('',#1505,0.5);
#93=CYLINDRICAL_SURFACE('',#1512,0.5);
#94=CYLINDRICAL_SURFACE('',#1518,0.5);
#95=CYLINDRICAL_SURFACE('',#1524,0.5);
#96=CYLINDRICAL_SURFACE('',#1529,1.19999999999998);
#97=CYLINDRICAL_SURFACE('',#1531,1.20000000000001);
#98=CYLINDRICAL_SURFACE('',#1535,1.2);
#99=CYLINDRICAL_SURFACE('',#1537,1.19999999999999);
#100=CYLINDRICAL_SURFACE('',#1538,1.85);
#101=CYLINDRICAL_SURFACE('',#1541,1.85000000000001);
#102=CYLINDRICAL_SURFACE('',#1543,1.85);
#103=CYLINDRICAL_SURFACE('',#1546,1.85000000000002);
#104=FACE_OUTER_BOUND('',#180,.T.);
#105=FACE_OUTER_BOUND('',#181,.T.);
#106=FACE_OUTER_BOUND('',#182,.T.);
#107=FACE_OUTER_BOUND('',#183,.T.);
#108=FACE_OUTER_BOUND('',#184,.T.);
#109=FACE_OUTER_BOUND('',#185,.T.);
#110=FACE_OUTER_BOUND('',#186,.T.);
#111=FACE_OUTER_BOUND('',#187,.T.);
#112=FACE_OUTER_BOUND('',#188,.T.);
#113=FACE_OUTER_BOUND('',#189,.T.);
#114=FACE_OUTER_BOUND('',#190,.T.);
#115=FACE_OUTER_BOUND('',#191,.T.);
#116=FACE_OUTER_BOUND('',#192,.T.);
#117=FACE_OUTER_BOUND('',#193,.T.);
#118=FACE_OUTER_BOUND('',#194,.T.);
#119=FACE_OUTER_BOUND('',#195,.T.);
#120=FACE_OUTER_BOUND('',#196,.T.);
#121=FACE_OUTER_BOUND('',#197,.T.);
#122=FACE_OUTER_BOUND('',#198,.T.);
#123=FACE_OUTER_BOUND('',#199,.T.);
#124=FACE_OUTER_BOUND('',#200,.T.);
#125=FACE_OUTER_BOUND('',#201,.T.);
#126=FACE_OUTER_BOUND('',#202,.T.);
#127=FACE_OUTER_BOUND('',#204,.T.);
#128=FACE_OUTER_BOUND('',#205,.T.);
#129=FACE_OUTER_BOUND('',#206,.T.);
#130=FACE_OUTER_BOUND('',#207,.T.);
#131=FACE_OUTER_BOUND('',#208,.T.);
#132=FACE_OUTER_BOUND('',#209,.T.);
#133=FACE_OUTER_BOUND('',#210,.T.);
#134=FACE_OUTER_BOUND('',#211,.T.);
#135=FACE_OUTER_BOUND('',#212,.T.);
#136=FACE_OUTER_BOUND('',#213,.T.);
#137=FACE_OUTER_BOUND('',#214,.T.);
#138=FACE_OUTER_BOUND('',#215,.T.);
#139=FACE_OUTER_BOUND('',#216,.T.);
#140=FACE_OUTER_BOUND('',#217,.T.);
#141=FACE_OUTER_BOUND('',#218,.T.);
#142=FACE_OUTER_BOUND('',#219,.T.);
#143=FACE_OUTER_BOUND('',#220,.T.);
#144=FACE_OUTER_BOUND('',#221,.T.);
#145=FACE_OUTER_BOUND('',#222,.T.);
#146=FACE_OUTER_BOUND('',#223,.T.);
#147=FACE_OUTER_BOUND('',#224,.T.);
#148=FACE_OUTER_BOUND('',#225,.T.);
#149=FACE_OUTER_BOUND('',#226,.T.);
#150=FACE_OUTER_BOUND('',#227,.T.);
#151=FACE_OUTER_BOUND('',#228,.T.);
#152=FACE_OUTER_BOUND('',#229,.T.);
#153=FACE_OUTER_BOUND('',#230,.T.);
#154=FACE_OUTER_BOUND('',#231,.T.);
#155=FACE_OUTER_BOUND('',#232,.T.);
#156=FACE_OUTER_BOUND('',#233,.T.);
#157=FACE_OUTER_BOUND('',#234,.T.);
#158=FACE_OUTER_BOUND('',#235,.T.);
#159=FACE_OUTER_BOUND('',#236,.T.);
#160=FACE_OUTER_BOUND('',#237,.T.);
#161=FACE_OUTER_BOUND('',#238,.T.);
#162=FACE_OUTER_BOUND('',#239,.T.);
#163=FACE_OUTER_BOUND('',#240,.T.);
#164=FACE_OUTER_BOUND('',#241,.T.);
#165=FACE_OUTER_BOUND('',#242,.T.);
#166=FACE_OUTER_BOUND('',#243,.T.);
#167=FACE_OUTER_BOUND('',#244,.T.);
#168=FACE_OUTER_BOUND('',#245,.T.);
#169=FACE_OUTER_BOUND('',#248,.T.);
#170=FACE_OUTER_BOUND('',#249,.T.);
#171=FACE_OUTER_BOUND('',#250,.T.);
#172=FACE_OUTER_BOUND('',#251,.T.);
#173=FACE_OUTER_BOUND('',#252,.T.);
#174=FACE_OUTER_BOUND('',#253,.T.);
#175=FACE_OUTER_BOUND('',#254,.T.);
#176=FACE_OUTER_BOUND('',#255,.T.);
#177=FACE_OUTER_BOUND('',#256,.T.);
#178=FACE_OUTER_BOUND('',#257,.T.);
#179=FACE_OUTER_BOUND('',#258,.T.);
#180=EDGE_LOOP('',(#890,#891,#892,#893));
#181=EDGE_LOOP('',(#894,#895,#896,#897));
#182=EDGE_LOOP('',(#898,#899,#900,#901));
#183=EDGE_LOOP('',(#902,#903,#904,#905));
#184=EDGE_LOOP('',(#906,#907,#908,#909));
#185=EDGE_LOOP('',(#910,#911,#912,#913));
#186=EDGE_LOOP('',(#914,#915,#916,#917,#918,#919));
#187=EDGE_LOOP('',(#920,#921,#922,#923));
#188=EDGE_LOOP('',(#924,#925,#926,#927));
#189=EDGE_LOOP('',(#928,#929,#930,#931));
#190=EDGE_LOOP('',(#932,#933,#934,#935));
#191=EDGE_LOOP('',(#936,#937,#938,#939));
#192=EDGE_LOOP('',(#940,#941,#942,#943));
#193=EDGE_LOOP('',(#944,#945,#946,#947));
#194=EDGE_LOOP('',(#948,#949,#950,#951));
#195=EDGE_LOOP('',(#952,#953,#954,#955));
#196=EDGE_LOOP('',(#956,#957,#958,#959));
#197=EDGE_LOOP('',(#960,#961,#962,#963));
#198=EDGE_LOOP('',(#964,#965,#966,#967));
#199=EDGE_LOOP('',(#968,#969,#970,#971));
#200=EDGE_LOOP('',(#972,#973,#974,#975));
#201=EDGE_LOOP('',(#976,#977,#978,#979));
#202=EDGE_LOOP('',(#980,#981,#982,#983,#984,#985,#986,#987,#988,#989,#990,
#991,#992,#993,#994,#995,#996,#997,#998,#999,#1000,#1001,#1002,#1003,#1004,
#1005,#1006,#1007,#1008,#1009,#1010,#1011));
#203=EDGE_LOOP('',(#1012,#1013,#1014,#1015,#1016,#1017,#1018,#1019));
#204=EDGE_LOOP('',(#1020,#1021,#1022,#1023));
#205=EDGE_LOOP('',(#1024,#1025,#1026,#1027));
#206=EDGE_LOOP('',(#1028,#1029,#1030,#1031));
#207=EDGE_LOOP('',(#1032,#1033,#1034,#1035));
#208=EDGE_LOOP('',(#1036,#1037,#1038,#1039));
#209=EDGE_LOOP('',(#1040,#1041,#1042,#1043));
#210=EDGE_LOOP('',(#1044,#1045,#1046,#1047));
#211=EDGE_LOOP('',(#1048,#1049,#1050,#1051));
#212=EDGE_LOOP('',(#1052,#1053,#1054,#1055));
#213=EDGE_LOOP('',(#1056,#1057,#1058,#1059));
#214=EDGE_LOOP('',(#1060,#1061,#1062,#1063));
#215=EDGE_LOOP('',(#1064,#1065,#1066,#1067));
#216=EDGE_LOOP('',(#1068,#1069,#1070,#1071));
#217=EDGE_LOOP('',(#1072,#1073,#1074,#1075));
#218=EDGE_LOOP('',(#1076,#1077,#1078,#1079));
#219=EDGE_LOOP('',(#1080,#1081,#1082,#1083));
#220=EDGE_LOOP('',(#1084,#1085,#1086,#1087));
#221=EDGE_LOOP('',(#1088,#1089,#1090,#1091));
#222=EDGE_LOOP('',(#1092,#1093,#1094,#1095));
#223=EDGE_LOOP('',(#1096,#1097,#1098,#1099));
#224=EDGE_LOOP('',(#1100,#1101,#1102,#1103));
#225=EDGE_LOOP('',(#1104,#1105,#1106,#1107,#1108,#1109,#1110,#1111,#1112,
#1113));
#226=EDGE_LOOP('',(#1114,#1115,#1116,#1117));
#227=EDGE_LOOP('',(#1118,#1119,#1120,#1121));
#228=EDGE_LOOP('',(#1122,#1123,#1124,#1125));
#229=EDGE_LOOP('',(#1126,#1127,#1128,#1129));
#230=EDGE_LOOP('',(#1130,#1131,#1132,#1133));
#231=EDGE_LOOP('',(#1134,#1135,#1136,#1137));
#232=EDGE_LOOP('',(#1138,#1139,#1140,#1141,#1142,#1143));
#233=EDGE_LOOP('',(#1144,#1145,#1146,#1147));
#234=EDGE_LOOP('',(#1148,#1149,#1150,#1151));
#235=EDGE_LOOP('',(#1152,#1153,#1154,#1155));
#236=EDGE_LOOP('',(#1156,#1157,#1158,#1159));
#237=EDGE_LOOP('',(#1160,#1161,#1162,#1163));
#238=EDGE_LOOP('',(#1164,#1165,#1166,#1167));
#239=EDGE_LOOP('',(#1168,#1169,#1170,#1171));
#240=EDGE_LOOP('',(#1172,#1173,#1174,#1175));
#241=EDGE_LOOP('',(#1176,#1177,#1178,#1179));
#242=EDGE_LOOP('',(#1180,#1181,#1182,#1183));
#243=EDGE_LOOP('',(#1184,#1185,#1186,#1187));
#244=EDGE_LOOP('',(#1188,#1189,#1190,#1191));
#245=EDGE_LOOP('',(#1192,#1193,#1194,#1195,#1196,#1197,#1198,#1199));
#246=EDGE_LOOP('',(#1200,#1201,#1202,#1203,#1204,#1205,#1206,#1207,#1208,
#1209));
#247=EDGE_LOOP('',(#1210,#1211,#1212,#1213,#1214,#1215));
#248=EDGE_LOOP('',(#1216,#1217,#1218,#1219));
#249=EDGE_LOOP('',(#1220,#1221,#1222,#1223));
#250=EDGE_LOOP('',(#1224,#1225,#1226,#1227));
#251=EDGE_LOOP('',(#1228,#1229,#1230,#1231));
#252=EDGE_LOOP('',(#1232,#1233,#1234,#1235));
#253=EDGE_LOOP('',(#1236,#1237,#1238,#1239));
#254=EDGE_LOOP('',(#1240,#1241,#1242,#1243));
#255=EDGE_LOOP('',(#1244,#1245,#1246,#1247));
#256=EDGE_LOOP('',(#1248,#1249,#1250,#1251));
#257=EDGE_LOOP('',(#1252,#1253,#1254,#1255));
#258=EDGE_LOOP('',(#1256,#1257,#1258,#1259,#1260,#1261,#1262,#1263,#1264,
#1265,#1266,#1267,#1268,#1269,#1270,#1271,#1272,#1273,#1274,#1275,#1276,
#1277,#1278,#1279,#1280,#1281,#1282,#1283,#1284,#1285,#1286,#1287));
#259=EDGE_LOOP('',(#1288,#1289,#1290,#1291,#1292,#1293));
#260=LINE('',#1963,#408);
#261=LINE('',#1965,#409);
#262=LINE('',#1967,#410);
#263=LINE('',#1968,#411);
#264=LINE('',#1971,#412);
#265=LINE('',#1973,#413);
#266=LINE('',#1974,#414);
#267=LINE('',#1977,#415);
#268=LINE('',#1979,#416);
#269=LINE('',#1980,#417);
#270=LINE('',#1983,#418);
#271=LINE('',#1985,#419);
#272=LINE('',#1986,#420);
#273=LINE('',#1989,#421);
#274=LINE('',#1991,#422);
#275=LINE('',#1992,#423);
#276=LINE('',#1994,#424);
#277=LINE('',#1995,#425);
#278=LINE('',#2002,#426);
#279=LINE('',#2005,#427);
#280=LINE('',#2008,#428);
#281=LINE('',#2010,#429);
#282=LINE('',#2011,#430);
#283=LINE('',#2017,#431);
#284=LINE('',#2020,#432);
#285=LINE('',#2023,#433);
#286=LINE('',#2025,#434);
#287=LINE('',#2026,#435);
#288=LINE('',#2032,#436);
#289=LINE('',#2035,#437);
#290=LINE('',#2038,#438);
#291=LINE('',#2040,#439);
#292=LINE('',#2041,#440);
#293=LINE('',#2047,#441);
#294=LINE('',#2050,#442);
#295=LINE('',#2053,#443);
#296=LINE('',#2055,#444);
#297=LINE('',#2056,#445);
#298=LINE('',#2062,#446);
#299=LINE('',#2065,#447);
#300=LINE('',#2068,#448);
#301=LINE('',#2070,#449);
#302=LINE('',#2071,#450);
#303=LINE('',#2077,#451);
#304=LINE('',#2080,#452);
#305=LINE('',#2083,#453);
#306=LINE('',#2085,#454);
#307=LINE('',#2086,#455);
#308=LINE('',#2092,#456);
#309=LINE('',#2095,#457);
#310=LINE('',#2097,#458);
#311=LINE('',#2098,#459);
#312=LINE('',#2106,#460);
#313=LINE('',#2109,#461);
#314=LINE('',#2113,#462);
#315=LINE('',#2116,#463);
#316=LINE('',#2120,#464);
#317=LINE('',#2123,#465);
#318=LINE('',#2127,#466);
#319=LINE('',#2130,#467);
#320=LINE('',#2134,#468);
#321=LINE('',#2138,#469);
#322=LINE('',#2142,#470);
#323=LINE('',#2146,#471);
#324=LINE('',#2151,#472);
#325=LINE('',#2155,#473);
#326=LINE('',#2158,#474);
#327=LINE('',#2159,#475);
#328=LINE('',#2164,#476);
#329=LINE('',#2165,#477);
#330=LINE('',#2168,#478);
#331=LINE('',#2169,#479);
#332=LINE('',#2173,#480);
#333=LINE('',#2176,#481);
#334=LINE('',#2177,#482);
#335=LINE('',#2182,#483);
#336=LINE('',#2183,#484);
#337=LINE('',#2186,#485);
#338=LINE('',#2187,#486);
#339=LINE('',#2191,#487);
#340=LINE('',#2193,#488);
#341=LINE('',#2195,#489);
#342=LINE('',#2196,#490);
#343=LINE('',#2199,#491);
#344=LINE('',#2201,#492);
#345=LINE('',#2202,#493);
#346=LINE('',#2205,#494);
#347=LINE('',#2207,#495);
#348=LINE('',#2208,#496);
#349=LINE('',#2211,#497);
#350=LINE('',#2213,#498);
#351=LINE('',#2214,#499);
#352=LINE('',#2217,#500);
#353=LINE('',#2219,#501);
#354=LINE('',#2220,#502);
#355=LINE('',#2223,#503);
#356=LINE('',#2225,#504);
#357=LINE('',#2226,#505);
#358=LINE('',#2229,#506);
#359=LINE('',#2231,#507);
#360=LINE('',#2232,#508);
#361=LINE('',#2235,#509);
#362=LINE('',#2237,#510);
#363=LINE('',#2238,#511);
#364=LINE('',#2241,#512);
#365=LINE('',#2243,#513);
#366=LINE('',#2244,#514);
#367=LINE('',#2246,#515);
#368=LINE('',#2247,#516);
#369=LINE('',#2252,#517);
#370=LINE('',#2254,#518);
#371=LINE('',#2256,#519);
#372=LINE('',#2257,#520);
#373=LINE('',#2260,#521);
#374=LINE('',#2262,#522);
#375=LINE('',#2263,#523);
#376=LINE('',#2266,#524);
#377=LINE('',#2268,#525);
#378=LINE('',#2269,#526);
#379=LINE('',#2272,#527);
#380=LINE('',#2274,#528);
#381=LINE('',#2275,#529);
#382=LINE('',#2278,#530);
#383=LINE('',#2280,#531);
#384=LINE('',#2281,#532);
#385=LINE('',#2283,#533);
#386=LINE('',#2284,#534);
#387=LINE('',#2291,#535);
#388=LINE('',#2294,#536);
#389=LINE('',#2305,#537);
#390=LINE('',#2306,#538);
#391=LINE('',#2317,#539);
#392=LINE('',#2318,#540);
#393=LINE('',#2329,#541);
#394=LINE('',#2330,#542);
#395=LINE('',#2335,#543);
#396=LINE('',#2336,#544);
#397=LINE('',#2338,#545);
#398=LINE('',#2340,#546);
#399=LINE('',#2342,#547);
#400=LINE('',#2345,#548);
#401=LINE('',#2346,#549);
#402=LINE('',#2349,#550);
#403=LINE('',#2354,#551);
#404=LINE('',#2356,#552);
#405=LINE('',#2362,#553);
#406=LINE('',#2365,#554);
#407=LINE('',#2366,#555);
#408=VECTOR('',#1553,10.);
#409=VECTOR('',#1554,10.);
#410=VECTOR('',#1555,10.);
#411=VECTOR('',#1556,10.);
#412=VECTOR('',#1559,10.);
#413=VECTOR('',#1560,10.);
#414=VECTOR('',#1561,10.);
#415=VECTOR('',#1564,10.);
#416=VECTOR('',#1565,10.);
#417=VECTOR('',#1566,10.);
#418=VECTOR('',#1569,10.);
#419=VECTOR('',#1570,10.);
#420=VECTOR('',#1571,10.);
#421=VECTOR('',#1574,10.);
#422=VECTOR('',#1575,10.);
#423=VECTOR('',#1576,10.);
#424=VECTOR('',#1579,10.);
#425=VECTOR('',#1580,10.);
#426=VECTOR('',#1587,10.);
#427=VECTOR('',#1590,10.);
#428=VECTOR('',#1593,10.);
#429=VECTOR('',#1594,10.);
#430=VECTOR('',#1595,10.);
#431=VECTOR('',#1600,10.);
#432=VECTOR('',#1603,10.);
#433=VECTOR('',#1606,10.);
#434=VECTOR('',#1607,10.);
#435=VECTOR('',#1608,10.);
#436=VECTOR('',#1613,10.);
#437=VECTOR('',#1616,10.);
#438=VECTOR('',#1619,10.);
#439=VECTOR('',#1620,10.);
#440=VECTOR('',#1621,10.);
#441=VECTOR('',#1626,10.);
#442=VECTOR('',#1629,10.);
#443=VECTOR('',#1632,10.);
#444=VECTOR('',#1633,10.);
#445=VECTOR('',#1634,10.);
#446=VECTOR('',#1639,10.);
#447=VECTOR('',#1642,10.);
#448=VECTOR('',#1645,10.);
#449=VECTOR('',#1646,10.);
#450=VECTOR('',#1647,10.);
#451=VECTOR('',#1652,10.);
#452=VECTOR('',#1655,10.);
#453=VECTOR('',#1658,10.);
#454=VECTOR('',#1659,10.);
#455=VECTOR('',#1660,10.);
#456=VECTOR('',#1667,10.);
#457=VECTOR('',#1670,10.);
#458=VECTOR('',#1671,10.);
#459=VECTOR('',#1672,10.);
#460=VECTOR('',#1683,10.);
#461=VECTOR('',#1686,10.);
#462=VECTOR('',#1689,10.);
#463=VECTOR('',#1692,10.);
#464=VECTOR('',#1695,10.);
#465=VECTOR('',#1698,10.);
#466=VECTOR('',#1701,10.);
#467=VECTOR('',#1704,10.);
#468=VECTOR('',#1707,10.);
#469=VECTOR('',#1710,10.);
#470=VECTOR('',#1713,10.);
#471=VECTOR('',#1716,10.);
#472=VECTOR('',#1723,10.);
#473=VECTOR('',#1728,10.);
#474=VECTOR('',#1731,10.);
#475=VECTOR('',#1732,10.);
#476=VECTOR('',#1739,10.);
#477=VECTOR('',#1740,10.);
#478=VECTOR('',#1743,10.);
#479=VECTOR('',#1744,10.);
#480=VECTOR('',#1749,10.);
#481=VECTOR('',#1752,10.);
#482=VECTOR('',#1753,10.);
#483=VECTOR('',#1760,10.);
#484=VECTOR('',#1761,10.);
#485=VECTOR('',#1764,10.);
#486=VECTOR('',#1765,10.);
#487=VECTOR('',#1768,10.);
#488=VECTOR('',#1769,10.);
#489=VECTOR('',#1770,10.);
#490=VECTOR('',#1771,10.);
#491=VECTOR('',#1774,10.);
#492=VECTOR('',#1775,10.);
#493=VECTOR('',#1776,10.);
#494=VECTOR('',#1779,10.);
#495=VECTOR('',#1780,10.);
#496=VECTOR('',#1781,10.);
#497=VECTOR('',#1784,10.);
#498=VECTOR('',#1785,10.);
#499=VECTOR('',#1786,10.);
#500=VECTOR('',#1789,10.);
#501=VECTOR('',#1790,10.);
#502=VECTOR('',#1791,10.);
#503=VECTOR('',#1794,10.);
#504=VECTOR('',#1795,10.);
#505=VECTOR('',#1796,10.);
#506=VECTOR('',#1799,10.);
#507=VECTOR('',#1800,10.);
#508=VECTOR('',#1801,10.);
#509=VECTOR('',#1804,10.);
#510=VECTOR('',#1805,10.);
#511=VECTOR('',#1806,10.);
#512=VECTOR('',#1809,10.);
#513=VECTOR('',#1810,10.);
#514=VECTOR('',#1811,10.);
#515=VECTOR('',#1814,10.);
#516=VECTOR('',#1815,10.);
#517=VECTOR('',#1820,10.);
#518=VECTOR('',#1821,10.);
#519=VECTOR('',#1822,10.);
#520=VECTOR('',#1823,10.);
#521=VECTOR('',#1826,10.);
#522=VECTOR('',#1827,10.);
#523=VECTOR('',#1828,10.);
#524=VECTOR('',#1831,10.);
#525=VECTOR('',#1832,10.);
#526=VECTOR('',#1833,10.);
#527=VECTOR('',#1836,10.);
#528=VECTOR('',#1837,10.);
#529=VECTOR('',#1838,10.);
#530=VECTOR('',#1841,10.);
#531=VECTOR('',#1842,10.);
#532=VECTOR('',#1843,10.);
#533=VECTOR('',#1846,10.);
#534=VECTOR('',#1847,10.);
#535=VECTOR('',#1854,10.);
#536=VECTOR('',#1857,10.);
#537=VECTOR('',#1870,10.);
#538=VECTOR('',#1871,10.);
#539=VECTOR('',#1884,10.);
#540=VECTOR('',#1885,10.);
#541=VECTOR('',#1898,10.);
#542=VECTOR('',#1899,10.);
#543=VECTOR('',#1908,10.);
#544=VECTOR('',#1909,10.);
#545=VECTOR('',#1912,10.);
#546=VECTOR('',#1915,10.);
#547=VECTOR('',#1918,10.);
#548=VECTOR('',#1923,10.);
#549=VECTOR('',#1924,10.);
#550=VECTOR('',#1929,10.);
#551=VECTOR('',#1936,10.);
#552=VECTOR('',#1939,10.);
#553=VECTOR('',#1948,10.);
#554=VECTOR('',#1951,10.);
#555=VECTOR('',#1952,10.);
#556=VERTEX_POINT('',#1961);
#557=VERTEX_POINT('',#1962);
#558=VERTEX_POINT('',#1964);
#559=VERTEX_POINT('',#1966);
#560=VERTEX_POINT('',#1970);
#561=VERTEX_POINT('',#1972);
#562=VERTEX_POINT('',#1976);
#563=VERTEX_POINT('',#1978);
#564=VERTEX_POINT('',#1982);
#565=VERTEX_POINT('',#1984);
#566=VERTEX_POINT('',#1988);
#567=VERTEX_POINT('',#1990);
#568=VERTEX_POINT('',#1998);
#569=VERTEX_POINT('',#1999);
#570=VERTEX_POINT('',#2001);
#571=VERTEX_POINT('',#2003);
#572=VERTEX_POINT('',#2007);
#573=VERTEX_POINT('',#2009);
#574=VERTEX_POINT('',#2013);
#575=VERTEX_POINT('',#2014);
#576=VERTEX_POINT('',#2016);
#577=VERTEX_POINT('',#2018);
#578=VERTEX_POINT('',#2022);
#579=VERTEX_POINT('',#2024);
#580=VERTEX_POINT('',#2028);
#581=VERTEX_POINT('',#2029);
#582=VERTEX_POINT('',#2031);
#583=VERTEX_POINT('',#2033);
#584=VERTEX_POINT('',#2037);
#585=VERTEX_POINT('',#2039);
#586=VERTEX_POINT('',#2043);
#587=VERTEX_POINT('',#2044);
#588=VERTEX_POINT('',#2046);
#589=VERTEX_POINT('',#2048);
#590=VERTEX_POINT('',#2052);
#591=VERTEX_POINT('',#2054);
#592=VERTEX_POINT('',#2058);
#593=VERTEX_POINT('',#2059);
#594=VERTEX_POINT('',#2061);
#595=VERTEX_POINT('',#2063);
#596=VERTEX_POINT('',#2067);
#597=VERTEX_POINT('',#2069);
#598=VERTEX_POINT('',#2073);
#599=VERTEX_POINT('',#2074);
#600=VERTEX_POINT('',#2076);
#601=VERTEX_POINT('',#2078);
#602=VERTEX_POINT('',#2082);
#603=VERTEX_POINT('',#2084);
#604=VERTEX_POINT('',#2088);
#605=VERTEX_POINT('',#2090);
#606=VERTEX_POINT('',#2094);
#607=VERTEX_POINT('',#2096);
#608=VERTEX_POINT('',#2103);
#609=VERTEX_POINT('',#2105);
#610=VERTEX_POINT('',#2107);
#611=VERTEX_POINT('',#2110);
#612=VERTEX_POINT('',#2112);
#613=VERTEX_POINT('',#2115);
#614=VERTEX_POINT('',#2117);
#615=VERTEX_POINT('',#2119);
#616=VERTEX_POINT('',#2121);
#617=VERTEX_POINT('',#2124);
#618=VERTEX_POINT('',#2126);
#619=VERTEX_POINT('',#2129);
#620=VERTEX_POINT('',#2132);
#621=VERTEX_POINT('',#2133);
#622=VERTEX_POINT('',#2135);
#623=VERTEX_POINT('',#2137);
#624=VERTEX_POINT('',#2139);
#625=VERTEX_POINT('',#2141);
#626=VERTEX_POINT('',#2143);
#627=VERTEX_POINT('',#2145);
#628=VERTEX_POINT('',#2149);
#629=VERTEX_POINT('',#2153);
#630=VERTEX_POINT('',#2157);
#631=VERTEX_POINT('',#2163);
#632=VERTEX_POINT('',#2167);
#633=VERTEX_POINT('',#2171);
#634=VERTEX_POINT('',#2175);
#635=VERTEX_POINT('',#2181);
#636=VERTEX_POINT('',#2185);
#637=VERTEX_POINT('',#2189);
#638=VERTEX_POINT('',#2190);
#639=VERTEX_POINT('',#2192);
#640=VERTEX_POINT('',#2194);
#641=VERTEX_POINT('',#2198);
#642=VERTEX_POINT('',#2200);
#643=VERTEX_POINT('',#2204);
#644=VERTEX_POINT('',#2206);
#645=VERTEX_POINT('',#2210);
#646=VERTEX_POINT('',#2212);
#647=VERTEX_POINT('',#2216);
#648=VERTEX_POINT('',#2218);
#649=VERTEX_POINT('',#2222);
#650=VERTEX_POINT('',#2224);
#651=VERTEX_POINT('',#2228);
#652=VERTEX_POINT('',#2230);
#653=VERTEX_POINT('',#2234);
#654=VERTEX_POINT('',#2236);
#655=VERTEX_POINT('',#2240);
#656=VERTEX_POINT('',#2242);
#657=VERTEX_POINT('',#2250);
#658=VERTEX_POINT('',#2251);
#659=VERTEX_POINT('',#2253);
#660=VERTEX_POINT('',#2255);
#661=VERTEX_POINT('',#2259);
#662=VERTEX_POINT('',#2261);
#663=VERTEX_POINT('',#2265);
#664=VERTEX_POINT('',#2267);
#665=VERTEX_POINT('',#2271);
#666=VERTEX_POINT('',#2273);
#667=VERTEX_POINT('',#2277);
#668=VERTEX_POINT('',#2279);
#669=VERTEX_POINT('',#2287);
#670=VERTEX_POINT('',#2288);
#671=VERTEX_POINT('',#2290);
#672=VERTEX_POINT('',#2292);
#673=VERTEX_POINT('',#2296);
#674=VERTEX_POINT('',#2297);
#675=VERTEX_POINT('',#2302);
#676=VERTEX_POINT('',#2303);
#677=VERTEX_POINT('',#2308);
#678=VERTEX_POINT('',#2309);
#679=VERTEX_POINT('',#2314);
#680=VERTEX_POINT('',#2315);
#681=VERTEX_POINT('',#2320);
#682=VERTEX_POINT('',#2321);
#683=VERTEX_POINT('',#2326);
#684=VERTEX_POINT('',#2327);
#685=VERTEX_POINT('',#2352);
#686=VERTEX_POINT('',#2360);
#687=VERTEX_POINT('',#2364);
#688=EDGE_CURVE('',#556,#557,#260,.T.);
#689=EDGE_CURVE('',#556,#558,#261,.T.);
#690=EDGE_CURVE('',#558,#559,#262,.T.);
#691=EDGE_CURVE('',#557,#559,#263,.T.);
#692=EDGE_CURVE('',#560,#556,#264,.T.);
#693=EDGE_CURVE('',#560,#561,#265,.T.);
#694=EDGE_CURVE('',#561,#558,#266,.T.);
#695=EDGE_CURVE('',#562,#560,#267,.T.);
#696=EDGE_CURVE('',#562,#563,#268,.T.);
#697=EDGE_CURVE('',#563,#561,#269,.T.);
#698=EDGE_CURVE('',#564,#562,#270,.T.);
#699=EDGE_CURVE('',#564,#565,#271,.T.);
#700=EDGE_CURVE('',#565,#563,#272,.T.);
#701=EDGE_CURVE('',#566,#564,#273,.T.);
#702=EDGE_CURVE('',#566,#567,#274,.T.);
#703=EDGE_CURVE('',#567,#565,#275,.T.);
#704=EDGE_CURVE('',#557,#566,#276,.T.);
#705=EDGE_CURVE('',#559,#567,#277,.T.);
#706=EDGE_CURVE('',#568,#569,#25,.T.);
#707=EDGE_CURVE('',#569,#570,#278,.T.);
#708=EDGE_CURVE('',#570,#571,#26,.T.);
#709=EDGE_CURVE('',#571,#568,#279,.T.);
#710=EDGE_CURVE('',#572,#569,#280,.T.);
#711=EDGE_CURVE('',#573,#572,#281,.T.);
#712=EDGE_CURVE('',#570,#573,#282,.T.);
#713=EDGE_CURVE('',#574,#575,#27,.T.);
#714=EDGE_CURVE('',#575,#576,#283,.T.);
#715=EDGE_CURVE('',#576,#577,#28,.T.);
#716=EDGE_CURVE('',#577,#574,#284,.T.);
#717=EDGE_CURVE('',#578,#575,#285,.T.);
#718=EDGE_CURVE('',#578,#579,#286,.T.);
#719=EDGE_CURVE('',#576,#579,#287,.T.);
#720=EDGE_CURVE('',#580,#581,#29,.T.);
#721=EDGE_CURVE('',#581,#582,#288,.T.);
#722=EDGE_CURVE('',#582,#583,#30,.T.);
#723=EDGE_CURVE('',#583,#580,#289,.T.);
#724=EDGE_CURVE('',#584,#581,#290,.T.);
#725=EDGE_CURVE('',#584,#585,#291,.T.);
#726=EDGE_CURVE('',#582,#585,#292,.T.);
#727=EDGE_CURVE('',#586,#587,#31,.T.);
#728=EDGE_CURVE('',#587,#588,#293,.T.);
#729=EDGE_CURVE('',#588,#589,#32,.T.);
#730=EDGE_CURVE('',#589,#586,#294,.T.);
#731=EDGE_CURVE('',#590,#587,#295,.T.);
#732=EDGE_CURVE('',#591,#590,#296,.T.);
#733=EDGE_CURVE('',#588,#591,#297,.T.);
#734=EDGE_CURVE('',#592,#593,#33,.T.);
#735=EDGE_CURVE('',#593,#594,#298,.T.);
#736=EDGE_CURVE('',#594,#595,#34,.T.);
#737=EDGE_CURVE('',#595,#592,#299,.T.);
#738=EDGE_CURVE('',#596,#593,#300,.T.);
#739=EDGE_CURVE('',#597,#596,#301,.T.);
#740=EDGE_CURVE('',#597,#594,#302,.T.);
#741=EDGE_CURVE('',#598,#599,#35,.T.);
#742=EDGE_CURVE('',#599,#600,#303,.T.);
#743=EDGE_CURVE('',#600,#601,#36,.T.);
#744=EDGE_CURVE('',#601,#598,#304,.T.);
#745=EDGE_CURVE('',#599,#602,#305,.T.);
#746=EDGE_CURVE('',#602,#603,#306,.T.);
#747=EDGE_CURVE('',#600,#603,#307,.T.);
#748=EDGE_CURVE('',#597,#604,#37,.T.);
#749=EDGE_CURVE('',#605,#596,#38,.T.);
#750=EDGE_CURVE('',#604,#605,#308,.T.);
#751=EDGE_CURVE('',#606,#604,#309,.T.);
#752=EDGE_CURVE('',#607,#605,#310,.T.);
#753=EDGE_CURVE('',#606,#607,#311,.T.);
#754=EDGE_CURVE('',#606,#602,#39,.T.);
#755=EDGE_CURVE('',#603,#607,#40,.T.);
#756=EDGE_CURVE('',#592,#608,#41,.T.);
#757=EDGE_CURVE('',#608,#609,#312,.T.);
#758=EDGE_CURVE('',#609,#610,#42,.T.);
#759=EDGE_CURVE('',#610,#577,#313,.T.);
#760=EDGE_CURVE('',#579,#611,#43,.T.);
#761=EDGE_CURVE('',#611,#612,#314,.T.);
#762=EDGE_CURVE('',#612,#572,#44,.T.);
#763=EDGE_CURVE('',#568,#613,#315,.T.);
#764=EDGE_CURVE('',#613,#614,#45,.T.);
#765=EDGE_CURVE('',#614,#615,#316,.T.);
#766=EDGE_CURVE('',#615,#616,#46,.T.);
#767=EDGE_CURVE('',#616,#583,#317,.T.);
#768=EDGE_CURVE('',#585,#617,#47,.T.);
#769=EDGE_CURVE('',#617,#618,#318,.T.);
#770=EDGE_CURVE('',#618,#590,#48,.T.);
#771=EDGE_CURVE('',#586,#619,#319,.T.);
#772=EDGE_CURVE('',#619,#601,#49,.T.);
#773=EDGE_CURVE('',#620,#621,#320,.T.);
#774=EDGE_CURVE('',#621,#622,#50,.T.);
#775=EDGE_CURVE('',#622,#623,#321,.T.);
#776=EDGE_CURVE('',#623,#624,#51,.T.);
#777=EDGE_CURVE('',#624,#625,#322,.T.);
#778=EDGE_CURVE('',#625,#626,#52,.T.);
#779=EDGE_CURVE('',#626,#627,#323,.T.);
#780=EDGE_CURVE('',#627,#620,#53,.T.);
#781=EDGE_CURVE('',#628,#595,#54,.T.);
#782=EDGE_CURVE('',#628,#608,#324,.T.);
#783=EDGE_CURVE('',#573,#629,#55,.T.);
#784=EDGE_CURVE('',#629,#612,#325,.T.);
#785=EDGE_CURVE('',#629,#630,#326,.T.);
#786=EDGE_CURVE('',#630,#611,#327,.T.);
#787=EDGE_CURVE('',#630,#578,#56,.T.);
#788=EDGE_CURVE('',#631,#610,#328,.T.);
#789=EDGE_CURVE('',#574,#631,#329,.T.);
#790=EDGE_CURVE('',#632,#571,#330,.T.);
#791=EDGE_CURVE('',#632,#613,#331,.T.);
#792=EDGE_CURVE('',#591,#633,#57,.T.);
#793=EDGE_CURVE('',#633,#618,#332,.T.);
#794=EDGE_CURVE('',#633,#634,#333,.T.);
#795=EDGE_CURVE('',#634,#617,#334,.T.);
#796=EDGE_CURVE('',#634,#584,#58,.T.);
#797=EDGE_CURVE('',#635,#616,#335,.T.);
#798=EDGE_CURVE('',#580,#635,#336,.T.);
#799=EDGE_CURVE('',#636,#589,#337,.T.);
#800=EDGE_CURVE('',#636,#619,#338,.T.);
#801=EDGE_CURVE('',#637,#638,#339,.T.);
#802=EDGE_CURVE('',#637,#639,#340,.T.);
#803=EDGE_CURVE('',#639,#640,#341,.T.);
#804=EDGE_CURVE('',#638,#640,#342,.T.);
#805=EDGE_CURVE('',#641,#637,#343,.T.);
#806=EDGE_CURVE('',#641,#642,#344,.T.);
#807=EDGE_CURVE('',#642,#639,#345,.T.);
#808=EDGE_CURVE('',#643,#641,#346,.T.);
#809=EDGE_CURVE('',#643,#644,#347,.T.);
#810=EDGE_CURVE('',#644,#642,#348,.T.);
#811=EDGE_CURVE('',#645,#643,#349,.T.);
#812=EDGE_CURVE('',#645,#646,#350,.T.);
#813=EDGE_CURVE('',#646,#644,#351,.T.);
#814=EDGE_CURVE('',#647,#645,#352,.T.);
#815=EDGE_CURVE('',#647,#648,#353,.T.);
#816=EDGE_CURVE('',#648,#646,#354,.T.);
#817=EDGE_CURVE('',#649,#647,#355,.T.);
#818=EDGE_CURVE('',#649,#650,#356,.T.);
#819=EDGE_CURVE('',#650,#648,#357,.T.);
#820=EDGE_CURVE('',#651,#649,#358,.T.);
#821=EDGE_CURVE('',#651,#652,#359,.T.);
#822=EDGE_CURVE('',#652,#650,#360,.T.);
#823=EDGE_CURVE('',#653,#651,#361,.T.);
#824=EDGE_CURVE('',#653,#654,#362,.T.);
#825=EDGE_CURVE('',#654,#652,#363,.T.);
#826=EDGE_CURVE('',#655,#653,#364,.T.);
#827=EDGE_CURVE('',#655,#656,#365,.T.);
#828=EDGE_CURVE('',#656,#654,#366,.T.);
#829=EDGE_CURVE('',#638,#655,#367,.T.);
#830=EDGE_CURVE('',#640,#656,#368,.T.);
#831=EDGE_CURVE('',#657,#658,#369,.T.);
#832=EDGE_CURVE('',#657,#659,#370,.T.);
#833=EDGE_CURVE('',#659,#660,#371,.T.);
#834=EDGE_CURVE('',#658,#660,#372,.T.);
#835=EDGE_CURVE('',#661,#657,#373,.T.);
#836=EDGE_CURVE('',#661,#662,#374,.T.);
#837=EDGE_CURVE('',#662,#659,#375,.T.);
#838=EDGE_CURVE('',#663,#661,#376,.T.);
#839=EDGE_CURVE('',#663,#664,#377,.T.);
#840=EDGE_CURVE('',#664,#662,#378,.T.);
#841=EDGE_CURVE('',#665,#663,#379,.T.);
#842=EDGE_CURVE('',#665,#666,#380,.T.);
#843=EDGE_CURVE('',#666,#664,#381,.T.);
#844=EDGE_CURVE('',#667,#665,#382,.T.);
#845=EDGE_CURVE('',#667,#668,#383,.T.);
#846=EDGE_CURVE('',#668,#666,#384,.T.);
#847=EDGE_CURVE('',#658,#667,#385,.T.);
#848=EDGE_CURVE('',#660,#668,#386,.T.);
#849=EDGE_CURVE('',#669,#670,#59,.T.);
#850=EDGE_CURVE('',#670,#671,#387,.T.);
#851=EDGE_CURVE('',#671,#672,#60,.T.);
#852=EDGE_CURVE('',#672,#669,#388,.T.);
#853=EDGE_CURVE('',#673,#674,#61,.T.);
#854=EDGE_CURVE('',#674,#672,#62,.T.);
#855=EDGE_CURVE('',#671,#673,#63,.T.);
#856=EDGE_CURVE('',#675,#676,#64,.T.);
#857=EDGE_CURVE('',#676,#674,#389,.T.);
#858=EDGE_CURVE('',#673,#675,#390,.T.);
#859=EDGE_CURVE('',#677,#678,#65,.T.);
#860=EDGE_CURVE('',#678,#676,#66,.T.);
#861=EDGE_CURVE('',#675,#677,#67,.T.);
#862=EDGE_CURVE('',#679,#680,#68,.T.);
#863=EDGE_CURVE('',#680,#678,#391,.T.);
#864=EDGE_CURVE('',#677,#679,#392,.T.);
#865=EDGE_CURVE('',#681,#682,#69,.T.);
#866=EDGE_CURVE('',#682,#680,#70,.T.);
#867=EDGE_CURVE('',#679,#681,#71,.T.);
#868=EDGE_CURVE('',#683,#684,#72,.T.);
#869=EDGE_CURVE('',#684,#682,#393,.T.);
#870=EDGE_CURVE('',#681,#683,#394,.T.);
#871=EDGE_CURVE('',#669,#684,#73,.T.);
#872=EDGE_CURVE('',#683,#670,#74,.T.);
#873=EDGE_CURVE('',#624,#675,#395,.T.);
#874=EDGE_CURVE('',#623,#677,#396,.T.);
#875=EDGE_CURVE('',#625,#673,#397,.T.);
#876=EDGE_CURVE('',#626,#671,#398,.T.);
#877=EDGE_CURVE('',#627,#670,#399,.T.);
#878=EDGE_CURVE('',#621,#681,#400,.T.);
#879=EDGE_CURVE('',#620,#683,#401,.T.);
#880=EDGE_CURVE('',#679,#622,#402,.T.);
#881=EDGE_CURVE('',#631,#685,#75,.T.);
#882=EDGE_CURVE('',#685,#609,#403,.T.);
#883=EDGE_CURVE('',#685,#628,#404,.T.);
#884=EDGE_CURVE('',#598,#636,#76,.T.);
#885=EDGE_CURVE('',#635,#686,#77,.T.);
#886=EDGE_CURVE('',#686,#615,#405,.T.);
#887=EDGE_CURVE('',#686,#687,#406,.T.);
#888=EDGE_CURVE('',#687,#614,#407,.T.);
#889=EDGE_CURVE('',#687,#632,#78,.T.);
#890=ORIENTED_EDGE('',*,*,#688,.F.);
#891=ORIENTED_EDGE('',*,*,#689,.T.);
#892=ORIENTED_EDGE('',*,*,#690,.T.);
#893=ORIENTED_EDGE('',*,*,#691,.F.);
#894=ORIENTED_EDGE('',*,*,#692,.F.);
#895=ORIENTED_EDGE('',*,*,#693,.T.);
#896=ORIENTED_EDGE('',*,*,#694,.T.);
#897=ORIENTED_EDGE('',*,*,#689,.F.);
#898=ORIENTED_EDGE('',*,*,#695,.F.);
#899=ORIENTED_EDGE('',*,*,#696,.T.);
#900=ORIENTED_EDGE('',*,*,#697,.T.);
#901=ORIENTED_EDGE('',*,*,#693,.F.);
#902=ORIENTED_EDGE('',*,*,#698,.F.);
#903=ORIENTED_EDGE('',*,*,#699,.T.);
#904=ORIENTED_EDGE('',*,*,#700,.T.);
#905=ORIENTED_EDGE('',*,*,#696,.F.);
#906=ORIENTED_EDGE('',*,*,#701,.F.);
#907=ORIENTED_EDGE('',*,*,#702,.T.);
#908=ORIENTED_EDGE('',*,*,#703,.T.);
#909=ORIENTED_EDGE('',*,*,#699,.F.);
#910=ORIENTED_EDGE('',*,*,#704,.F.);
#911=ORIENTED_EDGE('',*,*,#691,.T.);
#912=ORIENTED_EDGE('',*,*,#705,.T.);
#913=ORIENTED_EDGE('',*,*,#702,.F.);
#914=ORIENTED_EDGE('',*,*,#705,.F.);
#915=ORIENTED_EDGE('',*,*,#690,.F.);
#916=ORIENTED_EDGE('',*,*,#694,.F.);
#917=ORIENTED_EDGE('',*,*,#697,.F.);
#918=ORIENTED_EDGE('',*,*,#700,.F.);
#919=ORIENTED_EDGE('',*,*,#703,.F.);
#920=ORIENTED_EDGE('',*,*,#706,.T.);
#921=ORIENTED_EDGE('',*,*,#707,.T.);
#922=ORIENTED_EDGE('',*,*,#708,.T.);
#923=ORIENTED_EDGE('',*,*,#709,.T.);
#924=ORIENTED_EDGE('',*,*,#707,.F.);
#925=ORIENTED_EDGE('',*,*,#710,.F.);
#926=ORIENTED_EDGE('',*,*,#711,.F.);
#927=ORIENTED_EDGE('',*,*,#712,.F.);
#928=ORIENTED_EDGE('',*,*,#713,.T.);
#929=ORIENTED_EDGE('',*,*,#714,.T.);
#930=ORIENTED_EDGE('',*,*,#715,.T.);
#931=ORIENTED_EDGE('',*,*,#716,.T.);
#932=ORIENTED_EDGE('',*,*,#714,.F.);
#933=ORIENTED_EDGE('',*,*,#717,.F.);
#934=ORIENTED_EDGE('',*,*,#718,.T.);
#935=ORIENTED_EDGE('',*,*,#719,.F.);
#936=ORIENTED_EDGE('',*,*,#720,.T.);
#937=ORIENTED_EDGE('',*,*,#721,.T.);
#938=ORIENTED_EDGE('',*,*,#722,.T.);
#939=ORIENTED_EDGE('',*,*,#723,.T.);
#940=ORIENTED_EDGE('',*,*,#721,.F.);
#941=ORIENTED_EDGE('',*,*,#724,.F.);
#942=ORIENTED_EDGE('',*,*,#725,.T.);
#943=ORIENTED_EDGE('',*,*,#726,.F.);
#944=ORIENTED_EDGE('',*,*,#727,.T.);
#945=ORIENTED_EDGE('',*,*,#728,.T.);
#946=ORIENTED_EDGE('',*,*,#729,.T.);
#947=ORIENTED_EDGE('',*,*,#730,.T.);
#948=ORIENTED_EDGE('',*,*,#728,.F.);
#949=ORIENTED_EDGE('',*,*,#731,.F.);
#950=ORIENTED_EDGE('',*,*,#732,.F.);
#951=ORIENTED_EDGE('',*,*,#733,.F.);
#952=ORIENTED_EDGE('',*,*,#734,.T.);
#953=ORIENTED_EDGE('',*,*,#735,.T.);
#954=ORIENTED_EDGE('',*,*,#736,.T.);
#955=ORIENTED_EDGE('',*,*,#737,.T.);
#956=ORIENTED_EDGE('',*,*,#735,.F.);
#957=ORIENTED_EDGE('',*,*,#738,.F.);
#958=ORIENTED_EDGE('',*,*,#739,.F.);
#959=ORIENTED_EDGE('',*,*,#740,.T.);
#960=ORIENTED_EDGE('',*,*,#741,.T.);
#961=ORIENTED_EDGE('',*,*,#742,.T.);
#962=ORIENTED_EDGE('',*,*,#743,.T.);
#963=ORIENTED_EDGE('',*,*,#744,.T.);
#964=ORIENTED_EDGE('',*,*,#742,.F.);
#965=ORIENTED_EDGE('',*,*,#745,.T.);
#966=ORIENTED_EDGE('',*,*,#746,.T.);
#967=ORIENTED_EDGE('',*,*,#747,.F.);
#968=ORIENTED_EDGE('',*,*,#748,.F.);
#969=ORIENTED_EDGE('',*,*,#739,.T.);
#970=ORIENTED_EDGE('',*,*,#749,.F.);
#971=ORIENTED_EDGE('',*,*,#750,.F.);
#972=ORIENTED_EDGE('',*,*,#751,.T.);
#973=ORIENTED_EDGE('',*,*,#750,.T.);
#974=ORIENTED_EDGE('',*,*,#752,.F.);
#975=ORIENTED_EDGE('',*,*,#753,.F.);
#976=ORIENTED_EDGE('',*,*,#754,.F.);
#977=ORIENTED_EDGE('',*,*,#753,.T.);
#978=ORIENTED_EDGE('',*,*,#755,.F.);
#979=ORIENTED_EDGE('',*,*,#746,.F.);
#980=ORIENTED_EDGE('',*,*,#756,.T.);
#981=ORIENTED_EDGE('',*,*,#757,.T.);
#982=ORIENTED_EDGE('',*,*,#758,.T.);
#983=ORIENTED_EDGE('',*,*,#759,.T.);
#984=ORIENTED_EDGE('',*,*,#715,.F.);
#985=ORIENTED_EDGE('',*,*,#719,.T.);
#986=ORIENTED_EDGE('',*,*,#760,.T.);
#987=ORIENTED_EDGE('',*,*,#761,.T.);
#988=ORIENTED_EDGE('',*,*,#762,.T.);
#989=ORIENTED_EDGE('',*,*,#710,.T.);
#990=ORIENTED_EDGE('',*,*,#706,.F.);
#991=ORIENTED_EDGE('',*,*,#763,.T.);
#992=ORIENTED_EDGE('',*,*,#764,.T.);
#993=ORIENTED_EDGE('',*,*,#765,.T.);
#994=ORIENTED_EDGE('',*,*,#766,.T.);
#995=ORIENTED_EDGE('',*,*,#767,.T.);
#996=ORIENTED_EDGE('',*,*,#722,.F.);
#997=ORIENTED_EDGE('',*,*,#726,.T.);
#998=ORIENTED_EDGE('',*,*,#768,.T.);
#999=ORIENTED_EDGE('',*,*,#769,.T.);
#1000=ORIENTED_EDGE('',*,*,#770,.T.);
#1001=ORIENTED_EDGE('',*,*,#731,.T.);
#1002=ORIENTED_EDGE('',*,*,#727,.F.);
#1003=ORIENTED_EDGE('',*,*,#771,.T.);
#1004=ORIENTED_EDGE('',*,*,#772,.T.);
#1005=ORIENTED_EDGE('',*,*,#743,.F.);
#1006=ORIENTED_EDGE('',*,*,#747,.T.);
#1007=ORIENTED_EDGE('',*,*,#755,.T.);
#1008=ORIENTED_EDGE('',*,*,#752,.T.);
#1009=ORIENTED_EDGE('',*,*,#749,.T.);
#1010=ORIENTED_EDGE('',*,*,#738,.T.);
#1011=ORIENTED_EDGE('',*,*,#734,.F.);
#1012=ORIENTED_EDGE('',*,*,#773,.T.);
#1013=ORIENTED_EDGE('',*,*,#774,.T.);
#1014=ORIENTED_EDGE('',*,*,#775,.T.);
#1015=ORIENTED_EDGE('',*,*,#776,.T.);
#1016=ORIENTED_EDGE('',*,*,#777,.T.);
#1017=ORIENTED_EDGE('',*,*,#778,.T.);
#1018=ORIENTED_EDGE('',*,*,#779,.T.);
#1019=ORIENTED_EDGE('',*,*,#780,.T.);
#1020=ORIENTED_EDGE('',*,*,#737,.F.);
#1021=ORIENTED_EDGE('',*,*,#781,.F.);
#1022=ORIENTED_EDGE('',*,*,#782,.T.);
#1023=ORIENTED_EDGE('',*,*,#756,.F.);
#1024=ORIENTED_EDGE('',*,*,#783,.F.);
#1025=ORIENTED_EDGE('',*,*,#711,.T.);
#1026=ORIENTED_EDGE('',*,*,#762,.F.);
#1027=ORIENTED_EDGE('',*,*,#784,.F.);
#1028=ORIENTED_EDGE('',*,*,#785,.F.);
#1029=ORIENTED_EDGE('',*,*,#784,.T.);
#1030=ORIENTED_EDGE('',*,*,#761,.F.);
#1031=ORIENTED_EDGE('',*,*,#786,.F.);
#1032=ORIENTED_EDGE('',*,*,#787,.F.);
#1033=ORIENTED_EDGE('',*,*,#786,.T.);
#1034=ORIENTED_EDGE('',*,*,#760,.F.);
#1035=ORIENTED_EDGE('',*,*,#718,.F.);
#1036=ORIENTED_EDGE('',*,*,#716,.F.);
#1037=ORIENTED_EDGE('',*,*,#759,.F.);
#1038=ORIENTED_EDGE('',*,*,#788,.F.);
#1039=ORIENTED_EDGE('',*,*,#789,.F.);
#1040=ORIENTED_EDGE('',*,*,#709,.F.);
#1041=ORIENTED_EDGE('',*,*,#790,.F.);
#1042=ORIENTED_EDGE('',*,*,#791,.T.);
#1043=ORIENTED_EDGE('',*,*,#763,.F.);
#1044=ORIENTED_EDGE('',*,*,#792,.F.);
#1045=ORIENTED_EDGE('',*,*,#732,.T.);
#1046=ORIENTED_EDGE('',*,*,#770,.F.);
#1047=ORIENTED_EDGE('',*,*,#793,.F.);
#1048=ORIENTED_EDGE('',*,*,#794,.F.);
#1049=ORIENTED_EDGE('',*,*,#793,.T.);
#1050=ORIENTED_EDGE('',*,*,#769,.F.);
#1051=ORIENTED_EDGE('',*,*,#795,.F.);
#1052=ORIENTED_EDGE('',*,*,#796,.F.);
#1053=ORIENTED_EDGE('',*,*,#795,.T.);
#1054=ORIENTED_EDGE('',*,*,#768,.F.);
#1055=ORIENTED_EDGE('',*,*,#725,.F.);
#1056=ORIENTED_EDGE('',*,*,#723,.F.);
#1057=ORIENTED_EDGE('',*,*,#767,.F.);
#1058=ORIENTED_EDGE('',*,*,#797,.F.);
#1059=ORIENTED_EDGE('',*,*,#798,.F.);
#1060=ORIENTED_EDGE('',*,*,#730,.F.);
#1061=ORIENTED_EDGE('',*,*,#799,.F.);
#1062=ORIENTED_EDGE('',*,*,#800,.T.);
#1063=ORIENTED_EDGE('',*,*,#771,.F.);
#1064=ORIENTED_EDGE('',*,*,#801,.F.);
#1065=ORIENTED_EDGE('',*,*,#802,.T.);
#1066=ORIENTED_EDGE('',*,*,#803,.T.);
#1067=ORIENTED_EDGE('',*,*,#804,.F.);
#1068=ORIENTED_EDGE('',*,*,#805,.F.);
#1069=ORIENTED_EDGE('',*,*,#806,.T.);
#1070=ORIENTED_EDGE('',*,*,#807,.T.);
#1071=ORIENTED_EDGE('',*,*,#802,.F.);
#1072=ORIENTED_EDGE('',*,*,#808,.F.);
#1073=ORIENTED_EDGE('',*,*,#809,.T.);
#1074=ORIENTED_EDGE('',*,*,#810,.T.);
#1075=ORIENTED_EDGE('',*,*,#806,.F.);
#1076=ORIENTED_EDGE('',*,*,#811,.F.);
#1077=ORIENTED_EDGE('',*,*,#812,.T.);
#1078=ORIENTED_EDGE('',*,*,#813,.T.);
#1079=ORIENTED_EDGE('',*,*,#809,.F.);
#1080=ORIENTED_EDGE('',*,*,#814,.F.);
#1081=ORIENTED_EDGE('',*,*,#815,.T.);
#1082=ORIENTED_EDGE('',*,*,#816,.T.);
#1083=ORIENTED_EDGE('',*,*,#812,.F.);
#1084=ORIENTED_EDGE('',*,*,#817,.F.);
#1085=ORIENTED_EDGE('',*,*,#818,.T.);
#1086=ORIENTED_EDGE('',*,*,#819,.T.);
#1087=ORIENTED_EDGE('',*,*,#815,.F.);
#1088=ORIENTED_EDGE('',*,*,#820,.F.);
#1089=ORIENTED_EDGE('',*,*,#821,.T.);
#1090=ORIENTED_EDGE('',*,*,#822,.T.);
#1091=ORIENTED_EDGE('',*,*,#818,.F.);
#1092=ORIENTED_EDGE('',*,*,#823,.F.);
#1093=ORIENTED_EDGE('',*,*,#824,.T.);
#1094=ORIENTED_EDGE('',*,*,#825,.T.);
#1095=ORIENTED_EDGE('',*,*,#821,.F.);
#1096=ORIENTED_EDGE('',*,*,#826,.F.);
#1097=ORIENTED_EDGE('',*,*,#827,.T.);
#1098=ORIENTED_EDGE('',*,*,#828,.T.);
#1099=ORIENTED_EDGE('',*,*,#824,.F.);
#1100=ORIENTED_EDGE('',*,*,#829,.F.);
#1101=ORIENTED_EDGE('',*,*,#804,.T.);
#1102=ORIENTED_EDGE('',*,*,#830,.T.);
#1103=ORIENTED_EDGE('',*,*,#827,.F.);
#1104=ORIENTED_EDGE('',*,*,#830,.F.);
#1105=ORIENTED_EDGE('',*,*,#803,.F.);
#1106=ORIENTED_EDGE('',*,*,#807,.F.);
#1107=ORIENTED_EDGE('',*,*,#810,.F.);
#1108=ORIENTED_EDGE('',*,*,#813,.F.);
#1109=ORIENTED_EDGE('',*,*,#816,.F.);
#1110=ORIENTED_EDGE('',*,*,#819,.F.);
#1111=ORIENTED_EDGE('',*,*,#822,.F.);
#1112=ORIENTED_EDGE('',*,*,#825,.F.);
#1113=ORIENTED_EDGE('',*,*,#828,.F.);
#1114=ORIENTED_EDGE('',*,*,#831,.F.);
#1115=ORIENTED_EDGE('',*,*,#832,.T.);
#1116=ORIENTED_EDGE('',*,*,#833,.T.);
#1117=ORIENTED_EDGE('',*,*,#834,.F.);
#1118=ORIENTED_EDGE('',*,*,#835,.F.);
#1119=ORIENTED_EDGE('',*,*,#836,.T.);
#1120=ORIENTED_EDGE('',*,*,#837,.T.);
#1121=ORIENTED_EDGE('',*,*,#832,.F.);
#1122=ORIENTED_EDGE('',*,*,#838,.F.);
#1123=ORIENTED_EDGE('',*,*,#839,.T.);
#1124=ORIENTED_EDGE('',*,*,#840,.T.);
#1125=ORIENTED_EDGE('',*,*,#836,.F.);
#1126=ORIENTED_EDGE('',*,*,#841,.F.);
#1127=ORIENTED_EDGE('',*,*,#842,.T.);
#1128=ORIENTED_EDGE('',*,*,#843,.T.);
#1129=ORIENTED_EDGE('',*,*,#839,.F.);
#1130=ORIENTED_EDGE('',*,*,#844,.F.);
#1131=ORIENTED_EDGE('',*,*,#845,.T.);
#1132=ORIENTED_EDGE('',*,*,#846,.T.);
#1133=ORIENTED_EDGE('',*,*,#842,.F.);
#1134=ORIENTED_EDGE('',*,*,#847,.F.);
#1135=ORIENTED_EDGE('',*,*,#834,.T.);
#1136=ORIENTED_EDGE('',*,*,#848,.T.);
#1137=ORIENTED_EDGE('',*,*,#845,.F.);
#1138=ORIENTED_EDGE('',*,*,#848,.F.);
#1139=ORIENTED_EDGE('',*,*,#833,.F.);
#1140=ORIENTED_EDGE('',*,*,#837,.F.);
#1141=ORIENTED_EDGE('',*,*,#840,.F.);
#1142=ORIENTED_EDGE('',*,*,#843,.F.);
#1143=ORIENTED_EDGE('',*,*,#846,.F.);
#1144=ORIENTED_EDGE('',*,*,#849,.T.);
#1145=ORIENTED_EDGE('',*,*,#850,.T.);
#1146=ORIENTED_EDGE('',*,*,#851,.T.);
#1147=ORIENTED_EDGE('',*,*,#852,.T.);
#1148=ORIENTED_EDGE('',*,*,#853,.T.);
#1149=ORIENTED_EDGE('',*,*,#854,.T.);
#1150=ORIENTED_EDGE('',*,*,#851,.F.);
#1151=ORIENTED_EDGE('',*,*,#855,.T.);
#1152=ORIENTED_EDGE('',*,*,#856,.T.);
#1153=ORIENTED_EDGE('',*,*,#857,.T.);
#1154=ORIENTED_EDGE('',*,*,#853,.F.);
#1155=ORIENTED_EDGE('',*,*,#858,.T.);
#1156=ORIENTED_EDGE('',*,*,#859,.T.);
#1157=ORIENTED_EDGE('',*,*,#860,.T.);
#1158=ORIENTED_EDGE('',*,*,#856,.F.);
#1159=ORIENTED_EDGE('',*,*,#861,.T.);
#1160=ORIENTED_EDGE('',*,*,#862,.T.);
#1161=ORIENTED_EDGE('',*,*,#863,.T.);
#1162=ORIENTED_EDGE('',*,*,#859,.F.);
#1163=ORIENTED_EDGE('',*,*,#864,.T.);
#1164=ORIENTED_EDGE('',*,*,#865,.T.);
#1165=ORIENTED_EDGE('',*,*,#866,.T.);
#1166=ORIENTED_EDGE('',*,*,#862,.F.);
#1167=ORIENTED_EDGE('',*,*,#867,.T.);
#1168=ORIENTED_EDGE('',*,*,#868,.T.);
#1169=ORIENTED_EDGE('',*,*,#869,.T.);
#1170=ORIENTED_EDGE('',*,*,#865,.F.);
#1171=ORIENTED_EDGE('',*,*,#870,.T.);
#1172=ORIENTED_EDGE('',*,*,#849,.F.);
#1173=ORIENTED_EDGE('',*,*,#871,.T.);
#1174=ORIENTED_EDGE('',*,*,#868,.F.);
#1175=ORIENTED_EDGE('',*,*,#872,.T.);
#1176=ORIENTED_EDGE('',*,*,#861,.F.);
#1177=ORIENTED_EDGE('',*,*,#873,.F.);
#1178=ORIENTED_EDGE('',*,*,#776,.F.);
#1179=ORIENTED_EDGE('',*,*,#874,.T.);
#1180=ORIENTED_EDGE('',*,*,#858,.F.);
#1181=ORIENTED_EDGE('',*,*,#875,.F.);
#1182=ORIENTED_EDGE('',*,*,#777,.F.);
#1183=ORIENTED_EDGE('',*,*,#873,.T.);
#1184=ORIENTED_EDGE('',*,*,#855,.F.);
#1185=ORIENTED_EDGE('',*,*,#876,.F.);
#1186=ORIENTED_EDGE('',*,*,#778,.F.);
#1187=ORIENTED_EDGE('',*,*,#875,.T.);
#1188=ORIENTED_EDGE('',*,*,#850,.F.);
#1189=ORIENTED_EDGE('',*,*,#877,.F.);
#1190=ORIENTED_EDGE('',*,*,#779,.F.);
#1191=ORIENTED_EDGE('',*,*,#876,.T.);
#1192=ORIENTED_EDGE('',*,*,#852,.F.);
#1193=ORIENTED_EDGE('',*,*,#854,.F.);
#1194=ORIENTED_EDGE('',*,*,#857,.F.);
#1195=ORIENTED_EDGE('',*,*,#860,.F.);
#1196=ORIENTED_EDGE('',*,*,#863,.F.);
#1197=ORIENTED_EDGE('',*,*,#866,.F.);
#1198=ORIENTED_EDGE('',*,*,#869,.F.);
#1199=ORIENTED_EDGE('',*,*,#871,.F.);
#1200=ORIENTED_EDGE('',*,*,#801,.T.);
#1201=ORIENTED_EDGE('',*,*,#829,.T.);
#1202=ORIENTED_EDGE('',*,*,#826,.T.);
#1203=ORIENTED_EDGE('',*,*,#823,.T.);
#1204=ORIENTED_EDGE('',*,*,#820,.T.);
#1205=ORIENTED_EDGE('',*,*,#817,.T.);
#1206=ORIENTED_EDGE('',*,*,#814,.T.);
#1207=ORIENTED_EDGE('',*,*,#811,.T.);
#1208=ORIENTED_EDGE('',*,*,#808,.T.);
#1209=ORIENTED_EDGE('',*,*,#805,.T.);
#1210=ORIENTED_EDGE('',*,*,#831,.T.);
#1211=ORIENTED_EDGE('',*,*,#847,.T.);
#1212=ORIENTED_EDGE('',*,*,#844,.T.);
#1213=ORIENTED_EDGE('',*,*,#841,.T.);
#1214=ORIENTED_EDGE('',*,*,#838,.T.);
#1215=ORIENTED_EDGE('',*,*,#835,.T.);
#1216=ORIENTED_EDGE('',*,*,#870,.F.);
#1217=ORIENTED_EDGE('',*,*,#878,.F.);
#1218=ORIENTED_EDGE('',*,*,#773,.F.);
#1219=ORIENTED_EDGE('',*,*,#879,.T.);
#1220=ORIENTED_EDGE('',*,*,#872,.F.);
#1221=ORIENTED_EDGE('',*,*,#879,.F.);
#1222=ORIENTED_EDGE('',*,*,#780,.F.);
#1223=ORIENTED_EDGE('',*,*,#877,.T.);
#1224=ORIENTED_EDGE('',*,*,#864,.F.);
#1225=ORIENTED_EDGE('',*,*,#874,.F.);
#1226=ORIENTED_EDGE('',*,*,#775,.F.);
#1227=ORIENTED_EDGE('',*,*,#880,.F.);
#1228=ORIENTED_EDGE('',*,*,#867,.F.);
#1229=ORIENTED_EDGE('',*,*,#880,.T.);
#1230=ORIENTED_EDGE('',*,*,#774,.F.);
#1231=ORIENTED_EDGE('',*,*,#878,.T.);
#1232=ORIENTED_EDGE('',*,*,#881,.F.);
#1233=ORIENTED_EDGE('',*,*,#788,.T.);
#1234=ORIENTED_EDGE('',*,*,#758,.F.);
#1235=ORIENTED_EDGE('',*,*,#882,.F.);
#1236=ORIENTED_EDGE('',*,*,#883,.F.);
#1237=ORIENTED_EDGE('',*,*,#882,.T.);
#1238=ORIENTED_EDGE('',*,*,#757,.F.);
#1239=ORIENTED_EDGE('',*,*,#782,.F.);
#1240=ORIENTED_EDGE('',*,*,#744,.F.);
#1241=ORIENTED_EDGE('',*,*,#772,.F.);
#1242=ORIENTED_EDGE('',*,*,#800,.F.);
#1243=ORIENTED_EDGE('',*,*,#884,.F.);
#1244=ORIENTED_EDGE('',*,*,#885,.F.);
#1245=ORIENTED_EDGE('',*,*,#797,.T.);
#1246=ORIENTED_EDGE('',*,*,#766,.F.);
#1247=ORIENTED_EDGE('',*,*,#886,.F.);
#1248=ORIENTED_EDGE('',*,*,#887,.F.);
#1249=ORIENTED_EDGE('',*,*,#886,.T.);
#1250=ORIENTED_EDGE('',*,*,#765,.F.);
#1251=ORIENTED_EDGE('',*,*,#888,.F.);
#1252=ORIENTED_EDGE('',*,*,#889,.F.);
#1253=ORIENTED_EDGE('',*,*,#888,.T.);
#1254=ORIENTED_EDGE('',*,*,#764,.F.);
#1255=ORIENTED_EDGE('',*,*,#791,.F.);
#1256=ORIENTED_EDGE('',*,*,#884,.T.);
#1257=ORIENTED_EDGE('',*,*,#799,.T.);
#1258=ORIENTED_EDGE('',*,*,#729,.F.);
#1259=ORIENTED_EDGE('',*,*,#733,.T.);
#1260=ORIENTED_EDGE('',*,*,#792,.T.);
#1261=ORIENTED_EDGE('',*,*,#794,.T.);
#1262=ORIENTED_EDGE('',*,*,#796,.T.);
#1263=ORIENTED_EDGE('',*,*,#724,.T.);
#1264=ORIENTED_EDGE('',*,*,#720,.F.);
#1265=ORIENTED_EDGE('',*,*,#798,.T.);
#1266=ORIENTED_EDGE('',*,*,#885,.T.);
#1267=ORIENTED_EDGE('',*,*,#887,.T.);
#1268=ORIENTED_EDGE('',*,*,#889,.T.);
#1269=ORIENTED_EDGE('',*,*,#790,.T.);
#1270=ORIENTED_EDGE('',*,*,#708,.F.);
#1271=ORIENTED_EDGE('',*,*,#712,.T.);
#1272=ORIENTED_EDGE('',*,*,#783,.T.);
#1273=ORIENTED_EDGE('',*,*,#785,.T.);
#1274=ORIENTED_EDGE('',*,*,#787,.T.);
#1275=ORIENTED_EDGE('',*,*,#717,.T.);
#1276=ORIENTED_EDGE('',*,*,#713,.F.);
#1277=ORIENTED_EDGE('',*,*,#789,.T.);
#1278=ORIENTED_EDGE('',*,*,#881,.T.);
#1279=ORIENTED_EDGE('',*,*,#883,.T.);
#1280=ORIENTED_EDGE('',*,*,#781,.T.);
#1281=ORIENTED_EDGE('',*,*,#736,.F.);
#1282=ORIENTED_EDGE('',*,*,#740,.F.);
#1283=ORIENTED_EDGE('',*,*,#748,.T.);
#1284=ORIENTED_EDGE('',*,*,#751,.F.);
#1285=ORIENTED_EDGE('',*,*,#754,.T.);
#1286=ORIENTED_EDGE('',*,*,#745,.F.);
#1287=ORIENTED_EDGE('',*,*,#741,.F.);
#1288=ORIENTED_EDGE('',*,*,#688,.T.);
#1289=ORIENTED_EDGE('',*,*,#704,.T.);
#1290=ORIENTED_EDGE('',*,*,#701,.T.);
#1291=ORIENTED_EDGE('',*,*,#698,.T.);
#1292=ORIENTED_EDGE('',*,*,#695,.T.);
#1293=ORIENTED_EDGE('',*,*,#692,.T.);
#1294=PLANE('',#1419);
#1295=PLANE('',#1420);
#1296=PLANE('',#1421);
#1297=PLANE('',#1422);
#1298=PLANE('',#1423);
#1299=PLANE('',#1424);
#1300=PLANE('',#1425);
#1301=PLANE('',#1429);
#1302=PLANE('',#1433);
#1303=PLANE('',#1437);
#1304=PLANE('',#1441);
#1305=PLANE('',#1445);
#1306=PLANE('',#1449);
#1307=PLANE('',#1453);
#1308=PLANE('',#1457);
#1309=PLANE('',#1475);
#1310=PLANE('',#1478);
#1311=PLANE('',#1479);
#1312=PLANE('',#1482);
#1313=PLANE('',#1485);
#1314=PLANE('',#1486);
#1315=PLANE('',#1487);
#1316=PLANE('',#1488);
#1317=PLANE('',#1489);
#1318=PLANE('',#1490);
#1319=PLANE('',#1491);
#1320=PLANE('',#1492);
#1321=PLANE('',#1493);
#1322=PLANE('',#1494);
#1323=PLANE('',#1495);
#1324=PLANE('',#1496);
#1325=PLANE('',#1497);
#1326=PLANE('',#1498);
#1327=PLANE('',#1499);
#1328=PLANE('',#1500);
#1329=PLANE('',#1501);
#1330=PLANE('',#1502);
#1331=PLANE('',#1503);
#1332=PLANE('',#1504);
#1333=PLANE('',#1530);
#1334=PLANE('',#1532);
#1335=PLANE('',#1533);
#1336=PLANE('',#1534);
#1337=PLANE('',#1536);
#1338=PLANE('',#1540);
#1339=PLANE('',#1545);
#1340=PLANE('',#1548);
#1341=ADVANCED_FACE('',(#104),#1294,.F.);
#1342=ADVANCED_FACE('',(#105),#1295,.F.);
#1343=ADVANCED_FACE('',(#106),#1296,.F.);
#1344=ADVANCED_FACE('',(#107),#1297,.F.);
#1345=ADVANCED_FACE('',(#108),#1298,.F.);
#1346=ADVANCED_FACE('',(#109),#1299,.F.);
#1347=ADVANCED_FACE('',(#110),#1300,.F.);
#1348=ADVANCED_FACE('',(#111),#79,.F.);
#1349=ADVANCED_FACE('',(#112),#1301,.T.);
#1350=ADVANCED_FACE('',(#113),#80,.F.);
#1351=ADVANCED_FACE('',(#114),#1302,.T.);
#1352=ADVANCED_FACE('',(#115),#81,.F.);
#1353=ADVANCED_FACE('',(#116),#1303,.T.);
#1354=ADVANCED_FACE('',(#117),#82,.F.);
#1355=ADVANCED_FACE('',(#118),#1304,.T.);
#1356=ADVANCED_FACE('',(#119),#83,.F.);
#1357=ADVANCED_FACE('',(#120),#1305,.T.);
#1358=ADVANCED_FACE('',(#121),#84,.F.);
#1359=ADVANCED_FACE('',(#122),#1306,.T.);
#1360=ADVANCED_FACE('',(#123),#85,.T.);
#1361=ADVANCED_FACE('',(#124),#1307,.T.);
#1362=ADVANCED_FACE('',(#125),#86,.T.);
#1363=ADVANCED_FACE('',(#126,#21),#1308,.F.);
#1364=ADVANCED_FACE('',(#127),#87,.T.);
#1365=ADVANCED_FACE('',(#128),#88,.T.);
#1366=ADVANCED_FACE('',(#129),#1309,.T.);
#1367=ADVANCED_FACE('',(#130),#89,.T.);
#1368=ADVANCED_FACE('',(#131),#1310,.T.);
#1369=ADVANCED_FACE('',(#132),#1311,.T.);
#1370=ADVANCED_FACE('',(#133),#90,.T.);
#1371=ADVANCED_FACE('',(#134),#1312,.T.);
#1372=ADVANCED_FACE('',(#135),#91,.T.);
#1373=ADVANCED_FACE('',(#136),#1313,.T.);
#1374=ADVANCED_FACE('',(#137),#1314,.T.);
#1375=ADVANCED_FACE('',(#138),#1315,.F.);
#1376=ADVANCED_FACE('',(#139),#1316,.F.);
#1377=ADVANCED_FACE('',(#140),#1317,.F.);
#1378=ADVANCED_FACE('',(#141),#1318,.F.);
#1379=ADVANCED_FACE('',(#142),#1319,.F.);
#1380=ADVANCED_FACE('',(#143),#1320,.F.);
#1381=ADVANCED_FACE('',(#144),#1321,.F.);
#1382=ADVANCED_FACE('',(#145),#1322,.F.);
#1383=ADVANCED_FACE('',(#146),#1323,.F.);
#1384=ADVANCED_FACE('',(#147),#1324,.F.);
#1385=ADVANCED_FACE('',(#148),#1325,.F.);
#1386=ADVANCED_FACE('',(#149),#1326,.F.);
#1387=ADVANCED_FACE('',(#150),#1327,.F.);
#1388=ADVANCED_FACE('',(#151),#1328,.F.);
#1389=ADVANCED_FACE('',(#152),#1329,.F.);
#1390=ADVANCED_FACE('',(#153),#1330,.F.);
#1391=ADVANCED_FACE('',(#154),#1331,.F.);
#1392=ADVANCED_FACE('',(#155),#1332,.F.);
#1393=ADVANCED_FACE('',(#156),#92,.T.);
#1394=ADVANCED_FACE('',(#157),#14,.T.);
#1395=ADVANCED_FACE('',(#158),#93,.T.);
#1396=ADVANCED_FACE('',(#159),#15,.T.);
#1397=ADVANCED_FACE('',(#160),#94,.T.);
#1398=ADVANCED_FACE('',(#161),#16,.T.);
#1399=ADVANCED_FACE('',(#162),#95,.T.);
#1400=ADVANCED_FACE('',(#163),#17,.T.);
#1401=ADVANCED_FACE('',(#164),#96,.T.);
#1402=ADVANCED_FACE('',(#165),#1333,.T.);
#1403=ADVANCED_FACE('',(#166),#97,.T.);
#1404=ADVANCED_FACE('',(#167),#1334,.T.);
#1405=ADVANCED_FACE('',(#168,#22,#23),#1335,.T.);
#1406=ADVANCED_FACE('',(#169),#1336,.T.);
#1407=ADVANCED_FACE('',(#170),#98,.T.);
#1408=ADVANCED_FACE('',(#171),#1337,.T.);
#1409=ADVANCED_FACE('',(#172),#99,.T.);
#1410=ADVANCED_FACE('',(#173),#100,.T.);
#1411=ADVANCED_FACE('',(#174),#1338,.T.);
#1412=ADVANCED_FACE('',(#175),#101,.T.);
#1413=ADVANCED_FACE('',(#176),#102,.T.);
#1414=ADVANCED_FACE('',(#177),#1339,.T.);
#1415=ADVANCED_FACE('',(#178),#103,.T.);
#1416=ADVANCED_FACE('',(#179,#24),#1340,.T.);
#1417=CLOSED_SHELL('',(#1341,#1342,#1343,#1344,#1345,#1346,#1347,#1348,
#1349,#1350,#1351,#1352,#1353,#1354,#1355,#1356,#1357,#1358,#1359,#1360,
#1361,#1362,#1363,#1364,#1365,#1366,#1367,#1368,#1369,#1370,#1371,#1372,
#1373,#1374,#1375,#1376,#1377,#1378,#1379,#1380,#1381,#1382,#1383,#1384,
#1385,#1386,#1387,#1388,#1389,#1390,#1391,#1392,#1393,#1394,#1395,#1396,
#1397,#1398,#1399,#1400,#1401,#1402,#1403,#1404,#1405,#1406,#1407,#1408,
#1409,#1410,#1411,#1412,#1413,#1414,#1415,#1416));
#1418=AXIS2_PLACEMENT_3D('',#1959,#1549,#1550);
#1419=AXIS2_PLACEMENT_3D('',#1960,#1551,#1552);
#1420=AXIS2_PLACEMENT_3D('',#1969,#1557,#1558);
#1421=AXIS2_PLACEMENT_3D('',#1975,#1562,#1563);
#1422=AXIS2_PLACEMENT_3D('',#1981,#1567,#1568);
#1423=AXIS2_PLACEMENT_3D('',#1987,#1572,#1573);
#1424=AXIS2_PLACEMENT_3D('',#1993,#1577,#1578);
#1425=AXIS2_PLACEMENT_3D('',#1996,#1581,#1582);
#1426=AXIS2_PLACEMENT_3D('',#1997,#1583,#1584);
#1427=AXIS2_PLACEMENT_3D('',#2000,#1585,#1586);
#1428=AXIS2_PLACEMENT_3D('',#2004,#1588,#1589);
#1429=AXIS2_PLACEMENT_3D('',#2006,#1591,#1592);
#1430=AXIS2_PLACEMENT_3D('',#2012,#1596,#1597);
#1431=AXIS2_PLACEMENT_3D('',#2015,#1598,#1599);
#1432=AXIS2_PLACEMENT_3D('',#2019,#1601,#1602);
#1433=AXIS2_PLACEMENT_3D('',#2021,#1604,#1605);
#1434=AXIS2_PLACEMENT_3D('',#2027,#1609,#1610);
#1435=AXIS2_PLACEMENT_3D('',#2030,#1611,#1612);
#1436=AXIS2_PLACEMENT_3D('',#2034,#1614,#1615);
#1437=AXIS2_PLACEMENT_3D('',#2036,#1617,#1618);
#1438=AXIS2_PLACEMENT_3D('',#2042,#1622,#1623);
#1439=AXIS2_PLACEMENT_3D('',#2045,#1624,#1625);
#1440=AXIS2_PLACEMENT_3D('',#2049,#1627,#1628);
#1441=AXIS2_PLACEMENT_3D('',#2051,#1630,#1631);
#1442=AXIS2_PLACEMENT_3D('',#2057,#1635,#1636);
#1443=AXIS2_PLACEMENT_3D('',#2060,#1637,#1638);
#1444=AXIS2_PLACEMENT_3D('',#2064,#1640,#1641);
#1445=AXIS2_PLACEMENT_3D('',#2066,#1643,#1644);
#1446=AXIS2_PLACEMENT_3D('',#2072,#1648,#1649);
#1447=AXIS2_PLACEMENT_3D('',#2075,#1650,#1651);
#1448=AXIS2_PLACEMENT_3D('',#2079,#1653,#1654);
#1449=AXIS2_PLACEMENT_3D('',#2081,#1656,#1657);
#1450=AXIS2_PLACEMENT_3D('',#2087,#1661,#1662);
#1451=AXIS2_PLACEMENT_3D('',#2089,#1663,#1664);
#1452=AXIS2_PLACEMENT_3D('',#2091,#1665,#1666);
#1453=AXIS2_PLACEMENT_3D('',#2093,#1668,#1669);
#1454=AXIS2_PLACEMENT_3D('',#2099,#1673,#1674);
#1455=AXIS2_PLACEMENT_3D('',#2100,#1675,#1676);
#1456=AXIS2_PLACEMENT_3D('',#2101,#1677,#1678);
#1457=AXIS2_PLACEMENT_3D('',#2102,#1679,#1680);
#1458=AXIS2_PLACEMENT_3D('',#2104,#1681,#1682);
#1459=AXIS2_PLACEMENT_3D('',#2108,#1684,#1685);
#1460=AXIS2_PLACEMENT_3D('',#2111,#1687,#1688);
#1461=AXIS2_PLACEMENT_3D('',#2114,#1690,#1691);
#1462=AXIS2_PLACEMENT_3D('',#2118,#1693,#1694);
#1463=AXIS2_PLACEMENT_3D('',#2122,#1696,#1697);
#1464=AXIS2_PLACEMENT_3D('',#2125,#1699,#1700);
#1465=AXIS2_PLACEMENT_3D('',#2128,#1702,#1703);
#1466=AXIS2_PLACEMENT_3D('',#2131,#1705,#1706);
#1467=AXIS2_PLACEMENT_3D('',#2136,#1708,#1709);
#1468=AXIS2_PLACEMENT_3D('',#2140,#1711,#1712);
#1469=AXIS2_PLACEMENT_3D('',#2144,#1714,#1715);
#1470=AXIS2_PLACEMENT_3D('',#2147,#1717,#1718);
#1471=AXIS2_PLACEMENT_3D('',#2148,#1719,#1720);
#1472=AXIS2_PLACEMENT_3D('',#2150,#1721,#1722);
#1473=AXIS2_PLACEMENT_3D('',#2152,#1724,#1725);
#1474=AXIS2_PLACEMENT_3D('',#2154,#1726,#1727);
#1475=AXIS2_PLACEMENT_3D('',#2156,#1729,#1730);
#1476=AXIS2_PLACEMENT_3D('',#2160,#1733,#1734);
#1477=AXIS2_PLACEMENT_3D('',#2161,#1735,#1736);
#1478=AXIS2_PLACEMENT_3D('',#2162,#1737,#1738);
#1479=AXIS2_PLACEMENT_3D('',#2166,#1741,#1742);
#1480=AXIS2_PLACEMENT_3D('',#2170,#1745,#1746);
#1481=AXIS2_PLACEMENT_3D('',#2172,#1747,#1748);
#1482=AXIS2_PLACEMENT_3D('',#2174,#1750,#1751);
#1483=AXIS2_PLACEMENT_3D('',#2178,#1754,#1755);
#1484=AXIS2_PLACEMENT_3D('',#2179,#1756,#1757);
#1485=AXIS2_PLACEMENT_3D('',#2180,#1758,#1759);
#1486=AXIS2_PLACEMENT_3D('',#2184,#1762,#1763);
#1487=AXIS2_PLACEMENT_3D('',#2188,#1766,#1767);
#1488=AXIS2_PLACEMENT_3D('',#2197,#1772,#1773);
#1489=AXIS2_PLACEMENT_3D('',#2203,#1777,#1778);
#1490=AXIS2_PLACEMENT_3D('',#2209,#1782,#1783);
#1491=AXIS2_PLACEMENT_3D('',#2215,#1787,#1788);
#1492=AXIS2_PLACEMENT_3D('',#2221,#1792,#1793);
#1493=AXIS2_PLACEMENT_3D('',#2227,#1797,#1798);
#1494=AXIS2_PLACEMENT_3D('',#2233,#1802,#1803);
#1495=AXIS2_PLACEMENT_3D('',#2239,#1807,#1808);
#1496=AXIS2_PLACEMENT_3D('',#2245,#1812,#1813);
#1497=AXIS2_PLACEMENT_3D('',#2248,#1816,#1817);
#1498=AXIS2_PLACEMENT_3D('',#2249,#1818,#1819);
#1499=AXIS2_PLACEMENT_3D('',#2258,#1824,#1825);
#1500=AXIS2_PLACEMENT_3D('',#2264,#1829,#1830);
#1501=AXIS2_PLACEMENT_3D('',#2270,#1834,#1835);
#1502=AXIS2_PLACEMENT_3D('',#2276,#1839,#1840);
#1503=AXIS2_PLACEMENT_3D('',#2282,#1844,#1845);
#1504=AXIS2_PLACEMENT_3D('',#2285,#1848,#1849);
#1505=AXIS2_PLACEMENT_3D('',#2286,#1850,#1851);
#1506=AXIS2_PLACEMENT_3D('',#2289,#1852,#1853);
#1507=AXIS2_PLACEMENT_3D('',#2293,#1855,#1856);
#1508=AXIS2_PLACEMENT_3D('',#2295,#1858,#1859);
#1509=AXIS2_PLACEMENT_3D('',#2298,#1860,#1861);
#1510=AXIS2_PLACEMENT_3D('',#2299,#1862,#1863);
#1511=AXIS2_PLACEMENT_3D('',#2300,#1864,#1865);
#1512=AXIS2_PLACEMENT_3D('',#2301,#1866,#1867);
#1513=AXIS2_PLACEMENT_3D('',#2304,#1868,#1869);
#1514=AXIS2_PLACEMENT_3D('',#2307,#1872,#1873);
#1515=AXIS2_PLACEMENT_3D('',#2310,#1874,#1875);
#1516=AXIS2_PLACEMENT_3D('',#2311,#1876,#1877);
#1517=AXIS2_PLACEMENT_3D('',#2312,#1878,#1879);
#1518=AXIS2_PLACEMENT_3D('',#2313,#1880,#1881);
#1519=AXIS2_PLACEMENT_3D('',#2316,#1882,#1883);
#1520=AXIS2_PLACEMENT_3D('',#2319,#1886,#1887);
#1521=AXIS2_PLACEMENT_3D('',#2322,#1888,#1889);
#1522=AXIS2_PLACEMENT_3D('',#2323,#1890,#1891);
#1523=AXIS2_PLACEMENT_3D('',#2324,#1892,#1893);
#1524=AXIS2_PLACEMENT_3D('',#2325,#1894,#1895);
#1525=AXIS2_PLACEMENT_3D('',#2328,#1896,#1897);
#1526=AXIS2_PLACEMENT_3D('',#2331,#1900,#1901);
#1527=AXIS2_PLACEMENT_3D('',#2332,#1902,#1903);
#1528=AXIS2_PLACEMENT_3D('',#2333,#1904,#1905);
#1529=AXIS2_PLACEMENT_3D('',#2334,#1906,#1907);
#1530=AXIS2_PLACEMENT_3D('',#2337,#1910,#1911);
#1531=AXIS2_PLACEMENT_3D('',#2339,#1913,#1914);
#1532=AXIS2_PLACEMENT_3D('',#2341,#1916,#1917);
#1533=AXIS2_PLACEMENT_3D('',#2343,#1919,#1920);
#1534=AXIS2_PLACEMENT_3D('',#2344,#1921,#1922);
#1535=AXIS2_PLACEMENT_3D('',#2347,#1925,#1926);
#1536=AXIS2_PLACEMENT_3D('',#2348,#1927,#1928);
#1537=AXIS2_PLACEMENT_3D('',#2350,#1930,#1931);
#1538=AXIS2_PLACEMENT_3D('',#2351,#1932,#1933);
#1539=AXIS2_PLACEMENT_3D('',#2353,#1934,#1935);
#1540=AXIS2_PLACEMENT_3D('',#2355,#1937,#1938);
#1541=AXIS2_PLACEMENT_3D('',#2357,#1940,#1941);
#1542=AXIS2_PLACEMENT_3D('',#2358,#1942,#1943);
#1543=AXIS2_PLACEMENT_3D('',#2359,#1944,#1945);
#1544=AXIS2_PLACEMENT_3D('',#2361,#1946,#1947);
#1545=AXIS2_PLACEMENT_3D('',#2363,#1949,#1950);
#1546=AXIS2_PLACEMENT_3D('',#2367,#1953,#1954);
#1547=AXIS2_PLACEMENT_3D('',#2368,#1955,#1956);
#1548=AXIS2_PLACEMENT_3D('',#2369,#1957,#1958);
#1549=DIRECTION('axis',(0.,0.,1.));
#1550=DIRECTION('refdir',(1.,0.,0.));
#1551=DIRECTION('center_axis',(1.,3.33290714077811E-16,0.));
#1552=DIRECTION('ref_axis',(3.33290714077811E-16,-1.,0.));
#1553=DIRECTION('',(3.33290714077811E-16,-1.,0.));
#1554=DIRECTION('',(0.,0.,-1.));
#1555=DIRECTION('',(3.33290714077811E-16,-1.,0.));
#1556=DIRECTION('',(0.,0.,-1.));
#1557=DIRECTION('center_axis',(1.02891413737412E-15,-1.,0.));
#1558=DIRECTION('ref_axis',(-1.,-1.02891413737412E-15,0.));
#1559=DIRECTION('',(-1.,-1.02891413737412E-15,0.));
#1560=DIRECTION('',(0.,0.,-1.));
#1561=DIRECTION('',(-1.,-1.02891413737412E-15,0.));
#1562=DIRECTION('center_axis',(1.,2.76257042037625E-16,0.));
#1563=DIRECTION('ref_axis',(2.76257042037625E-16,-1.,0.));
#1564=DIRECTION('',(2.76257042037625E-16,-1.,0.));
#1565=DIRECTION('',(0.,0.,-1.));
#1566=DIRECTION('',(2.76257042037625E-16,-1.,0.));
#1567=DIRECTION('center_axis',(-1.11022300808154E-15,1.,0.));
#1568=DIRECTION('ref_axis',(1.,1.11022300808154E-15,0.));
#1569=DIRECTION('',(1.,1.11022300808154E-15,0.));
#1570=DIRECTION('',(0.,0.,-1.));
#1571=DIRECTION('',(1.,1.11022300808154E-15,0.));
#1572=DIRECTION('center_axis',(-1.,-2.07887577492743E-16,0.));
#1573=DIRECTION('ref_axis',(-2.07887577492743E-16,1.,0.));
#1574=DIRECTION('',(-2.07887577492743E-16,1.,0.));
#1575=DIRECTION('',(0.,0.,-1.));
#1576=DIRECTION('',(-2.07887577492743E-16,1.,0.));
#1577=DIRECTION('center_axis',(1.45521312365649E-15,-1.,0.));
#1578=DIRECTION('ref_axis',(-1.,-1.45521312365649E-15,0.));
#1579=DIRECTION('',(-1.,-1.45521312365649E-15,0.));
#1580=DIRECTION('',(-1.,-1.45521312365649E-15,0.));
#1581=DIRECTION('center_axis',(0.,0.,-1.));
#1582=DIRECTION('ref_axis',(-1.,0.,0.));
#1583=DIRECTION('center_axis',(0.,0.,1.));
#1584=DIRECTION('ref_axis',(0.707106781186548,-0.707106781186548,0.));
#1585=DIRECTION('center_axis',(0.,0.,-1.));
#1586=DIRECTION('ref_axis',(0.707106781186548,-0.707106781186548,0.));
#1587=DIRECTION('',(0.,0.,1.));
#1588=DIRECTION('center_axis',(0.,0.,1.));
#1589=DIRECTION('ref_axis',(0.707106781186548,-0.707106781186548,0.));
#1590=DIRECTION('',(0.,0.,-1.));
#1591=DIRECTION('center_axis',(0.,1.,0.));
#1592=DIRECTION('ref_axis',(1.,0.,0.));
#1593=DIRECTION('',(1.,0.,0.));
#1594=DIRECTION('',(0.,0.,-1.));
#1595=DIRECTION('',(-1.,0.,0.));
#1596=DIRECTION('center_axis',(0.,0.,-1.));
#1597=DIRECTION('ref_axis',(0.707106781186547,0.707106781186548,0.));
#1598=DIRECTION('center_axis',(0.,0.,1.));
#1599=DIRECTION('ref_axis',(0.707106781186547,0.707106781186548,0.));
#1600=DIRECTION('',(0.,0.,-1.));
#1601=DIRECTION('center_axis',(0.,0.,-1.));
#1602=DIRECTION('ref_axis',(0.707106781186547,0.707106781186548,0.));
#1603=DIRECTION('',(0.,0.,1.));
#1604=DIRECTION('center_axis',(0.,-1.,0.));
#1605=DIRECTION('ref_axis',(-1.,0.,0.));
#1606=DIRECTION('',(1.,0.,0.));
#1607=DIRECTION('',(0.,0.,-1.));
#1608=DIRECTION('',(-1.,0.,0.));
#1609=DIRECTION('center_axis',(0.,0.,-1.));
#1610=DIRECTION('ref_axis',(-0.707106781186549,-0.707106781186546,0.));
#1611=DIRECTION('center_axis',(0.,0.,1.));
#1612=DIRECTION('ref_axis',(-0.707106781186549,-0.707106781186546,0.));
#1613=DIRECTION('',(0.,0.,-1.));
#1614=DIRECTION('center_axis',(0.,0.,-1.));
#1615=DIRECTION('ref_axis',(-0.707106781186549,-0.707106781186546,0.));
#1616=DIRECTION('',(0.,0.,1.));
#1617=DIRECTION('center_axis',(8.88178419700116E-16,1.,0.));
#1618=DIRECTION('ref_axis',(1.,-8.88178419700116E-16,0.));
#1619=DIRECTION('',(-1.,8.88178419700116E-16,0.));
#1620=DIRECTION('',(0.,0.,-1.));
#1621=DIRECTION('',(1.,-8.88178419700116E-16,0.));
#1622=DIRECTION('center_axis',(0.,0.,1.));
#1623=DIRECTION('ref_axis',(-0.707106781186547,0.707106781186548,0.));
#1624=DIRECTION('center_axis',(0.,0.,-1.));
#1625=DIRECTION('ref_axis',(-0.707106781186547,0.707106781186548,0.));
#1626=DIRECTION('',(0.,0.,1.));
#1627=DIRECTION('center_axis',(0.,0.,1.));
#1628=DIRECTION('ref_axis',(-0.707106781186547,0.707106781186548,0.));
#1629=DIRECTION('',(0.,0.,-1.));
#1630=DIRECTION('center_axis',(0.,-1.,0.));
#1631=DIRECTION('ref_axis',(-1.,0.,0.));
#1632=DIRECTION('',(-1.,0.,0.));
#1633=DIRECTION('',(0.,0.,-1.));
#1634=DIRECTION('',(1.,0.,0.));
#1635=DIRECTION('center_axis',(0.,0.,1.));
#1636=DIRECTION('ref_axis',(0.276769020291158,0.960936475219394,0.));
#1637=DIRECTION('center_axis',(0.,0.,-1.));
#1638=DIRECTION('ref_axis',(0.276769020291158,0.960936475219394,0.));
#1639=DIRECTION('',(0.,0.,1.));
#1640=DIRECTION('center_axis',(0.,0.,1.));
#1641=DIRECTION('ref_axis',(0.276769020291158,0.960936475219394,0.));
#1642=DIRECTION('',(0.,0.,-1.));
#1643=DIRECTION('center_axis',(-0.707106781186547,-0.707106781186548,0.));
#1644=DIRECTION('ref_axis',(-0.707106781186548,0.707106781186547,0.));
#1645=DIRECTION('',(-0.707106781186548,0.707106781186547,0.));
#1646=DIRECTION('',(0.,0.,-1.));
#1647=DIRECTION('',(-0.707106781186548,0.707106781186547,0.));
#1648=DIRECTION('center_axis',(0.,0.,-1.));
#1649=DIRECTION('ref_axis',(-0.960936475219395,-0.276769020291155,0.));
#1650=DIRECTION('center_axis',(0.,0.,1.));
#1651=DIRECTION('ref_axis',(-0.960936475219395,-0.276769020291155,0.));
#1652=DIRECTION('',(0.,0.,-1.));
#1653=DIRECTION('center_axis',(0.,0.,-1.));
#1654=DIRECTION('ref_axis',(-0.960936475219395,-0.276769020291155,0.));
#1655=DIRECTION('',(0.,0.,1.));
#1656=DIRECTION('center_axis',(0.707106781186547,0.707106781186548,0.));
#1657=DIRECTION('ref_axis',(0.707106781186548,-0.707106781186547,0.));
#1658=DIRECTION('',(0.707106781186548,-0.707106781186547,0.));
#1659=DIRECTION('',(0.,0.,-1.));
#1660=DIRECTION('',(0.707106781186548,-0.707106781186547,0.));
#1661=DIRECTION('center_axis',(0.,0.,-1.));
#1662=DIRECTION('ref_axis',(-0.707106781186543,-0.707106781186552,0.));
#1663=DIRECTION('center_axis',(0.,0.,1.));
#1664=DIRECTION('ref_axis',(-0.707106781186543,-0.707106781186552,0.));
#1665=DIRECTION('center_axis',(0.,0.,-1.));
#1666=DIRECTION('ref_axis',(-0.707106781186543,-0.707106781186552,0.));
#1667=DIRECTION('',(0.,0.,-1.));
#1668=DIRECTION('center_axis',(0.707106781186548,-0.707106781186547,0.));
#1669=DIRECTION('ref_axis',(-0.707106781186547,-0.707106781186548,0.));
#1670=DIRECTION('',(-0.707106781186547,-0.707106781186548,0.));
#1671=DIRECTION('',(-0.707106781186547,-0.707106781186548,0.));
#1672=DIRECTION('',(0.,0.,-1.));
#1673=DIRECTION('center_axis',(0.,0.,-1.));
#1674=DIRECTION('ref_axis',(0.707106781186549,-0.707106781186546,0.));
#1675=DIRECTION('center_axis',(0.,0.,1.));
#1676=DIRECTION('ref_axis',(0.707106781186549,-0.707106781186546,0.));
#1677=DIRECTION('center_axis',(0.,0.,-1.));
#1678=DIRECTION('ref_axis',(0.707106781186549,-0.707106781186546,0.));
#1679=DIRECTION('center_axis',(0.,0.,1.));
#1680=DIRECTION('ref_axis',(-1.,0.,0.));
#1681=DIRECTION('center_axis',(0.,0.,-1.));
#1682=DIRECTION('ref_axis',(0.,-1.,0.));
#1683=DIRECTION('',(-1.,0.,0.));
#1684=DIRECTION('center_axis',(0.,0.,-1.));
#1685=DIRECTION('ref_axis',(-1.,0.,0.));
#1686=DIRECTION('',(0.,1.,0.));
#1687=DIRECTION('center_axis',(0.,0.,-1.));
#1688=DIRECTION('ref_axis',(-1.,-4.44089209850064E-15,0.));
#1689=DIRECTION('',(-1.11022302462516E-15,1.,0.));
#1690=DIRECTION('center_axis',(0.,0.,-1.));
#1691=DIRECTION('ref_axis',(0.,1.,0.));
#1692=DIRECTION('',(0.,1.,0.));
#1693=DIRECTION('center_axis',(0.,0.,-1.));
#1694=DIRECTION('ref_axis',(0.,1.,0.));
#1695=DIRECTION('',(1.,0.,0.));
#1696=DIRECTION('center_axis',(0.,0.,-1.));
#1697=DIRECTION('ref_axis',(1.,0.,0.));
#1698=DIRECTION('',(1.0449157878825E-15,-1.,0.));
#1699=DIRECTION('center_axis',(0.,0.,-1.));
#1700=DIRECTION('ref_axis',(1.,4.44089209850062E-15,0.));
#1701=DIRECTION('',(-5.55111512312579E-16,-1.,0.));
#1702=DIRECTION('center_axis',(0.,0.,-1.));
#1703=DIRECTION('ref_axis',(0.,-1.,0.));
#1704=DIRECTION('',(1.0449157878825E-15,-1.,0.));
#1705=DIRECTION('center_axis',(0.,0.,-1.));
#1706=DIRECTION('ref_axis',(0.,-1.,0.));
#1707=DIRECTION('',(0.,-1.,0.));
#1708=DIRECTION('center_axis',(0.,0.,1.));
#1709=DIRECTION('ref_axis',(0.,-1.,0.));
#1710=DIRECTION('',(1.,0.,0.));
#1711=DIRECTION('center_axis',(0.,0.,1.));
#1712=DIRECTION('ref_axis',(1.,0.,0.));
#1713=DIRECTION('',(0.,1.,0.));
#1714=DIRECTION('center_axis',(0.,0.,1.));
#1715=DIRECTION('ref_axis',(0.,1.,0.));
#1716=DIRECTION('',(-1.,0.,0.));
#1717=DIRECTION('center_axis',(0.,0.,1.));
#1718=DIRECTION('ref_axis',(-1.,0.,0.));
#1719=DIRECTION('center_axis',(0.,0.,-1.));
#1720=DIRECTION('ref_axis',(0.,-1.,0.));
#1721=DIRECTION('center_axis',(0.,0.,1.));
#1722=DIRECTION('ref_axis',(0.,-1.,0.));
#1723=DIRECTION('',(0.,0.,-1.));
#1724=DIRECTION('center_axis',(0.,0.,-1.));
#1725=DIRECTION('ref_axis',(0.,1.,0.));
#1726=DIRECTION('center_axis',(0.,0.,1.));
#1727=DIRECTION('ref_axis',(0.,1.,0.));
#1728=DIRECTION('',(0.,0.,-1.));
#1729=DIRECTION('center_axis',(-1.,-1.11022302462516E-15,0.));
#1730=DIRECTION('ref_axis',(-1.11022302462516E-15,1.,0.));
#1731=DIRECTION('',(1.11022302462516E-15,-1.,0.));
#1732=DIRECTION('',(0.,0.,-1.));
#1733=DIRECTION('center_axis',(0.,0.,-1.));
#1734=DIRECTION('ref_axis',(-1.,-4.44089209850064E-15,0.));
#1735=DIRECTION('center_axis',(0.,0.,1.));
#1736=DIRECTION('ref_axis',(-1.,-4.44089209850064E-15,0.));
#1737=DIRECTION('center_axis',(-1.,0.,0.));
#1738=DIRECTION('ref_axis',(0.,1.,0.));
#1739=DIRECTION('',(0.,0.,-1.));
#1740=DIRECTION('',(0.,-1.,0.));
#1741=DIRECTION('center_axis',(-1.,0.,0.));
#1742=DIRECTION('ref_axis',(0.,1.,0.));
#1743=DIRECTION('',(0.,-1.,0.));
#1744=DIRECTION('',(0.,0.,-1.));
#1745=DIRECTION('center_axis',(0.,0.,-1.));
#1746=DIRECTION('ref_axis',(0.,-1.,0.));
#1747=DIRECTION('center_axis',(0.,0.,1.));
#1748=DIRECTION('ref_axis',(0.,-1.,0.));
#1749=DIRECTION('',(0.,0.,-1.));
#1750=DIRECTION('center_axis',(1.,-5.55111512312579E-16,0.));
#1751=DIRECTION('ref_axis',(-5.55111512312579E-16,-1.,0.));
#1752=DIRECTION('',(5.55111512312579E-16,1.,0.));
#1753=DIRECTION('',(0.,0.,-1.));
#1754=DIRECTION('center_axis',(0.,0.,-1.));
#1755=DIRECTION('ref_axis',(1.,4.44089209850062E-15,0.));
#1756=DIRECTION('center_axis',(0.,0.,1.));
#1757=DIRECTION('ref_axis',(1.,4.44089209850062E-15,0.));
#1758=DIRECTION('center_axis',(1.,1.0449157878825E-15,0.));
#1759=DIRECTION('ref_axis',(1.0449157878825E-15,-1.,0.));
#1760=DIRECTION('',(0.,0.,-1.));
#1761=DIRECTION('',(-1.0449157878825E-15,1.,0.));
#1762=DIRECTION('center_axis',(1.,1.0449157878825E-15,0.));
#1763=DIRECTION('ref_axis',(1.0449157878825E-15,-1.,0.));
#1764=DIRECTION('',(-1.0449157878825E-15,1.,0.));
#1765=DIRECTION('',(0.,0.,-1.));
#1766=DIRECTION('center_axis',(1.,0.,0.));
#1767=DIRECTION('ref_axis',(0.,1.,0.));
#1768=DIRECTION('',(0.,1.,0.));
#1769=DIRECTION('',(0.,0.,1.));
#1770=DIRECTION('',(0.,1.,0.));
#1771=DIRECTION('',(0.,0.,1.));
#1772=DIRECTION('center_axis',(-0.628843341386195,0.77753202634634,0.));
#1773=DIRECTION('ref_axis',(-0.77753202634634,-0.628843341386195,0.));
#1774=DIRECTION('',(-0.77753202634634,-0.628843341386195,0.));
#1775=DIRECTION('',(0.,0.,1.));
#1776=DIRECTION('',(-0.77753202634634,-0.628843341386195,0.));
#1777=DIRECTION('center_axis',(0.,1.,0.));
#1778=DIRECTION('ref_axis',(-1.,0.,0.));
#1779=DIRECTION('',(-1.,0.,0.));
#1780=DIRECTION('',(0.,0.,1.));
#1781=DIRECTION('',(-1.,0.,0.));
#1782=DIRECTION('center_axis',(1.,0.,0.));
#1783=DIRECTION('ref_axis',(0.,1.,0.));
#1784=DIRECTION('',(0.,1.,0.));
#1785=DIRECTION('',(0.,0.,1.));
#1786=DIRECTION('',(0.,1.,0.));
#1787=DIRECTION('center_axis',(0.,-1.,0.));
#1788=DIRECTION('ref_axis',(1.,0.,0.));
#1789=DIRECTION('',(1.,0.,0.));
#1790=DIRECTION('',(0.,0.,1.));
#1791=DIRECTION('',(1.,0.,0.));
#1792=DIRECTION('center_axis',(-1.,0.,0.));
#1793=DIRECTION('ref_axis',(0.,-1.,0.));
#1794=DIRECTION('',(0.,-1.,0.));
#1795=DIRECTION('',(0.,0.,1.));
#1796=DIRECTION('',(0.,-1.,0.));
#1797=DIRECTION('center_axis',(0.626879260204114,-0.779116418211003,0.));
#1798=DIRECTION('ref_axis',(0.779116418211003,0.626879260204114,0.));
#1799=DIRECTION('',(0.779116418211003,0.626879260204114,0.));
#1800=DIRECTION('',(0.,0.,1.));
#1801=DIRECTION('',(0.779116418211003,0.626879260204114,0.));
#1802=DIRECTION('center_axis',(0.,-1.,0.));
#1803=DIRECTION('ref_axis',(1.,0.,0.));
#1804=DIRECTION('',(1.,0.,0.));
#1805=DIRECTION('',(0.,0.,1.));
#1806=DIRECTION('',(1.,0.,0.));
#1807=DIRECTION('center_axis',(-1.,0.,0.));
#1808=DIRECTION('ref_axis',(0.,-1.,0.));
#1809=DIRECTION('',(0.,-1.,0.));
#1810=DIRECTION('',(0.,0.,1.));
#1811=DIRECTION('',(0.,-1.,0.));
#1812=DIRECTION('center_axis',(0.,1.,0.));
#1813=DIRECTION('ref_axis',(-1.,0.,0.));
#1814=DIRECTION('',(-1.,0.,0.));
#1815=DIRECTION('',(-1.,0.,0.));
#1816=DIRECTION('center_axis',(0.,0.,1.));
#1817=DIRECTION('ref_axis',(1.,0.,0.));
#1818=DIRECTION('center_axis',(1.,0.,0.));
#1819=DIRECTION('ref_axis',(0.,1.,0.));
#1820=DIRECTION('',(0.,1.,0.));
#1821=DIRECTION('',(0.,0.,1.));
#1822=DIRECTION('',(0.,1.,0.));
#1823=DIRECTION('',(0.,0.,1.));
#1824=DIRECTION('center_axis',(7.34109188204901E-15,1.,0.));
#1825=DIRECTION('ref_axis',(-1.,7.34109188204901E-15,0.));
#1826=DIRECTION('',(-1.,7.34109188204901E-15,0.));
#1827=DIRECTION('',(0.,0.,1.));
#1828=DIRECTION('',(-1.,7.34109188204901E-15,0.));
#1829=DIRECTION('center_axis',(1.,0.,0.));
#1830=DIRECTION('ref_axis',(0.,1.,0.));
#1831=DIRECTION('',(0.,1.,0.));
#1832=DIRECTION('',(0.,0.,1.));
#1833=DIRECTION('',(0.,1.,0.));
#1834=DIRECTION('center_axis',(-5.92118922938058E-15,-1.,0.));
#1835=DIRECTION('ref_axis',(1.,-5.92118922938058E-15,0.));
#1836=DIRECTION('',(1.,-5.92118922938058E-15,0.));
#1837=DIRECTION('',(0.,0.,1.));
#1838=DIRECTION('',(1.,-5.92118922938058E-15,0.));
#1839=DIRECTION('center_axis',(-1.,0.,0.));
#1840=DIRECTION('ref_axis',(0.,-1.,0.));
#1841=DIRECTION('',(0.,-1.,0.));
#1842=DIRECTION('',(0.,0.,1.));
#1843=DIRECTION('',(0.,-1.,0.));
#1844=DIRECTION('center_axis',(0.,1.,0.));
#1845=DIRECTION('ref_axis',(-1.,0.,0.));
#1846=DIRECTION('',(-1.,0.,0.));
#1847=DIRECTION('',(-1.,0.,0.));
#1848=DIRECTION('center_axis',(0.,0.,1.));
#1849=DIRECTION('ref_axis',(1.,0.,0.));
#1850=DIRECTION('center_axis',(1.,0.,0.));
#1851=DIRECTION('ref_axis',(0.,0.707106781186553,-0.707106781186543));
#1852=DIRECTION('center_axis',(1.,0.,0.));
#1853=DIRECTION('ref_axis',(0.,0.,-1.));
#1854=DIRECTION('',(1.,0.,0.));
#1855=DIRECTION('center_axis',(-1.,0.,0.));
#1856=DIRECTION('ref_axis',(0.,1.,0.));
#1857=DIRECTION('',(-1.,0.,0.));
#1858=DIRECTION('center_axis',(0.,0.,-1.));
#1859=DIRECTION('ref_axis',(-1.,0.,0.));
#1860=DIRECTION('center_axis',(0.,1.,0.));
#1861=DIRECTION('ref_axis',(1.,0.,0.));
#1862=DIRECTION('center_axis',(0.,0.,1.));
#1863=DIRECTION('ref_axis',(0.707106781186544,0.707106781186551,0.));
#1864=DIRECTION('center_axis',(0.,0.,-1.));
#1865=DIRECTION('ref_axis',(0.707106781186544,0.707106781186551,0.));
#1866=DIRECTION('center_axis',(0.,-1.,0.));
#1867=DIRECTION('ref_axis',(0.70710678118654,0.,-0.707106781186555));
#1868=DIRECTION('center_axis',(0.,1.,0.));
#1869=DIRECTION('ref_axis',(1.,0.,0.));
#1870=DIRECTION('',(0.,1.,0.));
#1871=DIRECTION('',(0.,-1.,0.));
#1872=DIRECTION('center_axis',(0.,0.,-1.));
#1873=DIRECTION('ref_axis',(-1.,0.,0.));
#1874=DIRECTION('center_axis',(1.,0.,0.));
#1875=DIRECTION('ref_axis',(0.,-1.,0.));
#1876=DIRECTION('center_axis',(0.,0.,1.));
#1877=DIRECTION('ref_axis',(0.707106781186548,-0.707106781186548,0.));
#1878=DIRECTION('center_axis',(0.,0.,-1.));
#1879=DIRECTION('ref_axis',(0.707106781186548,-0.707106781186548,0.));
#1880=DIRECTION('center_axis',(-1.,0.,0.));
#1881=DIRECTION('ref_axis',(0.,-0.707106781186553,-0.707106781186543));
#1882=DIRECTION('center_axis',(1.,0.,0.));
#1883=DIRECTION('ref_axis',(0.,-1.,0.));
#1884=DIRECTION('',(1.,0.,0.));
#1885=DIRECTION('',(-1.,0.,0.));
#1886=DIRECTION('center_axis',(0.,0.,-1.));
#1887=DIRECTION('ref_axis',(-1.,0.,0.));
#1888=DIRECTION('center_axis',(0.,-1.,0.));
#1889=DIRECTION('ref_axis',(-1.,0.,0.));
#1890=DIRECTION('center_axis',(0.,0.,1.));
#1891=DIRECTION('ref_axis',(-0.707106781186548,-0.707106781186548,0.));
#1892=DIRECTION('center_axis',(0.,0.,-1.));
#1893=DIRECTION('ref_axis',(-0.707106781186548,-0.707106781186548,0.));
#1894=DIRECTION('center_axis',(0.,1.,0.));
#1895=DIRECTION('ref_axis',(-0.70710678118654,0.,-0.707106781186555));
#1896=DIRECTION('center_axis',(0.,-1.,0.));
#1897=DIRECTION('ref_axis',(-1.,0.,0.));
#1898=DIRECTION('',(0.,-1.,0.));
#1899=DIRECTION('',(0.,1.,0.));
#1900=DIRECTION('center_axis',(0.,0.,-1.));
#1901=DIRECTION('ref_axis',(-1.,0.,0.));
#1902=DIRECTION('center_axis',(0.,0.,1.));
#1903=DIRECTION('ref_axis',(-0.707106781186551,0.707106781186544,0.));
#1904=DIRECTION('center_axis',(0.,0.,-1.));
#1905=DIRECTION('ref_axis',(-0.707106781186551,0.707106781186544,0.));
#1906=DIRECTION('center_axis',(0.,0.,1.));
#1907=DIRECTION('ref_axis',(1.,0.,0.));
#1908=DIRECTION('',(0.,0.,-1.));
#1909=DIRECTION('',(0.,0.,-1.));
#1910=DIRECTION('center_axis',(1.,0.,0.));
#1911=DIRECTION('ref_axis',(0.,1.,0.));
#1912=DIRECTION('',(0.,0.,-1.));
#1913=DIRECTION('center_axis',(0.,0.,1.));
#1914=DIRECTION('ref_axis',(0.,1.,0.));
#1915=DIRECTION('',(0.,0.,-1.));
#1916=DIRECTION('center_axis',(0.,1.,0.));
#1917=DIRECTION('ref_axis',(-1.,0.,0.));
#1918=DIRECTION('',(0.,0.,-1.));
#1919=DIRECTION('center_axis',(0.,0.,-1.));
#1920=DIRECTION('ref_axis',(1.,0.,0.));
#1921=DIRECTION('center_axis',(-1.,0.,0.));
#1922=DIRECTION('ref_axis',(0.,-1.,0.));
#1923=DIRECTION('',(0.,0.,-1.));
#1924=DIRECTION('',(0.,0.,-1.));
#1925=DIRECTION('center_axis',(0.,0.,1.));
#1926=DIRECTION('ref_axis',(-1.,0.,0.));
#1927=DIRECTION('center_axis',(0.,-1.,0.));
#1928=DIRECTION('ref_axis',(1.,0.,0.));
#1929=DIRECTION('',(0.,0.,1.));
#1930=DIRECTION('center_axis',(0.,0.,1.));
#1931=DIRECTION('ref_axis',(0.,-1.,0.));
#1932=DIRECTION('center_axis',(0.,0.,-1.));
#1933=DIRECTION('ref_axis',(-1.,0.,0.));
#1934=DIRECTION('center_axis',(0.,0.,1.));
#1935=DIRECTION('ref_axis',(-1.,0.,0.));
#1936=DIRECTION('',(0.,0.,-1.));
#1937=DIRECTION('center_axis',(0.,-1.,0.));
#1938=DIRECTION('ref_axis',(-1.,0.,0.));
#1939=DIRECTION('',(1.,0.,0.));
#1940=DIRECTION('center_axis',(0.,0.,-1.));
#1941=DIRECTION('ref_axis',(0.,-1.,0.));
#1942=DIRECTION('center_axis',(0.,0.,1.));
#1943=DIRECTION('ref_axis',(0.,-1.,0.));
#1944=DIRECTION('center_axis',(0.,0.,-1.));
#1945=DIRECTION('ref_axis',(1.,0.,0.));
#1946=DIRECTION('center_axis',(0.,0.,1.));
#1947=DIRECTION('ref_axis',(1.,0.,0.));
#1948=DIRECTION('',(0.,0.,-1.));
#1949=DIRECTION('center_axis',(0.,1.,0.));
#1950=DIRECTION('ref_axis',(1.,0.,0.));
#1951=DIRECTION('',(-1.,0.,0.));
#1952=DIRECTION('',(0.,0.,-1.));
#1953=DIRECTION('center_axis',(0.,0.,-1.));
#1954=DIRECTION('ref_axis',(0.,1.,0.));
#1955=DIRECTION('center_axis',(0.,0.,1.));
#1956=DIRECTION('ref_axis',(0.,1.,0.));
#1957=DIRECTION('center_axis',(0.,0.,1.));
#1958=DIRECTION('ref_axis',(-1.,0.,0.));
#1959=CARTESIAN_POINT('',(0.,0.,0.));
#1960=CARTESIAN_POINT('Origin',(-0.886051425951331,4.08953905384084,2.));
#1961=CARTESIAN_POINT('',(-0.886051425951331,4.08953905384084,2.));
#1962=CARTESIAN_POINT('',(-0.88605142595133,3.25676530878088,2.));
#1963=CARTESIAN_POINT('',(-0.886051425951331,6.24476952692046,2.));
#1964=CARTESIAN_POINT('',(-0.886051425951331,4.08953905384084,1.5));
#1965=CARTESIAN_POINT('',(-0.886051425951331,4.08953905384084,2.));
#1966=CARTESIAN_POINT('',(-0.88605142595133,3.25676530878088,1.5));
#1967=CARTESIAN_POINT('',(-0.886051425951331,4.08953905384084,1.5));
#1968=CARTESIAN_POINT('',(-0.88605142595133,3.25676530878088,2.));
#1969=CARTESIAN_POINT('Origin',(0.732484539729745,4.08953905384084,2.));
#1970=CARTESIAN_POINT('',(0.732484539729745,4.08953905384084,2.));
#1971=CARTESIAN_POINT('',(-0.436775624829876,4.08953905384084,2.));
#1972=CARTESIAN_POINT('',(0.732484539729745,4.08953905384084,1.5));
#1973=CARTESIAN_POINT('',(0.732484539729745,4.08953905384084,2.));
#1974=CARTESIAN_POINT('',(0.732484539729745,4.08953905384084,1.5));
#1975=CARTESIAN_POINT('Origin',(0.732484539729745,4.59188960771105,2.));
#1976=CARTESIAN_POINT('',(0.732484539729745,4.59188960771105,2.));
#1977=CARTESIAN_POINT('',(0.732484539729745,6.49594480385556,2.));
#1978=CARTESIAN_POINT('',(0.732484539729745,4.59188960771105,1.5));
#1979=CARTESIAN_POINT('',(0.732484539729745,4.59188960771105,2.));
#1980=CARTESIAN_POINT('',(0.732484539729745,4.59188960771105,1.5));
#1981=CARTESIAN_POINT('Origin',(-1.26751549007258,4.59188960771104,2.));
#1982=CARTESIAN_POINT('',(-1.26751549007258,4.59188960771104,2.));
#1983=CARTESIAN_POINT('',(-1.43677563973104,4.59188960771104,2.));
#1984=CARTESIAN_POINT('',(-1.26751549007258,4.59188960771104,1.5));
#1985=CARTESIAN_POINT('',(-1.26751549007258,4.59188960771104,2.));
#1986=CARTESIAN_POINT('',(-1.26751549007258,4.59188960771104,1.5));
#1987=CARTESIAN_POINT('Origin',(-1.26751549007258,3.25676530878088,2.));
#1988=CARTESIAN_POINT('',(-1.26751549007258,3.25676530878088,2.));
#1989=CARTESIAN_POINT('',(-1.26751549007258,5.82838265439048,2.));
#1990=CARTESIAN_POINT('',(-1.26751549007258,3.25676530878088,1.5));
#1991=CARTESIAN_POINT('',(-1.26751549007258,3.25676530878088,2.));
#1992=CARTESIAN_POINT('',(-1.26751549007258,3.25676530878088,1.5));
#1993=CARTESIAN_POINT('Origin',(-0.88605142595133,3.25676530878088,2.));
#1994=CARTESIAN_POINT('',(-1.24604360767041,3.25676530878088,2.));
#1995=CARTESIAN_POINT('',(-0.88605142595133,3.25676530878088,1.5));
#1996=CARTESIAN_POINT('Origin',(-0.267515475171416,3.92432745824596,1.5));
#1997=CARTESIAN_POINT('Origin',(-4.9560357893895,9.65000000000006,2.));
#1998=CARTESIAN_POINT('',(-4.4560357893895,9.65000000000006,1.));
#1999=CARTESIAN_POINT('',(-4.9560357893895,9.15000000000006,1.));
#2000=CARTESIAN_POINT('Origin',(-4.9560357893895,9.65000000000006,1.));
#2001=CARTESIAN_POINT('',(-4.9560357893895,9.15000000000006,2.));
#2002=CARTESIAN_POINT('',(-4.9560357893895,9.15000000000006,2.));
#2003=CARTESIAN_POINT('',(-4.4560357893895,9.65000000000006,2.));
#2004=CARTESIAN_POINT('Origin',(-4.9560357893895,9.65000000000006,2.));
#2005=CARTESIAN_POINT('',(-4.4560357893895,9.65000000000006,2.));
#2006=CARTESIAN_POINT('Origin',(-5.70603578938941,9.15000000000006,2.));
#2007=CARTESIAN_POINT('',(-5.70603578938941,9.15000000000006,1.));
#2008=CARTESIAN_POINT('',(-4.45603578938951,9.15000000000006,1.));
#2009=CARTESIAN_POINT('',(-5.70603578938941,9.15000000000006,2.));
#2010=CARTESIAN_POINT('',(-5.70603578938941,9.15000000000006,2.));
#2011=CARTESIAN_POINT('',(-4.45603578938951,9.15000000000006,2.));
#2012=CARTESIAN_POINT('Origin',(-4.9560357893895,7.15000000000006,2.));
#2013=CARTESIAN_POINT('',(-4.4560357893895,7.15000000000006,2.));
#2014=CARTESIAN_POINT('',(-4.9560357893895,7.65000000000006,2.));
#2015=CARTESIAN_POINT('Origin',(-4.9560357893895,7.15000000000006,2.));
#2016=CARTESIAN_POINT('',(-4.9560357893895,7.65000000000006,1.));
#2017=CARTESIAN_POINT('',(-4.9560357893895,7.65000000000006,2.));
#2018=CARTESIAN_POINT('',(-4.4560357893895,7.15000000000006,1.));
#2019=CARTESIAN_POINT('Origin',(-4.9560357893895,7.15000000000006,1.));
#2020=CARTESIAN_POINT('',(-4.4560357893895,7.15000000000006,2.));
#2021=CARTESIAN_POINT('Origin',(-4.45603578938951,7.65000000000006,2.));
#2022=CARTESIAN_POINT('',(-5.70603578938941,7.65000000000006,2.));
#2023=CARTESIAN_POINT('',(-5.70603578938941,7.65000000000006,2.));
#2024=CARTESIAN_POINT('',(-5.70603578938941,7.65000000000006,1.));
#2025=CARTESIAN_POINT('',(-5.70603578938941,7.65000000000006,2.));
#2026=CARTESIAN_POINT('',(-5.70603578938941,7.65000000000006,1.));
#2027=CARTESIAN_POINT('Origin',(1.7439642106105,9.65000000000006,2.));
#2028=CARTESIAN_POINT('',(1.2439642106105,9.65000000000006,2.));
#2029=CARTESIAN_POINT('',(1.7439642106105,9.15000000000006,2.));
#2030=CARTESIAN_POINT('Origin',(1.7439642106105,9.65000000000006,2.));
#2031=CARTESIAN_POINT('',(1.7439642106105,9.15000000000006,1.));
#2032=CARTESIAN_POINT('',(1.7439642106105,9.15000000000006,2.));
#2033=CARTESIAN_POINT('',(1.2439642106105,9.65000000000006,1.));
#2034=CARTESIAN_POINT('Origin',(1.7439642106105,9.65000000000006,1.));
#2035=CARTESIAN_POINT('',(1.2439642106105,9.65000000000006,2.));
#2036=CARTESIAN_POINT('Origin',(1.24396421061051,9.15000000000006,2.));
#2037=CARTESIAN_POINT('',(2.49396421061052,9.15000000000006,2.));
#2038=CARTESIAN_POINT('',(2.49396421061052,9.15000000000006,2.));
#2039=CARTESIAN_POINT('',(2.49396421061052,9.15000000000006,1.));
#2040=CARTESIAN_POINT('',(2.49396421061052,9.15000000000006,2.));
#2041=CARTESIAN_POINT('',(2.49396421061052,9.15000000000006,1.));
#2042=CARTESIAN_POINT('Origin',(1.74396421061051,7.15000000000006,2.));
#2043=CARTESIAN_POINT('',(1.24396421061051,7.15000000000006,1.));
#2044=CARTESIAN_POINT('',(1.74396421061051,7.65000000000006,1.));
#2045=CARTESIAN_POINT('Origin',(1.74396421061051,7.15000000000006,1.));
#2046=CARTESIAN_POINT('',(1.74396421061051,7.65000000000006,2.));
#2047=CARTESIAN_POINT('',(1.74396421061051,7.65000000000006,2.));
#2048=CARTESIAN_POINT('',(1.24396421061051,7.15000000000006,2.));
#2049=CARTESIAN_POINT('Origin',(1.74396421061051,7.15000000000006,2.));
#2050=CARTESIAN_POINT('',(1.24396421061051,7.15000000000006,2.));
#2051=CARTESIAN_POINT('Origin',(2.49396421061052,7.65000000000006,2.));
#2052=CARTESIAN_POINT('',(2.49396421061052,7.65000000000006,1.));
#2053=CARTESIAN_POINT('',(1.24396421061051,7.65000000000006,1.));
#2054=CARTESIAN_POINT('',(2.49396421061052,7.65000000000006,2.));
#2055=CARTESIAN_POINT('',(2.49396421061052,7.65000000000006,2.));
#2056=CARTESIAN_POINT('',(1.24396421061051,7.65000000000006,2.));
#2057=CARTESIAN_POINT('Origin',(-0.0827945379256576,1.85899179556985,2.));
#2058=CARTESIAN_POINT('',(-0.194122463769029,2.34644034970394,1.));
#2059=CARTESIAN_POINT('',(0.270758852667616,2.21254518616313,1.));
#2060=CARTESIAN_POINT('Origin',(-0.0827945379256576,1.85899179556985,1.));
#2061=CARTESIAN_POINT('',(0.270758852667616,2.21254518616313,2.));
#2062=CARTESIAN_POINT('',(0.270758852667616,2.21254518616313,2.));
#2063=CARTESIAN_POINT('',(-0.194122463769029,2.34644034970394,2.));
#2064=CARTESIAN_POINT('Origin',(-0.0827945379256576,1.85899179556985,2.));
#2065=CARTESIAN_POINT('',(-0.194122463769029,2.34644034970394,2.));
#2066=CARTESIAN_POINT('Origin',(0.891533876542604,1.59177016228814,2.));
#2067=CARTESIAN_POINT('',(0.891533876542604,1.59177016228814,1.));
#2068=CARTESIAN_POINT('',(0.891533876542604,1.59177016228814,1.));
#2069=CARTESIAN_POINT('',(0.891533876542604,1.59177016228814,2.));
#2070=CARTESIAN_POINT('',(0.891533876542604,1.59177016228814,2.));
#2071=CARTESIAN_POINT('',(0.891533876542604,1.59177016228814,2.));
#2072=CARTESIAN_POINT('Origin',(1.68497241504072,3.62675874853621,2.));
#2073=CARTESIAN_POINT('',(1.19752386090663,3.73808667437959,2.));
#2074=CARTESIAN_POINT('',(1.33141902444744,3.27320535794294,2.));
#2075=CARTESIAN_POINT('Origin',(1.68497241504072,3.62675874853621,2.));
#2076=CARTESIAN_POINT('',(1.33141902444744,3.27320535794294,1.));
#2077=CARTESIAN_POINT('',(1.33141902444744,3.27320535794294,2.));
#2078=CARTESIAN_POINT('',(1.19752386090663,3.73808667437959,1.));
#2079=CARTESIAN_POINT('Origin',(1.68497241504072,3.62675874853621,1.));
#2080=CARTESIAN_POINT('',(1.19752386090663,3.73808667437959,2.));
#2081=CARTESIAN_POINT('Origin',(0.823879391254761,3.78074499113562,2.));
#2082=CARTESIAN_POINT('',(1.95219404832242,2.65243033406796,2.));
#2083=CARTESIAN_POINT('',(0.823879391254761,3.78074499113562,2.));
#2084=CARTESIAN_POINT('',(1.95219404832242,2.65243033406796,1.));
#2085=CARTESIAN_POINT('',(1.95219404832242,2.65243033406796,2.));
#2086=CARTESIAN_POINT('',(0.823879391254761,3.78074499113562,1.));
#2087=CARTESIAN_POINT('Origin',(1.06831057183924,1.76854685758478,2.));
#2088=CARTESIAN_POINT('',(1.24508726713588,1.59177016228814,2.));
#2089=CARTESIAN_POINT('Origin',(1.06831057183924,1.76854685758478,2.));
#2090=CARTESIAN_POINT('',(1.24508726713588,1.59177016228814,1.));
#2091=CARTESIAN_POINT('Origin',(1.06831057183924,1.76854685758478,1.));
#2092=CARTESIAN_POINT('',(1.24508726713588,1.59177016228814,2.));
#2093=CARTESIAN_POINT('Origin',(1.95219404832242,2.29887694347469,2.));
#2094=CARTESIAN_POINT('',(1.95219404832242,2.29887694347469,2.));
#2095=CARTESIAN_POINT('',(1.95219404832242,2.29887694347469,2.));
#2096=CARTESIAN_POINT('',(1.95219404832242,2.29887694347469,1.));
#2097=CARTESIAN_POINT('',(1.95219404832242,2.29887694347469,1.));
#2098=CARTESIAN_POINT('',(1.95219404832242,2.29887694347469,2.));
#2099=CARTESIAN_POINT('Origin',(1.77541735302579,2.47565363877133,2.));
#2100=CARTESIAN_POINT('Origin',(1.77541735302579,2.47565363877133,2.));
#2101=CARTESIAN_POINT('Origin',(1.77541735302579,2.47565363877133,1.));
#2102=CARTESIAN_POINT('Origin',(-1.6060357893895,8.40000000000008,1.));
#2103=CARTESIAN_POINT('',(-0.606035789389505,2.30000000000007,1.));
#2104=CARTESIAN_POINT('Origin',(-0.606035789389505,4.15000000000008,1.));
#2105=CARTESIAN_POINT('',(-2.60603578938951,2.30000000000007,1.));
#2106=CARTESIAN_POINT('',(-2.60603578938951,2.30000000000007,1.));
#2107=CARTESIAN_POINT('',(-4.4560357893895,4.15000000000006,1.));
#2108=CARTESIAN_POINT('Origin',(-2.60603578938951,4.15000000000006,1.));
#2109=CARTESIAN_POINT('',(-4.4560357893895,12.6500000000001,1.));
#2110=CARTESIAN_POINT('',(-5.95603578938941,7.90000000000006,1.));
#2111=CARTESIAN_POINT('Origin',(-5.70603578938941,7.90000000000006,1.));
#2112=CARTESIAN_POINT('',(-5.95603578938941,8.90000000000006,1.));
#2113=CARTESIAN_POINT('',(-5.95603578938941,8.90000000000006,1.));
#2114=CARTESIAN_POINT('Origin',(-5.70603578938941,8.90000000000006,1.));
#2115=CARTESIAN_POINT('',(-4.45603578938952,12.6500000000001,1.));
#2116=CARTESIAN_POINT('',(-4.4560357893895,12.6500000000001,1.));
#2117=CARTESIAN_POINT('',(-2.6060357893895,14.5000000000001,1.));
#2118=CARTESIAN_POINT('Origin',(-2.6060357893895,12.6500000000001,1.));
#2119=CARTESIAN_POINT('',(-0.606035789389505,14.5000000000001,1.));
#2120=CARTESIAN_POINT('',(-0.606035789389505,14.5000000000001,1.));
#2121=CARTESIAN_POINT('',(1.2439642106105,12.6500000000001,1.));
#2122=CARTESIAN_POINT('Origin',(-0.606035789389505,12.6500000000001,1.));
#2123=CARTESIAN_POINT('',(1.24396421061051,4.15000000000008,1.));
#2124=CARTESIAN_POINT('',(2.74396421061052,8.90000000000006,1.));
#2125=CARTESIAN_POINT('Origin',(2.49396421061052,8.90000000000006,1.));
#2126=CARTESIAN_POINT('',(2.74396421061052,7.90000000000006,1.));
#2127=CARTESIAN_POINT('',(2.74396421061052,7.90000000000006,1.));
#2128=CARTESIAN_POINT('Origin',(2.49396421061052,7.90000000000006,1.));
#2129=CARTESIAN_POINT('',(1.24396421061051,4.15000000000008,1.));
#2130=CARTESIAN_POINT('',(1.24396421061051,4.15000000000008,1.));
#2131=CARTESIAN_POINT('Origin',(-0.606035789389505,4.15000000000008,1.));
#2132=CARTESIAN_POINT('',(-3.80603578938949,12.65,1.));
#2133=CARTESIAN_POINT('',(-3.80603578938949,4.15000000000001,1.));
#2134=CARTESIAN_POINT('',(-3.80603578938949,10.525,1.));
#2135=CARTESIAN_POINT('',(-2.6060357893895,2.95000000000002,1.));
#2136=CARTESIAN_POINT('Origin',(-2.6060357893895,4.15000000000001,1.));
#2137=CARTESIAN_POINT('',(-0.606035789389479,2.95000000000002,1.));
#2138=CARTESIAN_POINT('',(-2.1060357893895,2.95000000000003,1.));
#2139=CARTESIAN_POINT('',(0.593964210610505,4.15,1.));
#2140=CARTESIAN_POINT('Origin',(-0.606035789389479,4.15,1.));
#2141=CARTESIAN_POINT('',(0.593964210610505,12.65,1.));
#2142=CARTESIAN_POINT('',(0.593964210610505,6.27500000000004,1.));
#2143=CARTESIAN_POINT('',(-0.606035789389505,13.85,1.));
#2144=CARTESIAN_POINT('Origin',(-0.606035789389505,12.65,1.));
#2145=CARTESIAN_POINT('',(-2.60603578938949,13.85,1.));
#2146=CARTESIAN_POINT('',(-1.1060357893895,13.85,1.));
#2147=CARTESIAN_POINT('Origin',(-2.60603578938949,12.65,1.));
#2148=CARTESIAN_POINT('Origin',(-0.606035789389505,4.15000000000008,2.));
#2149=CARTESIAN_POINT('',(-0.606035789389505,2.30000000000007,2.));
#2150=CARTESIAN_POINT('Origin',(-0.606035789389505,4.15000000000008,2.));
#2151=CARTESIAN_POINT('',(-0.606035789389505,2.30000000000007,2.));
#2152=CARTESIAN_POINT('Origin',(-5.70603578938941,8.90000000000006,2.));
#2153=CARTESIAN_POINT('',(-5.95603578938941,8.90000000000006,2.));
#2154=CARTESIAN_POINT('Origin',(-5.70603578938941,8.90000000000006,2.));
#2155=CARTESIAN_POINT('',(-5.95603578938941,8.90000000000006,2.));
#2156=CARTESIAN_POINT('Origin',(-5.95603578938941,7.90000000000006,2.));
#2157=CARTESIAN_POINT('',(-5.95603578938941,7.90000000000006,2.));
#2158=CARTESIAN_POINT('',(-5.95603578938941,8.90000000000006,2.));
#2159=CARTESIAN_POINT('',(-5.95603578938941,7.90000000000006,2.));
#2160=CARTESIAN_POINT('Origin',(-5.70603578938941,7.90000000000006,2.));
#2161=CARTESIAN_POINT('Origin',(-5.70603578938941,7.90000000000006,2.));
#2162=CARTESIAN_POINT('Origin',(-4.4560357893895,4.15000000000006,2.));
#2163=CARTESIAN_POINT('',(-4.4560357893895,4.15000000000006,2.));
#2164=CARTESIAN_POINT('',(-4.4560357893895,4.15000000000006,2.));
#2165=CARTESIAN_POINT('',(-4.4560357893895,12.6500000000001,2.));
#2166=CARTESIAN_POINT('Origin',(-4.4560357893895,4.15000000000006,2.));
#2167=CARTESIAN_POINT('',(-4.45603578938952,12.6500000000001,2.));
#2168=CARTESIAN_POINT('',(-4.4560357893895,12.6500000000001,2.));
#2169=CARTESIAN_POINT('',(-4.45603578938952,12.6500000000001,2.));
#2170=CARTESIAN_POINT('Origin',(2.49396421061052,7.90000000000006,2.));
#2171=CARTESIAN_POINT('',(2.74396421061052,7.90000000000006,2.));
#2172=CARTESIAN_POINT('Origin',(2.49396421061052,7.90000000000006,2.));
#2173=CARTESIAN_POINT('',(2.74396421061052,7.90000000000006,2.));
#2174=CARTESIAN_POINT('Origin',(2.74396421061052,8.90000000000006,2.));
#2175=CARTESIAN_POINT('',(2.74396421061052,8.90000000000006,2.));
#2176=CARTESIAN_POINT('',(2.74396421061052,7.90000000000006,2.));
#2177=CARTESIAN_POINT('',(2.74396421061052,8.90000000000006,2.));
#2178=CARTESIAN_POINT('Origin',(2.49396421061052,8.90000000000006,2.));
#2179=CARTESIAN_POINT('Origin',(2.49396421061052,8.90000000000006,2.));
#2180=CARTESIAN_POINT('Origin',(1.2439642106105,12.6500000000001,2.));
#2181=CARTESIAN_POINT('',(1.2439642106105,12.6500000000001,2.));
#2182=CARTESIAN_POINT('',(1.2439642106105,12.6500000000001,2.));
#2183=CARTESIAN_POINT('',(1.24396421061051,4.15000000000008,2.));
#2184=CARTESIAN_POINT('Origin',(1.2439642106105,12.6500000000001,2.));
#2185=CARTESIAN_POINT('',(1.24396421061051,4.15000000000008,2.));
#2186=CARTESIAN_POINT('',(1.24396421061051,4.15000000000008,2.));
#2187=CARTESIAN_POINT('',(1.24396421061051,4.15000000000008,2.));
#2188=CARTESIAN_POINT('Origin',(-2.54506819490138,9.43969835944062,-1.5));
#2189=CARTESIAN_POINT('',(-2.54506819490138,9.43969835944062,-1.5));
#2190=CARTESIAN_POINT('',(-2.54506819490138,11.0145287723053,-1.5));
#2191=CARTESIAN_POINT('',(-2.54506819490138,8.91984917972032,-1.5));
#2192=CARTESIAN_POINT('',(-2.54506819490138,9.43969835944062,-1.));
#2193=CARTESIAN_POINT('',(-2.54506819490138,9.43969835944062,-1.5));
#2194=CARTESIAN_POINT('',(-2.54506819490138,11.0145287723053,-1.));
#2195=CARTESIAN_POINT('',(-2.54506819490138,9.43969835944061,-1.));
#2196=CARTESIAN_POINT('',(-2.54506819490138,11.0145287723053,-1.5));
#2197=CARTESIAN_POINT('Origin',(-0.697519561087532,10.9339373321045,-1.5));
#2198=CARTESIAN_POINT('',(-0.697519561087523,10.9339373321045,-1.5));
#2199=CARTESIAN_POINT('',(-1.59162310865189,10.2108146267445,-1.5));
#2200=CARTESIAN_POINT('',(-0.697519561087523,10.9339373321045,-1.));
#2201=CARTESIAN_POINT('',(-0.697519561087523,10.9339373321045,-1.5));
#2202=CARTESIAN_POINT('',(-0.697519561087523,10.9339373321045,-1.));
#2203=CARTESIAN_POINT('Origin',(-0.125323464905653,10.9339373321045,-1.5));
#2204=CARTESIAN_POINT('',(-0.125323464905653,10.9339373321045,-1.5));
#2205=CARTESIAN_POINT('',(-0.865679627147573,10.9339373321045,-1.5));
#2206=CARTESIAN_POINT('',(-0.125323464905653,10.9339373321045,-1.));
#2207=CARTESIAN_POINT('',(-0.125323464905653,10.9339373321045,-1.5));
#2208=CARTESIAN_POINT('',(-0.125323464905653,10.9339373321045,-1.));
#2209=CARTESIAN_POINT('Origin',(-0.125323464905653,8.56657674021606,-1.5));
#2210=CARTESIAN_POINT('',(-0.125323464905653,8.56657674021606,-1.5));
#2211=CARTESIAN_POINT('',(-0.125323464905653,8.48328837010803,-1.5));
#2212=CARTESIAN_POINT('',(-0.125323464905653,8.56657674021606,-1.));
#2213=CARTESIAN_POINT('',(-0.125323464905653,8.56657674021606,-1.5));
#2214=CARTESIAN_POINT('',(-0.125323464905653,8.56657674021604,-1.));
#2215=CARTESIAN_POINT('Origin',(-0.705578705107603,8.56657674021606,-1.5));
#2216=CARTESIAN_POINT('',(-0.705578705107603,8.56657674021606,-1.5));
#2217=CARTESIAN_POINT('',(-1.15580724724855,8.56657674021606,-1.5));
#2218=CARTESIAN_POINT('',(-0.705578705107603,8.56657674021606,-1.));
#2219=CARTESIAN_POINT('',(-0.705578705107603,8.56657674021606,-1.5));
#2220=CARTESIAN_POINT('',(-0.705578705107603,8.56657674021606,-1.));
#2221=CARTESIAN_POINT('Origin',(-0.705578705107603,9.98869319863203,-1.5));
#2222=CARTESIAN_POINT('',(-0.705578705107603,9.98869319863203,-1.5));
#2223=CARTESIAN_POINT('',(-0.705578705107603,9.19434659931601,-1.5));
#2224=CARTESIAN_POINT('',(-0.705578705107603,9.98869319863203,-1.));
#2225=CARTESIAN_POINT('',(-0.705578705107603,9.98869319863203,-1.5));
#2226=CARTESIAN_POINT('',(-0.705578705107603,9.98869319863204,-1.));
#2227=CARTESIAN_POINT('Origin',(-2.56320141795817,8.49404474205856,-1.5));
#2228=CARTESIAN_POINT('',(-2.56320141795817,8.49404474205856,-1.5));
#2229=CARTESIAN_POINT('',(-2.29565721942126,8.70931155627335,-1.5));
#2230=CARTESIAN_POINT('',(-2.56320141795817,8.49404474205856,-1.));
#2231=CARTESIAN_POINT('',(-2.56320141795817,8.49404474205856,-1.5));
#2232=CARTESIAN_POINT('',(-2.56320141795817,8.49404474205856,-1.));
#2233=CARTESIAN_POINT('Origin',(-3.12532358411494,8.49404474205856,-1.5));
#2234=CARTESIAN_POINT('',(-3.12532358411494,8.49404474205856,-1.5));
#2235=CARTESIAN_POINT('',(-2.36567968675222,8.49404474205856,-1.5));
#2236=CARTESIAN_POINT('',(-3.12532358411494,8.49404474205856,-1.));
#2237=CARTESIAN_POINT('',(-3.12532358411494,8.49404474205856,-1.5));
#2238=CARTESIAN_POINT('',(-3.12532358411494,8.49404474205856,-1.));
#2239=CARTESIAN_POINT('Origin',(-3.12532358411494,11.0145287723053,-1.5));
#2240=CARTESIAN_POINT('',(-3.12532358411494,11.0145287723053,-1.5));
#2241=CARTESIAN_POINT('',(-3.12532358411494,9.70726438615265,-1.5));
#2242=CARTESIAN_POINT('',(-3.12532358411494,11.0145287723053,-1.));
#2243=CARTESIAN_POINT('',(-3.12532358411494,11.0145287723053,-1.5));
#2244=CARTESIAN_POINT('',(-3.12532358411494,11.0145287723053,-1.));
#2245=CARTESIAN_POINT('Origin',(-2.54506819490138,11.0145287723053,-1.5));
#2246=CARTESIAN_POINT('',(-2.07555199214544,11.0145287723053,-1.5));
#2247=CARTESIAN_POINT('',(-2.54506819490138,11.0145287723053,-1.));
#2248=CARTESIAN_POINT('Origin',(-1.6253235245103,8.54038467116241,-1.));
#2249=CARTESIAN_POINT('Origin',(-2.54506819490138,6.83991422362213,-1.5));
#2250=CARTESIAN_POINT('',(-2.54506819490138,6.83991422362213,-1.5));
#2251=CARTESIAN_POINT('',(-2.54506819490138,8.23010911650543,-1.5));
#2252=CARTESIAN_POINT('',(-2.54506819490138,7.61995711181107,-1.5));
#2253=CARTESIAN_POINT('',(-2.54506819490138,6.83991422362213,-1.));
#2254=CARTESIAN_POINT('',(-2.54506819490138,6.83991422362213,-1.5));
#2255=CARTESIAN_POINT('',(-2.54506819490138,8.23010911650543,-1.));
#2256=CARTESIAN_POINT('',(-2.54506819490138,6.83991422362213,-1.));
#2257=CARTESIAN_POINT('',(-2.54506819490138,8.23010911650543,-1.5));
#2258=CARTESIAN_POINT('Origin',(-0.125323464905653,6.83991422362211,-1.5));
#2259=CARTESIAN_POINT('',(-0.125323464905653,6.83991422362211,-1.5));
#2260=CARTESIAN_POINT('',(-0.865679627147582,6.83991422362211,-1.5));
#2261=CARTESIAN_POINT('',(-0.125323464905653,6.83991422362211,-1.));
#2262=CARTESIAN_POINT('',(-0.125323464905653,6.83991422362211,-1.5));
#2263=CARTESIAN_POINT('',(-0.125323464905653,6.83991422362211,-1.));
#2264=CARTESIAN_POINT('Origin',(-0.125323464905653,6.06624057001951,-1.5));
#2265=CARTESIAN_POINT('',(-0.125323464905653,6.06624057001951,-1.5));
#2266=CARTESIAN_POINT('',(-0.125323464905653,7.23312028500975,-1.5));
#2267=CARTESIAN_POINT('',(-0.125323464905653,6.06624057001951,-1.));
#2268=CARTESIAN_POINT('',(-0.125323464905653,6.06624057001951,-1.5));
#2269=CARTESIAN_POINT('',(-0.125323464905653,6.06624057001951,-1.));
#2270=CARTESIAN_POINT('Origin',(-3.12532358411494,6.06624057001953,-1.5));
#2271=CARTESIAN_POINT('',(-3.12532358411494,6.06624057001953,-1.5));
#2272=CARTESIAN_POINT('',(-2.36567968675223,6.06624057001953,-1.5));
#2273=CARTESIAN_POINT('',(-3.12532358411494,6.06624057001953,-1.));
#2274=CARTESIAN_POINT('',(-3.12532358411494,6.06624057001953,-1.5));
#2275=CARTESIAN_POINT('',(-3.12532358411494,6.06624057001953,-1.));
#2276=CARTESIAN_POINT('Origin',(-3.12532358411494,8.23010911650543,-1.5));
#2277=CARTESIAN_POINT('',(-3.12532358411494,8.23010911650543,-1.5));
#2278=CARTESIAN_POINT('',(-3.12532358411494,8.31505455825272,-1.5));
#2279=CARTESIAN_POINT('',(-3.12532358411494,8.23010911650543,-1.));
#2280=CARTESIAN_POINT('',(-3.12532358411494,8.23010911650543,-1.5));
#2281=CARTESIAN_POINT('',(-3.12532358411494,8.23010911650543,-1.));
#2282=CARTESIAN_POINT('Origin',(-2.54506819490138,8.23010911650543,-1.5));
#2283=CARTESIAN_POINT('',(-2.07555199214544,8.23010911650543,-1.5));
#2284=CARTESIAN_POINT('',(-2.54506819490138,8.23010911650543,-1.));
#2285=CARTESIAN_POINT('Origin',(-1.6253235245103,8.54038467116241,-1.));
#2286=CARTESIAN_POINT('Origin',(-1.10603578938949,13.35,-1.));
#2287=CARTESIAN_POINT('',(-2.60603578938949,13.35,-1.5));
#2288=CARTESIAN_POINT('',(-2.60603578938949,13.85,-1.));
#2289=CARTESIAN_POINT('Origin',(-2.60603578938949,13.35,-1.));
#2290=CARTESIAN_POINT('',(-0.606035789389505,13.85,-1.));
#2291=CARTESIAN_POINT('',(-1.10603578938949,13.85,-1.));
#2292=CARTESIAN_POINT('',(-0.606035789389505,13.35,-1.5));
#2293=CARTESIAN_POINT('Origin',(-0.606035789389505,13.35,-1.));
#2294=CARTESIAN_POINT('',(-1.10603578938949,13.35,-1.5));
#2295=CARTESIAN_POINT('Origin',(-0.606035789389505,12.65,-1.));
#2296=CARTESIAN_POINT('',(0.593964210610505,12.65,-1.));
#2297=CARTESIAN_POINT('',(0.0939642106105065,12.65,-1.5));
#2298=CARTESIAN_POINT('Origin',(0.0939642106105065,12.65,-1.));
#2299=CARTESIAN_POINT('Origin',(-0.606035789389505,12.65,-1.5));
#2300=CARTESIAN_POINT('Origin',(-0.606035789389505,12.65,-1.));
#2301=CARTESIAN_POINT('Origin',(0.0939642106105065,6.275,-1.));
#2302=CARTESIAN_POINT('',(0.593964210610505,4.15,-1.));
#2303=CARTESIAN_POINT('',(0.0939642106105065,4.15,-1.5));
#2304=CARTESIAN_POINT('Origin',(0.0939642106105065,4.15,-1.));
#2305=CARTESIAN_POINT('',(0.0939642106105065,6.275,-1.5));
#2306=CARTESIAN_POINT('',(0.593964210610505,6.275,-1.));
#2307=CARTESIAN_POINT('Origin',(-0.606035789389479,4.15,-1.));
#2308=CARTESIAN_POINT('',(-0.606035789389479,2.95000000000002,-1.));
#2309=CARTESIAN_POINT('',(-0.606035789389479,3.45000000000002,-1.5));
#2310=CARTESIAN_POINT('Origin',(-0.606035789389479,3.45000000000002,-1.));
#2311=CARTESIAN_POINT('Origin',(-0.606035789389479,4.15,-1.5));
#2312=CARTESIAN_POINT('Origin',(-0.606035789389479,4.15,-1.));
#2313=CARTESIAN_POINT('Origin',(-2.10603578938949,3.45000000000002,-1.));
#2314=CARTESIAN_POINT('',(-2.6060357893895,2.95000000000002,-1.));
#2315=CARTESIAN_POINT('',(-2.6060357893895,3.45000000000002,-1.5));
#2316=CARTESIAN_POINT('Origin',(-2.6060357893895,3.45000000000002,-1.));
#2317=CARTESIAN_POINT('',(-2.10603578938949,3.45000000000002,-1.5));
#2318=CARTESIAN_POINT('',(-2.10603578938949,2.95000000000002,-1.));
#2319=CARTESIAN_POINT('Origin',(-2.6060357893895,4.15000000000001,-1.));
#2320=CARTESIAN_POINT('',(-3.80603578938949,4.15000000000001,-1.));
#2321=CARTESIAN_POINT('',(-3.30603578938948,4.15000000000001,-1.5));
#2322=CARTESIAN_POINT('Origin',(-3.30603578938948,4.15000000000001,-1.));
#2323=CARTESIAN_POINT('Origin',(-2.6060357893895,4.15000000000001,-1.5));
#2324=CARTESIAN_POINT('Origin',(-2.6060357893895,4.15000000000001,-1.));
#2325=CARTESIAN_POINT('Origin',(-3.30603578938949,10.525,-1.));
#2326=CARTESIAN_POINT('',(-3.80603578938949,12.65,-1.));
#2327=CARTESIAN_POINT('',(-3.30603578938949,12.65,-1.5));
#2328=CARTESIAN_POINT('Origin',(-3.30603578938949,12.65,-1.));
#2329=CARTESIAN_POINT('',(-3.30603578938949,10.525,-1.5));
#2330=CARTESIAN_POINT('',(-3.80603578938949,10.525,-1.));
#2331=CARTESIAN_POINT('Origin',(-2.60603578938949,12.65,-1.));
#2332=CARTESIAN_POINT('Origin',(-2.60603578938949,12.65,-1.5));
#2333=CARTESIAN_POINT('Origin',(-2.60603578938949,12.65,-1.));
#2334=CARTESIAN_POINT('Origin',(-0.606035789389479,4.15,0.));
#2335=CARTESIAN_POINT('',(0.593964210610505,4.15,0.));
#2336=CARTESIAN_POINT('',(-0.606035789389479,2.95000000000002,0.));
#2337=CARTESIAN_POINT('Origin',(0.593964210610505,4.15,0.));
#2338=CARTESIAN_POINT('',(0.593964210610505,12.65,0.));
#2339=CARTESIAN_POINT('Origin',(-0.606035789389505,12.65,0.));
#2340=CARTESIAN_POINT('',(-0.606035789389505,13.85,0.));
#2341=CARTESIAN_POINT('Origin',(-0.606035789389505,13.85,0.));
#2342=CARTESIAN_POINT('',(-2.60603578938949,13.85,0.));
#2343=CARTESIAN_POINT('Origin',(-1.60603578938949,8.40000000000001,-1.5));
#2344=CARTESIAN_POINT('Origin',(-3.80603578938949,12.65,0.));
#2345=CARTESIAN_POINT('',(-3.80603578938949,4.15000000000001,0.));
#2346=CARTESIAN_POINT('',(-3.80603578938949,12.65,0.));
#2347=CARTESIAN_POINT('Origin',(-2.60603578938949,12.65,0.));
#2348=CARTESIAN_POINT('Origin',(-2.6060357893895,2.95000000000002,0.));
#2349=CARTESIAN_POINT('',(-2.6060357893895,2.95000000000002,0.));
#2350=CARTESIAN_POINT('Origin',(-2.6060357893895,4.15000000000001,0.));
#2351=CARTESIAN_POINT('Origin',(-2.60603578938951,4.15000000000006,2.));
#2352=CARTESIAN_POINT('',(-2.60603578938951,2.30000000000007,2.));
#2353=CARTESIAN_POINT('Origin',(-2.60603578938951,4.15000000000006,2.));
#2354=CARTESIAN_POINT('',(-2.60603578938951,2.30000000000007,2.));
#2355=CARTESIAN_POINT('Origin',(-0.606035789389505,2.30000000000007,2.));
#2356=CARTESIAN_POINT('',(-2.60603578938951,2.30000000000007,2.));
#2357=CARTESIAN_POINT('Origin',(-0.606035789389505,4.15000000000008,2.));
#2358=CARTESIAN_POINT('Origin',(-0.606035789389505,4.15000000000008,2.));
#2359=CARTESIAN_POINT('Origin',(-0.606035789389505,12.6500000000001,2.));
#2360=CARTESIAN_POINT('',(-0.606035789389505,14.5000000000001,2.));
#2361=CARTESIAN_POINT('Origin',(-0.606035789389505,12.6500000000001,2.));
#2362=CARTESIAN_POINT('',(-0.606035789389505,14.5000000000001,2.));
#2363=CARTESIAN_POINT('Origin',(-2.6060357893895,14.5000000000001,2.));
#2364=CARTESIAN_POINT('',(-2.6060357893895,14.5000000000001,2.));
#2365=CARTESIAN_POINT('',(-0.606035789389505,14.5000000000001,2.));
#2366=CARTESIAN_POINT('',(-2.6060357893895,14.5000000000001,2.));
#2367=CARTESIAN_POINT('Origin',(-2.6060357893895,12.6500000000001,2.));
#2368=CARTESIAN_POINT('Origin',(-2.6060357893895,12.6500000000001,2.));
#2369=CARTESIAN_POINT('Origin',(-1.6060357893895,8.40000000000008,2.));
#2370=UNCERTAINTY_MEASURE_WITH_UNIT(LENGTH_MEASURE(0.01),#2374,
'DISTANCE_ACCURACY_VALUE',
'Maximum model space distance between geometric entities at asserted c
onnectivities');
#2371=UNCERTAINTY_MEASURE_WITH_UNIT(LENGTH_MEASURE(0.01),#2374,
'DISTANCE_ACCURACY_VALUE',
'Maximum model space distance between geometric entities at asserted c
onnectivities');
#2372=(
GEOMETRIC_REPRESENTATION_CONTEXT(3)
GLOBAL_UNCERTAINTY_ASSIGNED_CONTEXT((#2370))
GLOBAL_UNIT_ASSIGNED_CONTEXT((#2374,#2375,#2376))
REPRESENTATION_CONTEXT('','3D')
);
#2373=(
GEOMETRIC_REPRESENTATION_CONTEXT(3)
GLOBAL_UNCERTAINTY_ASSIGNED_CONTEXT((#2371))
GLOBAL_UNIT_ASSIGNED_CONTEXT((#2374,#2375,#2376))
REPRESENTATION_CONTEXT('','3D')
);
#2374=(
LENGTH_UNIT()
NAMED_UNIT(*)
SI_UNIT(.MILLI.,.METRE.)
);
#2375=(
NAMED_UNIT(*)
PLANE_ANGLE_UNIT()
SI_UNIT($,.RADIAN.)
);
#2376=(
NAMED_UNIT(*)
SI_UNIT($,.STERADIAN.)
SOLID_ANGLE_UNIT()
);
#2377=SHAPE_DEFINITION_REPRESENTATION(#2378,#2379);
#2378=PRODUCT_DEFINITION_SHAPE('',$,#2381);
#2379=SHAPE_REPRESENTATION('',(#1418),#2372);
#2380=PRODUCT_DEFINITION_CONTEXT('part definition',#2385,'design');
#2381=PRODUCT_DEFINITION('Xii-Boy Ultra','Xii-Boy Ultra v221',#2382,#2380);
#2382=PRODUCT_DEFINITION_FORMATION('',$,#2387);
#2383=PRODUCT_RELATED_PRODUCT_CATEGORY('Xii-Boy Ultra v221',
'Xii-Boy Ultra v221',(#2387));
#2384=APPLICATION_PROTOCOL_DEFINITION('international standard',
'automotive_design',2009,#2385);
#2385=APPLICATION_CONTEXT(
'Core Data for Automotive Mechanical Design Process');
#2386=PRODUCT_CONTEXT('part definition',#2385,'mechanical');
#2387=PRODUCT('Xii-Boy Ultra','Xii-Boy Ultra v221',$,(#2386));
#2388=PRESENTATION_STYLE_ASSIGNMENT((#2422));
#2389=PRESENTATION_STYLE_ASSIGNMENT((#2423));
#2390=PRESENTATION_STYLE_ASSIGNMENT((#2424));
#2391=PRESENTATION_STYLE_ASSIGNMENT((#2425));
#2392=PRESENTATION_STYLE_ASSIGNMENT((#2426));
#2393=PRESENTATION_STYLE_ASSIGNMENT((#2427));
#2394=PRESENTATION_STYLE_ASSIGNMENT((#2428));
#2395=PRESENTATION_STYLE_ASSIGNMENT((#2429));
#2396=PRESENTATION_STYLE_ASSIGNMENT((#2430));
#2397=PRESENTATION_STYLE_ASSIGNMENT((#2431));
#2398=PRESENTATION_STYLE_ASSIGNMENT((#2432));
#2399=PRESENTATION_STYLE_ASSIGNMENT((#2433));
#2400=PRESENTATION_STYLE_ASSIGNMENT((#2434));
#2401=PRESENTATION_STYLE_ASSIGNMENT((#2435));
#2402=PRESENTATION_STYLE_ASSIGNMENT((#2436));
#2403=PRESENTATION_STYLE_ASSIGNMENT((#2437));
#2404=PRESENTATION_STYLE_ASSIGNMENT((#2438));
#2405=PRESENTATION_STYLE_ASSIGNMENT((#2439));
#2406=PRESENTATION_STYLE_ASSIGNMENT((#2440));
#2407=PRESENTATION_STYLE_ASSIGNMENT((#2441));
#2408=PRESENTATION_STYLE_ASSIGNMENT((#2442));
#2409=PRESENTATION_STYLE_ASSIGNMENT((#2443));
#2410=PRESENTATION_STYLE_ASSIGNMENT((#2444));
#2411=PRESENTATION_STYLE_ASSIGNMENT((#2445));
#2412=PRESENTATION_STYLE_ASSIGNMENT((#2446));
#2413=PRESENTATION_STYLE_ASSIGNMENT((#2447));
#2414=PRESENTATION_STYLE_ASSIGNMENT((#2448));
#2415=PRESENTATION_STYLE_ASSIGNMENT((#2449));
#2416=PRESENTATION_STYLE_ASSIGNMENT((#2450));
#2417=PRESENTATION_STYLE_ASSIGNMENT((#2451));
#2418=PRESENTATION_STYLE_ASSIGNMENT((#2452));
#2419=PRESENTATION_STYLE_ASSIGNMENT((#2453));
#2420=PRESENTATION_STYLE_ASSIGNMENT((#2454));
#2421=PRESENTATION_STYLE_ASSIGNMENT((#2455));
#2422=SURFACE_STYLE_USAGE(.BOTH.,#2456);
#2423=SURFACE_STYLE_USAGE(.BOTH.,#2457);
#2424=SURFACE_STYLE_USAGE(.BOTH.,#2458);
#2425=SURFACE_STYLE_USAGE(.BOTH.,#2459);
#2426=SURFACE_STYLE_USAGE(.BOTH.,#2460);
#2427=SURFACE_STYLE_USAGE(.BOTH.,#2461);
#2428=SURFACE_STYLE_USAGE(.BOTH.,#2462);
#2429=SURFACE_STYLE_USAGE(.BOTH.,#2463);
#2430=SURFACE_STYLE_USAGE(.BOTH.,#2464);
#2431=SURFACE_STYLE_USAGE(.BOTH.,#2465);
#2432=SURFACE_STYLE_USAGE(.BOTH.,#2466);
#2433=SURFACE_STYLE_USAGE(.BOTH.,#2467);
#2434=SURFACE_STYLE_USAGE(.BOTH.,#2468);
#2435=SURFACE_STYLE_USAGE(.BOTH.,#2469);
#2436=SURFACE_STYLE_USAGE(.BOTH.,#2470);
#2437=SURFACE_STYLE_USAGE(.BOTH.,#2471);
#2438=SURFACE_STYLE_USAGE(.BOTH.,#2472);
#2439=SURFACE_STYLE_USAGE(.BOTH.,#2473);
#2440=SURFACE_STYLE_USAGE(.BOTH.,#2474);
#2441=SURFACE_STYLE_USAGE(.BOTH.,#2475);
#2442=SURFACE_STYLE_USAGE(.BOTH.,#2476);
#2443=SURFACE_STYLE_USAGE(.BOTH.,#2477);
#2444=SURFACE_STYLE_USAGE(.BOTH.,#2478);
#2445=SURFACE_STYLE_USAGE(.BOTH.,#2479);
#2446=SURFACE_STYLE_USAGE(.BOTH.,#2480);
#2447=SURFACE_STYLE_USAGE(.BOTH.,#2481);
#2448=SURFACE_STYLE_USAGE(.BOTH.,#2482);
#2449=SURFACE_STYLE_USAGE(.BOTH.,#2483);
#2450=SURFACE_STYLE_USAGE(.BOTH.,#2484);
#2451=SURFACE_STYLE_USAGE(.BOTH.,#2485);
#2452=SURFACE_STYLE_USAGE(.BOTH.,#2486);
#2453=SURFACE_STYLE_USAGE(.BOTH.,#2487);
#2454=SURFACE_STYLE_USAGE(.BOTH.,#2488);
#2455=SURFACE_STYLE_USAGE(.BOTH.,#2489);
#2456=SURFACE_SIDE_STYLE('',(#2490));
#2457=SURFACE_SIDE_STYLE('',(#2491));
#2458=SURFACE_SIDE_STYLE('',(#2492));
#2459=SURFACE_SIDE_STYLE('',(#2493));
#2460=SURFACE_SIDE_STYLE('',(#2494));
#2461=SURFACE_SIDE_STYLE('',(#2495));
#2462=SURFACE_SIDE_STYLE('',(#2496));
#2463=SURFACE_SIDE_STYLE('',(#2497));
#2464=SURFACE_SIDE_STYLE('',(#2498));
#2465=SURFACE_SIDE_STYLE('',(#2499));
#2466=SURFACE_SIDE_STYLE('',(#2500));
#2467=SURFACE_SIDE_STYLE('',(#2501));
#2468=SURFACE_SIDE_STYLE('',(#2502));
#2469=SURFACE_SIDE_STYLE('',(#2503));
#2470=SURFACE_SIDE_STYLE('',(#2504));
#2471=SURFACE_SIDE_STYLE('',(#2505));
#2472=SURFACE_SIDE_STYLE('',(#2506));
#2473=SURFACE_SIDE_STYLE('',(#2507));
#2474=SURFACE_SIDE_STYLE('',(#2508));
#2475=SURFACE_SIDE_STYLE('',(#2509));
#2476=SURFACE_SIDE_STYLE('',(#2510));
#2477=SURFACE_SIDE_STYLE('',(#2511));
#2478=SURFACE_SIDE_STYLE('',(#2512));
#2479=SURFACE_SIDE_STYLE('',(#2513));
#2480=SURFACE_SIDE_STYLE('',(#2514));
#2481=SURFACE_SIDE_STYLE('',(#2515));
#2482=SURFACE_SIDE_STYLE('',(#2516));
#2483=SURFACE_SIDE_STYLE('',(#2517));
#2484=SURFACE_SIDE_STYLE('',(#2518));
#2485=SURFACE_SIDE_STYLE('',(#2519));
#2486=SURFACE_SIDE_STYLE('',(#2520));
#2487=SURFACE_SIDE_STYLE('',(#2521));
#2488=SURFACE_SIDE_STYLE('',(#2522));
#2489=SURFACE_SIDE_STYLE('',(#2523));
#2490=SURFACE_STYLE_FILL_AREA(#2524);
#2491=SURFACE_STYLE_FILL_AREA(#2525);
#2492=SURFACE_STYLE_FILL_AREA(#2526);
#2493=SURFACE_STYLE_FILL_AREA(#2527);
#2494=SURFACE_STYLE_FILL_AREA(#2528);
#2495=SURFACE_STYLE_FILL_AREA(#2529);
#2496=SURFACE_STYLE_FILL_AREA(#2530);
#2497=SURFACE_STYLE_FILL_AREA(#2531);
#2498=SURFACE_STYLE_FILL_AREA(#2532);
#2499=SURFACE_STYLE_FILL_AREA(#2533);
#2500=SURFACE_STYLE_FILL_AREA(#2534);
#2501=SURFACE_STYLE_FILL_AREA(#2535);
#2502=SURFACE_STYLE_FILL_AREA(#2536);
#2503=SURFACE_STYLE_FILL_AREA(#2537);
#2504=SURFACE_STYLE_FILL_AREA(#2538);
#2505=SURFACE_STYLE_FILL_AREA(#2539);
#2506=SURFACE_STYLE_FILL_AREA(#2540);
#2507=SURFACE_STYLE_FILL_AREA(#2541);
#2508=SURFACE_STYLE_FILL_AREA(#2542);
#2509=SURFACE_STYLE_FILL_AREA(#2543);
#2510=SURFACE_STYLE_FILL_AREA(#2544);
#2511=SURFACE_STYLE_FILL_AREA(#2545);
#2512=SURFACE_STYLE_FILL_AREA(#2546);
#2513=SURFACE_STYLE_FILL_AREA(#2547);
#2514=SURFACE_STYLE_FILL_AREA(#2548);
#2515=SURFACE_STYLE_FILL_AREA(#2549);
#2516=SURFACE_STYLE_FILL_AREA(#2550);
#2517=SURFACE_STYLE_FILL_AREA(#2551);
#2518=SURFACE_STYLE_FILL_AREA(#2552);
#2519=SURFACE_STYLE_FILL_AREA(#2553);
#2520=SURFACE_STYLE_FILL_AREA(#2554);
#2521=SURFACE_STYLE_FILL_AREA(#2555);
#2522=SURFACE_STYLE_FILL_AREA(#2556);
#2523=SURFACE_STYLE_FILL_AREA(#2557);
#2524=FILL_AREA_STYLE('Opaque(80,124,105)',(#2558));
#2525=FILL_AREA_STYLE('Opaque(50,50,50)',(#2559));
#2526=FILL_AREA_STYLE('Opaque(218,205,0)',(#2560));
#2527=FILL_AREA_STYLE('Opaque(52,52,52)',(#2561));
#2528=FILL_AREA_STYLE('Opaque(191,191,191)',(#2562));
#2529=FILL_AREA_STYLE('Opaque(15,102,15)',(#2563));
#2530=FILL_AREA_STYLE('Opaque(202,209,238)',(#2564));
#2531=FILL_AREA_STYLE('Opaque(255,255,255)',(#2565));
#2532=FILL_AREA_STYLE('Opaque(152,170,175)',(#2566));
#2533=FILL_AREA_STYLE('Opaque(204,203,178)',(#2567));
#2534=FILL_AREA_STYLE('Opaque(234,234,234)',(#2568));
#2535=FILL_AREA_STYLE('Opaque(69,69,69)',(#2569));
#2536=FILL_AREA_STYLE('Opaque(64,64,64)',(#2570));
#2537=FILL_AREA_STYLE('Opaque(225,225,225)',(#2571));
#2538=FILL_AREA_STYLE('Opaque(25,25,25)',(#2572));
#2539=FILL_AREA_STYLE('Opaque(211,84,18)',(#2573));
#2540=FILL_AREA_STYLE('Opaque(70,70,70)',(#2574));
#2541=FILL_AREA_STYLE('Opaque(219,219,219)',(#2575));
#2542=FILL_AREA_STYLE('Opaque(204,204,204)',(#2576));
#2543=FILL_AREA_STYLE('Opaque(160,160,160)',(#2577));
#2544=FILL_AREA_STYLE('Opaque(220,220,220)',(#2578));
#2545=FILL_AREA_STYLE('Opaque(63,63,63)',(#2579));
#2546=FILL_AREA_STYLE('Opaque(176,176,176)',(#2580));
#2547=FILL_AREA_STYLE('Powder Coat - Rough (Dark Grey)',(#2581));
#2548=FILL_AREA_STYLE('Opaque(21,22,24)',(#2582));
#2549=FILL_AREA_STYLE('Aluminum - Polished',(#2583));
#2550=FILL_AREA_STYLE('Gold - Polished',(#2584));
#2551=FILL_AREA_STYLE('Steel - Satin',(#2585));
#2552=FILL_AREA_STYLE('Opaque(246,246,243)',(#2586));
#2553=FILL_AREA_STYLE('Plastic - Glossy (Black)',(#2587));
#2554=FILL_AREA_STYLE('Copper - Polished',(#2588));
#2555=FILL_AREA_STYLE('Aluminum - Anodized Rough (Red)',(#2589));
#2556=FILL_AREA_STYLE('Glass (Clear)',(#2590));
#2557=FILL_AREA_STYLE('Opaque(243,243,243)',(#2591));
#2558=FILL_AREA_STYLE_COLOUR('Opaque(80,124,105)',#2592);
#2559=FILL_AREA_STYLE_COLOUR('Opaque(50,50,50)',#2593);
#2560=FILL_AREA_STYLE_COLOUR('Opaque(218,205,0)',#2594);
#2561=FILL_AREA_STYLE_COLOUR('Opaque(52,52,52)',#2595);
#2562=FILL_AREA_STYLE_COLOUR('Opaque(191,191,191)',#2596);
#2563=FILL_AREA_STYLE_COLOUR('Opaque(15,102,15)',#2597);
#2564=FILL_AREA_STYLE_COLOUR('Opaque(202,209,238)',#2598);
#2565=FILL_AREA_STYLE_COLOUR('Opaque(255,255,255)',#2599);
#2566=FILL_AREA_STYLE_COLOUR('Opaque(152,170,175)',#2600);
#2567=FILL_AREA_STYLE_COLOUR('Opaque(204,203,178)',#2601);
#2568=FILL_AREA_STYLE_COLOUR('Opaque(234,234,234)',#2602);
#2569=FILL_AREA_STYLE_COLOUR('Opaque(69,69,69)',#2603);
#2570=FILL_AREA_STYLE_COLOUR('Opaque(64,64,64)',#2604);
#2571=FILL_AREA_STYLE_COLOUR('Opaque(225,225,225)',#2605);
#2572=FILL_AREA_STYLE_COLOUR('Opaque(25,25,25)',#2606);
#2573=FILL_AREA_STYLE_COLOUR('Opaque(211,84,18)',#2607);
#2574=FILL_AREA_STYLE_COLOUR('Opaque(70,70,70)',#2608);
#2575=FILL_AREA_STYLE_COLOUR('Opaque(219,219,219)',#2609);
#2576=FILL_AREA_STYLE_COLOUR('Opaque(204,204,204)',#2610);
#2577=FILL_AREA_STYLE_COLOUR('Opaque(160,160,160)',#2611);
#2578=FILL_AREA_STYLE_COLOUR('Opaque(220,220,220)',#2612);
#2579=FILL_AREA_STYLE_COLOUR('Opaque(63,63,63)',#2613);
#2580=FILL_AREA_STYLE_COLOUR('Opaque(176,176,176)',#2614);
#2581=FILL_AREA_STYLE_COLOUR('Powder Coat - Rough (Dark Grey)',#2615);
#2582=FILL_AREA_STYLE_COLOUR('Opaque(21,22,24)',#2616);
#2583=FILL_AREA_STYLE_COLOUR('Aluminum - Polished',#2617);
#2584=FILL_AREA_STYLE_COLOUR('Gold - Polished',#2618);
#2585=FILL_AREA_STYLE_COLOUR('Steel - Satin',#2619);
#2586=FILL_AREA_STYLE_COLOUR('Opaque(246,246,243)',#2620);
#2587=FILL_AREA_STYLE_COLOUR('Plastic - Glossy (Black)',#2621);
#2588=FILL_AREA_STYLE_COLOUR('Copper - Polished',#2622);
#2589=FILL_AREA_STYLE_COLOUR('Aluminum - Anodized Rough (Red)',#2623);
#2590=FILL_AREA_STYLE_COLOUR('Glass (Clear)',#2624);
#2591=FILL_AREA_STYLE_COLOUR('Opaque(243,243,243)',#2625);
#2592=COLOUR_RGB('Opaque(80,124,105)',0.313725490196078,0.486274509803922,
0.411764705882353);
#2593=COLOUR_RGB('Opaque(50,50,50)',0.196078431372549,0.196078431372549,
0.196078431372549);
#2594=COLOUR_RGB('Opaque(218,205,0)',0.854901960784314,0.803921568627451,
0.);
#2595=COLOUR_RGB('Opaque(52,52,52)',0.203921568627451,0.203921568627451,
0.203921568627451);
#2596=COLOUR_RGB('Opaque(191,191,191)',0.749019607843137,0.749019607843137,
0.749019607843137);
#2597=COLOUR_RGB('Opaque(15,102,15)',0.0588235294117647,0.4,0.0588235294117647);
#2598=COLOUR_RGB('Opaque(202,209,238)',0.792156862745098,0.819607843137255,
0.933333333333333);
#2599=COLOUR_RGB('Opaque(255,255,255)',1.,1.,1.);
#2600=COLOUR_RGB('Opaque(152,170,175)',0.596078431372549,0.666666666666667,
0.686274509803922);
#2601=COLOUR_RGB('Opaque(204,203,178)',0.8,0.796078431372549,0.698039215686274);
#2602=COLOUR_RGB('Opaque(234,234,234)',0.917647058823529,0.917647058823529,
0.917647058823529);
#2603=COLOUR_RGB('Opaque(69,69,69)',0.270588235294118,0.270588235294118,
0.270588235294118);
#2604=COLOUR_RGB('Opaque(64,64,64)',0.250980392156863,0.250980392156863,
0.250980392156863);
#2605=COLOUR_RGB('Opaque(225,225,225)',0.882352941176471,0.882352941176471,
0.882352941176471);
#2606=COLOUR_RGB('Opaque(25,25,25)',0.0980392156862745,0.0980392156862745,
0.0980392156862745);
#2607=COLOUR_RGB('Opaque(211,84,18)',0.827450980392157,0.329411764705882,
0.0705882352941176);
#2608=COLOUR_RGB('Opaque(70,70,70)',0.274509803921569,0.274509803921569,
0.274509803921569);
#2609=COLOUR_RGB('Opaque(219,219,219)',0.858823529411765,0.858823529411765,
0.858823529411765);
#2610=COLOUR_RGB('Opaque(204,204,204)',0.8,0.8,0.8);
#2611=COLOUR_RGB('Opaque(160,160,160)',0.627450980392157,0.627450980392157,
0.627450980392157);
#2612=COLOUR_RGB('Opaque(220,220,220)',0.862745098039216,0.862745098039216,
0.862745098039216);
#2613=COLOUR_RGB('Opaque(63,63,63)',0.250980392156863,0.250980392156863,
0.250980392156863);
#2614=COLOUR_RGB('Opaque(176,176,176)',0.690196078431373,0.690196078431373,
0.690196078431373);
#2615=COLOUR_RGB('Powder Coat - Rough (Dark Grey)',0.349019607843137,0.349019607843137,
0.349019607843137);
#2616=COLOUR_RGB('Opaque(21,22,24)',0.0823529411764706,0.0862745098039216,
0.0941176470588235);
#2617=COLOUR_RGB('Aluminum - Polished',0.96078431372549,0.96078431372549,
0.964705882352941);
#2618=COLOUR_RGB('Gold - Polished',0.956862745098039,0.898039215686275,
0.654901960784314);
#2619=COLOUR_RGB('Steel - Satin',0.627450980392157,0.627450980392157,0.627450980392157);
#2620=COLOUR_RGB('Opaque(246,246,243)',0.964705882352941,0.964705882352941,
0.952941176470588);
#2621=COLOUR_RGB('Plastic - Glossy (Black)',0.0980392156862745,0.0980392156862745,
0.0980392156862745);
#2622=COLOUR_RGB('Copper - Polished',0.929411764705882,0.807843137254902,
0.764705882352941);
#2623=COLOUR_RGB('Aluminum - Anodized Rough (Red)',0.854901960784314,0.349019607843137,
0.349019607843137);
#2624=COLOUR_RGB('Glass (Clear)',0.964705882352941,0.964705882352941,0.952941176470588);
#2625=COLOUR_RGB('Opaque(243,243,243)',0.952941176470588,0.952941176470588,
0.952941176470588);
ENDSEC;
END-ISO-10303-21;
