ISO-10303-21;
HEADER;
/* Generated by software containing ST-Developer
 * from STEP Tools, Inc. (www.steptools.com) 
 */

FILE_DESCRIPTION(
/* description */ (''),
/* implementation_level */ '2;1');

FILE_NAME(
/* name */ 'R.step',
/* time_stamp */ '2025-11-15T18:53:18+01:00',
/* author */ (''),
/* organization */ (''),
/* preprocessor_version */ 'ST-DEVELOPER v20.1',
/* originating_system */ 'Autodesk Translation Framework v14.21.0.0',
/* authorisation */ '');

FILE_SCHEMA (('AUTOMOTIVE_DESIGN { 1 0 10303 214 3 1 1 }'));
ENDSEC;

DATA;
#10=MECHANICAL_DESIGN_GEOMETRIC_PRESENTATION_REPRESENTATION('',(#17,#18),
#3221);
#11=SHAPE_REPRESENTATION_RELATIONSHIP('SRR','None',#3227,#12);
#12=ADVANCED_BREP_SHAPE_REPRESENTATION('',(#13),#3220);
#13=MANIFOLD_SOLID_BREP('R',#1553);
#14=SPHERICAL_SURFACE('',#1623,1.8);
#15=ELLIPSE('',#1591,1.50970442934586,1.4);
#16=ELLIPSE('',#1592,1.50970442934586,1.4);
#17=STYLED_ITEM('',(#3237),#1528);
#18=STYLED_ITEM('',(#3264),#13);
#19=CYLINDRICAL_SURFACE('',#1577,16.1459726484248);
#20=CYLINDRICAL_SURFACE('',#1601,14.8959726484248);
#21=CYLINDRICAL_SURFACE('',#1604,1.4);
#22=CYLINDRICAL_SURFACE('',#1606,1.4);
#23=CYLINDRICAL_SURFACE('',#1612,0.875);
#24=CYLINDRICAL_SURFACE('',#1620,0.875);
#25=CYLINDRICAL_SURFACE('',#1636,1.8);
#26=TOROIDAL_SURFACE('',#1571,12.8459726484249,3.3);
#27=TOROIDAL_SURFACE('',#1575,12.8459726484249,3.3);
#28=TOROIDAL_SURFACE('',#1593,11.5959726484248,3.3);
#29=TOROIDAL_SURFACE('',#1598,11.5959726484248,3.3);
#30=TOROIDAL_SURFACE('',#1607,0.475,0.4);
#31=TOROIDAL_SURFACE('',#1615,0.475,0.4);
#32=CIRCLE('',#1568,1.40000000000001);
#33=CIRCLE('',#1569,1.80000000000003);
#34=CIRCLE('',#1570,1.40000000000001);
#35=CIRCLE('',#1572,16.1459726484248);
#36=CIRCLE('',#1576,16.1459726484248);
#37=CIRCLE('',#1594,14.8959726484248);
#38=CIRCLE('',#1595,11.5959726484248);
#39=CIRCLE('',#1599,11.5959726484248);
#40=CIRCLE('',#1600,14.8959726484248);
#41=CIRCLE('',#1608,0.475);
#42=CIRCLE('',#1609,0.4);
#43=CIRCLE('',#1610,0.875);
#44=CIRCLE('',#1611,0.875);
#45=CIRCLE('',#1613,0.875);
#46=CIRCLE('',#1616,0.475);
#47=CIRCLE('',#1617,0.4);
#48=CIRCLE('',#1618,0.875);
#49=CIRCLE('',#1619,0.875);
#50=CIRCLE('',#1621,0.875);
#51=CIRCLE('',#1624,1.49666295470958);
#52=CIRCLE('',#1625,1.8);
#53=CIRCLE('',#1626,1.8);
#54=CIRCLE('',#1627,1.8);
#55=CIRCLE('',#1628,1.49666295470958);
#56=CIRCLE('',#1629,1.8);
#57=CIRCLE('',#1633,1.8);
#58=CIRCLE('',#1635,1.8);
#59=FACE_BOUND('',#215,.T.);
#60=FACE_BOUND('',#217,.T.);
#61=FACE_BOUND('',#251,.T.);
#62=FACE_BOUND('',#253,.T.);
#63=FACE_BOUND('',#272,.T.);
#64=FACE_BOUND('',#274,.T.);
#65=PLANE('',#1555);
#66=PLANE('',#1556);
#67=PLANE('',#1557);
#68=PLANE('',#1558);
#69=PLANE('',#1559);
#70=PLANE('',#1560);
#71=PLANE('',#1561);
#72=PLANE('',#1562);
#73=PLANE('',#1563);
#74=PLANE('',#1564);
#75=PLANE('',#1565);
#76=PLANE('',#1566);
#77=PLANE('',#1567);
#78=PLANE('',#1573);
#79=PLANE('',#1574);
#80=PLANE('',#1578);
#81=PLANE('',#1579);
#82=PLANE('',#1580);
#83=PLANE('',#1581);
#84=PLANE('',#1582);
#85=PLANE('',#1583);
#86=PLANE('',#1584);
#87=PLANE('',#1585);
#88=PLANE('',#1586);
#89=PLANE('',#1587);
#90=PLANE('',#1588);
#91=PLANE('',#1589);
#92=PLANE('',#1590);
#93=PLANE('',#1596);
#94=PLANE('',#1597);
#95=PLANE('',#1602);
#96=PLANE('',#1603);
#97=PLANE('',#1605);
#98=PLANE('',#1614);
#99=PLANE('',#1622);
#100=PLANE('',#1630);
#101=PLANE('',#1631);
#102=PLANE('',#1632);
#103=PLANE('',#1634);
#104=PLANE('',#1637);
#105=FACE_OUTER_BOUND('',#189,.T.);
#106=FACE_OUTER_BOUND('',#190,.T.);
#107=FACE_OUTER_BOUND('',#191,.T.);
#108=FACE_OUTER_BOUND('',#192,.T.);
#109=FACE_OUTER_BOUND('',#193,.T.);
#110=FACE_OUTER_BOUND('',#194,.T.);
#111=FACE_OUTER_BOUND('',#195,.T.);
#112=FACE_OUTER_BOUND('',#196,.T.);
#113=FACE_OUTER_BOUND('',#197,.T.);
#114=FACE_OUTER_BOUND('',#198,.T.);
#115=FACE_OUTER_BOUND('',#199,.T.);
#116=FACE_OUTER_BOUND('',#200,.T.);
#117=FACE_OUTER_BOUND('',#201,.T.);
#118=FACE_OUTER_BOUND('',#202,.T.);
#119=FACE_OUTER_BOUND('',#203,.T.);
#120=FACE_OUTER_BOUND('',#204,.T.);
#121=FACE_OUTER_BOUND('',#205,.T.);
#122=FACE_OUTER_BOUND('',#206,.T.);
#123=FACE_OUTER_BOUND('',#207,.T.);
#124=FACE_OUTER_BOUND('',#208,.T.);
#125=FACE_OUTER_BOUND('',#209,.T.);
#126=FACE_OUTER_BOUND('',#210,.T.);
#127=FACE_OUTER_BOUND('',#211,.T.);
#128=FACE_OUTER_BOUND('',#212,.T.);
#129=FACE_OUTER_BOUND('',#213,.T.);
#130=FACE_OUTER_BOUND('',#214,.T.);
#131=FACE_OUTER_BOUND('',#216,.T.);
#132=FACE_OUTER_BOUND('',#218,.T.);
#133=FACE_OUTER_BOUND('',#219,.T.);
#134=FACE_OUTER_BOUND('',#220,.T.);
#135=FACE_OUTER_BOUND('',#221,.T.);
#136=FACE_OUTER_BOUND('',#222,.T.);
#137=FACE_OUTER_BOUND('',#223,.T.);
#138=FACE_OUTER_BOUND('',#224,.T.);
#139=FACE_OUTER_BOUND('',#225,.T.);
#140=FACE_OUTER_BOUND('',#226,.T.);
#141=FACE_OUTER_BOUND('',#227,.T.);
#142=FACE_OUTER_BOUND('',#228,.T.);
#143=FACE_OUTER_BOUND('',#229,.T.);
#144=FACE_OUTER_BOUND('',#230,.T.);
#145=FACE_OUTER_BOUND('',#231,.T.);
#146=FACE_OUTER_BOUND('',#232,.T.);
#147=FACE_OUTER_BOUND('',#233,.T.);
#148=FACE_OUTER_BOUND('',#234,.T.);
#149=FACE_OUTER_BOUND('',#235,.T.);
#150=FACE_OUTER_BOUND('',#236,.T.);
#151=FACE_OUTER_BOUND('',#237,.T.);
#152=FACE_OUTER_BOUND('',#238,.T.);
#153=FACE_OUTER_BOUND('',#239,.T.);
#154=FACE_OUTER_BOUND('',#240,.T.);
#155=FACE_OUTER_BOUND('',#241,.T.);
#156=FACE_OUTER_BOUND('',#242,.T.);
#157=FACE_OUTER_BOUND('',#243,.T.);
#158=FACE_OUTER_BOUND('',#244,.T.);
#159=FACE_OUTER_BOUND('',#245,.T.);
#160=FACE_OUTER_BOUND('',#246,.T.);
#161=FACE_OUTER_BOUND('',#247,.T.);
#162=FACE_OUTER_BOUND('',#248,.T.);
#163=FACE_OUTER_BOUND('',#249,.T.);
#164=FACE_OUTER_BOUND('',#250,.T.);
#165=FACE_OUTER_BOUND('',#252,.T.);
#166=FACE_OUTER_BOUND('',#254,.T.);
#167=FACE_OUTER_BOUND('',#255,.T.);
#168=FACE_OUTER_BOUND('',#256,.T.);
#169=FACE_OUTER_BOUND('',#257,.T.);
#170=FACE_OUTER_BOUND('',#258,.T.);
#171=FACE_OUTER_BOUND('',#259,.T.);
#172=FACE_OUTER_BOUND('',#260,.T.);
#173=FACE_OUTER_BOUND('',#261,.T.);
#174=FACE_OUTER_BOUND('',#262,.T.);
#175=FACE_OUTER_BOUND('',#263,.T.);
#176=FACE_OUTER_BOUND('',#264,.T.);
#177=FACE_OUTER_BOUND('',#265,.T.);
#178=FACE_OUTER_BOUND('',#266,.T.);
#179=FACE_OUTER_BOUND('',#267,.T.);
#180=FACE_OUTER_BOUND('',#268,.T.);
#181=FACE_OUTER_BOUND('',#269,.T.);
#182=FACE_OUTER_BOUND('',#270,.T.);
#183=FACE_OUTER_BOUND('',#271,.T.);
#184=FACE_OUTER_BOUND('',#273,.T.);
#185=FACE_OUTER_BOUND('',#275,.T.);
#186=FACE_OUTER_BOUND('',#276,.T.);
#187=FACE_OUTER_BOUND('',#277,.T.);
#188=FACE_OUTER_BOUND('',#278,.T.);
#189=EDGE_LOOP('',(#981,#982,#983,#984));
#190=EDGE_LOOP('',(#985,#986,#987,#988));
#191=EDGE_LOOP('',(#989,#990,#991,#992));
#192=EDGE_LOOP('',(#993,#994,#995,#996));
#193=EDGE_LOOP('',(#997,#998,#999,#1000));
#194=EDGE_LOOP('',(#1001,#1002,#1003,#1004));
#195=EDGE_LOOP('',(#1005,#1006,#1007,#1008));
#196=EDGE_LOOP('',(#1009,#1010,#1011,#1012));
#197=EDGE_LOOP('',(#1013,#1014,#1015,#1016));
#198=EDGE_LOOP('',(#1017,#1018,#1019,#1020));
#199=EDGE_LOOP('',(#1021,#1022,#1023,#1024));
#200=EDGE_LOOP('',(#1025,#1026,#1027,#1028));
#201=EDGE_LOOP('',(#1029,#1030,#1031,#1032));
#202=EDGE_LOOP('',(#1033,#1034,#1035,#1036));
#203=EDGE_LOOP('',(#1037,#1038,#1039,#1040));
#204=EDGE_LOOP('',(#1041,#1042,#1043,#1044));
#205=EDGE_LOOP('',(#1045,#1046,#1047,#1048));
#206=EDGE_LOOP('',(#1049,#1050,#1051,#1052));
#207=EDGE_LOOP('',(#1053,#1054,#1055,#1056));
#208=EDGE_LOOP('',(#1057,#1058,#1059,#1060));
#209=EDGE_LOOP('',(#1061,#1062,#1063,#1064));
#210=EDGE_LOOP('',(#1065,#1066,#1067,#1068));
#211=EDGE_LOOP('',(#1069,#1070,#1071,#1072));
#212=EDGE_LOOP('',(#1073,#1074,#1075,#1076));
#213=EDGE_LOOP('',(#1077,#1078,#1079,#1080));
#214=EDGE_LOOP('',(#1081,#1082,#1083,#1084,#1085,#1086,#1087,#1088,#1089,
#1090,#1091,#1092,#1093,#1094));
#215=EDGE_LOOP('',(#1095,#1096,#1097,#1098,#1099,#1100,#1101,#1102,#1103,
#1104,#1105));
#216=EDGE_LOOP('',(#1106,#1107,#1108,#1109,#1110,#1111,#1112,#1113,#1114,
#1115,#1116,#1117,#1118,#1119));
#217=EDGE_LOOP('',(#1120,#1121,#1122,#1123,#1124,#1125,#1126,#1127,#1128,
#1129,#1130,#1131,#1132,#1133));
#218=EDGE_LOOP('',(#1134,#1135,#1136,#1137,#1138,#1139));
#219=EDGE_LOOP('',(#1140,#1141,#1142,#1143));
#220=EDGE_LOOP('',(#1144,#1145,#1146,#1147,#1148,#1149));
#221=EDGE_LOOP('',(#1150,#1151,#1152,#1153));
#222=EDGE_LOOP('',(#1154,#1155,#1156,#1157,#1158,#1159));
#223=EDGE_LOOP('',(#1160,#1161,#1162,#1163));
#224=EDGE_LOOP('',(#1164,#1165,#1166,#1167));
#225=EDGE_LOOP('',(#1168,#1169,#1170,#1171));
#226=EDGE_LOOP('',(#1172,#1173,#1174,#1175));
#227=EDGE_LOOP('',(#1176,#1177,#1178,#1179));
#228=EDGE_LOOP('',(#1180,#1181,#1182,#1183));
#229=EDGE_LOOP('',(#1184,#1185,#1186,#1187));
#230=EDGE_LOOP('',(#1188,#1189,#1190,#1191));
#231=EDGE_LOOP('',(#1192,#1193,#1194,#1195));
#232=EDGE_LOOP('',(#1196,#1197,#1198,#1199));
#233=EDGE_LOOP('',(#1200,#1201,#1202,#1203));
#234=EDGE_LOOP('',(#1204,#1205,#1206,#1207));
#235=EDGE_LOOP('',(#1208,#1209,#1210,#1211));
#236=EDGE_LOOP('',(#1212,#1213,#1214,#1215));
#237=EDGE_LOOP('',(#1216,#1217,#1218,#1219));
#238=EDGE_LOOP('',(#1220,#1221,#1222,#1223));
#239=EDGE_LOOP('',(#1224,#1225,#1226,#1227));
#240=EDGE_LOOP('',(#1228,#1229,#1230,#1231));
#241=EDGE_LOOP('',(#1232,#1233,#1234,#1235));
#242=EDGE_LOOP('',(#1236,#1237,#1238,#1239));
#243=EDGE_LOOP('',(#1240,#1241,#1242,#1243));
#244=EDGE_LOOP('',(#1244,#1245,#1246,#1247));
#245=EDGE_LOOP('',(#1248,#1249,#1250,#1251));
#246=EDGE_LOOP('',(#1252,#1253,#1254,#1255));
#247=EDGE_LOOP('',(#1256,#1257,#1258,#1259));
#248=EDGE_LOOP('',(#1260,#1261,#1262,#1263));
#249=EDGE_LOOP('',(#1264,#1265,#1266,#1267));
#250=EDGE_LOOP('',(#1268,#1269,#1270,#1271,#1272,#1273,#1274,#1275,#1276,
#1277,#1278,#1279,#1280,#1281));
#251=EDGE_LOOP('',(#1282,#1283,#1284,#1285,#1286,#1287,#1288,#1289,#1290,
#1291,#1292));
#252=EDGE_LOOP('',(#1293,#1294,#1295,#1296,#1297,#1298,#1299,#1300));
#253=EDGE_LOOP('',(#1301,#1302,#1303,#1304,#1305,#1306,#1307,#1308,#1309,
#1310,#1311,#1312,#1313,#1314));
#254=EDGE_LOOP('',(#1315,#1316,#1317,#1318,#1319,#1320,#1321));
#255=EDGE_LOOP('',(#1322,#1323,#1324,#1325));
#256=EDGE_LOOP('',(#1326,#1327,#1328,#1329,#1330,#1331,#1332,#1333,#1334,
#1335,#1336));
#257=EDGE_LOOP('',(#1337,#1338,#1339,#1340,#1341,#1342,#1343));
#258=EDGE_LOOP('',(#1344,#1345,#1346,#1347));
#259=EDGE_LOOP('',(#1348,#1349,#1350,#1351,#1352,#1353,#1354,#1355,#1356,
#1357,#1358));
#260=EDGE_LOOP('',(#1359,#1360,#1361,#1362));
#261=EDGE_LOOP('',(#1363,#1364,#1365,#1366));
#262=EDGE_LOOP('',(#1367,#1368,#1369,#1370,#1371));
#263=EDGE_LOOP('',(#1372,#1373,#1374,#1375));
#264=EDGE_LOOP('',(#1376,#1377,#1378,#1379,#1380));
#265=EDGE_LOOP('',(#1381,#1382,#1383,#1384,#1385));
#266=EDGE_LOOP('',(#1386));
#267=EDGE_LOOP('',(#1387,#1388,#1389,#1390,#1391));
#268=EDGE_LOOP('',(#1392,#1393,#1394,#1395,#1396));
#269=EDGE_LOOP('',(#1397));
#270=EDGE_LOOP('',(#1398,#1399,#1400,#1401,#1402,#1403,#1404));
#271=EDGE_LOOP('',(#1405,#1406,#1407,#1408));
#272=EDGE_LOOP('',(#1409));
#273=EDGE_LOOP('',(#1410,#1411,#1412,#1413));
#274=EDGE_LOOP('',(#1414));
#275=EDGE_LOOP('',(#1415,#1416));
#276=EDGE_LOOP('',(#1417,#1418));
#277=EDGE_LOOP('',(#1419,#1420,#1421,#1422,#1423,#1424,#1425,#1426,#1427,
#1428,#1429,#1430));
#278=EDGE_LOOP('',(#1431,#1432,#1433,#1434,#1435,#1436,#1437,#1438));
#279=LINE('',#1945,#399);
#280=LINE('',#1952,#400);
#281=LINE('',#1970,#401);
#282=LINE('',#1993,#402);
#283=LINE('',#2001,#403);
#284=LINE('',#2003,#404);
#285=LINE('',#2004,#405);
#286=LINE('',#2007,#406);
#287=LINE('',#2009,#407);
#288=LINE('',#2010,#408);
#289=LINE('',#2013,#409);
#290=LINE('',#2015,#410);
#291=LINE('',#2016,#411);
#292=LINE('',#2034,#412);
#293=LINE('',#2057,#413);
#294=LINE('',#2080,#414);
#295=LINE('',#2103,#415);
#296=LINE('',#2147,#416);
#297=LINE('',#2154,#417);
#298=LINE('',#2172,#418);
#299=LINE('',#2195,#419);
#300=LINE('',#2218,#420);
#301=LINE('',#2241,#421);
#302=LINE('',#2264,#422);
#303=LINE('',#2272,#423);
#304=LINE('',#2274,#424);
#305=LINE('',#2275,#425);
#306=LINE('',#2278,#426);
#307=LINE('',#2280,#427);
#308=LINE('',#2281,#428);
#309=LINE('',#2284,#429);
#310=LINE('',#2286,#430);
#311=LINE('',#2287,#431);
#312=LINE('',#2290,#432);
#313=LINE('',#2292,#433);
#314=LINE('',#2293,#434);
#315=LINE('',#2296,#435);
#316=LINE('',#2298,#436);
#317=LINE('',#2299,#437);
#318=LINE('',#2302,#438);
#319=LINE('',#2304,#439);
#320=LINE('',#2305,#440);
#321=LINE('',#2308,#441);
#322=LINE('',#2310,#442);
#323=LINE('',#2311,#443);
#324=LINE('',#2313,#444);
#325=LINE('',#2314,#445);
#326=LINE('',#2324,#446);
#327=LINE('',#2328,#447);
#328=LINE('',#2331,#448);
#329=LINE('',#2335,#449);
#330=LINE('',#2372,#450);
#331=LINE('',#2551,#451);
#332=LINE('',#2616,#452);
#333=LINE('',#2698,#453);
#334=LINE('',#2717,#454);
#335=LINE('',#2724,#455);
#336=LINE('',#2742,#456);
#337=LINE('',#2765,#457);
#338=LINE('',#2773,#458);
#339=LINE('',#2775,#459);
#340=LINE('',#2776,#460);
#341=LINE('',#2779,#461);
#342=LINE('',#2781,#462);
#343=LINE('',#2782,#463);
#344=LINE('',#2785,#464);
#345=LINE('',#2787,#465);
#346=LINE('',#2788,#466);
#347=LINE('',#2806,#467);
#348=LINE('',#2829,#468);
#349=LINE('',#2852,#469);
#350=LINE('',#2875,#470);
#351=LINE('',#2919,#471);
#352=LINE('',#2926,#472);
#353=LINE('',#2944,#473);
#354=LINE('',#2967,#474);
#355=LINE('',#2990,#475);
#356=LINE('',#3013,#476);
#357=LINE('',#3036,#477);
#358=LINE('',#3044,#478);
#359=LINE('',#3046,#479);
#360=LINE('',#3047,#480);
#361=LINE('',#3050,#481);
#362=LINE('',#3052,#482);
#363=LINE('',#3053,#483);
#364=LINE('',#3056,#484);
#365=LINE('',#3058,#485);
#366=LINE('',#3059,#486);
#367=LINE('',#3062,#487);
#368=LINE('',#3064,#488);
#369=LINE('',#3065,#489);
#370=LINE('',#3068,#490);
#371=LINE('',#3070,#491);
#372=LINE('',#3071,#492);
#373=LINE('',#3074,#493);
#374=LINE('',#3076,#494);
#375=LINE('',#3077,#495);
#376=LINE('',#3080,#496);
#377=LINE('',#3082,#497);
#378=LINE('',#3083,#498);
#379=LINE('',#3085,#499);
#380=LINE('',#3086,#500);
#381=LINE('',#3102,#501);
#382=LINE('',#3115,#502);
#383=LINE('',#3119,#503);
#384=LINE('',#3122,#504);
#385=LINE('',#3136,#505);
#386=LINE('',#3151,#506);
#387=LINE('',#3154,#507);
#388=LINE('',#3156,#508);
#389=LINE('',#3158,#509);
#390=LINE('',#3171,#510);
#391=LINE('',#3183,#511);
#392=LINE('',#3201,#512);
#393=LINE('',#3203,#513);
#394=LINE('',#3204,#514);
#395=LINE('',#3207,#515);
#396=LINE('',#3209,#516);
#397=LINE('',#3210,#517);
#398=LINE('',#3216,#518);
#399=VECTOR('',#1640,10.);
#400=VECTOR('',#1641,10.);
#401=VECTOR('',#1642,10.);
#402=VECTOR('',#1643,10.);
#403=VECTOR('',#1646,10.);
#404=VECTOR('',#1647,10.);
#405=VECTOR('',#1648,10.);
#406=VECTOR('',#1651,10.);
#407=VECTOR('',#1652,10.);
#408=VECTOR('',#1653,10.);
#409=VECTOR('',#1656,10.);
#410=VECTOR('',#1657,10.);
#411=VECTOR('',#1658,10.);
#412=VECTOR('',#1659,10.);
#413=VECTOR('',#1660,10.);
#414=VECTOR('',#1661,10.);
#415=VECTOR('',#1662,10.);
#416=VECTOR('',#1663,10.);
#417=VECTOR('',#1664,10.);
#418=VECTOR('',#1665,10.);
#419=VECTOR('',#1666,10.);
#420=VECTOR('',#1667,10.);
#421=VECTOR('',#1668,10.);
#422=VECTOR('',#1669,10.);
#423=VECTOR('',#1672,10.);
#424=VECTOR('',#1673,10.);
#425=VECTOR('',#1674,10.);
#426=VECTOR('',#1677,10.);
#427=VECTOR('',#1678,10.);
#428=VECTOR('',#1679,10.);
#429=VECTOR('',#1682,10.);
#430=VECTOR('',#1683,10.);
#431=VECTOR('',#1684,10.);
#432=VECTOR('',#1687,10.);
#433=VECTOR('',#1688,10.);
#434=VECTOR('',#1689,10.);
#435=VECTOR('',#1692,10.);
#436=VECTOR('',#1693,10.);
#437=VECTOR('',#1694,10.);
#438=VECTOR('',#1697,10.);
#439=VECTOR('',#1698,10.);
#440=VECTOR('',#1699,10.);
#441=VECTOR('',#1702,10.);
#442=VECTOR('',#1703,10.);
#443=VECTOR('',#1704,10.);
#444=VECTOR('',#1707,10.);
#445=VECTOR('',#1708,10.);
#446=VECTOR('',#1713,10.);
#447=VECTOR('',#1716,10.);
#448=VECTOR('',#1719,10.);
#449=VECTOR('',#1722,10.);
#450=VECTOR('',#1723,10.);
#451=VECTOR('',#1730,10.);
#452=VECTOR('',#1731,10.);
#453=VECTOR('',#1740,10.);
#454=VECTOR('',#1741,10.);
#455=VECTOR('',#1742,10.);
#456=VECTOR('',#1743,10.);
#457=VECTOR('',#1744,10.);
#458=VECTOR('',#1747,10.);
#459=VECTOR('',#1748,10.);
#460=VECTOR('',#1749,10.);
#461=VECTOR('',#1752,10.);
#462=VECTOR('',#1753,10.);
#463=VECTOR('',#1754,10.);
#464=VECTOR('',#1757,10.);
#465=VECTOR('',#1758,10.);
#466=VECTOR('',#1759,10.);
#467=VECTOR('',#1760,10.);
#468=VECTOR('',#1761,10.);
#469=VECTOR('',#1762,10.);
#470=VECTOR('',#1763,10.);
#471=VECTOR('',#1764,10.);
#472=VECTOR('',#1765,10.);
#473=VECTOR('',#1766,10.);
#474=VECTOR('',#1767,10.);
#475=VECTOR('',#1768,10.);
#476=VECTOR('',#1769,10.);
#477=VECTOR('',#1770,10.);
#478=VECTOR('',#1773,10.);
#479=VECTOR('',#1774,10.);
#480=VECTOR('',#1775,10.);
#481=VECTOR('',#1778,10.);
#482=VECTOR('',#1779,10.);
#483=VECTOR('',#1780,10.);
#484=VECTOR('',#1783,10.);
#485=VECTOR('',#1784,10.);
#486=VECTOR('',#1785,10.);
#487=VECTOR('',#1788,10.);
#488=VECTOR('',#1789,10.);
#489=VECTOR('',#1790,10.);
#490=VECTOR('',#1793,10.);
#491=VECTOR('',#1794,10.);
#492=VECTOR('',#1795,10.);
#493=VECTOR('',#1798,10.);
#494=VECTOR('',#1799,10.);
#495=VECTOR('',#1800,10.);
#496=VECTOR('',#1803,10.);
#497=VECTOR('',#1804,10.);
#498=VECTOR('',#1805,10.);
#499=VECTOR('',#1808,10.);
#500=VECTOR('',#1809,10.);
#501=VECTOR('',#1814,10.);
#502=VECTOR('',#1815,10.);
#503=VECTOR('',#1818,10.);
#504=VECTOR('',#1821,10.);
#505=VECTOR('',#1830,10.);
#506=VECTOR('',#1841,10.);
#507=VECTOR('',#1846,10.);
#508=VECTOR('',#1849,10.);
#509=VECTOR('',#1852,10.);
#510=VECTOR('',#1869,0.875);
#511=VECTOR('',#1884,0.875);
#512=VECTOR('',#1905,10.);
#513=VECTOR('',#1906,10.);
#514=VECTOR('',#1907,10.);
#515=VECTOR('',#1910,10.);
#516=VECTOR('',#1911,10.);
#517=VECTOR('',#1912,10.);
#518=VECTOR('',#1923,1.8);
#519=B_SPLINE_CURVE_WITH_KNOTS('',3,(#1939,#1940,#1941,#1942,#1943),
 .UNSPECIFIED.,.F.,.F.,(4,1,4),(0.,0.00639005246554101,0.0121782641286068),
 .UNSPECIFIED.);
#520=B_SPLINE_CURVE_WITH_KNOTS('',3,(#1947,#1948,#1949,#1950,#1951),
 .UNSPECIFIED.,.F.,.F.,(4,1,4),(0.,0.00639005246554101,0.0121782641286068),
 .UNSPECIFIED.);
#521=B_SPLINE_CURVE_WITH_KNOTS('',3,(#1964,#1965,#1966,#1967,#1968),
 .UNSPECIFIED.,.F.,.F.,(4,1,4),(0.,0.00790833578042566,0.0151391787817389),
 .UNSPECIFIED.);
#522=B_SPLINE_CURVE_WITH_KNOTS('',3,(#1971,#1972,#1973,#1974,#1975),
 .UNSPECIFIED.,.F.,.F.,(4,1,4),(0.,0.00790833578042566,0.0151391787817389),
 .UNSPECIFIED.);
#523=B_SPLINE_CURVE_WITH_KNOTS('',3,(#1987,#1988,#1989,#1990,#1991),
 .UNSPECIFIED.,.F.,.F.,(4,1,4),(0.,0.0113539242779346,0.0207329804683328),
 .UNSPECIFIED.);
#524=B_SPLINE_CURVE_WITH_KNOTS('',3,(#1994,#1995,#1996,#1997,#1998),
 .UNSPECIFIED.,.F.,.F.,(4,1,4),(0.,0.0113539242779346,0.0207329804683328),
 .UNSPECIFIED.);
#525=B_SPLINE_CURVE_WITH_KNOTS('',3,(#2028,#2029,#2030,#2031,#2032),
 .UNSPECIFIED.,.F.,.F.,(4,1,4),(0.,0.00756361816367588,0.0162615345320288),
 .UNSPECIFIED.);
#526=B_SPLINE_CURVE_WITH_KNOTS('',3,(#2035,#2036,#2037,#2038,#2039),
 .UNSPECIFIED.,.F.,.F.,(4,1,4),(0.,0.00756361816367588,0.0162615345320288),
 .UNSPECIFIED.);
#527=B_SPLINE_CURVE_WITH_KNOTS('',3,(#2051,#2052,#2053,#2054,#2055),
 .UNSPECIFIED.,.F.,.F.,(4,1,4),(0.,0.00593258983668205,0.0125408101882186),
 .UNSPECIFIED.);
#528=B_SPLINE_CURVE_WITH_KNOTS('',3,(#2058,#2059,#2060,#2061,#2062),
 .UNSPECIFIED.,.F.,.F.,(4,1,4),(0.,0.00593258983668205,0.0125408101882186),
 .UNSPECIFIED.);
#529=B_SPLINE_CURVE_WITH_KNOTS('',3,(#2074,#2075,#2076,#2077,#2078),
 .UNSPECIFIED.,.F.,.F.,(4,1,4),(0.,0.00637782616665868,0.0137624307778966),
 .UNSPECIFIED.);
#530=B_SPLINE_CURVE_WITH_KNOTS('',3,(#2081,#2082,#2083,#2084,#2085),
 .UNSPECIFIED.,.F.,.F.,(4,1,4),(0.,0.00637782616665868,0.0137624307778966),
 .UNSPECIFIED.);
#531=B_SPLINE_CURVE_WITH_KNOTS('',3,(#2097,#2098,#2099,#2100,#2101),
 .UNSPECIFIED.,.F.,.F.,(4,1,4),(0.,0.00702711768866787,0.0133750843454853),
 .UNSPECIFIED.);
#532=B_SPLINE_CURVE_WITH_KNOTS('',3,(#2104,#2105,#2106,#2107,#2108),
 .UNSPECIFIED.,.F.,.F.,(4,1,4),(0.,0.00702711768866787,0.0133750843454853),
 .UNSPECIFIED.);
#533=B_SPLINE_CURVE_WITH_KNOTS('',3,(#2119,#2120,#2121,#2122,#2123),
 .UNSPECIFIED.,.F.,.F.,(4,1,4),(0.,0.00618087470374132,0.0138119941572668),
 .UNSPECIFIED.);
#534=B_SPLINE_CURVE_WITH_KNOTS('',3,(#2124,#2125,#2126,#2127,#2128),
 .UNSPECIFIED.,.F.,.F.,(4,1,4),(0.,0.00618087470374132,0.0138119941572668),
 .UNSPECIFIED.);
#535=B_SPLINE_CURVE_WITH_KNOTS('',3,(#2141,#2142,#2143,#2144,#2145),
 .UNSPECIFIED.,.F.,.F.,(4,1,4),(0.,0.0178690427190646,0.0377130575073095),
 .UNSPECIFIED.);
#536=B_SPLINE_CURVE_WITH_KNOTS('',3,(#2149,#2150,#2151,#2152,#2153),
 .UNSPECIFIED.,.F.,.F.,(4,1,4),(0.,0.0178690427190646,0.0377130575073095),
 .UNSPECIFIED.);
#537=B_SPLINE_CURVE_WITH_KNOTS('',3,(#2166,#2167,#2168,#2169,#2170),
 .UNSPECIFIED.,.F.,.F.,(4,1,4),(0.,0.0202775422432053,0.0380525108321639),
 .UNSPECIFIED.);
#538=B_SPLINE_CURVE_WITH_KNOTS('',3,(#2173,#2174,#2175,#2176,#2177),
 .UNSPECIFIED.,.F.,.F.,(4,1,4),(0.,0.0202775422432053,0.0380525108321639),
 .UNSPECIFIED.);
#539=B_SPLINE_CURVE_WITH_KNOTS('',3,(#2189,#2190,#2191,#2192,#2193),
 .UNSPECIFIED.,.F.,.F.,(4,1,4),(0.,0.013030213353104,0.0278817510695386),
 .UNSPECIFIED.);
#540=B_SPLINE_CURVE_WITH_KNOTS('',3,(#2196,#2197,#2198,#2199,#2200),
 .UNSPECIFIED.,.F.,.F.,(4,1,4),(0.,0.013030213353104,0.0278817510695386),
 .UNSPECIFIED.);
#541=B_SPLINE_CURVE_WITH_KNOTS('',3,(#2212,#2213,#2214,#2215,#2216),
 .UNSPECIFIED.,.F.,.F.,(4,1,4),(0.,0.0127236169288649,0.0251656782919671),
 .UNSPECIFIED.);
#542=B_SPLINE_CURVE_WITH_KNOTS('',3,(#2219,#2220,#2221,#2222,#2223),
 .UNSPECIFIED.,.F.,.F.,(4,1,4),(0.,0.0127236169288649,0.0251656782919671),
 .UNSPECIFIED.);
#543=B_SPLINE_CURVE_WITH_KNOTS('',3,(#2235,#2236,#2237,#2238,#2239),
 .UNSPECIFIED.,.F.,.F.,(4,1,4),(0.,0.0127624128931824,0.0255738556638699),
 .UNSPECIFIED.);
#544=B_SPLINE_CURVE_WITH_KNOTS('',3,(#2242,#2243,#2244,#2245,#2246),
 .UNSPECIFIED.,.F.,.F.,(4,1,4),(0.,0.0127624128931824,0.0255738556638699),
 .UNSPECIFIED.);
#545=B_SPLINE_CURVE_WITH_KNOTS('',3,(#2258,#2259,#2260,#2261,#2262),
 .UNSPECIFIED.,.F.,.F.,(4,1,4),(0.,0.0164952754728051,0.0305792535314406),
 .UNSPECIFIED.);
#546=B_SPLINE_CURVE_WITH_KNOTS('',3,(#2265,#2266,#2267,#2268,#2269),
 .UNSPECIFIED.,.F.,.F.,(4,1,4),(0.,0.0164952754728051,0.0305792535314406),
 .UNSPECIFIED.);
#547=B_SPLINE_CURVE_WITH_KNOTS('',3,(#2319,#2320,#2321,#2322),
 .UNSPECIFIED.,.F.,.F.,(4,4),(1.54152308896395,1.65848127080157),
 .UNSPECIFIED.);
#548=B_SPLINE_CURVE_WITH_KNOTS('',3,(#2337,#2338,#2339,#2340),
 .UNSPECIFIED.,.F.,.F.,(4,4),(0.388199369081479,0.505157550919096),
 .UNSPECIFIED.);
#549=B_SPLINE_CURVE_WITH_KNOTS('',3,(#2342,#2343,#2344,#2345,#2346,#2347),
 .UNSPECIFIED.,.F.,.F.,(4,2,4),(1.65848127080157,1.67602973532042,1.68072317945728),
 .UNSPECIFIED.);
#550=B_SPLINE_CURVE_WITH_KNOTS('',3,(#2349,#2350,#2351,#2352,#2353,#2354,
#2355,#2356,#2357,#2358,#2359,#2360,#2361,#2362,#2363,#2364,#2365,#2366,
#2367,#2368,#2369,#2370),.UNSPECIFIED.,.F.,.F.,(4,3,3,3,3,3,3,4),(0.0780780338301488,
0.088054030461753,0.0919412532258755,0.0962956943615721,0.106516686302211,
0.112448889281349,0.122629898626443,0.132718689345987),.UNSPECIFIED.);
#551=B_SPLINE_CURVE_WITH_KNOTS('',3,(#2374,#2375,#2376,#2377,#2378,#2379,
#2380,#2381,#2382,#2383,#2384,#2385,#2386,#2387,#2388,#2389,#2390,#2391,
#2392,#2393,#2394,#2395),.UNSPECIFIED.,.F.,.F.,(4,3,3,3,3,3,3,4),(0.,0.00985495578579955,
0.0200861153297296,0.0253441481454032,0.0354034230035681,0.0457979012180431,
0.0516287955845838,0.0545256999605204),.UNSPECIFIED.);
#552=B_SPLINE_CURVE_WITH_KNOTS('',3,(#2396,#2397,#2398,#2399,#2400,#2401),
 .UNSPECIFIED.,.F.,.F.,(4,2,4),(0.365957460425761,0.370650904562627,0.388199369081479),
 .UNSPECIFIED.);
#553=B_SPLINE_CURVE_WITH_KNOTS('',3,(#2427,#2428,#2429,#2430),
 .UNSPECIFIED.,.F.,.F.,(4,4),(0.326344544036752,0.366578124012043),
 .UNSPECIFIED.);
#554=B_SPLINE_CURVE_WITH_KNOTS('',3,(#2432,#2433,#2434,#2435),
 .UNSPECIFIED.,.F.,.F.,(4,4),(0.09213997541753,0.256791414739712),
 .UNSPECIFIED.);
#555=B_SPLINE_CURVE_WITH_KNOTS('',3,(#2437,#2438,#2439,#2440,#2441,#2442,
#2443,#2444,#2445,#2446,#2447,#2448,#2449,#2450,#2451,#2452,#2453,#2454,
#2455,#2456,#2457,#2458,#2459,#2460,#2461,#2462,#2463,#2464,#2465,#2466,
#2467,#2468,#2469,#2470,#2471,#2472,#2473,#2474,#2475,#2476,#2477,#2478,
#2479,#2480,#2481,#2482,#2483,#2484,#2485,#2486,#2487,#2488),
 .UNSPECIFIED.,.F.,.F.,(4,3,3,3,3,3,3,3,3,3,3,3,3,3,3,3,3,4),(0.,0.010030076989553,
0.0203121075955403,0.0271414609663241,0.037415793437609,0.0475982284510217,
0.0542535554095613,0.0559261932776383,0.0659941040102908,0.0762790762857068,
0.0815476045382869,0.0918531503821643,0.0934465595465445,0.103772364564286,
0.106339972811659,0.116679705093761,0.126973541028689,0.131249287272313),
 .UNSPECIFIED.);
#556=B_SPLINE_CURVE_WITH_KNOTS('',3,(#2490,#2491,#2492,#2493),
 .UNSPECIFIED.,.F.,.F.,(4,4),(-0.265655184210957,-0.159502347000956),
 .UNSPECIFIED.);
#557=B_SPLINE_CURVE_WITH_KNOTS('',3,(#2494,#2495,#2496,#2497,#2498,#2499,
#2500,#2501,#2502,#2503,#2504,#2505,#2506,#2507,#2508,#2509,#2510,#2511,
#2512,#2513,#2514,#2515,#2516,#2517,#2518,#2519,#2520,#2521,#2522,#2523,
#2524),.UNSPECIFIED.,.F.,.F.,(4,3,3,3,3,3,3,3,3,3,4),(0.,0.0110338701689593,
0.0221544789676046,0.0317126746006398,0.0395333505098587,0.0503990225860861,
0.0608728192636184,0.0630329973140583,0.0732982000422845,0.078090783259634,
0.0790833028813017),.UNSPECIFIED.);
#558=B_SPLINE_CURVE_WITH_KNOTS('',3,(#2527,#2528,#2529,#2530,#2531,#2532,
#2533,#2534,#2535,#2536),.UNSPECIFIED.,.F.,.F.,(4,2,2,2,4),(-0.397603388402578,
-0.36656087484598,-0.244351361257866,-0.12216731245783,0.),
 .UNSPECIFIED.);
#559=B_SPLINE_CURVE_WITH_KNOTS('',3,(#2539,#2540,#2541,#2542,#2543,#2544,
#2545,#2546,#2547,#2548),.UNSPECIFIED.,.F.,.F.,(4,2,2,2,4),(0.,0.120586690208308,
0.243358930327815,0.369543664026695,0.420827204276427),.UNSPECIFIED.);
#560=B_SPLINE_CURVE_WITH_KNOTS('',3,(#2553,#2554,#2555,#2556,#2557,#2558,
#2559,#2560,#2561,#2562,#2563,#2564,#2565,#2566,#2567,#2568,#2569,#2570,
#2571,#2572,#2573,#2574,#2575,#2576,#2577,#2578,#2579,#2580,#2581,#2582,
#2583,#2584,#2585,#2586,#2587,#2588,#2589,#2590,#2591,#2592,#2593,#2594,
#2595,#2596,#2597,#2598,#2599,#2600,#2601,#2602,#2603,#2604),
 .UNSPECIFIED.,.F.,.F.,(4,3,3,3,3,3,3,3,3,3,3,3,3,3,3,3,3,4),(0.,0.0101729165854327,
0.020585692524383,0.0278293714348836,0.0382073677072175,0.0483647646728859,
0.0554891127914431,0.056642075379226,0.0668148902441062,0.0770576450133363,
0.0828713787965382,0.0931105943820882,0.0940382104726414,0.104279886047488,
0.107088679981109,0.117305399530516,0.127456341269419,0.131295376398144),
 .UNSPECIFIED.);
#561=B_SPLINE_CURVE_WITH_KNOTS('',3,(#2606,#2607,#2608,#2609,#2610,#2611,
#2612,#2613,#2614,#2615),.UNSPECIFIED.,.F.,.F.,(4,2,2,2,4),(0.,0.122167312457831,
0.244351361257866,0.366560874845981,0.397603388402576),.UNSPECIFIED.);
#562=B_SPLINE_CURVE_WITH_KNOTS('',3,(#2618,#2619,#2620,#2621),
 .UNSPECIFIED.,.F.,.F.,(4,4),(0.127644838231737,0.29229627755392),
 .UNSPECIFIED.);
#563=B_SPLINE_CURVE_WITH_KNOTS('',3,(#2648,#2649,#2650,#2651,#2652,#2653,
#2654,#2655,#2656,#2657,#2658,#2659,#2660,#2661,#2662,#2663,#2664,#2665,
#2666,#2667,#2668,#2669,#2670,#2671,#2672,#2673,#2674,#2675),
 .UNSPECIFIED.,.F.,.F.,(4,3,3,3,3,3,3,3,3,4),(0.0541101163232835,0.0645842974391502,
0.0741359431580826,0.07989605975738,0.0904148424352293,0.101378708200374,
0.106264527082361,0.117420016578394,0.128332338236516,0.132922663490269),
 .UNSPECIFIED.);
#564=B_SPLINE_CURVE_WITH_KNOTS('',3,(#2676,#2677,#2678,#2679),
 .UNSPECIFIED.,.F.,.F.,(4,4),(-0.224933905970493,-0.118781068760492),
 .UNSPECIFIED.);
#565=B_SPLINE_CURVE_WITH_KNOTS('',3,(#2680,#2681,#2682,#2683),
 .UNSPECIFIED.,.F.,.F.,(4,4),(0.5178622009584,0.55065637823369),
 .UNSPECIFIED.);
#566=B_SPLINE_CURVE_WITH_KNOTS('',3,(#2686,#2687,#2688,#2689,#2690,#2691,
#2692,#2693,#2694,#2695),.UNSPECIFIED.,.F.,.F.,(4,2,2,2,4),(-0.420827204276427,
-0.369543664026694,-0.243358930327814,-0.120586690208307,0.),
 .UNSPECIFIED.);
#567=B_SPLINE_CURVE_WITH_KNOTS('',3,(#2711,#2712,#2713,#2714,#2715),
 .UNSPECIFIED.,.F.,.F.,(4,1,4),(0.,0.012780104931082,0.0243565282572137),
 .UNSPECIFIED.);
#568=B_SPLINE_CURVE_WITH_KNOTS('',3,(#2719,#2720,#2721,#2722,#2723),
 .UNSPECIFIED.,.F.,.F.,(4,1,4),(0.,0.012780104931082,0.0243565282572137),
 .UNSPECIFIED.);
#569=B_SPLINE_CURVE_WITH_KNOTS('',3,(#2736,#2737,#2738,#2739,#2740),
 .UNSPECIFIED.,.F.,.F.,(4,1,4),(0.,0.0158166715608513,0.0302783575634778),
 .UNSPECIFIED.);
#570=B_SPLINE_CURVE_WITH_KNOTS('',3,(#2743,#2744,#2745,#2746,#2747),
 .UNSPECIFIED.,.F.,.F.,(4,1,4),(0.,0.0158166715608513,0.0302783575634778),
 .UNSPECIFIED.);
#571=B_SPLINE_CURVE_WITH_KNOTS('',3,(#2759,#2760,#2761,#2762,#2763),
 .UNSPECIFIED.,.F.,.F.,(4,1,4),(0.,0.0227078485558693,0.0414659609366655),
 .UNSPECIFIED.);
#572=B_SPLINE_CURVE_WITH_KNOTS('',3,(#2766,#2767,#2768,#2769,#2770),
 .UNSPECIFIED.,.F.,.F.,(4,1,4),(0.,0.0227078485558693,0.0414659609366655),
 .UNSPECIFIED.);
#573=B_SPLINE_CURVE_WITH_KNOTS('',3,(#2800,#2801,#2802,#2803,#2804),
 .UNSPECIFIED.,.F.,.F.,(4,1,4),(0.,0.0151272363273518,0.0325230690640576),
 .UNSPECIFIED.);
#574=B_SPLINE_CURVE_WITH_KNOTS('',3,(#2807,#2808,#2809,#2810,#2811),
 .UNSPECIFIED.,.F.,.F.,(4,1,4),(0.,0.0151272363273518,0.0325230690640576),
 .UNSPECIFIED.);
#575=B_SPLINE_CURVE_WITH_KNOTS('',3,(#2823,#2824,#2825,#2826,#2827),
 .UNSPECIFIED.,.F.,.F.,(4,1,4),(0.,0.0118651796733641,0.0250816203764372),
 .UNSPECIFIED.);
#576=B_SPLINE_CURVE_WITH_KNOTS('',3,(#2830,#2831,#2832,#2833,#2834),
 .UNSPECIFIED.,.F.,.F.,(4,1,4),(0.,0.0118651796733641,0.0250816203764372),
 .UNSPECIFIED.);
#577=B_SPLINE_CURVE_WITH_KNOTS('',3,(#2846,#2847,#2848,#2849,#2850),
 .UNSPECIFIED.,.F.,.F.,(4,1,4),(0.,0.0127556523333174,0.0275248615557932),
 .UNSPECIFIED.);
#578=B_SPLINE_CURVE_WITH_KNOTS('',3,(#2853,#2854,#2855,#2856,#2857),
 .UNSPECIFIED.,.F.,.F.,(4,1,4),(0.,0.0127556523333174,0.0275248615557932),
 .UNSPECIFIED.);
#579=B_SPLINE_CURVE_WITH_KNOTS('',3,(#2869,#2870,#2871,#2872,#2873),
 .UNSPECIFIED.,.F.,.F.,(4,1,4),(0.,0.0140542353773357,0.0267501686909707),
 .UNSPECIFIED.);
#580=B_SPLINE_CURVE_WITH_KNOTS('',3,(#2876,#2877,#2878,#2879,#2880),
 .UNSPECIFIED.,.F.,.F.,(4,1,4),(0.,0.0140542353773357,0.0267501686909707),
 .UNSPECIFIED.);
#581=B_SPLINE_CURVE_WITH_KNOTS('',3,(#2891,#2892,#2893,#2894,#2895),
 .UNSPECIFIED.,.F.,.F.,(4,1,4),(0.,0.0123617494074826,0.0276239883145337),
 .UNSPECIFIED.);
#582=B_SPLINE_CURVE_WITH_KNOTS('',3,(#2896,#2897,#2898,#2899,#2900),
 .UNSPECIFIED.,.F.,.F.,(4,1,4),(0.,0.0123617494074826,0.0276239883145337),
 .UNSPECIFIED.);
#583=B_SPLINE_CURVE_WITH_KNOTS('',3,(#2913,#2914,#2915,#2916,#2917),
 .UNSPECIFIED.,.F.,.F.,(4,1,4),(0.,0.0357380854381292,0.0754261150146191),
 .UNSPECIFIED.);
#584=B_SPLINE_CURVE_WITH_KNOTS('',3,(#2921,#2922,#2923,#2924,#2925),
 .UNSPECIFIED.,.F.,.F.,(4,1,4),(0.,0.0357380854381292,0.0754261150146191),
 .UNSPECIFIED.);
#585=B_SPLINE_CURVE_WITH_KNOTS('',3,(#2938,#2939,#2940,#2941,#2942),
 .UNSPECIFIED.,.F.,.F.,(4,1,4),(0.,0.0405550844864106,0.0761050216643278),
 .UNSPECIFIED.);
#586=B_SPLINE_CURVE_WITH_KNOTS('',3,(#2945,#2946,#2947,#2948,#2949),
 .UNSPECIFIED.,.F.,.F.,(4,1,4),(0.,0.0405550844864106,0.0761050216643278),
 .UNSPECIFIED.);
#587=B_SPLINE_CURVE_WITH_KNOTS('',3,(#2961,#2962,#2963,#2964,#2965),
 .UNSPECIFIED.,.F.,.F.,(4,1,4),(0.,0.026060426706208,0.0557635021390772),
 .UNSPECIFIED.);
#588=B_SPLINE_CURVE_WITH_KNOTS('',3,(#2968,#2969,#2970,#2971,#2972),
 .UNSPECIFIED.,.F.,.F.,(4,1,4),(0.,0.026060426706208,0.0557635021390772),
 .UNSPECIFIED.);
#589=B_SPLINE_CURVE_WITH_KNOTS('',3,(#2984,#2985,#2986,#2987,#2988),
 .UNSPECIFIED.,.F.,.F.,(4,1,4),(0.,0.0254472338577298,0.0503313565839342),
 .UNSPECIFIED.);
#590=B_SPLINE_CURVE_WITH_KNOTS('',3,(#2991,#2992,#2993,#2994,#2995),
 .UNSPECIFIED.,.F.,.F.,(4,1,4),(0.,0.0254472338577298,0.0503313565839342),
 .UNSPECIFIED.);
#591=B_SPLINE_CURVE_WITH_KNOTS('',3,(#3007,#3008,#3009,#3010,#3011),
 .UNSPECIFIED.,.F.,.F.,(4,1,4),(0.,0.0255248257863648,0.0511477113277398),
 .UNSPECIFIED.);
#592=B_SPLINE_CURVE_WITH_KNOTS('',3,(#3014,#3015,#3016,#3017,#3018),
 .UNSPECIFIED.,.F.,.F.,(4,1,4),(0.,0.0255248257863648,0.0511477113277398),
 .UNSPECIFIED.);
#593=B_SPLINE_CURVE_WITH_KNOTS('',3,(#3030,#3031,#3032,#3033,#3034),
 .UNSPECIFIED.,.F.,.F.,(4,1,4),(0.,0.0329905509456103,0.0611585070628812),
 .UNSPECIFIED.);
#594=B_SPLINE_CURVE_WITH_KNOTS('',3,(#3037,#3038,#3039,#3040,#3041),
 .UNSPECIFIED.,.F.,.F.,(4,1,4),(0.,0.0329905509456103,0.0611585070628812),
 .UNSPECIFIED.);
#595=B_SPLINE_CURVE_WITH_KNOTS('',3,(#3091,#3092,#3093,#3094,#3095,#3096,
#3097,#3098,#3099,#3100),.UNSPECIFIED.,.F.,.F.,(4,2,2,2,4),(2.08437312090508,
2.20354933287603,2.32674145744604,2.45649024086245,2.59572094098942),
 .UNSPECIFIED.);
#596=B_SPLINE_CURVE_WITH_KNOTS('',3,(#3104,#3105,#3106,#3107,#3108,#3109,
#3110,#3111,#3112,#3113),.UNSPECIFIED.,.F.,.F.,(4,2,2,2,4),(1.57302530082074,
1.71225600094771,1.84200478436411,1.96519690893412,2.08437312090508),
 .UNSPECIFIED.);
#597=B_SPLINE_CURVE_WITH_KNOTS('',3,(#3125,#3126,#3127,#3128,#3129,#3130,
#3131,#3132),.UNSPECIFIED.,.F.,.F.,(4,2,2,4),(0.,0.120262616627847,0.243106779621652,
0.363265497935829),.UNSPECIFIED.);
#598=B_SPLINE_CURVE_WITH_KNOTS('',3,(#3142,#3143,#3144,#3145,#3146,#3147,
#3148,#3149),.UNSPECIFIED.,.F.,.F.,(4,2,2,4),(1.66976490499061,1.78992362330479,
1.9127677862986,2.03303040292644),.UNSPECIFIED.);
#599=VERTEX_POINT('',#1937);
#600=VERTEX_POINT('',#1938);
#601=VERTEX_POINT('',#1944);
#602=VERTEX_POINT('',#1946);
#603=VERTEX_POINT('',#1963);
#604=VERTEX_POINT('',#1969);
#605=VERTEX_POINT('',#1986);
#606=VERTEX_POINT('',#1992);
#607=VERTEX_POINT('',#2000);
#608=VERTEX_POINT('',#2002);
#609=VERTEX_POINT('',#2006);
#610=VERTEX_POINT('',#2008);
#611=VERTEX_POINT('',#2012);
#612=VERTEX_POINT('',#2014);
#613=VERTEX_POINT('',#2027);
#614=VERTEX_POINT('',#2033);
#615=VERTEX_POINT('',#2050);
#616=VERTEX_POINT('',#2056);
#617=VERTEX_POINT('',#2073);
#618=VERTEX_POINT('',#2079);
#619=VERTEX_POINT('',#2096);
#620=VERTEX_POINT('',#2102);
#621=VERTEX_POINT('',#2139);
#622=VERTEX_POINT('',#2140);
#623=VERTEX_POINT('',#2146);
#624=VERTEX_POINT('',#2148);
#625=VERTEX_POINT('',#2165);
#626=VERTEX_POINT('',#2171);
#627=VERTEX_POINT('',#2188);
#628=VERTEX_POINT('',#2194);
#629=VERTEX_POINT('',#2211);
#630=VERTEX_POINT('',#2217);
#631=VERTEX_POINT('',#2234);
#632=VERTEX_POINT('',#2240);
#633=VERTEX_POINT('',#2257);
#634=VERTEX_POINT('',#2263);
#635=VERTEX_POINT('',#2271);
#636=VERTEX_POINT('',#2273);
#637=VERTEX_POINT('',#2277);
#638=VERTEX_POINT('',#2279);
#639=VERTEX_POINT('',#2283);
#640=VERTEX_POINT('',#2285);
#641=VERTEX_POINT('',#2289);
#642=VERTEX_POINT('',#2291);
#643=VERTEX_POINT('',#2295);
#644=VERTEX_POINT('',#2297);
#645=VERTEX_POINT('',#2301);
#646=VERTEX_POINT('',#2303);
#647=VERTEX_POINT('',#2307);
#648=VERTEX_POINT('',#2309);
#649=VERTEX_POINT('',#2317);
#650=VERTEX_POINT('',#2318);
#651=VERTEX_POINT('',#2323);
#652=VERTEX_POINT('',#2325);
#653=VERTEX_POINT('',#2327);
#654=VERTEX_POINT('',#2330);
#655=VERTEX_POINT('',#2332);
#656=VERTEX_POINT('',#2334);
#657=VERTEX_POINT('',#2336);
#658=VERTEX_POINT('',#2341);
#659=VERTEX_POINT('',#2348);
#660=VERTEX_POINT('',#2371);
#661=VERTEX_POINT('',#2373);
#662=VERTEX_POINT('',#2426);
#663=VERTEX_POINT('',#2431);
#664=VERTEX_POINT('',#2436);
#665=VERTEX_POINT('',#2489);
#666=VERTEX_POINT('',#2526);
#667=VERTEX_POINT('',#2537);
#668=VERTEX_POINT('',#2550);
#669=VERTEX_POINT('',#2552);
#670=VERTEX_POINT('',#2605);
#671=VERTEX_POINT('',#2646);
#672=VERTEX_POINT('',#2647);
#673=VERTEX_POINT('',#2685);
#674=VERTEX_POINT('',#2709);
#675=VERTEX_POINT('',#2710);
#676=VERTEX_POINT('',#2716);
#677=VERTEX_POINT('',#2718);
#678=VERTEX_POINT('',#2735);
#679=VERTEX_POINT('',#2741);
#680=VERTEX_POINT('',#2758);
#681=VERTEX_POINT('',#2764);
#682=VERTEX_POINT('',#2772);
#683=VERTEX_POINT('',#2774);
#684=VERTEX_POINT('',#2778);
#685=VERTEX_POINT('',#2780);
#686=VERTEX_POINT('',#2784);
#687=VERTEX_POINT('',#2786);
#688=VERTEX_POINT('',#2799);
#689=VERTEX_POINT('',#2805);
#690=VERTEX_POINT('',#2822);
#691=VERTEX_POINT('',#2828);
#692=VERTEX_POINT('',#2845);
#693=VERTEX_POINT('',#2851);
#694=VERTEX_POINT('',#2868);
#695=VERTEX_POINT('',#2874);
#696=VERTEX_POINT('',#2911);
#697=VERTEX_POINT('',#2912);
#698=VERTEX_POINT('',#2918);
#699=VERTEX_POINT('',#2920);
#700=VERTEX_POINT('',#2937);
#701=VERTEX_POINT('',#2943);
#702=VERTEX_POINT('',#2960);
#703=VERTEX_POINT('',#2966);
#704=VERTEX_POINT('',#2983);
#705=VERTEX_POINT('',#2989);
#706=VERTEX_POINT('',#3006);
#707=VERTEX_POINT('',#3012);
#708=VERTEX_POINT('',#3029);
#709=VERTEX_POINT('',#3035);
#710=VERTEX_POINT('',#3043);
#711=VERTEX_POINT('',#3045);
#712=VERTEX_POINT('',#3049);
#713=VERTEX_POINT('',#3051);
#714=VERTEX_POINT('',#3055);
#715=VERTEX_POINT('',#3057);
#716=VERTEX_POINT('',#3061);
#717=VERTEX_POINT('',#3063);
#718=VERTEX_POINT('',#3067);
#719=VERTEX_POINT('',#3069);
#720=VERTEX_POINT('',#3073);
#721=VERTEX_POINT('',#3075);
#722=VERTEX_POINT('',#3079);
#723=VERTEX_POINT('',#3081);
#724=VERTEX_POINT('',#3089);
#725=VERTEX_POINT('',#3090);
#726=VERTEX_POINT('',#3101);
#727=VERTEX_POINT('',#3103);
#728=VERTEX_POINT('',#3114);
#729=VERTEX_POINT('',#3116);
#730=VERTEX_POINT('',#3118);
#731=VERTEX_POINT('',#3120);
#732=VERTEX_POINT('',#3124);
#733=VERTEX_POINT('',#3140);
#734=VERTEX_POINT('',#3161);
#735=VERTEX_POINT('',#3163);
#736=VERTEX_POINT('',#3165);
#737=VERTEX_POINT('',#3169);
#738=VERTEX_POINT('',#3174);
#739=VERTEX_POINT('',#3176);
#740=VERTEX_POINT('',#3178);
#741=VERTEX_POINT('',#3182);
#742=VERTEX_POINT('',#3187);
#743=VERTEX_POINT('',#3188);
#744=VERTEX_POINT('',#3190);
#745=VERTEX_POINT('',#3192);
#746=VERTEX_POINT('',#3194);
#747=VERTEX_POINT('',#3196);
#748=VERTEX_POINT('',#3200);
#749=VERTEX_POINT('',#3202);
#750=VERTEX_POINT('',#3206);
#751=VERTEX_POINT('',#3208);
#752=EDGE_CURVE('',#599,#600,#519,.T.);
#753=EDGE_CURVE('',#599,#601,#279,.T.);
#754=EDGE_CURVE('',#601,#602,#520,.T.);
#755=EDGE_CURVE('',#600,#602,#280,.T.);
#756=EDGE_CURVE('',#603,#599,#521,.T.);
#757=EDGE_CURVE('',#603,#604,#281,.T.);
#758=EDGE_CURVE('',#604,#601,#522,.T.);
#759=EDGE_CURVE('',#605,#603,#523,.T.);
#760=EDGE_CURVE('',#605,#606,#282,.T.);
#761=EDGE_CURVE('',#606,#604,#524,.T.);
#762=EDGE_CURVE('',#607,#605,#283,.T.);
#763=EDGE_CURVE('',#607,#608,#284,.T.);
#764=EDGE_CURVE('',#608,#606,#285,.T.);
#765=EDGE_CURVE('',#609,#607,#286,.T.);
#766=EDGE_CURVE('',#609,#610,#287,.T.);
#767=EDGE_CURVE('',#610,#608,#288,.T.);
#768=EDGE_CURVE('',#611,#609,#289,.T.);
#769=EDGE_CURVE('',#611,#612,#290,.T.);
#770=EDGE_CURVE('',#612,#610,#291,.T.);
#771=EDGE_CURVE('',#613,#611,#525,.T.);
#772=EDGE_CURVE('',#613,#614,#292,.T.);
#773=EDGE_CURVE('',#614,#612,#526,.T.);
#774=EDGE_CURVE('',#615,#613,#527,.T.);
#775=EDGE_CURVE('',#615,#616,#293,.T.);
#776=EDGE_CURVE('',#616,#614,#528,.T.);
#777=EDGE_CURVE('',#617,#615,#529,.T.);
#778=EDGE_CURVE('',#617,#618,#294,.T.);
#779=EDGE_CURVE('',#618,#616,#530,.T.);
#780=EDGE_CURVE('',#619,#617,#531,.T.);
#781=EDGE_CURVE('',#619,#620,#295,.T.);
#782=EDGE_CURVE('',#620,#618,#532,.T.);
#783=EDGE_CURVE('',#600,#619,#533,.T.);
#784=EDGE_CURVE('',#602,#620,#534,.T.);
#785=EDGE_CURVE('',#621,#622,#535,.T.);
#786=EDGE_CURVE('',#621,#623,#296,.T.);
#787=EDGE_CURVE('',#623,#624,#536,.T.);
#788=EDGE_CURVE('',#622,#624,#297,.T.);
#789=EDGE_CURVE('',#625,#621,#537,.T.);
#790=EDGE_CURVE('',#625,#626,#298,.T.);
#791=EDGE_CURVE('',#626,#623,#538,.T.);
#792=EDGE_CURVE('',#627,#625,#539,.T.);
#793=EDGE_CURVE('',#627,#628,#299,.T.);
#794=EDGE_CURVE('',#628,#626,#540,.T.);
#795=EDGE_CURVE('',#629,#627,#541,.T.);
#796=EDGE_CURVE('',#629,#630,#300,.T.);
#797=EDGE_CURVE('',#630,#628,#542,.T.);
#798=EDGE_CURVE('',#631,#629,#543,.T.);
#799=EDGE_CURVE('',#631,#632,#301,.T.);
#800=EDGE_CURVE('',#632,#630,#544,.T.);
#801=EDGE_CURVE('',#633,#631,#545,.T.);
#802=EDGE_CURVE('',#633,#634,#302,.T.);
#803=EDGE_CURVE('',#634,#632,#546,.T.);
#804=EDGE_CURVE('',#635,#633,#303,.T.);
#805=EDGE_CURVE('',#635,#636,#304,.T.);
#806=EDGE_CURVE('',#636,#634,#305,.T.);
#807=EDGE_CURVE('',#637,#635,#306,.T.);
#808=EDGE_CURVE('',#637,#638,#307,.T.);
#809=EDGE_CURVE('',#638,#636,#308,.T.);
#810=EDGE_CURVE('',#639,#637,#309,.T.);
#811=EDGE_CURVE('',#639,#640,#310,.T.);
#812=EDGE_CURVE('',#640,#638,#311,.T.);
#813=EDGE_CURVE('',#641,#639,#312,.T.);
#814=EDGE_CURVE('',#641,#642,#313,.T.);
#815=EDGE_CURVE('',#642,#640,#314,.T.);
#816=EDGE_CURVE('',#643,#641,#315,.T.);
#817=EDGE_CURVE('',#643,#644,#316,.T.);
#818=EDGE_CURVE('',#644,#642,#317,.T.);
#819=EDGE_CURVE('',#645,#643,#318,.T.);
#820=EDGE_CURVE('',#645,#646,#319,.T.);
#821=EDGE_CURVE('',#646,#644,#320,.T.);
#822=EDGE_CURVE('',#647,#645,#321,.T.);
#823=EDGE_CURVE('',#647,#648,#322,.T.);
#824=EDGE_CURVE('',#648,#646,#323,.T.);
#825=EDGE_CURVE('',#622,#647,#324,.T.);
#826=EDGE_CURVE('',#624,#648,#325,.T.);
#827=EDGE_CURVE('',#649,#650,#547,.T.);
#828=EDGE_CURVE('',#651,#649,#326,.T.);
#829=EDGE_CURVE('',#652,#651,#32,.T.);
#830=EDGE_CURVE('',#652,#653,#327,.T.);
#831=EDGE_CURVE('',#653,#653,#33,.T.);
#832=EDGE_CURVE('',#653,#654,#328,.T.);
#833=EDGE_CURVE('',#655,#654,#34,.T.);
#834=EDGE_CURVE('',#656,#655,#329,.T.);
#835=EDGE_CURVE('',#657,#656,#548,.T.);
#836=EDGE_CURVE('',#657,#658,#549,.T.);
#837=EDGE_CURVE('',#659,#658,#550,.F.);
#838=EDGE_CURVE('',#660,#659,#330,.T.);
#839=EDGE_CURVE('',#660,#661,#551,.T.);
#840=EDGE_CURVE('',#661,#650,#552,.T.);
#841=EDGE_CURVE('',#662,#661,#553,.T.);
#842=EDGE_CURVE('',#660,#663,#554,.T.);
#843=EDGE_CURVE('',#663,#664,#555,.T.);
#844=EDGE_CURVE('',#664,#665,#556,.T.);
#845=EDGE_CURVE('',#665,#662,#557,.T.);
#846=EDGE_CURVE('',#664,#666,#558,.T.);
#847=EDGE_CURVE('',#666,#667,#35,.T.);
#848=EDGE_CURVE('',#667,#665,#559,.T.);
#849=EDGE_CURVE('',#663,#668,#331,.T.);
#850=EDGE_CURVE('',#669,#668,#560,.T.);
#851=EDGE_CURVE('',#670,#669,#561,.T.);
#852=EDGE_CURVE('',#666,#670,#332,.T.);
#853=EDGE_CURVE('',#668,#659,#562,.T.);
#854=EDGE_CURVE('',#671,#672,#563,.T.);
#855=EDGE_CURVE('',#672,#669,#564,.T.);
#856=EDGE_CURVE('',#658,#671,#565,.T.);
#857=EDGE_CURVE('',#672,#673,#566,.T.);
#858=EDGE_CURVE('',#673,#670,#36,.T.);
#859=EDGE_CURVE('',#667,#673,#333,.T.);
#860=EDGE_CURVE('',#674,#675,#567,.T.);
#861=EDGE_CURVE('',#674,#676,#334,.T.);
#862=EDGE_CURVE('',#676,#677,#568,.T.);
#863=EDGE_CURVE('',#675,#677,#335,.T.);
#864=EDGE_CURVE('',#678,#674,#569,.T.);
#865=EDGE_CURVE('',#678,#679,#336,.T.);
#866=EDGE_CURVE('',#679,#676,#570,.T.);
#867=EDGE_CURVE('',#680,#678,#571,.T.);
#868=EDGE_CURVE('',#680,#681,#337,.T.);
#869=EDGE_CURVE('',#681,#679,#572,.T.);
#870=EDGE_CURVE('',#682,#680,#338,.T.);
#871=EDGE_CURVE('',#682,#683,#339,.T.);
#872=EDGE_CURVE('',#683,#681,#340,.T.);
#873=EDGE_CURVE('',#684,#682,#341,.T.);
#874=EDGE_CURVE('',#684,#685,#342,.T.);
#875=EDGE_CURVE('',#685,#683,#343,.T.);
#876=EDGE_CURVE('',#686,#684,#344,.T.);
#877=EDGE_CURVE('',#686,#687,#345,.T.);
#878=EDGE_CURVE('',#687,#685,#346,.T.);
#879=EDGE_CURVE('',#688,#686,#573,.T.);
#880=EDGE_CURVE('',#688,#689,#347,.T.);
#881=EDGE_CURVE('',#689,#687,#574,.T.);
#882=EDGE_CURVE('',#690,#688,#575,.T.);
#883=EDGE_CURVE('',#690,#691,#348,.T.);
#884=EDGE_CURVE('',#691,#689,#576,.T.);
#885=EDGE_CURVE('',#692,#690,#577,.T.);
#886=EDGE_CURVE('',#692,#693,#349,.T.);
#887=EDGE_CURVE('',#693,#691,#578,.T.);
#888=EDGE_CURVE('',#694,#692,#579,.T.);
#889=EDGE_CURVE('',#694,#695,#350,.T.);
#890=EDGE_CURVE('',#695,#693,#580,.T.);
#891=EDGE_CURVE('',#675,#694,#581,.T.);
#892=EDGE_CURVE('',#677,#695,#582,.T.);
#893=EDGE_CURVE('',#696,#697,#583,.T.);
#894=EDGE_CURVE('',#696,#698,#351,.T.);
#895=EDGE_CURVE('',#698,#699,#584,.T.);
#896=EDGE_CURVE('',#697,#699,#352,.T.);
#897=EDGE_CURVE('',#700,#696,#585,.T.);
#898=EDGE_CURVE('',#700,#701,#353,.T.);
#899=EDGE_CURVE('',#701,#698,#586,.T.);
#900=EDGE_CURVE('',#702,#700,#587,.T.);
#901=EDGE_CURVE('',#702,#703,#354,.T.);
#902=EDGE_CURVE('',#703,#701,#588,.T.);
#903=EDGE_CURVE('',#704,#702,#589,.T.);
#904=EDGE_CURVE('',#704,#705,#355,.T.);
#905=EDGE_CURVE('',#705,#703,#590,.T.);
#906=EDGE_CURVE('',#706,#704,#591,.T.);
#907=EDGE_CURVE('',#706,#707,#356,.T.);
#908=EDGE_CURVE('',#707,#705,#592,.T.);
#909=EDGE_CURVE('',#708,#706,#593,.T.);
#910=EDGE_CURVE('',#708,#709,#357,.T.);
#911=EDGE_CURVE('',#709,#707,#594,.T.);
#912=EDGE_CURVE('',#710,#708,#358,.T.);
#913=EDGE_CURVE('',#710,#711,#359,.T.);
#914=EDGE_CURVE('',#711,#709,#360,.T.);
#915=EDGE_CURVE('',#712,#710,#361,.T.);
#916=EDGE_CURVE('',#712,#713,#362,.T.);
#917=EDGE_CURVE('',#713,#711,#363,.T.);
#918=EDGE_CURVE('',#714,#712,#364,.T.);
#919=EDGE_CURVE('',#714,#715,#365,.T.);
#920=EDGE_CURVE('',#715,#713,#366,.T.);
#921=EDGE_CURVE('',#716,#714,#367,.T.);
#922=EDGE_CURVE('',#716,#717,#368,.T.);
#923=EDGE_CURVE('',#717,#715,#369,.T.);
#924=EDGE_CURVE('',#718,#716,#370,.T.);
#925=EDGE_CURVE('',#718,#719,#371,.T.);
#926=EDGE_CURVE('',#719,#717,#372,.T.);
#927=EDGE_CURVE('',#720,#718,#373,.T.);
#928=EDGE_CURVE('',#720,#721,#374,.T.);
#929=EDGE_CURVE('',#721,#719,#375,.T.);
#930=EDGE_CURVE('',#722,#720,#376,.T.);
#931=EDGE_CURVE('',#722,#723,#377,.T.);
#932=EDGE_CURVE('',#723,#721,#378,.T.);
#933=EDGE_CURVE('',#697,#722,#379,.T.);
#934=EDGE_CURVE('',#699,#723,#380,.T.);
#935=EDGE_CURVE('',#724,#725,#595,.T.);
#936=EDGE_CURVE('',#724,#726,#381,.T.);
#937=EDGE_CURVE('',#727,#726,#596,.T.);
#938=EDGE_CURVE('',#728,#727,#382,.T.);
#939=EDGE_CURVE('',#729,#728,#15,.T.);
#940=EDGE_CURVE('',#730,#729,#383,.T.);
#941=EDGE_CURVE('',#731,#730,#16,.T.);
#942=EDGE_CURVE('',#731,#725,#384,.T.);
#943=EDGE_CURVE('',#732,#662,#597,.T.);
#944=EDGE_CURVE('',#732,#724,#37,.T.);
#945=EDGE_CURVE('',#725,#649,#38,.T.);
#946=EDGE_CURVE('',#651,#731,#385,.T.);
#947=EDGE_CURVE('',#656,#727,#39,.T.);
#948=EDGE_CURVE('',#726,#733,#40,.T.);
#949=EDGE_CURVE('',#733,#671,#598,.F.);
#950=EDGE_CURVE('',#732,#733,#386,.T.);
#951=EDGE_CURVE('',#728,#655,#387,.T.);
#952=EDGE_CURVE('',#730,#652,#388,.T.);
#953=EDGE_CURVE('',#654,#729,#389,.T.);
#954=EDGE_CURVE('',#734,#734,#41,.T.);
#955=EDGE_CURVE('',#734,#735,#42,.T.);
#956=EDGE_CURVE('',#735,#736,#43,.T.);
#957=EDGE_CURVE('',#736,#735,#44,.T.);
#958=EDGE_CURVE('',#737,#737,#45,.T.);
#959=EDGE_CURVE('',#737,#736,#390,.T.);
#960=EDGE_CURVE('',#738,#738,#46,.T.);
#961=EDGE_CURVE('',#738,#739,#47,.T.);
#962=EDGE_CURVE('',#739,#740,#48,.T.);
#963=EDGE_CURVE('',#740,#739,#49,.T.);
#964=EDGE_CURVE('',#740,#741,#391,.T.);
#965=EDGE_CURVE('',#741,#741,#50,.T.);
#966=EDGE_CURVE('',#742,#743,#51,.T.);
#967=EDGE_CURVE('',#743,#744,#52,.T.);
#968=EDGE_CURVE('',#745,#744,#53,.T.);
#969=EDGE_CURVE('',#744,#746,#54,.T.);
#970=EDGE_CURVE('',#746,#747,#55,.T.);
#971=EDGE_CURVE('',#747,#742,#56,.T.);
#972=EDGE_CURVE('',#748,#742,#392,.T.);
#973=EDGE_CURVE('',#748,#749,#393,.T.);
#974=EDGE_CURVE('',#743,#749,#394,.T.);
#975=EDGE_CURVE('',#750,#746,#395,.T.);
#976=EDGE_CURVE('',#750,#751,#396,.T.);
#977=EDGE_CURVE('',#747,#751,#397,.T.);
#978=EDGE_CURVE('',#749,#748,#57,.T.);
#979=EDGE_CURVE('',#751,#750,#58,.T.);
#980=EDGE_CURVE('',#744,#653,#398,.T.);
#981=ORIENTED_EDGE('',*,*,#752,.F.);
#982=ORIENTED_EDGE('',*,*,#753,.T.);
#983=ORIENTED_EDGE('',*,*,#754,.T.);
#984=ORIENTED_EDGE('',*,*,#755,.F.);
#985=ORIENTED_EDGE('',*,*,#756,.F.);
#986=ORIENTED_EDGE('',*,*,#757,.T.);
#987=ORIENTED_EDGE('',*,*,#758,.T.);
#988=ORIENTED_EDGE('',*,*,#753,.F.);
#989=ORIENTED_EDGE('',*,*,#759,.F.);
#990=ORIENTED_EDGE('',*,*,#760,.T.);
#991=ORIENTED_EDGE('',*,*,#761,.T.);
#992=ORIENTED_EDGE('',*,*,#757,.F.);
#993=ORIENTED_EDGE('',*,*,#762,.F.);
#994=ORIENTED_EDGE('',*,*,#763,.T.);
#995=ORIENTED_EDGE('',*,*,#764,.T.);
#996=ORIENTED_EDGE('',*,*,#760,.F.);
#997=ORIENTED_EDGE('',*,*,#765,.F.);
#998=ORIENTED_EDGE('',*,*,#766,.T.);
#999=ORIENTED_EDGE('',*,*,#767,.T.);
#1000=ORIENTED_EDGE('',*,*,#763,.F.);
#1001=ORIENTED_EDGE('',*,*,#768,.F.);
#1002=ORIENTED_EDGE('',*,*,#769,.T.);
#1003=ORIENTED_EDGE('',*,*,#770,.T.);
#1004=ORIENTED_EDGE('',*,*,#766,.F.);
#1005=ORIENTED_EDGE('',*,*,#771,.F.);
#1006=ORIENTED_EDGE('',*,*,#772,.T.);
#1007=ORIENTED_EDGE('',*,*,#773,.T.);
#1008=ORIENTED_EDGE('',*,*,#769,.F.);
#1009=ORIENTED_EDGE('',*,*,#774,.F.);
#1010=ORIENTED_EDGE('',*,*,#775,.T.);
#1011=ORIENTED_EDGE('',*,*,#776,.T.);
#1012=ORIENTED_EDGE('',*,*,#772,.F.);
#1013=ORIENTED_EDGE('',*,*,#777,.F.);
#1014=ORIENTED_EDGE('',*,*,#778,.T.);
#1015=ORIENTED_EDGE('',*,*,#779,.T.);
#1016=ORIENTED_EDGE('',*,*,#775,.F.);
#1017=ORIENTED_EDGE('',*,*,#780,.F.);
#1018=ORIENTED_EDGE('',*,*,#781,.T.);
#1019=ORIENTED_EDGE('',*,*,#782,.T.);
#1020=ORIENTED_EDGE('',*,*,#778,.F.);
#1021=ORIENTED_EDGE('',*,*,#783,.F.);
#1022=ORIENTED_EDGE('',*,*,#755,.T.);
#1023=ORIENTED_EDGE('',*,*,#784,.T.);
#1024=ORIENTED_EDGE('',*,*,#781,.F.);
#1025=ORIENTED_EDGE('',*,*,#785,.F.);
#1026=ORIENTED_EDGE('',*,*,#786,.T.);
#1027=ORIENTED_EDGE('',*,*,#787,.T.);
#1028=ORIENTED_EDGE('',*,*,#788,.F.);
#1029=ORIENTED_EDGE('',*,*,#789,.F.);
#1030=ORIENTED_EDGE('',*,*,#790,.T.);
#1031=ORIENTED_EDGE('',*,*,#791,.T.);
#1032=ORIENTED_EDGE('',*,*,#786,.F.);
#1033=ORIENTED_EDGE('',*,*,#792,.F.);
#1034=ORIENTED_EDGE('',*,*,#793,.T.);
#1035=ORIENTED_EDGE('',*,*,#794,.T.);
#1036=ORIENTED_EDGE('',*,*,#790,.F.);
#1037=ORIENTED_EDGE('',*,*,#795,.F.);
#1038=ORIENTED_EDGE('',*,*,#796,.T.);
#1039=ORIENTED_EDGE('',*,*,#797,.T.);
#1040=ORIENTED_EDGE('',*,*,#793,.F.);
#1041=ORIENTED_EDGE('',*,*,#798,.F.);
#1042=ORIENTED_EDGE('',*,*,#799,.T.);
#1043=ORIENTED_EDGE('',*,*,#800,.T.);
#1044=ORIENTED_EDGE('',*,*,#796,.F.);
#1045=ORIENTED_EDGE('',*,*,#801,.F.);
#1046=ORIENTED_EDGE('',*,*,#802,.T.);
#1047=ORIENTED_EDGE('',*,*,#803,.T.);
#1048=ORIENTED_EDGE('',*,*,#799,.F.);
#1049=ORIENTED_EDGE('',*,*,#804,.F.);
#1050=ORIENTED_EDGE('',*,*,#805,.T.);
#1051=ORIENTED_EDGE('',*,*,#806,.T.);
#1052=ORIENTED_EDGE('',*,*,#802,.F.);
#1053=ORIENTED_EDGE('',*,*,#807,.F.);
#1054=ORIENTED_EDGE('',*,*,#808,.T.);
#1055=ORIENTED_EDGE('',*,*,#809,.T.);
#1056=ORIENTED_EDGE('',*,*,#805,.F.);
#1057=ORIENTED_EDGE('',*,*,#810,.F.);
#1058=ORIENTED_EDGE('',*,*,#811,.T.);
#1059=ORIENTED_EDGE('',*,*,#812,.T.);
#1060=ORIENTED_EDGE('',*,*,#808,.F.);
#1061=ORIENTED_EDGE('',*,*,#813,.F.);
#1062=ORIENTED_EDGE('',*,*,#814,.T.);
#1063=ORIENTED_EDGE('',*,*,#815,.T.);
#1064=ORIENTED_EDGE('',*,*,#811,.F.);
#1065=ORIENTED_EDGE('',*,*,#816,.F.);
#1066=ORIENTED_EDGE('',*,*,#817,.T.);
#1067=ORIENTED_EDGE('',*,*,#818,.T.);
#1068=ORIENTED_EDGE('',*,*,#814,.F.);
#1069=ORIENTED_EDGE('',*,*,#819,.F.);
#1070=ORIENTED_EDGE('',*,*,#820,.T.);
#1071=ORIENTED_EDGE('',*,*,#821,.T.);
#1072=ORIENTED_EDGE('',*,*,#817,.F.);
#1073=ORIENTED_EDGE('',*,*,#822,.F.);
#1074=ORIENTED_EDGE('',*,*,#823,.T.);
#1075=ORIENTED_EDGE('',*,*,#824,.T.);
#1076=ORIENTED_EDGE('',*,*,#820,.F.);
#1077=ORIENTED_EDGE('',*,*,#825,.F.);
#1078=ORIENTED_EDGE('',*,*,#788,.T.);
#1079=ORIENTED_EDGE('',*,*,#826,.T.);
#1080=ORIENTED_EDGE('',*,*,#823,.F.);
#1081=ORIENTED_EDGE('',*,*,#826,.F.);
#1082=ORIENTED_EDGE('',*,*,#787,.F.);
#1083=ORIENTED_EDGE('',*,*,#791,.F.);
#1084=ORIENTED_EDGE('',*,*,#794,.F.);
#1085=ORIENTED_EDGE('',*,*,#797,.F.);
#1086=ORIENTED_EDGE('',*,*,#800,.F.);
#1087=ORIENTED_EDGE('',*,*,#803,.F.);
#1088=ORIENTED_EDGE('',*,*,#806,.F.);
#1089=ORIENTED_EDGE('',*,*,#809,.F.);
#1090=ORIENTED_EDGE('',*,*,#812,.F.);
#1091=ORIENTED_EDGE('',*,*,#815,.F.);
#1092=ORIENTED_EDGE('',*,*,#818,.F.);
#1093=ORIENTED_EDGE('',*,*,#821,.F.);
#1094=ORIENTED_EDGE('',*,*,#824,.F.);
#1095=ORIENTED_EDGE('',*,*,#784,.F.);
#1096=ORIENTED_EDGE('',*,*,#754,.F.);
#1097=ORIENTED_EDGE('',*,*,#758,.F.);
#1098=ORIENTED_EDGE('',*,*,#761,.F.);
#1099=ORIENTED_EDGE('',*,*,#764,.F.);
#1100=ORIENTED_EDGE('',*,*,#767,.F.);
#1101=ORIENTED_EDGE('',*,*,#770,.F.);
#1102=ORIENTED_EDGE('',*,*,#773,.F.);
#1103=ORIENTED_EDGE('',*,*,#776,.F.);
#1104=ORIENTED_EDGE('',*,*,#779,.F.);
#1105=ORIENTED_EDGE('',*,*,#782,.F.);
#1106=ORIENTED_EDGE('',*,*,#827,.F.);
#1107=ORIENTED_EDGE('',*,*,#828,.F.);
#1108=ORIENTED_EDGE('',*,*,#829,.F.);
#1109=ORIENTED_EDGE('',*,*,#830,.T.);
#1110=ORIENTED_EDGE('',*,*,#831,.T.);
#1111=ORIENTED_EDGE('',*,*,#832,.T.);
#1112=ORIENTED_EDGE('',*,*,#833,.F.);
#1113=ORIENTED_EDGE('',*,*,#834,.F.);
#1114=ORIENTED_EDGE('',*,*,#835,.F.);
#1115=ORIENTED_EDGE('',*,*,#836,.T.);
#1116=ORIENTED_EDGE('',*,*,#837,.F.);
#1117=ORIENTED_EDGE('',*,*,#838,.F.);
#1118=ORIENTED_EDGE('',*,*,#839,.T.);
#1119=ORIENTED_EDGE('',*,*,#840,.T.);
#1120=ORIENTED_EDGE('',*,*,#785,.T.);
#1121=ORIENTED_EDGE('',*,*,#825,.T.);
#1122=ORIENTED_EDGE('',*,*,#822,.T.);
#1123=ORIENTED_EDGE('',*,*,#819,.T.);
#1124=ORIENTED_EDGE('',*,*,#816,.T.);
#1125=ORIENTED_EDGE('',*,*,#813,.T.);
#1126=ORIENTED_EDGE('',*,*,#810,.T.);
#1127=ORIENTED_EDGE('',*,*,#807,.T.);
#1128=ORIENTED_EDGE('',*,*,#804,.T.);
#1129=ORIENTED_EDGE('',*,*,#801,.T.);
#1130=ORIENTED_EDGE('',*,*,#798,.T.);
#1131=ORIENTED_EDGE('',*,*,#795,.T.);
#1132=ORIENTED_EDGE('',*,*,#792,.T.);
#1133=ORIENTED_EDGE('',*,*,#789,.T.);
#1134=ORIENTED_EDGE('',*,*,#841,.T.);
#1135=ORIENTED_EDGE('',*,*,#839,.F.);
#1136=ORIENTED_EDGE('',*,*,#842,.T.);
#1137=ORIENTED_EDGE('',*,*,#843,.T.);
#1138=ORIENTED_EDGE('',*,*,#844,.T.);
#1139=ORIENTED_EDGE('',*,*,#845,.T.);
#1140=ORIENTED_EDGE('',*,*,#844,.F.);
#1141=ORIENTED_EDGE('',*,*,#846,.T.);
#1142=ORIENTED_EDGE('',*,*,#847,.T.);
#1143=ORIENTED_EDGE('',*,*,#848,.T.);
#1144=ORIENTED_EDGE('',*,*,#843,.F.);
#1145=ORIENTED_EDGE('',*,*,#849,.T.);
#1146=ORIENTED_EDGE('',*,*,#850,.F.);
#1147=ORIENTED_EDGE('',*,*,#851,.F.);
#1148=ORIENTED_EDGE('',*,*,#852,.F.);
#1149=ORIENTED_EDGE('',*,*,#846,.F.);
#1150=ORIENTED_EDGE('',*,*,#842,.F.);
#1151=ORIENTED_EDGE('',*,*,#838,.T.);
#1152=ORIENTED_EDGE('',*,*,#853,.F.);
#1153=ORIENTED_EDGE('',*,*,#849,.F.);
#1154=ORIENTED_EDGE('',*,*,#854,.T.);
#1155=ORIENTED_EDGE('',*,*,#855,.T.);
#1156=ORIENTED_EDGE('',*,*,#850,.T.);
#1157=ORIENTED_EDGE('',*,*,#853,.T.);
#1158=ORIENTED_EDGE('',*,*,#837,.T.);
#1159=ORIENTED_EDGE('',*,*,#856,.T.);
#1160=ORIENTED_EDGE('',*,*,#855,.F.);
#1161=ORIENTED_EDGE('',*,*,#857,.T.);
#1162=ORIENTED_EDGE('',*,*,#858,.T.);
#1163=ORIENTED_EDGE('',*,*,#851,.T.);
#1164=ORIENTED_EDGE('',*,*,#858,.F.);
#1165=ORIENTED_EDGE('',*,*,#859,.F.);
#1166=ORIENTED_EDGE('',*,*,#847,.F.);
#1167=ORIENTED_EDGE('',*,*,#852,.T.);
#1168=ORIENTED_EDGE('',*,*,#860,.F.);
#1169=ORIENTED_EDGE('',*,*,#861,.T.);
#1170=ORIENTED_EDGE('',*,*,#862,.T.);
#1171=ORIENTED_EDGE('',*,*,#863,.F.);
#1172=ORIENTED_EDGE('',*,*,#864,.F.);
#1173=ORIENTED_EDGE('',*,*,#865,.T.);
#1174=ORIENTED_EDGE('',*,*,#866,.T.);
#1175=ORIENTED_EDGE('',*,*,#861,.F.);
#1176=ORIENTED_EDGE('',*,*,#867,.F.);
#1177=ORIENTED_EDGE('',*,*,#868,.T.);
#1178=ORIENTED_EDGE('',*,*,#869,.T.);
#1179=ORIENTED_EDGE('',*,*,#865,.F.);
#1180=ORIENTED_EDGE('',*,*,#870,.F.);
#1181=ORIENTED_EDGE('',*,*,#871,.T.);
#1182=ORIENTED_EDGE('',*,*,#872,.T.);
#1183=ORIENTED_EDGE('',*,*,#868,.F.);
#1184=ORIENTED_EDGE('',*,*,#873,.F.);
#1185=ORIENTED_EDGE('',*,*,#874,.T.);
#1186=ORIENTED_EDGE('',*,*,#875,.T.);
#1187=ORIENTED_EDGE('',*,*,#871,.F.);
#1188=ORIENTED_EDGE('',*,*,#876,.F.);
#1189=ORIENTED_EDGE('',*,*,#877,.T.);
#1190=ORIENTED_EDGE('',*,*,#878,.T.);
#1191=ORIENTED_EDGE('',*,*,#874,.F.);
#1192=ORIENTED_EDGE('',*,*,#879,.F.);
#1193=ORIENTED_EDGE('',*,*,#880,.T.);
#1194=ORIENTED_EDGE('',*,*,#881,.T.);
#1195=ORIENTED_EDGE('',*,*,#877,.F.);
#1196=ORIENTED_EDGE('',*,*,#882,.F.);
#1197=ORIENTED_EDGE('',*,*,#883,.T.);
#1198=ORIENTED_EDGE('',*,*,#884,.T.);
#1199=ORIENTED_EDGE('',*,*,#880,.F.);
#1200=ORIENTED_EDGE('',*,*,#885,.F.);
#1201=ORIENTED_EDGE('',*,*,#886,.T.);
#1202=ORIENTED_EDGE('',*,*,#887,.T.);
#1203=ORIENTED_EDGE('',*,*,#883,.F.);
#1204=ORIENTED_EDGE('',*,*,#888,.F.);
#1205=ORIENTED_EDGE('',*,*,#889,.T.);
#1206=ORIENTED_EDGE('',*,*,#890,.T.);
#1207=ORIENTED_EDGE('',*,*,#886,.F.);
#1208=ORIENTED_EDGE('',*,*,#891,.F.);
#1209=ORIENTED_EDGE('',*,*,#863,.T.);
#1210=ORIENTED_EDGE('',*,*,#892,.T.);
#1211=ORIENTED_EDGE('',*,*,#889,.F.);
#1212=ORIENTED_EDGE('',*,*,#893,.F.);
#1213=ORIENTED_EDGE('',*,*,#894,.T.);
#1214=ORIENTED_EDGE('',*,*,#895,.T.);
#1215=ORIENTED_EDGE('',*,*,#896,.F.);
#1216=ORIENTED_EDGE('',*,*,#897,.F.);
#1217=ORIENTED_EDGE('',*,*,#898,.T.);
#1218=ORIENTED_EDGE('',*,*,#899,.T.);
#1219=ORIENTED_EDGE('',*,*,#894,.F.);
#1220=ORIENTED_EDGE('',*,*,#900,.F.);
#1221=ORIENTED_EDGE('',*,*,#901,.T.);
#1222=ORIENTED_EDGE('',*,*,#902,.T.);
#1223=ORIENTED_EDGE('',*,*,#898,.F.);
#1224=ORIENTED_EDGE('',*,*,#903,.F.);
#1225=ORIENTED_EDGE('',*,*,#904,.T.);
#1226=ORIENTED_EDGE('',*,*,#905,.T.);
#1227=ORIENTED_EDGE('',*,*,#901,.F.);
#1228=ORIENTED_EDGE('',*,*,#906,.F.);
#1229=ORIENTED_EDGE('',*,*,#907,.T.);
#1230=ORIENTED_EDGE('',*,*,#908,.T.);
#1231=ORIENTED_EDGE('',*,*,#904,.F.);
#1232=ORIENTED_EDGE('',*,*,#909,.F.);
#1233=ORIENTED_EDGE('',*,*,#910,.T.);
#1234=ORIENTED_EDGE('',*,*,#911,.T.);
#1235=ORIENTED_EDGE('',*,*,#907,.F.);
#1236=ORIENTED_EDGE('',*,*,#912,.F.);
#1237=ORIENTED_EDGE('',*,*,#913,.T.);
#1238=ORIENTED_EDGE('',*,*,#914,.T.);
#1239=ORIENTED_EDGE('',*,*,#910,.F.);
#1240=ORIENTED_EDGE('',*,*,#915,.F.);
#1241=ORIENTED_EDGE('',*,*,#916,.T.);
#1242=ORIENTED_EDGE('',*,*,#917,.T.);
#1243=ORIENTED_EDGE('',*,*,#913,.F.);
#1244=ORIENTED_EDGE('',*,*,#918,.F.);
#1245=ORIENTED_EDGE('',*,*,#919,.T.);
#1246=ORIENTED_EDGE('',*,*,#920,.T.);
#1247=ORIENTED_EDGE('',*,*,#916,.F.);
#1248=ORIENTED_EDGE('',*,*,#921,.F.);
#1249=ORIENTED_EDGE('',*,*,#922,.T.);
#1250=ORIENTED_EDGE('',*,*,#923,.T.);
#1251=ORIENTED_EDGE('',*,*,#919,.F.);
#1252=ORIENTED_EDGE('',*,*,#924,.F.);
#1253=ORIENTED_EDGE('',*,*,#925,.T.);
#1254=ORIENTED_EDGE('',*,*,#926,.T.);
#1255=ORIENTED_EDGE('',*,*,#922,.F.);
#1256=ORIENTED_EDGE('',*,*,#927,.F.);
#1257=ORIENTED_EDGE('',*,*,#928,.T.);
#1258=ORIENTED_EDGE('',*,*,#929,.T.);
#1259=ORIENTED_EDGE('',*,*,#925,.F.);
#1260=ORIENTED_EDGE('',*,*,#930,.F.);
#1261=ORIENTED_EDGE('',*,*,#931,.T.);
#1262=ORIENTED_EDGE('',*,*,#932,.T.);
#1263=ORIENTED_EDGE('',*,*,#928,.F.);
#1264=ORIENTED_EDGE('',*,*,#933,.F.);
#1265=ORIENTED_EDGE('',*,*,#896,.T.);
#1266=ORIENTED_EDGE('',*,*,#934,.T.);
#1267=ORIENTED_EDGE('',*,*,#931,.F.);
#1268=ORIENTED_EDGE('',*,*,#934,.F.);
#1269=ORIENTED_EDGE('',*,*,#895,.F.);
#1270=ORIENTED_EDGE('',*,*,#899,.F.);
#1271=ORIENTED_EDGE('',*,*,#902,.F.);
#1272=ORIENTED_EDGE('',*,*,#905,.F.);
#1273=ORIENTED_EDGE('',*,*,#908,.F.);
#1274=ORIENTED_EDGE('',*,*,#911,.F.);
#1275=ORIENTED_EDGE('',*,*,#914,.F.);
#1276=ORIENTED_EDGE('',*,*,#917,.F.);
#1277=ORIENTED_EDGE('',*,*,#920,.F.);
#1278=ORIENTED_EDGE('',*,*,#923,.F.);
#1279=ORIENTED_EDGE('',*,*,#926,.F.);
#1280=ORIENTED_EDGE('',*,*,#929,.F.);
#1281=ORIENTED_EDGE('',*,*,#932,.F.);
#1282=ORIENTED_EDGE('',*,*,#892,.F.);
#1283=ORIENTED_EDGE('',*,*,#862,.F.);
#1284=ORIENTED_EDGE('',*,*,#866,.F.);
#1285=ORIENTED_EDGE('',*,*,#869,.F.);
#1286=ORIENTED_EDGE('',*,*,#872,.F.);
#1287=ORIENTED_EDGE('',*,*,#875,.F.);
#1288=ORIENTED_EDGE('',*,*,#878,.F.);
#1289=ORIENTED_EDGE('',*,*,#881,.F.);
#1290=ORIENTED_EDGE('',*,*,#884,.F.);
#1291=ORIENTED_EDGE('',*,*,#887,.F.);
#1292=ORIENTED_EDGE('',*,*,#890,.F.);
#1293=ORIENTED_EDGE('',*,*,#935,.F.);
#1294=ORIENTED_EDGE('',*,*,#936,.T.);
#1295=ORIENTED_EDGE('',*,*,#937,.F.);
#1296=ORIENTED_EDGE('',*,*,#938,.F.);
#1297=ORIENTED_EDGE('',*,*,#939,.F.);
#1298=ORIENTED_EDGE('',*,*,#940,.F.);
#1299=ORIENTED_EDGE('',*,*,#941,.F.);
#1300=ORIENTED_EDGE('',*,*,#942,.T.);
#1301=ORIENTED_EDGE('',*,*,#893,.T.);
#1302=ORIENTED_EDGE('',*,*,#933,.T.);
#1303=ORIENTED_EDGE('',*,*,#930,.T.);
#1304=ORIENTED_EDGE('',*,*,#927,.T.);
#1305=ORIENTED_EDGE('',*,*,#924,.T.);
#1306=ORIENTED_EDGE('',*,*,#921,.T.);
#1307=ORIENTED_EDGE('',*,*,#918,.T.);
#1308=ORIENTED_EDGE('',*,*,#915,.T.);
#1309=ORIENTED_EDGE('',*,*,#912,.T.);
#1310=ORIENTED_EDGE('',*,*,#909,.T.);
#1311=ORIENTED_EDGE('',*,*,#906,.T.);
#1312=ORIENTED_EDGE('',*,*,#903,.T.);
#1313=ORIENTED_EDGE('',*,*,#900,.T.);
#1314=ORIENTED_EDGE('',*,*,#897,.T.);
#1315=ORIENTED_EDGE('',*,*,#841,.F.);
#1316=ORIENTED_EDGE('',*,*,#943,.F.);
#1317=ORIENTED_EDGE('',*,*,#944,.T.);
#1318=ORIENTED_EDGE('',*,*,#935,.T.);
#1319=ORIENTED_EDGE('',*,*,#945,.T.);
#1320=ORIENTED_EDGE('',*,*,#827,.T.);
#1321=ORIENTED_EDGE('',*,*,#840,.F.);
#1322=ORIENTED_EDGE('',*,*,#945,.F.);
#1323=ORIENTED_EDGE('',*,*,#942,.F.);
#1324=ORIENTED_EDGE('',*,*,#946,.F.);
#1325=ORIENTED_EDGE('',*,*,#828,.T.);
#1326=ORIENTED_EDGE('',*,*,#752,.T.);
#1327=ORIENTED_EDGE('',*,*,#783,.T.);
#1328=ORIENTED_EDGE('',*,*,#780,.T.);
#1329=ORIENTED_EDGE('',*,*,#777,.T.);
#1330=ORIENTED_EDGE('',*,*,#774,.T.);
#1331=ORIENTED_EDGE('',*,*,#771,.T.);
#1332=ORIENTED_EDGE('',*,*,#768,.T.);
#1333=ORIENTED_EDGE('',*,*,#765,.T.);
#1334=ORIENTED_EDGE('',*,*,#762,.T.);
#1335=ORIENTED_EDGE('',*,*,#759,.T.);
#1336=ORIENTED_EDGE('',*,*,#756,.T.);
#1337=ORIENTED_EDGE('',*,*,#836,.F.);
#1338=ORIENTED_EDGE('',*,*,#835,.T.);
#1339=ORIENTED_EDGE('',*,*,#947,.T.);
#1340=ORIENTED_EDGE('',*,*,#937,.T.);
#1341=ORIENTED_EDGE('',*,*,#948,.T.);
#1342=ORIENTED_EDGE('',*,*,#949,.T.);
#1343=ORIENTED_EDGE('',*,*,#856,.F.);
#1344=ORIENTED_EDGE('',*,*,#944,.F.);
#1345=ORIENTED_EDGE('',*,*,#950,.T.);
#1346=ORIENTED_EDGE('',*,*,#948,.F.);
#1347=ORIENTED_EDGE('',*,*,#936,.F.);
#1348=ORIENTED_EDGE('',*,*,#860,.T.);
#1349=ORIENTED_EDGE('',*,*,#891,.T.);
#1350=ORIENTED_EDGE('',*,*,#888,.T.);
#1351=ORIENTED_EDGE('',*,*,#885,.T.);
#1352=ORIENTED_EDGE('',*,*,#882,.T.);
#1353=ORIENTED_EDGE('',*,*,#879,.T.);
#1354=ORIENTED_EDGE('',*,*,#876,.T.);
#1355=ORIENTED_EDGE('',*,*,#873,.T.);
#1356=ORIENTED_EDGE('',*,*,#870,.T.);
#1357=ORIENTED_EDGE('',*,*,#867,.T.);
#1358=ORIENTED_EDGE('',*,*,#864,.T.);
#1359=ORIENTED_EDGE('',*,*,#947,.F.);
#1360=ORIENTED_EDGE('',*,*,#834,.T.);
#1361=ORIENTED_EDGE('',*,*,#951,.F.);
#1362=ORIENTED_EDGE('',*,*,#938,.T.);
#1363=ORIENTED_EDGE('',*,*,#829,.T.);
#1364=ORIENTED_EDGE('',*,*,#946,.T.);
#1365=ORIENTED_EDGE('',*,*,#941,.T.);
#1366=ORIENTED_EDGE('',*,*,#952,.T.);
#1367=ORIENTED_EDGE('',*,*,#952,.F.);
#1368=ORIENTED_EDGE('',*,*,#940,.T.);
#1369=ORIENTED_EDGE('',*,*,#953,.F.);
#1370=ORIENTED_EDGE('',*,*,#832,.F.);
#1371=ORIENTED_EDGE('',*,*,#830,.F.);
#1372=ORIENTED_EDGE('',*,*,#939,.T.);
#1373=ORIENTED_EDGE('',*,*,#951,.T.);
#1374=ORIENTED_EDGE('',*,*,#833,.T.);
#1375=ORIENTED_EDGE('',*,*,#953,.T.);
#1376=ORIENTED_EDGE('',*,*,#954,.T.);
#1377=ORIENTED_EDGE('',*,*,#955,.T.);
#1378=ORIENTED_EDGE('',*,*,#956,.T.);
#1379=ORIENTED_EDGE('',*,*,#957,.T.);
#1380=ORIENTED_EDGE('',*,*,#955,.F.);
#1381=ORIENTED_EDGE('',*,*,#958,.F.);
#1382=ORIENTED_EDGE('',*,*,#959,.T.);
#1383=ORIENTED_EDGE('',*,*,#956,.F.);
#1384=ORIENTED_EDGE('',*,*,#957,.F.);
#1385=ORIENTED_EDGE('',*,*,#959,.F.);
#1386=ORIENTED_EDGE('',*,*,#954,.F.);
#1387=ORIENTED_EDGE('',*,*,#960,.T.);
#1388=ORIENTED_EDGE('',*,*,#961,.T.);
#1389=ORIENTED_EDGE('',*,*,#962,.T.);
#1390=ORIENTED_EDGE('',*,*,#963,.T.);
#1391=ORIENTED_EDGE('',*,*,#961,.F.);
#1392=ORIENTED_EDGE('',*,*,#963,.F.);
#1393=ORIENTED_EDGE('',*,*,#964,.T.);
#1394=ORIENTED_EDGE('',*,*,#965,.F.);
#1395=ORIENTED_EDGE('',*,*,#964,.F.);
#1396=ORIENTED_EDGE('',*,*,#962,.F.);
#1397=ORIENTED_EDGE('',*,*,#960,.F.);
#1398=ORIENTED_EDGE('',*,*,#966,.T.);
#1399=ORIENTED_EDGE('',*,*,#967,.T.);
#1400=ORIENTED_EDGE('',*,*,#968,.F.);
#1401=ORIENTED_EDGE('',*,*,#968,.T.);
#1402=ORIENTED_EDGE('',*,*,#969,.T.);
#1403=ORIENTED_EDGE('',*,*,#970,.T.);
#1404=ORIENTED_EDGE('',*,*,#971,.T.);
#1405=ORIENTED_EDGE('',*,*,#966,.F.);
#1406=ORIENTED_EDGE('',*,*,#972,.F.);
#1407=ORIENTED_EDGE('',*,*,#973,.T.);
#1408=ORIENTED_EDGE('',*,*,#974,.F.);
#1409=ORIENTED_EDGE('',*,*,#965,.T.);
#1410=ORIENTED_EDGE('',*,*,#970,.F.);
#1411=ORIENTED_EDGE('',*,*,#975,.F.);
#1412=ORIENTED_EDGE('',*,*,#976,.T.);
#1413=ORIENTED_EDGE('',*,*,#977,.F.);
#1414=ORIENTED_EDGE('',*,*,#958,.T.);
#1415=ORIENTED_EDGE('',*,*,#973,.F.);
#1416=ORIENTED_EDGE('',*,*,#978,.F.);
#1417=ORIENTED_EDGE('',*,*,#979,.F.);
#1418=ORIENTED_EDGE('',*,*,#976,.F.);
#1419=ORIENTED_EDGE('',*,*,#967,.F.);
#1420=ORIENTED_EDGE('',*,*,#974,.T.);
#1421=ORIENTED_EDGE('',*,*,#978,.T.);
#1422=ORIENTED_EDGE('',*,*,#972,.T.);
#1423=ORIENTED_EDGE('',*,*,#971,.F.);
#1424=ORIENTED_EDGE('',*,*,#977,.T.);
#1425=ORIENTED_EDGE('',*,*,#979,.T.);
#1426=ORIENTED_EDGE('',*,*,#975,.T.);
#1427=ORIENTED_EDGE('',*,*,#969,.F.);
#1428=ORIENTED_EDGE('',*,*,#980,.T.);
#1429=ORIENTED_EDGE('',*,*,#831,.F.);
#1430=ORIENTED_EDGE('',*,*,#980,.F.);
#1431=ORIENTED_EDGE('',*,*,#845,.F.);
#1432=ORIENTED_EDGE('',*,*,#848,.F.);
#1433=ORIENTED_EDGE('',*,*,#859,.T.);
#1434=ORIENTED_EDGE('',*,*,#857,.F.);
#1435=ORIENTED_EDGE('',*,*,#854,.F.);
#1436=ORIENTED_EDGE('',*,*,#949,.F.);
#1437=ORIENTED_EDGE('',*,*,#950,.F.);
#1438=ORIENTED_EDGE('',*,*,#943,.T.);
#1439=B_SPLINE_SURFACE_WITH_KNOTS('',3,1,((#1927,#1928),(#1929,#1930),(#1931,
#1932),(#1933,#1934),(#1935,#1936)),.UNSPECIFIED.,.F.,.F.,.F.,(4,1,4),(2,
2),(0.,0.00639005246554101,0.0121782641286068),(0.,0.05),.UNSPECIFIED.);
#1440=B_SPLINE_SURFACE_WITH_KNOTS('',3,1,((#1953,#1954),(#1955,#1956),(#1957,
#1958),(#1959,#1960),(#1961,#1962)),.UNSPECIFIED.,.F.,.F.,.F.,(4,1,4),(2,
2),(0.,0.00790833578042566,0.0151391787817389),(0.,0.05),.UNSPECIFIED.);
#1441=B_SPLINE_SURFACE_WITH_KNOTS('',3,1,((#1976,#1977),(#1978,#1979),(#1980,
#1981),(#1982,#1983),(#1984,#1985)),.UNSPECIFIED.,.F.,.F.,.F.,(4,1,4),(2,
2),(0.,0.0113539242779346,0.0207329804683328),(0.,0.05),.UNSPECIFIED.);
#1442=B_SPLINE_SURFACE_WITH_KNOTS('',3,1,((#2017,#2018),(#2019,#2020),(#2021,
#2022),(#2023,#2024),(#2025,#2026)),.UNSPECIFIED.,.F.,.F.,.F.,(4,1,4),(2,
2),(0.,0.00756361816367588,0.0162615345320288),(0.,0.05),.UNSPECIFIED.);
#1443=B_SPLINE_SURFACE_WITH_KNOTS('',3,1,((#2040,#2041),(#2042,#2043),(#2044,
#2045),(#2046,#2047),(#2048,#2049)),.UNSPECIFIED.,.F.,.F.,.F.,(4,1,4),(2,
2),(0.,0.00593258983668205,0.0125408101882186),(0.,0.05),.UNSPECIFIED.);
#1444=B_SPLINE_SURFACE_WITH_KNOTS('',3,1,((#2063,#2064),(#2065,#2066),(#2067,
#2068),(#2069,#2070),(#2071,#2072)),.UNSPECIFIED.,.F.,.F.,.F.,(4,1,4),(2,
2),(0.,0.00637782616665868,0.0137624307778966),(0.,0.05),.UNSPECIFIED.);
#1445=B_SPLINE_SURFACE_WITH_KNOTS('',3,1,((#2086,#2087),(#2088,#2089),(#2090,
#2091),(#2092,#2093),(#2094,#2095)),.UNSPECIFIED.,.F.,.F.,.F.,(4,1,4),(2,
2),(0.,0.00702711768866787,0.0133750843454853),(0.,0.05),.UNSPECIFIED.);
#1446=B_SPLINE_SURFACE_WITH_KNOTS('',3,1,((#2109,#2110),(#2111,#2112),(#2113,
#2114),(#2115,#2116),(#2117,#2118)),.UNSPECIFIED.,.F.,.F.,.F.,(4,1,4),(2,
2),(0.,0.00618087470374132,0.0138119941572668),(0.,0.05),.UNSPECIFIED.);
#1447=B_SPLINE_SURFACE_WITH_KNOTS('',3,1,((#2129,#2130),(#2131,#2132),(#2133,
#2134),(#2135,#2136),(#2137,#2138)),.UNSPECIFIED.,.F.,.F.,.F.,(4,1,4),(2,
2),(0.,0.0178690427190646,0.0377130575073095),(0.,0.05),.UNSPECIFIED.);
#1448=B_SPLINE_SURFACE_WITH_KNOTS('',3,1,((#2155,#2156),(#2157,#2158),(#2159,
#2160),(#2161,#2162),(#2163,#2164)),.UNSPECIFIED.,.F.,.F.,.F.,(4,1,4),(2,
2),(0.,0.0202775422432053,0.0380525108321639),(0.,0.05),.UNSPECIFIED.);
#1449=B_SPLINE_SURFACE_WITH_KNOTS('',3,1,((#2178,#2179),(#2180,#2181),(#2182,
#2183),(#2184,#2185),(#2186,#2187)),.UNSPECIFIED.,.F.,.F.,.F.,(4,1,4),(2,
2),(0.,0.013030213353104,0.0278817510695386),(0.,0.05),.UNSPECIFIED.);
#1450=B_SPLINE_SURFACE_WITH_KNOTS('',3,1,((#2201,#2202),(#2203,#2204),(#2205,
#2206),(#2207,#2208),(#2209,#2210)),.UNSPECIFIED.,.F.,.F.,.F.,(4,1,4),(2,
2),(0.,0.0127236169288649,0.0251656782919671),(0.,0.05),.UNSPECIFIED.);
#1451=B_SPLINE_SURFACE_WITH_KNOTS('',3,1,((#2224,#2225),(#2226,#2227),(#2228,
#2229),(#2230,#2231),(#2232,#2233)),.UNSPECIFIED.,.F.,.F.,.F.,(4,1,4),(2,
2),(0.,0.0127624128931824,0.0255738556638699),(0.,0.05),.UNSPECIFIED.);
#1452=B_SPLINE_SURFACE_WITH_KNOTS('',3,1,((#2247,#2248),(#2249,#2250),(#2251,
#2252),(#2253,#2254),(#2255,#2256)),.UNSPECIFIED.,.F.,.F.,.F.,(4,1,4),(2,
2),(0.,0.0164952754728051,0.0305792535314406),(0.,0.05),.UNSPECIFIED.);
#1453=B_SPLINE_SURFACE_WITH_KNOTS('',3,3,((#2402,#2403,#2404,#2405),(#2406,
#2407,#2408,#2409),(#2410,#2411,#2412,#2413),(#2414,#2415,#2416,#2417),
(#2418,#2419,#2420,#2421),(#2422,#2423,#2424,#2425)),.UNSPECIFIED.,.F.,
 .F.,.F.,(4,1,1,4),(4,4),(0.,0.285714285714286,0.571428571428571,1.),(-0.265655184210957,
-0.0920754398093339),.UNSPECIFIED.);
#1454=B_SPLINE_SURFACE_WITH_KNOTS('',3,3,((#2622,#2623,#2624,#2625),(#2626,
#2627,#2628,#2629),(#2630,#2631,#2632,#2633),(#2634,#2635,#2636,#2637),
(#2638,#2639,#2640,#2641),(#2642,#2643,#2644,#2645)),.UNSPECIFIED.,.F.,
 .F.,.F.,(4,1,1,4),(4,4),(0.,0.285714285714286,0.571428571428571,1.),(0.118781068760492,
0.29234774057916),.UNSPECIFIED.);
#1455=B_SPLINE_SURFACE_WITH_KNOTS('',3,1,((#2699,#2700),(#2701,#2702),(#2703,
#2704),(#2705,#2706),(#2707,#2708)),.UNSPECIFIED.,.F.,.F.,.F.,(4,1,4),(2,
2),(0.,0.012780104931082,0.0243565282572137),(0.,0.0499999999999999),
 .UNSPECIFIED.);
#1456=B_SPLINE_SURFACE_WITH_KNOTS('',3,1,((#2725,#2726),(#2727,#2728),(#2729,
#2730),(#2731,#2732),(#2733,#2734)),.UNSPECIFIED.,.F.,.F.,.F.,(4,1,4),(2,
2),(0.,0.0158166715608513,0.0302783575634778),(0.,0.0499999999999999),
 .UNSPECIFIED.);
#1457=B_SPLINE_SURFACE_WITH_KNOTS('',3,1,((#2748,#2749),(#2750,#2751),(#2752,
#2753),(#2754,#2755),(#2756,#2757)),.UNSPECIFIED.,.F.,.F.,.F.,(4,1,4),(2,
2),(0.,0.0227078485558693,0.0414659609366655),(0.,0.0499999999999999),
 .UNSPECIFIED.);
#1458=B_SPLINE_SURFACE_WITH_KNOTS('',3,1,((#2789,#2790),(#2791,#2792),(#2793,
#2794),(#2795,#2796),(#2797,#2798)),.UNSPECIFIED.,.F.,.F.,.F.,(4,1,4),(2,
2),(0.,0.0151272363273518,0.0325230690640576),(0.,0.0499999999999999),
 .UNSPECIFIED.);
#1459=B_SPLINE_SURFACE_WITH_KNOTS('',3,1,((#2812,#2813),(#2814,#2815),(#2816,
#2817),(#2818,#2819),(#2820,#2821)),.UNSPECIFIED.,.F.,.F.,.F.,(4,1,4),(2,
2),(0.,0.0118651796733641,0.0250816203764372),(0.,0.0499999999999999),
 .UNSPECIFIED.);
#1460=B_SPLINE_SURFACE_WITH_KNOTS('',3,1,((#2835,#2836),(#2837,#2838),(#2839,
#2840),(#2841,#2842),(#2843,#2844)),.UNSPECIFIED.,.F.,.F.,.F.,(4,1,4),(2,
2),(0.,0.0127556523333174,0.0275248615557932),(0.,0.0499999999999999),
 .UNSPECIFIED.);
#1461=B_SPLINE_SURFACE_WITH_KNOTS('',3,1,((#2858,#2859),(#2860,#2861),(#2862,
#2863),(#2864,#2865),(#2866,#2867)),.UNSPECIFIED.,.F.,.F.,.F.,(4,1,4),(2,
2),(0.,0.0140542353773357,0.0267501686909707),(0.,0.0499999999999999),
 .UNSPECIFIED.);
#1462=B_SPLINE_SURFACE_WITH_KNOTS('',3,1,((#2881,#2882),(#2883,#2884),(#2885,
#2886),(#2887,#2888),(#2889,#2890)),.UNSPECIFIED.,.F.,.F.,.F.,(4,1,4),(2,
2),(0.,0.0123617494074826,0.0276239883145337),(0.,0.0499999999999999),
 .UNSPECIFIED.);
#1463=B_SPLINE_SURFACE_WITH_KNOTS('',3,1,((#2901,#2902),(#2903,#2904),(#2905,
#2906),(#2907,#2908),(#2909,#2910)),.UNSPECIFIED.,.F.,.F.,.F.,(4,1,4),(2,
2),(0.,0.0357380854381292,0.0754261150146191),(0.,0.0499999999999999),
 .UNSPECIFIED.);
#1464=B_SPLINE_SURFACE_WITH_KNOTS('',3,1,((#2927,#2928),(#2929,#2930),(#2931,
#2932),(#2933,#2934),(#2935,#2936)),.UNSPECIFIED.,.F.,.F.,.F.,(4,1,4),(2,
2),(0.,0.0405550844864106,0.0761050216643278),(0.,0.0499999999999999),
 .UNSPECIFIED.);
#1465=B_SPLINE_SURFACE_WITH_KNOTS('',3,1,((#2950,#2951),(#2952,#2953),(#2954,
#2955),(#2956,#2957),(#2958,#2959)),.UNSPECIFIED.,.F.,.F.,.F.,(4,1,4),(2,
2),(0.,0.026060426706208,0.0557635021390772),(0.,0.0499999999999999),
 .UNSPECIFIED.);
#1466=B_SPLINE_SURFACE_WITH_KNOTS('',3,1,((#2973,#2974),(#2975,#2976),(#2977,
#2978),(#2979,#2980),(#2981,#2982)),.UNSPECIFIED.,.F.,.F.,.F.,(4,1,4),(2,
2),(0.,0.0254472338577298,0.0503313565839342),(0.,0.0499999999999999),
 .UNSPECIFIED.);
#1467=B_SPLINE_SURFACE_WITH_KNOTS('',3,1,((#2996,#2997),(#2998,#2999),(#3000,
#3001),(#3002,#3003),(#3004,#3005)),.UNSPECIFIED.,.F.,.F.,.F.,(4,1,4),(2,
2),(0.,0.0255248257863648,0.0511477113277398),(0.,0.0499999999999999),
 .UNSPECIFIED.);
#1468=B_SPLINE_SURFACE_WITH_KNOTS('',3,1,((#3019,#3020),(#3021,#3022),(#3023,
#3024),(#3025,#3026),(#3027,#3028)),.UNSPECIFIED.,.F.,.F.,.F.,(4,1,4),(2,
2),(0.,0.0329905509456103,0.0611585070628812),(0.,0.0499999999999999),
 .UNSPECIFIED.);
#1469=ADVANCED_FACE('',(#105),#1439,.F.);
#1470=ADVANCED_FACE('',(#106),#1440,.F.);
#1471=ADVANCED_FACE('',(#107),#1441,.F.);
#1472=ADVANCED_FACE('',(#108),#65,.F.);
#1473=ADVANCED_FACE('',(#109),#66,.F.);
#1474=ADVANCED_FACE('',(#110),#67,.F.);
#1475=ADVANCED_FACE('',(#111),#1442,.F.);
#1476=ADVANCED_FACE('',(#112),#1443,.F.);
#1477=ADVANCED_FACE('',(#113),#1444,.F.);
#1478=ADVANCED_FACE('',(#114),#1445,.F.);
#1479=ADVANCED_FACE('',(#115),#1446,.F.);
#1480=ADVANCED_FACE('',(#116),#1447,.F.);
#1481=ADVANCED_FACE('',(#117),#1448,.F.);
#1482=ADVANCED_FACE('',(#118),#1449,.F.);
#1483=ADVANCED_FACE('',(#119),#1450,.F.);
#1484=ADVANCED_FACE('',(#120),#1451,.F.);
#1485=ADVANCED_FACE('',(#121),#1452,.F.);
#1486=ADVANCED_FACE('',(#122),#68,.F.);
#1487=ADVANCED_FACE('',(#123),#69,.F.);
#1488=ADVANCED_FACE('',(#124),#70,.F.);
#1489=ADVANCED_FACE('',(#125),#71,.F.);
#1490=ADVANCED_FACE('',(#126),#72,.F.);
#1491=ADVANCED_FACE('',(#127),#73,.F.);
#1492=ADVANCED_FACE('',(#128),#74,.F.);
#1493=ADVANCED_FACE('',(#129),#75,.F.);
#1494=ADVANCED_FACE('',(#130,#59),#76,.T.);
#1495=ADVANCED_FACE('',(#131,#60),#77,.T.);
#1496=ADVANCED_FACE('',(#132),#1453,.F.);
#1497=ADVANCED_FACE('',(#133),#26,.T.);
#1498=ADVANCED_FACE('',(#134),#78,.T.);
#1499=ADVANCED_FACE('',(#135),#79,.T.);
#1500=ADVANCED_FACE('',(#136),#1454,.F.);
#1501=ADVANCED_FACE('',(#137),#27,.T.);
#1502=ADVANCED_FACE('',(#138),#19,.T.);
#1503=ADVANCED_FACE('',(#139),#1455,.F.);
#1504=ADVANCED_FACE('',(#140),#1456,.F.);
#1505=ADVANCED_FACE('',(#141),#1457,.F.);
#1506=ADVANCED_FACE('',(#142),#80,.F.);
#1507=ADVANCED_FACE('',(#143),#81,.F.);
#1508=ADVANCED_FACE('',(#144),#82,.F.);
#1509=ADVANCED_FACE('',(#145),#1458,.F.);
#1510=ADVANCED_FACE('',(#146),#1459,.F.);
#1511=ADVANCED_FACE('',(#147),#1460,.F.);
#1512=ADVANCED_FACE('',(#148),#1461,.F.);
#1513=ADVANCED_FACE('',(#149),#1462,.F.);
#1514=ADVANCED_FACE('',(#150),#1463,.F.);
#1515=ADVANCED_FACE('',(#151),#1464,.F.);
#1516=ADVANCED_FACE('',(#152),#1465,.F.);
#1517=ADVANCED_FACE('',(#153),#1466,.F.);
#1518=ADVANCED_FACE('',(#154),#1467,.F.);
#1519=ADVANCED_FACE('',(#155),#1468,.F.);
#1520=ADVANCED_FACE('',(#156),#83,.F.);
#1521=ADVANCED_FACE('',(#157),#84,.F.);
#1522=ADVANCED_FACE('',(#158),#85,.F.);
#1523=ADVANCED_FACE('',(#159),#86,.F.);
#1524=ADVANCED_FACE('',(#160),#87,.F.);
#1525=ADVANCED_FACE('',(#161),#88,.F.);
#1526=ADVANCED_FACE('',(#162),#89,.F.);
#1527=ADVANCED_FACE('',(#163),#90,.F.);
#1528=ADVANCED_FACE('',(#164,#61),#91,.T.);
#1529=ADVANCED_FACE('',(#165,#62),#92,.T.);
#1530=ADVANCED_FACE('',(#166),#28,.T.);
#1531=ADVANCED_FACE('',(#167),#93,.F.);
#1532=ADVANCED_FACE('',(#168),#94,.T.);
#1533=ADVANCED_FACE('',(#169),#29,.T.);
#1534=ADVANCED_FACE('',(#170),#20,.T.);
#1535=ADVANCED_FACE('',(#171),#95,.T.);
#1536=ADVANCED_FACE('',(#172),#96,.T.);
#1537=ADVANCED_FACE('',(#173),#21,.T.);
#1538=ADVANCED_FACE('',(#174),#97,.T.);
#1539=ADVANCED_FACE('',(#175),#22,.T.);
#1540=ADVANCED_FACE('',(#176),#30,.T.);
#1541=ADVANCED_FACE('',(#177),#23,.T.);
#1542=ADVANCED_FACE('',(#178),#98,.T.);
#1543=ADVANCED_FACE('',(#179),#31,.T.);
#1544=ADVANCED_FACE('',(#180),#24,.T.);
#1545=ADVANCED_FACE('',(#181),#99,.F.);
#1546=ADVANCED_FACE('',(#182),#14,.T.);
#1547=ADVANCED_FACE('',(#183,#63),#100,.F.);
#1548=ADVANCED_FACE('',(#184,#64),#101,.F.);
#1549=ADVANCED_FACE('',(#185),#102,.T.);
#1550=ADVANCED_FACE('',(#186),#103,.T.);
#1551=ADVANCED_FACE('',(#187),#25,.T.);
#1552=ADVANCED_FACE('',(#188),#104,.T.);
#1553=CLOSED_SHELL('',(#1469,#1470,#1471,#1472,#1473,#1474,#1475,#1476,
#1477,#1478,#1479,#1480,#1481,#1482,#1483,#1484,#1485,#1486,#1487,#1488,
#1489,#1490,#1491,#1492,#1493,#1494,#1495,#1496,#1497,#1498,#1499,#1500,
#1501,#1502,#1503,#1504,#1505,#1506,#1507,#1508,#1509,#1510,#1511,#1512,
#1513,#1514,#1515,#1516,#1517,#1518,#1519,#1520,#1521,#1522,#1523,#1524,
#1525,#1526,#1527,#1528,#1529,#1530,#1531,#1532,#1533,#1534,#1535,#1536,
#1537,#1538,#1539,#1540,#1541,#1542,#1543,#1544,#1545,#1546,#1547,#1548,
#1549,#1550,#1551,#1552));
#1554=AXIS2_PLACEMENT_3D('',#1926,#1638,#1639);
#1555=AXIS2_PLACEMENT_3D('',#1999,#1644,#1645);
#1556=AXIS2_PLACEMENT_3D('',#2005,#1649,#1650);
#1557=AXIS2_PLACEMENT_3D('',#2011,#1654,#1655);
#1558=AXIS2_PLACEMENT_3D('',#2270,#1670,#1671);
#1559=AXIS2_PLACEMENT_3D('',#2276,#1675,#1676);
#1560=AXIS2_PLACEMENT_3D('',#2282,#1680,#1681);
#1561=AXIS2_PLACEMENT_3D('',#2288,#1685,#1686);
#1562=AXIS2_PLACEMENT_3D('',#2294,#1690,#1691);
#1563=AXIS2_PLACEMENT_3D('',#2300,#1695,#1696);
#1564=AXIS2_PLACEMENT_3D('',#2306,#1700,#1701);
#1565=AXIS2_PLACEMENT_3D('',#2312,#1705,#1706);
#1566=AXIS2_PLACEMENT_3D('',#2315,#1709,#1710);
#1567=AXIS2_PLACEMENT_3D('',#2316,#1711,#1712);
#1568=AXIS2_PLACEMENT_3D('',#2326,#1714,#1715);
#1569=AXIS2_PLACEMENT_3D('',#2329,#1717,#1718);
#1570=AXIS2_PLACEMENT_3D('',#2333,#1720,#1721);
#1571=AXIS2_PLACEMENT_3D('',#2525,#1724,#1725);
#1572=AXIS2_PLACEMENT_3D('',#2538,#1726,#1727);
#1573=AXIS2_PLACEMENT_3D('',#2549,#1728,#1729);
#1574=AXIS2_PLACEMENT_3D('',#2617,#1732,#1733);
#1575=AXIS2_PLACEMENT_3D('',#2684,#1734,#1735);
#1576=AXIS2_PLACEMENT_3D('',#2696,#1736,#1737);
#1577=AXIS2_PLACEMENT_3D('',#2697,#1738,#1739);
#1578=AXIS2_PLACEMENT_3D('',#2771,#1745,#1746);
#1579=AXIS2_PLACEMENT_3D('',#2777,#1750,#1751);
#1580=AXIS2_PLACEMENT_3D('',#2783,#1755,#1756);
#1581=AXIS2_PLACEMENT_3D('',#3042,#1771,#1772);
#1582=AXIS2_PLACEMENT_3D('',#3048,#1776,#1777);
#1583=AXIS2_PLACEMENT_3D('',#3054,#1781,#1782);
#1584=AXIS2_PLACEMENT_3D('',#3060,#1786,#1787);
#1585=AXIS2_PLACEMENT_3D('',#3066,#1791,#1792);
#1586=AXIS2_PLACEMENT_3D('',#3072,#1796,#1797);
#1587=AXIS2_PLACEMENT_3D('',#3078,#1801,#1802);
#1588=AXIS2_PLACEMENT_3D('',#3084,#1806,#1807);
#1589=AXIS2_PLACEMENT_3D('',#3087,#1810,#1811);
#1590=AXIS2_PLACEMENT_3D('',#3088,#1812,#1813);
#1591=AXIS2_PLACEMENT_3D('',#3117,#1816,#1817);
#1592=AXIS2_PLACEMENT_3D('',#3121,#1819,#1820);
#1593=AXIS2_PLACEMENT_3D('',#3123,#1822,#1823);
#1594=AXIS2_PLACEMENT_3D('',#3133,#1824,#1825);
#1595=AXIS2_PLACEMENT_3D('',#3134,#1826,#1827);
#1596=AXIS2_PLACEMENT_3D('',#3135,#1828,#1829);
#1597=AXIS2_PLACEMENT_3D('',#3137,#1831,#1832);
#1598=AXIS2_PLACEMENT_3D('',#3138,#1833,#1834);
#1599=AXIS2_PLACEMENT_3D('',#3139,#1835,#1836);
#1600=AXIS2_PLACEMENT_3D('',#3141,#1837,#1838);
#1601=AXIS2_PLACEMENT_3D('',#3150,#1839,#1840);
#1602=AXIS2_PLACEMENT_3D('',#3152,#1842,#1843);
#1603=AXIS2_PLACEMENT_3D('',#3153,#1844,#1845);
#1604=AXIS2_PLACEMENT_3D('',#3155,#1847,#1848);
#1605=AXIS2_PLACEMENT_3D('',#3157,#1850,#1851);
#1606=AXIS2_PLACEMENT_3D('',#3159,#1853,#1854);
#1607=AXIS2_PLACEMENT_3D('',#3160,#1855,#1856);
#1608=AXIS2_PLACEMENT_3D('',#3162,#1857,#1858);
#1609=AXIS2_PLACEMENT_3D('',#3164,#1859,#1860);
#1610=AXIS2_PLACEMENT_3D('',#3166,#1861,#1862);
#1611=AXIS2_PLACEMENT_3D('',#3167,#1863,#1864);
#1612=AXIS2_PLACEMENT_3D('',#3168,#1865,#1866);
#1613=AXIS2_PLACEMENT_3D('',#3170,#1867,#1868);
#1614=AXIS2_PLACEMENT_3D('',#3172,#1870,#1871);
#1615=AXIS2_PLACEMENT_3D('',#3173,#1872,#1873);
#1616=AXIS2_PLACEMENT_3D('',#3175,#1874,#1875);
#1617=AXIS2_PLACEMENT_3D('',#3177,#1876,#1877);
#1618=AXIS2_PLACEMENT_3D('',#3179,#1878,#1879);
#1619=AXIS2_PLACEMENT_3D('',#3180,#1880,#1881);
#1620=AXIS2_PLACEMENT_3D('',#3181,#1882,#1883);
#1621=AXIS2_PLACEMENT_3D('',#3184,#1885,#1886);
#1622=AXIS2_PLACEMENT_3D('',#3185,#1887,#1888);
#1623=AXIS2_PLACEMENT_3D('',#3186,#1889,#1890);
#1624=AXIS2_PLACEMENT_3D('',#3189,#1891,#1892);
#1625=AXIS2_PLACEMENT_3D('',#3191,#1893,#1894);
#1626=AXIS2_PLACEMENT_3D('',#3193,#1895,#1896);
#1627=AXIS2_PLACEMENT_3D('',#3195,#1897,#1898);
#1628=AXIS2_PLACEMENT_3D('',#3197,#1899,#1900);
#1629=AXIS2_PLACEMENT_3D('',#3198,#1901,#1902);
#1630=AXIS2_PLACEMENT_3D('',#3199,#1903,#1904);
#1631=AXIS2_PLACEMENT_3D('',#3205,#1908,#1909);
#1632=AXIS2_PLACEMENT_3D('',#3211,#1913,#1914);
#1633=AXIS2_PLACEMENT_3D('',#3212,#1915,#1916);
#1634=AXIS2_PLACEMENT_3D('',#3213,#1917,#1918);
#1635=AXIS2_PLACEMENT_3D('',#3214,#1919,#1920);
#1636=AXIS2_PLACEMENT_3D('',#3215,#1921,#1922);
#1637=AXIS2_PLACEMENT_3D('',#3217,#1924,#1925);
#1638=DIRECTION('axis',(0.,0.,1.));
#1639=DIRECTION('refdir',(1.,0.,0.));
#1640=DIRECTION('',(0.,0.,-1.));
#1641=DIRECTION('',(0.,0.,-1.));
#1642=DIRECTION('',(0.,0.,-1.));
#1643=DIRECTION('',(0.,0.,-1.));
#1644=DIRECTION('center_axis',(1.,0.,0.));
#1645=DIRECTION('ref_axis',(0.,-1.,0.));
#1646=DIRECTION('',(0.,-1.,2.26497864316941E-23));
#1647=DIRECTION('',(0.,0.,-1.));
#1648=DIRECTION('',(0.,-1.,0.));
#1649=DIRECTION('center_axis',(0.,-1.,0.));
#1650=DIRECTION('ref_axis',(-1.,0.,0.));
#1651=DIRECTION('',(-0.999999999999983,0.,1.84949541757374E-7));
#1652=DIRECTION('',(0.,0.,-1.));
#1653=DIRECTION('',(-1.,0.,0.));
#1654=DIRECTION('center_axis',(-1.,0.,0.));
#1655=DIRECTION('ref_axis',(0.,1.,0.));
#1656=DIRECTION('',(0.,1.,-2.26497864316941E-23));
#1657=DIRECTION('',(0.,0.,-1.));
#1658=DIRECTION('',(0.,1.,0.));
#1659=DIRECTION('',(0.,0.,-1.));
#1660=DIRECTION('',(0.,0.,-1.));
#1661=DIRECTION('',(0.,0.,-1.));
#1662=DIRECTION('',(0.,0.,-1.));
#1663=DIRECTION('',(0.,0.,-1.));
#1664=DIRECTION('',(0.,0.,-1.));
#1665=DIRECTION('',(0.,0.,-1.));
#1666=DIRECTION('',(0.,0.,-1.));
#1667=DIRECTION('',(0.,0.,-1.));
#1668=DIRECTION('',(0.,0.,-1.));
#1669=DIRECTION('',(0.,0.,-1.));
#1670=DIRECTION('center_axis',(1.,-2.56695979732377E-15,0.));
#1671=DIRECTION('ref_axis',(-2.56695979732377E-15,-1.,0.));
#1672=DIRECTION('',(-2.56695979732377E-15,-1.,4.97407824656333E-22));
#1673=DIRECTION('',(0.,0.,-1.));
#1674=DIRECTION('',(-2.56695979732377E-15,-1.,0.));
#1675=DIRECTION('center_axis',(0.,1.,0.));
#1676=DIRECTION('ref_axis',(1.,0.,0.));
#1677=DIRECTION('',(0.999999999999983,0.,-1.84949541757374E-7));
#1678=DIRECTION('',(0.,0.,-1.));
#1679=DIRECTION('',(1.,0.,0.));
#1680=DIRECTION('center_axis',(-1.,0.,0.));
#1681=DIRECTION('ref_axis',(0.,1.,0.));
#1682=DIRECTION('',(0.,1.,-2.26497864316941E-23));
#1683=DIRECTION('',(0.,0.,-1.));
#1684=DIRECTION('',(0.,1.,0.));
#1685=DIRECTION('center_axis',(0.,-1.,0.));
#1686=DIRECTION('ref_axis',(-1.,0.,0.));
#1687=DIRECTION('',(-0.999999999999983,0.,1.84949541757374E-7));
#1688=DIRECTION('',(0.,0.,-1.));
#1689=DIRECTION('',(-1.,0.,0.));
#1690=DIRECTION('center_axis',(-1.,0.,0.));
#1691=DIRECTION('ref_axis',(0.,1.,0.));
#1692=DIRECTION('',(0.,1.,-2.26497864316941E-23));
#1693=DIRECTION('',(0.,0.,-1.));
#1694=DIRECTION('',(0.,1.,0.));
#1695=DIRECTION('center_axis',(-0.59584397393151,0.803100217114593,0.));
#1696=DIRECTION('ref_axis',(0.803100217114593,0.59584397393151,0.));
#1697=DIRECTION('',(0.803100217114584,0.595843973931503,-1.48533017140592E-7));
#1698=DIRECTION('',(0.,0.,-1.));
#1699=DIRECTION('',(0.803100217114593,0.59584397393151,0.));
#1700=DIRECTION('center_axis',(-1.,0.,0.));
#1701=DIRECTION('ref_axis',(0.,1.,0.));
#1702=DIRECTION('',(0.,1.,-2.26497864316941E-23));
#1703=DIRECTION('',(0.,0.,-1.));
#1704=DIRECTION('',(0.,1.,0.));
#1705=DIRECTION('center_axis',(0.614539675430041,-0.788885915276943,0.));
#1706=DIRECTION('ref_axis',(-0.788885915276943,-0.614539675430041,0.));
#1707=DIRECTION('',(-0.788885915276935,-0.614539675430034,1.45904088529318E-7));
#1708=DIRECTION('',(-0.788885915276943,-0.614539675430041,0.));
#1709=DIRECTION('center_axis',(0.,0.,1.));
#1710=DIRECTION('ref_axis',(-1.,0.,0.));
#1711=DIRECTION('center_axis',(1.84949541757374E-7,2.26497864316937E-23,
0.999999999999983));
#1712=DIRECTION('ref_axis',(0.999999999999983,1.22464679914733E-16,-1.84949541757374E-7));
#1713=DIRECTION('',(-0.999999999999983,-1.22464679914733E-16,1.84949541757374E-7));
#1714=DIRECTION('center_axis',(-1.84949541757374E-7,-2.26497864316937E-23,
-0.999999999999983));
#1715=DIRECTION('ref_axis',(0.707106781186541,-0.707106781186541,-1.30779075153984E-7));
#1716=DIRECTION('',(-1.22464679914735E-16,1.,0.));
#1717=DIRECTION('center_axis',(-1.84949541757374E-7,-2.26497864316937E-23,
-0.999999999999983));
#1718=DIRECTION('ref_axis',(-0.999999999999983,-1.22464679914733E-16,1.84949541757374E-7));
#1719=DIRECTION('',(-1.22464679914735E-16,1.,0.));
#1720=DIRECTION('center_axis',(-1.84949541757374E-7,-2.26497864316937E-23,
-0.999999999999983));
#1721=DIRECTION('ref_axis',(0.707106781186542,0.707106781186541,-1.30779075153985E-7));
#1722=DIRECTION('',(0.999999999999983,1.22464679914733E-16,-1.84949541757374E-7));
#1723=DIRECTION('',(-1.22464679914735E-16,1.,0.));
#1724=DIRECTION('center_axis',(-1.22464679914735E-16,1.,0.));
#1725=DIRECTION('ref_axis',(0.,0.,1.));
#1726=DIRECTION('center_axis',(1.22464679914735E-16,-1.,0.));
#1727=DIRECTION('ref_axis',(-0.968724608755828,-1.03142410383075E-16,-0.248138333175003));
#1728=DIRECTION('center_axis',(-0.258819045102522,-3.16961915143177E-17,
0.965925826289068));
#1729=DIRECTION('ref_axis',(0.965925826289068,1.18291797137867E-16,0.258819045102522));
#1730=DIRECTION('',(-1.22464679914735E-16,1.,0.));
#1731=DIRECTION('',(-1.22464679914735E-16,1.,0.));
#1732=DIRECTION('center_axis',(0.92281614853451,1.13012384250428E-16,0.385240646874045));
#1733=DIRECTION('ref_axis',(0.385240646874045,4.71783725095755E-17,-0.92281614853451));
#1734=DIRECTION('center_axis',(-1.22464679914735E-16,1.,0.));
#1735=DIRECTION('ref_axis',(0.,0.,1.));
#1736=DIRECTION('center_axis',(-1.22464679914735E-16,1.,0.));
#1737=DIRECTION('ref_axis',(-0.968724608755828,-1.03142410383075E-16,-0.248138333175003));
#1738=DIRECTION('center_axis',(-1.22464679914735E-16,1.,0.));
#1739=DIRECTION('ref_axis',(-0.965655872915014,-1.18258737384321E-16,-0.259824431308419));
#1740=DIRECTION('',(-1.22464679914735E-16,1.,0.));
#1741=DIRECTION('',(-0.374235161670456,0.,0.927333836204356));
#1742=DIRECTION('',(-0.374235161670456,0.,0.927333836204356));
#1743=DIRECTION('',(-0.374235161670456,0.,0.927333836204356));
#1744=DIRECTION('',(-0.374235161670456,0.,0.927333836204356));
#1745=DIRECTION('center_axis',(0.927333836204356,1.1356564142487E-16,0.374235161670456));
#1746=DIRECTION('ref_axis',(-1.22464679914735E-16,1.,0.));
#1747=DIRECTION('',(-1.22464679914735E-16,1.,0.));
#1748=DIRECTION('',(-0.374235161670456,0.,0.927333836204356));
#1749=DIRECTION('',(-1.22464679914735E-16,1.,0.));
#1750=DIRECTION('center_axis',(-1.05313261923533E-16,1.,-4.25002561788452E-17));
#1751=DIRECTION('ref_axis',(-0.927333836204355,-1.1356564142487E-16,-0.374235161670458));
#1752=DIRECTION('',(-0.927333836204355,-1.1356564142487E-16,-0.374235161670458));
#1753=DIRECTION('',(-0.374235161670456,0.,0.927333836204356));
#1754=DIRECTION('',(-0.927333836204355,-1.1356564142487E-16,-0.374235161670458));
#1755=DIRECTION('center_axis',(-0.927333836204356,-1.1356564142487E-16,
-0.374235161670456));
#1756=DIRECTION('ref_axis',(1.22464679914735E-16,-1.,0.));
#1757=DIRECTION('',(1.22464679914735E-16,-1.,0.));
#1758=DIRECTION('',(-0.374235161670456,0.,0.927333836204356));
#1759=DIRECTION('',(1.22464679914735E-16,-1.,0.));
#1760=DIRECTION('',(-0.374235161670456,0.,0.927333836204356));
#1761=DIRECTION('',(-0.374235161670456,0.,0.927333836204356));
#1762=DIRECTION('',(-0.374235161670456,0.,0.927333836204356));
#1763=DIRECTION('',(-0.374235161670456,0.,0.927333836204356));
#1764=DIRECTION('',(-0.374235161670456,0.,0.927333836204356));
#1765=DIRECTION('',(-0.374235161670456,0.,0.927333836204356));
#1766=DIRECTION('',(-0.374235161670456,0.,0.927333836204356));
#1767=DIRECTION('',(-0.374235161670456,0.,0.927333836204356));
#1768=DIRECTION('',(-0.374235161670456,0.,0.927333836204356));
#1769=DIRECTION('',(-0.374235161670456,0.,0.927333836204356));
#1770=DIRECTION('',(-0.374235161670456,0.,0.927333836204356));
#1771=DIRECTION('center_axis',(0.927333836204356,1.1356564142487E-16,0.374235161670456));
#1772=DIRECTION('ref_axis',(-1.22464679914735E-16,1.,0.));
#1773=DIRECTION('',(-1.22464679914735E-16,1.,0.));
#1774=DIRECTION('',(-0.374235161670456,0.,0.927333836204356));
#1775=DIRECTION('',(-1.22464679914735E-16,1.,0.));
#1776=DIRECTION('center_axis',(4.22350270642993E-15,-1.,1.70443820385747E-15));
#1777=DIRECTION('ref_axis',(0.927333836204355,4.55445767375105E-15,0.374235161670458));
#1778=DIRECTION('',(0.927333836204355,4.55445767375105E-15,0.374235161670458));
#1779=DIRECTION('',(-0.374235161670456,0.,0.927333836204356));
#1780=DIRECTION('',(0.927333836204355,4.55445767375105E-15,0.374235161670458));
#1781=DIRECTION('center_axis',(-0.927333836204356,-1.1356564142487E-16,
-0.374235161670456));
#1782=DIRECTION('ref_axis',(1.22464679914735E-16,-1.,0.));
#1783=DIRECTION('',(1.22464679914735E-16,-1.,0.));
#1784=DIRECTION('',(-0.374235161670456,0.,0.927333836204356));
#1785=DIRECTION('',(1.22464679914735E-16,-1.,0.));
#1786=DIRECTION('center_axis',(-5.72068242458111E-15,1.,-2.30864056550683E-15));
#1787=DIRECTION('ref_axis',(-0.927333836204355,-6.16895685376506E-15,-0.374235161670458));
#1788=DIRECTION('',(-0.927333836204355,-6.16895685376506E-15,-0.374235161670458));
#1789=DIRECTION('',(-0.374235161670456,0.,0.927333836204356));
#1790=DIRECTION('',(-0.927333836204355,-6.16895685376506E-15,-0.374235161670458));
#1791=DIRECTION('center_axis',(-0.927333836204356,-1.1356564142487E-16,
-0.374235161670456));
#1792=DIRECTION('ref_axis',(1.22464679914735E-16,-1.,0.));
#1793=DIRECTION('',(1.22464679914735E-16,-1.,0.));
#1794=DIRECTION('',(-0.374235161670456,0.,0.927333836204356));
#1795=DIRECTION('',(1.22464679914735E-16,-1.,0.));
#1796=DIRECTION('center_axis',(-0.552546278125153,-0.803100217114595,-0.222985765914624));
#1797=DIRECTION('ref_axis',(0.744742005193428,-0.595843973931507,0.30054833958946));
#1798=DIRECTION('',(0.744742005193428,-0.595843973931507,0.30054833958946));
#1799=DIRECTION('',(-0.374235161670456,0.,0.927333836204356));
#1800=DIRECTION('',(0.744742005193428,-0.595843973931507,0.30054833958946));
#1801=DIRECTION('center_axis',(-0.927333836204356,-1.1356564142487E-16,
-0.374235161670456));
#1802=DIRECTION('ref_axis',(1.22464679914735E-16,-1.,0.));
#1803=DIRECTION('',(1.22464679914735E-16,-1.,0.));
#1804=DIRECTION('',(-0.374235161670456,0.,0.927333836204356));
#1805=DIRECTION('',(1.22464679914735E-16,-1.,0.));
#1806=DIRECTION('center_axis',(0.569883434716317,0.788885915276945,0.22998235478747));
#1807=DIRECTION('ref_axis',(-0.731560602141354,0.614539675430038,-0.295228848043215));
#1808=DIRECTION('',(-0.731560602141354,0.614539675430038,-0.295228848043215));
#1809=DIRECTION('',(-0.731560602141354,0.614539675430038,-0.295228848043215));
#1810=DIRECTION('center_axis',(0.374235161670458,4.58305892868118E-17,-0.927333836204355));
#1811=DIRECTION('ref_axis',(-1.22464679914735E-16,1.,0.));
#1812=DIRECTION('center_axis',(0.374235161670458,4.58305892868118E-17,-0.927333836204356));
#1813=DIRECTION('ref_axis',(-0.927333836204355,-1.1356564142487E-16,-0.374235161670458));
#1814=DIRECTION('',(-1.22464679914735E-16,1.,0.));
#1815=DIRECTION('',(-0.927333836204355,-1.1356564142487E-16,-0.374235161670458));
#1816=DIRECTION('center_axis',(-0.374235161670458,-4.58305892868118E-17,
0.927333836204356));
#1817=DIRECTION('ref_axis',(0.927333836204355,2.97413387222736E-16,0.374235161670458));
#1818=DIRECTION('',(-1.22464679914735E-16,1.,0.));
#1819=DIRECTION('center_axis',(-0.374235161670458,-4.58305892868118E-17,
0.927333836204356));
#1820=DIRECTION('ref_axis',(0.927333836204355,-7.02821043729959E-17,0.374235161670458));
#1821=DIRECTION('',(-0.927333836204355,-1.1356564142487E-16,-0.374235161670458));
#1822=DIRECTION('center_axis',(-1.22464679914735E-16,1.,0.));
#1823=DIRECTION('ref_axis',(0.,0.,-1.));
#1824=DIRECTION('center_axis',(1.22464679914735E-16,-1.,0.));
#1825=DIRECTION('ref_axis',(-0.871760597185752,-1.06759882496632E-16,-0.489932098554831));
#1826=DIRECTION('center_axis',(-1.22464679914735E-16,1.,0.));
#1827=DIRECTION('ref_axis',(-0.871760597185752,-1.06759882496632E-16,-0.489932098554831));
#1828=DIRECTION('center_axis',(-1.22464679914735E-16,1.,0.));
#1829=DIRECTION('ref_axis',(-1.,-1.22464679914735E-16,0.));
#1830=DIRECTION('',(0.,0.,-1.));
#1831=DIRECTION('center_axis',(1.84949541757374E-7,2.26497864316937E-23,
0.999999999999983));
#1832=DIRECTION('ref_axis',(0.999999999999983,1.22464679914733E-16,-1.84949541757374E-7));
#1833=DIRECTION('center_axis',(-1.22464679914735E-16,1.,0.));
#1834=DIRECTION('ref_axis',(0.,0.,-1.));
#1835=DIRECTION('center_axis',(1.22464679914735E-16,-1.,0.));
#1836=DIRECTION('ref_axis',(-0.871760597185752,-1.06759882496632E-16,-0.489932098554831));
#1837=DIRECTION('center_axis',(-1.22464679914735E-16,1.,0.));
#1838=DIRECTION('ref_axis',(-0.871760597185752,-1.06759882496632E-16,-0.489932098554831));
#1839=DIRECTION('center_axis',(-1.22464679914735E-16,1.,0.));
#1840=DIRECTION('ref_axis',(-0.739456474919482,-9.05573005118929E-17,-0.673204368449621));
#1841=DIRECTION('',(-1.22464679914735E-16,1.,0.));
#1842=DIRECTION('center_axis',(0.374235161670458,4.58305892868118E-17,-0.927333836204356));
#1843=DIRECTION('ref_axis',(-0.927333836204355,-1.1356564142487E-16,-0.374235161670458));
#1844=DIRECTION('center_axis',(-1.22464679914735E-16,1.,0.));
#1845=DIRECTION('ref_axis',(-1.,-1.22464679914735E-16,0.));
#1846=DIRECTION('',(0.,0.,1.));
#1847=DIRECTION('center_axis',(0.,0.,1.));
#1848=DIRECTION('ref_axis',(0.707106781186548,-0.707106781186548,0.));
#1849=DIRECTION('',(0.,0.,1.));
#1850=DIRECTION('center_axis',(1.,1.22464679914735E-16,0.));
#1851=DIRECTION('ref_axis',(0.,0.,-1.));
#1852=DIRECTION('',(0.,0.,-1.));
#1853=DIRECTION('center_axis',(0.,0.,-1.));
#1854=DIRECTION('ref_axis',(0.707106781186548,0.707106781186547,0.));
#1855=DIRECTION('center_axis',(-1.22464679914735E-16,1.,0.));
#1856=DIRECTION('ref_axis',(0.,0.,-1.));
#1857=DIRECTION('center_axis',(1.22464679914735E-16,-1.,0.));
#1858=DIRECTION('ref_axis',(-1.,-1.22464679914735E-16,0.));
#1859=DIRECTION('center_axis',(1.,1.22464679914735E-16,0.));
#1860=DIRECTION('ref_axis',(0.,0.,1.));
#1861=DIRECTION('center_axis',(-1.22464679914735E-16,1.,0.));
#1862=DIRECTION('ref_axis',(-1.,-1.22464679914735E-16,0.));
#1863=DIRECTION('center_axis',(-1.22464679914735E-16,1.,0.));
#1864=DIRECTION('ref_axis',(-1.,-1.22464679914735E-16,0.));
#1865=DIRECTION('center_axis',(1.22464679914735E-16,-1.,0.));
#1866=DIRECTION('ref_axis',(-1.,-1.22464679914735E-16,0.));
#1867=DIRECTION('center_axis',(1.22464679914735E-16,-1.,0.));
#1868=DIRECTION('ref_axis',(-1.,-1.22464679914735E-16,0.));
#1869=DIRECTION('',(-1.22464679914735E-16,1.,0.));
#1870=DIRECTION('center_axis',(-1.22464679914735E-16,1.,0.));
#1871=DIRECTION('ref_axis',(-1.,-1.22464679914735E-16,0.));
#1872=DIRECTION('center_axis',(1.22464679914735E-16,-1.,0.));
#1873=DIRECTION('ref_axis',(0.,0.,1.));
#1874=DIRECTION('center_axis',(-1.22464679914735E-16,1.,0.));
#1875=DIRECTION('ref_axis',(-1.,-1.22464679914735E-16,0.));
#1876=DIRECTION('center_axis',(1.,1.22464679914735E-16,0.));
#1877=DIRECTION('ref_axis',(0.,0.,-1.));
#1878=DIRECTION('center_axis',(1.22464679914735E-16,-1.,0.));
#1879=DIRECTION('ref_axis',(-1.,-1.22464679914735E-16,0.));
#1880=DIRECTION('center_axis',(1.22464679914735E-16,-1.,0.));
#1881=DIRECTION('ref_axis',(-1.,-1.22464679914735E-16,0.));
#1882=DIRECTION('center_axis',(1.22464679914735E-16,-1.,0.));
#1883=DIRECTION('ref_axis',(-1.,-1.22464679914735E-16,0.));
#1884=DIRECTION('',(-1.22464679914735E-16,1.,0.));
#1885=DIRECTION('center_axis',(-1.22464679914735E-16,1.,0.));
#1886=DIRECTION('ref_axis',(-1.,-1.22464679914735E-16,0.));
#1887=DIRECTION('center_axis',(-1.22464679914735E-16,1.,0.));
#1888=DIRECTION('ref_axis',(-1.,-1.22464679914735E-16,0.));
#1889=DIRECTION('center_axis',(0.,0.,1.));
#1890=DIRECTION('ref_axis',(-1.,0.,0.));
#1891=DIRECTION('center_axis',(-1.22464679914735E-16,1.,0.));
#1892=DIRECTION('ref_axis',(0.,0.,-1.));
#1893=DIRECTION('center_axis',(0.,0.,1.));
#1894=DIRECTION('ref_axis',(-1.,-1.22464679914735E-16,0.));
#1895=DIRECTION('center_axis',(0.,1.,0.));
#1896=DIRECTION('ref_axis',(1.,0.,0.));
#1897=DIRECTION('center_axis',(0.,0.,1.));
#1898=DIRECTION('ref_axis',(-1.,-1.22464679914735E-16,0.));
#1899=DIRECTION('center_axis',(1.22464679914735E-16,-1.,0.));
#1900=DIRECTION('ref_axis',(0.,0.,1.));
#1901=DIRECTION('center_axis',(0.,0.,1.));
#1902=DIRECTION('ref_axis',(-1.,-1.22464679914735E-16,0.));
#1903=DIRECTION('center_axis',(-1.22464679914735E-16,1.,0.));
#1904=DIRECTION('ref_axis',(1.,1.22464679914735E-16,0.));
#1905=DIRECTION('',(0.,0.,1.));
#1906=DIRECTION('',(1.,1.22464679914735E-16,0.));
#1907=DIRECTION('',(0.,0.,-1.));
#1908=DIRECTION('center_axis',(1.22464679914735E-16,-1.,0.));
#1909=DIRECTION('ref_axis',(-1.,-1.22464679914735E-16,0.));
#1910=DIRECTION('',(0.,0.,1.));
#1911=DIRECTION('',(-1.,-1.22464679914735E-16,0.));
#1912=DIRECTION('',(0.,0.,-1.));
#1913=DIRECTION('center_axis',(0.,0.,1.));
#1914=DIRECTION('ref_axis',(1.,1.22464679914735E-16,0.));
#1915=DIRECTION('center_axis',(0.,0.,-1.));
#1916=DIRECTION('ref_axis',(-1.,-1.22464679914735E-16,0.));
#1917=DIRECTION('center_axis',(0.,0.,1.));
#1918=DIRECTION('ref_axis',(1.,1.22464679914735E-16,0.));
#1919=DIRECTION('center_axis',(0.,0.,-1.));
#1920=DIRECTION('ref_axis',(-1.,-1.22464679914735E-16,0.));
#1921=DIRECTION('center_axis',(0.,0.,1.));
#1922=DIRECTION('ref_axis',(-1.,-1.22464679914735E-16,0.));
#1923=DIRECTION('',(0.,0.,-1.));
#1924=DIRECTION('center_axis',(2.13765290404991E-16,2.61786978663277E-32,
-1.));
#1925=DIRECTION('ref_axis',(-1.,-1.22464679914735E-16,-2.13765290404991E-16));
#1926=CARTESIAN_POINT('',(0.,0.,0.));
#1927=CARTESIAN_POINT('Ctrl Pts',(-18.0097993971914,-18.1600961033576,0.399995778791162));
#1928=CARTESIAN_POINT('Ctrl Pts',(-18.0097993971914,-18.1600961033576,-0.100004221208838));
#1929=CARTESIAN_POINT('Ctrl Pts',(-17.9960121964721,-18.1765698115128,0.399995778791162));
#1930=CARTESIAN_POINT('Ctrl Pts',(-17.9960121964721,-18.1765698115128,-0.100004221208838));
#1931=CARTESIAN_POINT('Ctrl Pts',(-17.9697363289642,-18.2079656678337,0.399995778791162));
#1932=CARTESIAN_POINT('Ctrl Pts',(-17.9697363289642,-18.2079656678337,-0.100004221208838));
#1933=CARTESIAN_POINT('Ctrl Pts',(-17.9345263813632,-18.2287796332132,0.399995778791162));
#1934=CARTESIAN_POINT('Ctrl Pts',(-17.9345263813632,-18.2287796332132,-0.100004221208838));
#1935=CARTESIAN_POINT('Ctrl Pts',(-17.9177914323419,-18.2386723105186,0.399995778791162));
#1936=CARTESIAN_POINT('Ctrl Pts',(-17.9177914323419,-18.2386723105186,-0.100004221208838));
#1937=CARTESIAN_POINT('',(-18.0097993971914,-18.1600961033576,0.399995778791162));
#1938=CARTESIAN_POINT('',(-17.9177914323419,-18.2386723105186,0.399995778791162));
#1939=CARTESIAN_POINT('Ctrl Pts',(-18.0097993971914,-18.1600961033576,0.399995778791162));
#1940=CARTESIAN_POINT('Ctrl Pts',(-17.9960121964721,-18.1765698115128,0.399995778791162));
#1941=CARTESIAN_POINT('Ctrl Pts',(-17.9697363289642,-18.2079656678337,0.399995778791162));
#1942=CARTESIAN_POINT('Ctrl Pts',(-17.9345263813632,-18.2287796332132,0.399995778791162));
#1943=CARTESIAN_POINT('Ctrl Pts',(-17.9177914323419,-18.2386723105186,0.399995778791162));
#1944=CARTESIAN_POINT('',(-18.0097993971914,-18.1600961033576,-0.100004221208838));
#1945=CARTESIAN_POINT('',(-18.0097993971914,-18.1600961033576,0.399995778791162));
#1946=CARTESIAN_POINT('',(-17.9177914323419,-18.2386723105186,-0.100004221208838));
#1947=CARTESIAN_POINT('Ctrl Pts',(-18.0097993971914,-18.1600961033576,-0.100004221208838));
#1948=CARTESIAN_POINT('Ctrl Pts',(-17.9960121964721,-18.1765698115128,-0.100004221208838));
#1949=CARTESIAN_POINT('Ctrl Pts',(-17.9697363289642,-18.2079656678337,-0.100004221208838));
#1950=CARTESIAN_POINT('Ctrl Pts',(-17.9345263813632,-18.2287796332132,-0.100004221208838));
#1951=CARTESIAN_POINT('Ctrl Pts',(-17.9177914323419,-18.2386723105186,-0.100004221208838));
#1952=CARTESIAN_POINT('',(-17.9177914323419,-18.2386723105186,0.399995778791162));
#1953=CARTESIAN_POINT('Ctrl Pts',(-18.0648699166387,-18.0204050187343,0.399995778791162));
#1954=CARTESIAN_POINT('Ctrl Pts',(-18.0648699166387,-18.0204050187343,-0.100004221208838));
#1955=CARTESIAN_POINT('Ctrl Pts',(-18.0598983515991,-18.0465799657512,0.399995778791162));
#1956=CARTESIAN_POINT('Ctrl Pts',(-18.0598983515991,-18.0465799657512,-0.100004221208838));
#1957=CARTESIAN_POINT('Ctrl Pts',(-18.0503811264775,-18.0966874995604,0.399995778791162));
#1958=CARTESIAN_POINT('Ctrl Pts',(-18.0503811264775,-18.0966874995604,-0.100004221208838));
#1959=CARTESIAN_POINT('Ctrl Pts',(-18.0229169576495,-18.1396000276972,0.399995778791162));
#1960=CARTESIAN_POINT('Ctrl Pts',(-18.0229169576495,-18.1396000276972,-0.100004221208838));
#1961=CARTESIAN_POINT('Ctrl Pts',(-18.0097993971914,-18.1600961033576,0.399995778791162));
#1962=CARTESIAN_POINT('Ctrl Pts',(-18.0097993971914,-18.1600961033576,-0.100004221208838));
#1963=CARTESIAN_POINT('',(-18.0648699166387,-18.0204050187343,0.399995778791162));
#1964=CARTESIAN_POINT('Ctrl Pts',(-18.0648699166387,-18.0204050187343,0.399995778791162));
#1965=CARTESIAN_POINT('Ctrl Pts',(-18.0598983515991,-18.0465799657512,0.399995778791162));
#1966=CARTESIAN_POINT('Ctrl Pts',(-18.0503811264775,-18.0966874995604,0.399995778791162));
#1967=CARTESIAN_POINT('Ctrl Pts',(-18.0229169576495,-18.1396000276972,0.399995778791162));
#1968=CARTESIAN_POINT('Ctrl Pts',(-18.0097993971914,-18.1600961033576,0.399995778791162));
#1969=CARTESIAN_POINT('',(-18.0648699166387,-18.0204050187343,-0.100004221208838));
#1970=CARTESIAN_POINT('',(-18.0648699166387,-18.0204050187343,0.399995778791162));
#1971=CARTESIAN_POINT('Ctrl Pts',(-18.0648699166387,-18.0204050187343,-0.100004221208838));
#1972=CARTESIAN_POINT('Ctrl Pts',(-18.0598983515991,-18.0465799657512,-0.100004221208838));
#1973=CARTESIAN_POINT('Ctrl Pts',(-18.0503811264775,-18.0966874995604,-0.100004221208838));
#1974=CARTESIAN_POINT('Ctrl Pts',(-18.0229169576495,-18.1396000276972,-0.100004221208838));
#1975=CARTESIAN_POINT('Ctrl Pts',(-18.0097993971914,-18.1600961033576,-0.100004221208838));
#1976=CARTESIAN_POINT('Ctrl Pts',(-18.0769586326688,-17.8135546986335,0.399995778791162));
#1977=CARTESIAN_POINT('Ctrl Pts',(-18.0769586326688,-17.8135546986335,-0.100004221208838));
#1978=CARTESIAN_POINT('Ctrl Pts',(-18.0766771966038,-17.8514325654433,0.399995778791162));
#1979=CARTESIAN_POINT('Ctrl Pts',(-18.0766771966038,-17.8514325654433,-0.100004221208838));
#1980=CARTESIAN_POINT('Ctrl Pts',(-18.0761632766325,-17.920599934674,0.399995778791162));
#1981=CARTESIAN_POINT('Ctrl Pts',(-18.0761632766325,-17.920599934674,-0.100004221208838));
#1982=CARTESIAN_POINT('Ctrl Pts',(-18.0683874820283,-17.989318529896,0.399995778791162));
#1983=CARTESIAN_POINT('Ctrl Pts',(-18.0683874820283,-17.989318529896,-0.100004221208838));
#1984=CARTESIAN_POINT('Ctrl Pts',(-18.0648699166387,-18.0204050187343,0.399995778791162));
#1985=CARTESIAN_POINT('Ctrl Pts',(-18.0648699166387,-18.0204050187343,-0.100004221208838));
#1986=CARTESIAN_POINT('',(-18.0769586326688,-17.8135546986335,0.399995778791162));
#1987=CARTESIAN_POINT('Ctrl Pts',(-18.0769586326688,-17.8135546986335,0.399995778791162));
#1988=CARTESIAN_POINT('Ctrl Pts',(-18.0766771966038,-17.8514325654433,0.399995778791162));
#1989=CARTESIAN_POINT('Ctrl Pts',(-18.0761632766325,-17.920599934674,0.399995778791162));
#1990=CARTESIAN_POINT('Ctrl Pts',(-18.0683874820283,-17.989318529896,0.399995778791162));
#1991=CARTESIAN_POINT('Ctrl Pts',(-18.0648699166387,-18.0204050187343,0.399995778791162));
#1992=CARTESIAN_POINT('',(-18.0769586326688,-17.8135546986335,-0.100004221208838));
#1993=CARTESIAN_POINT('',(-18.0769586326688,-17.8135546986335,0.399995778791162));
#1994=CARTESIAN_POINT('Ctrl Pts',(-18.0769586326688,-17.8135546986335,-0.100004221208838));
#1995=CARTESIAN_POINT('Ctrl Pts',(-18.0766771966038,-17.8514325654433,-0.100004221208838));
#1996=CARTESIAN_POINT('Ctrl Pts',(-18.0761632766325,-17.920599934674,-0.100004221208838));
#1997=CARTESIAN_POINT('Ctrl Pts',(-18.0683874820283,-17.989318529896,-0.100004221208838));
#1998=CARTESIAN_POINT('Ctrl Pts',(-18.0648699166387,-18.0204050187343,-0.100004221208838));
#1999=CARTESIAN_POINT('Origin',(-18.0769586326688,-17.6550590936416,0.399995778791162));
#2000=CARTESIAN_POINT('',(-18.0769586326688,-17.6550590936416,0.399995778791162));
#2001=CARTESIAN_POINT('',(-18.0769586326688,-22.4275295468208,0.400002200978008));
#2002=CARTESIAN_POINT('',(-18.0769586326688,-17.6550590936416,-0.100004221208838));
#2003=CARTESIAN_POINT('',(-18.0769586326688,-17.6550590936416,0.399995778791162));
#2004=CARTESIAN_POINT('',(-18.0769586326688,-17.6550590936416,-0.100004221208838));
#2005=CARTESIAN_POINT('Origin',(-17.5383420052141,-17.6550590936416,0.399995778791162));
#2006=CARTESIAN_POINT('',(-17.5383420052141,-17.6550590936416,0.399995778791162));
#2007=CARTESIAN_POINT('',(-18.6566796933928,-17.6550590936416,0.400002308197153));
#2008=CARTESIAN_POINT('',(-17.5383420052141,-17.6550590936416,-0.100004221208838));
#2009=CARTESIAN_POINT('',(-17.5383420052141,-17.6550590936416,0.399995778791162));
#2010=CARTESIAN_POINT('',(-17.5383420052141,-17.6550590936416,-0.100004221208838));
#2011=CARTESIAN_POINT('Origin',(-17.5383420052141,-17.8417615536922,0.399995778791162));
#2012=CARTESIAN_POINT('',(-17.5383420052141,-17.8417615536922,0.399995778791162));
#2013=CARTESIAN_POINT('',(-17.5383420052141,-22.5208807768461,0.40000210136111));
#2014=CARTESIAN_POINT('',(-17.5383420052141,-17.8417615536922,-0.100004221208838));
#2015=CARTESIAN_POINT('',(-17.5383420052141,-17.8417615536922,0.399995778791162));
#2016=CARTESIAN_POINT('',(-17.5383420052141,-17.8417615536922,-0.100004221208838));
#2017=CARTESIAN_POINT('Ctrl Pts',(-17.5430431725591,-18.0042867306941,0.399995778791162));
#2018=CARTESIAN_POINT('Ctrl Pts',(-17.5430431725591,-18.0042867306941,-0.100004221208838));
#2019=CARTESIAN_POINT('Ctrl Pts',(-17.5416737627878,-17.9791079185708,0.399995778791162));
#2020=CARTESIAN_POINT('Ctrl Pts',(-17.5416737627878,-17.9791079185708,-0.100004221208838));
#2021=CARTESIAN_POINT('Ctrl Pts',(-17.5387295760502,-17.924974286497,0.399995778791162));
#2022=CARTESIAN_POINT('Ctrl Pts',(-17.5387295760502,-17.924974286497,-0.100004221208838));
#2023=CARTESIAN_POINT('Ctrl Pts',(-17.5384770666276,-17.8707596832427,0.399995778791162));
#2024=CARTESIAN_POINT('Ctrl Pts',(-17.5384770666276,-17.8707596832427,-0.100004221208838));
#2025=CARTESIAN_POINT('Ctrl Pts',(-17.5383420052141,-17.8417615536922,0.399995778791162));
#2026=CARTESIAN_POINT('Ctrl Pts',(-17.5383420052141,-17.8417615536922,-0.100004221208838));
#2027=CARTESIAN_POINT('',(-17.5430431725591,-18.0042867306941,0.399995778791162));
#2028=CARTESIAN_POINT('Ctrl Pts',(-17.5430431725591,-18.0042867306941,0.399995778791162));
#2029=CARTESIAN_POINT('Ctrl Pts',(-17.5416737627878,-17.9791079185708,0.399995778791162));
#2030=CARTESIAN_POINT('Ctrl Pts',(-17.5387295760502,-17.924974286497,0.399995778791162));
#2031=CARTESIAN_POINT('Ctrl Pts',(-17.5384770666276,-17.8707596832427,0.399995778791162));
#2032=CARTESIAN_POINT('Ctrl Pts',(-17.5383420052141,-17.8417615536922,0.399995778791162));
#2033=CARTESIAN_POINT('',(-17.5430431725591,-18.0042867306941,-0.100004221208838));
#2034=CARTESIAN_POINT('',(-17.5430431725591,-18.0042867306941,0.399995778791162));
#2035=CARTESIAN_POINT('Ctrl Pts',(-17.5430431725591,-18.0042867306941,-0.100004221208838));
#2036=CARTESIAN_POINT('Ctrl Pts',(-17.5416737627878,-17.9791079185708,-0.100004221208838));
#2037=CARTESIAN_POINT('Ctrl Pts',(-17.5387295760502,-17.924974286497,-0.100004221208838));
#2038=CARTESIAN_POINT('Ctrl Pts',(-17.5384770666276,-17.8707596832427,-0.100004221208838));
#2039=CARTESIAN_POINT('Ctrl Pts',(-17.5383420052141,-17.8417615536922,-0.100004221208838));
#2040=CARTESIAN_POINT('Ctrl Pts',(-17.5692352416128,-18.1265164856189,0.399995778791162));
#2041=CARTESIAN_POINT('Ctrl Pts',(-17.5692352416128,-18.1265164856189,-0.100004221208838));
#2042=CARTESIAN_POINT('Ctrl Pts',(-17.5627371369498,-18.1077605432853,0.399995778791162));
#2043=CARTESIAN_POINT('Ctrl Pts',(-17.5627371369498,-18.1077605432853,-0.100004221208838));
#2044=CARTESIAN_POINT('Ctrl Pts',(-17.5490008936892,-18.068112645962,0.399995778791162));
#2045=CARTESIAN_POINT('Ctrl Pts',(-17.5490008936892,-18.068112645962,-0.100004221208838));
#2046=CARTESIAN_POINT('Ctrl Pts',(-17.5450991478702,-18.026312687118,0.399995778791162));
#2047=CARTESIAN_POINT('Ctrl Pts',(-17.5450991478702,-18.026312687118,-0.100004221208838));
#2048=CARTESIAN_POINT('Ctrl Pts',(-17.5430431725591,-18.0042867306941,0.399995778791162));
#2049=CARTESIAN_POINT('Ctrl Pts',(-17.5430431725591,-18.0042867306941,-0.100004221208838));
#2050=CARTESIAN_POINT('',(-17.5692352416128,-18.1265164856189,0.399995778791162));
#2051=CARTESIAN_POINT('Ctrl Pts',(-17.5692352416128,-18.1265164856189,0.399995778791162));
#2052=CARTESIAN_POINT('Ctrl Pts',(-17.5627371369498,-18.1077605432853,0.399995778791162));
#2053=CARTESIAN_POINT('Ctrl Pts',(-17.5490008936892,-18.068112645962,0.399995778791162));
#2054=CARTESIAN_POINT('Ctrl Pts',(-17.5450991478702,-18.026312687118,0.399995778791162));
#2055=CARTESIAN_POINT('Ctrl Pts',(-17.5430431725591,-18.0042867306941,0.399995778791162));
#2056=CARTESIAN_POINT('',(-17.5692352416128,-18.1265164856189,-0.100004221208838));
#2057=CARTESIAN_POINT('',(-17.5692352416128,-18.1265164856189,0.399995778791162));
#2058=CARTESIAN_POINT('Ctrl Pts',(-17.5692352416128,-18.1265164856189,-0.100004221208838));
#2059=CARTESIAN_POINT('Ctrl Pts',(-17.5627371369498,-18.1077605432853,-0.100004221208838));
#2060=CARTESIAN_POINT('Ctrl Pts',(-17.5490008936892,-18.068112645962,-0.100004221208838));
#2061=CARTESIAN_POINT('Ctrl Pts',(-17.5450991478702,-18.026312687118,-0.100004221208838));
#2062=CARTESIAN_POINT('Ctrl Pts',(-17.5430431725591,-18.0042867306941,-0.100004221208838));
#2063=CARTESIAN_POINT('Ctrl Pts',(-17.6538558067888,-18.2326279525035,0.399995778791162));
#2064=CARTESIAN_POINT('Ctrl Pts',(-17.6538558067888,-18.2326279525035,-0.100004221208838));
#2065=CARTESIAN_POINT('Ctrl Pts',(-17.6365822796746,-18.2196728562681,0.399995778791162));
#2066=CARTESIAN_POINT('Ctrl Pts',(-17.6365822796746,-18.2196728562681,-0.100004221208838));
#2067=CARTESIAN_POINT('Ctrl Pts',(-17.599308494691,-18.1917176234817,0.399995778791162));
#2068=CARTESIAN_POINT('Ctrl Pts',(-17.599308494691,-18.1917176234817,-0.100004221208838));
#2069=CARTESIAN_POINT('Ctrl Pts',(-17.5797369067053,-18.1492849075021,0.399995778791162));
#2070=CARTESIAN_POINT('Ctrl Pts',(-17.5797369067053,-18.1492849075021,-0.100004221208838));
#2071=CARTESIAN_POINT('Ctrl Pts',(-17.5692352416128,-18.1265164856189,0.399995778791162));
#2072=CARTESIAN_POINT('Ctrl Pts',(-17.5692352416128,-18.1265164856189,-0.100004221208838));
#2073=CARTESIAN_POINT('',(-17.6538558067888,-18.2326279525035,0.399995778791162));
#2074=CARTESIAN_POINT('Ctrl Pts',(-17.6538558067888,-18.2326279525035,0.399995778791162));
#2075=CARTESIAN_POINT('Ctrl Pts',(-17.6365822796746,-18.2196728562681,0.399995778791162));
#2076=CARTESIAN_POINT('Ctrl Pts',(-17.599308494691,-18.1917176234817,0.399995778791162));
#2077=CARTESIAN_POINT('Ctrl Pts',(-17.5797369067053,-18.1492849075021,0.399995778791162));
#2078=CARTESIAN_POINT('Ctrl Pts',(-17.5692352416128,-18.1265164856189,0.399995778791162));
#2079=CARTESIAN_POINT('',(-17.6538558067888,-18.2326279525035,-0.100004221208838));
#2080=CARTESIAN_POINT('',(-17.6538558067888,-18.2326279525035,0.399995778791162));
#2081=CARTESIAN_POINT('Ctrl Pts',(-17.6538558067888,-18.2326279525035,-0.100004221208838));
#2082=CARTESIAN_POINT('Ctrl Pts',(-17.6365822796746,-18.2196728562681,-0.100004221208838));
#2083=CARTESIAN_POINT('Ctrl Pts',(-17.599308494691,-18.1917176234817,-0.100004221208838));
#2084=CARTESIAN_POINT('Ctrl Pts',(-17.5797369067053,-18.1492849075021,-0.100004221208838));
#2085=CARTESIAN_POINT('Ctrl Pts',(-17.5692352416128,-18.1265164856189,-0.100004221208838));
#2086=CARTESIAN_POINT('Ctrl Pts',(-17.782801366052,-18.2635211889022,0.399995778791162));
#2087=CARTESIAN_POINT('Ctrl Pts',(-17.782801366052,-18.2635211889022,-0.100004221208838));
#2088=CARTESIAN_POINT('Ctrl Pts',(-17.7591322948419,-18.2625164145309,0.399995778791162));
#2089=CARTESIAN_POINT('Ctrl Pts',(-17.7591322948419,-18.2625164145309,-0.100004221208838));
#2090=CARTESIAN_POINT('Ctrl Pts',(-17.7140817011505,-18.2606039743869,0.399995778791162));
#2091=CARTESIAN_POINT('Ctrl Pts',(-17.7140817011505,-18.2606039743869,-0.100004221208838));
#2092=CARTESIAN_POINT('Ctrl Pts',(-17.6732398244664,-18.241632180809,0.399995778791162));
#2093=CARTESIAN_POINT('Ctrl Pts',(-17.6732398244664,-18.241632180809,-0.100004221208838));
#2094=CARTESIAN_POINT('Ctrl Pts',(-17.6538558067888,-18.2326279525035,0.399995778791162));
#2095=CARTESIAN_POINT('Ctrl Pts',(-17.6538558067888,-18.2326279525035,-0.100004221208838));
#2096=CARTESIAN_POINT('',(-17.782801366052,-18.2635211889022,0.399995778791162));
#2097=CARTESIAN_POINT('Ctrl Pts',(-17.782801366052,-18.2635211889022,0.399995778791162));
#2098=CARTESIAN_POINT('Ctrl Pts',(-17.7591322948419,-18.2625164145309,0.399995778791162));
#2099=CARTESIAN_POINT('Ctrl Pts',(-17.7140817011505,-18.2606039743869,0.399995778791162));
#2100=CARTESIAN_POINT('Ctrl Pts',(-17.6732398244664,-18.241632180809,0.399995778791162));
#2101=CARTESIAN_POINT('Ctrl Pts',(-17.6538558067888,-18.2326279525035,0.399995778791162));
#2102=CARTESIAN_POINT('',(-17.782801366052,-18.2635211889022,-0.100004221208838));
#2103=CARTESIAN_POINT('',(-17.782801366052,-18.2635211889022,0.399995778791162));
#2104=CARTESIAN_POINT('Ctrl Pts',(-17.782801366052,-18.2635211889022,-0.100004221208838));
#2105=CARTESIAN_POINT('Ctrl Pts',(-17.7591322948419,-18.2625164145309,-0.100004221208838));
#2106=CARTESIAN_POINT('Ctrl Pts',(-17.7140817011505,-18.2606039743869,-0.100004221208838));
#2107=CARTESIAN_POINT('Ctrl Pts',(-17.6732398244664,-18.241632180809,-0.100004221208838));
#2108=CARTESIAN_POINT('Ctrl Pts',(-17.6538558067888,-18.2326279525035,-0.100004221208838));
#2109=CARTESIAN_POINT('Ctrl Pts',(-17.9177914323419,-18.2386723105186,0.399995778791162));
#2110=CARTESIAN_POINT('Ctrl Pts',(-17.9177914323419,-18.2386723105186,-0.100004221208838));
#2111=CARTESIAN_POINT('Ctrl Pts',(-17.8983466259083,-18.245899205002,0.399995778791162));
#2112=CARTESIAN_POINT('Ctrl Pts',(-17.8983466259083,-18.245899205002,-0.100004221208838));
#2113=CARTESIAN_POINT('Ctrl Pts',(-17.854894595941,-18.2620486707597,0.399995778791162));
#2114=CARTESIAN_POINT('Ctrl Pts',(-17.854894595941,-18.2620486707597,-0.100004221208838));
#2115=CARTESIAN_POINT('Ctrl Pts',(-17.80845771704,-18.2629971529787,0.399995778791162));
#2116=CARTESIAN_POINT('Ctrl Pts',(-17.80845771704,-18.2629971529787,-0.100004221208838));
#2117=CARTESIAN_POINT('Ctrl Pts',(-17.782801366052,-18.2635211889022,0.399995778791162));
#2118=CARTESIAN_POINT('Ctrl Pts',(-17.782801366052,-18.2635211889022,-0.100004221208838));
#2119=CARTESIAN_POINT('Ctrl Pts',(-17.9177914323419,-18.2386723105186,0.399995778791162));
#2120=CARTESIAN_POINT('Ctrl Pts',(-17.8983466259083,-18.245899205002,0.399995778791162));
#2121=CARTESIAN_POINT('Ctrl Pts',(-17.854894595941,-18.2620486707597,0.399995778791162));
#2122=CARTESIAN_POINT('Ctrl Pts',(-17.80845771704,-18.2629971529787,0.399995778791162));
#2123=CARTESIAN_POINT('Ctrl Pts',(-17.782801366052,-18.2635211889022,0.399995778791162));
#2124=CARTESIAN_POINT('Ctrl Pts',(-17.9177914323419,-18.2386723105186,-0.100004221208838));
#2125=CARTESIAN_POINT('Ctrl Pts',(-17.8983466259083,-18.245899205002,-0.100004221208838));
#2126=CARTESIAN_POINT('Ctrl Pts',(-17.854894595941,-18.2620486707597,-0.100004221208838));
#2127=CARTESIAN_POINT('Ctrl Pts',(-17.80845771704,-18.2629971529787,-0.100004221208838));
#2128=CARTESIAN_POINT('Ctrl Pts',(-17.782801366052,-18.2635211889022,-0.100004221208838));
#2129=CARTESIAN_POINT('Ctrl Pts',(-18.0809882046789,-18.6940115634673,0.399995778791162));
#2130=CARTESIAN_POINT('Ctrl Pts',(-18.0809882046789,-18.6940115634673,-0.100004221208838));
#2131=CARTESIAN_POINT('Ctrl Pts',(-18.126311229029,-18.6545764557991,0.399995778791162));
#2132=CARTESIAN_POINT('Ctrl Pts',(-18.126311229029,-18.6545764557991,-0.100004221208838));
#2133=CARTESIAN_POINT('Ctrl Pts',(-18.2219665951609,-18.5713476837446,0.399995778791162));
#2134=CARTESIAN_POINT('Ctrl Pts',(-18.2219665951609,-18.5713476837446,-0.100004221208838));
#2135=CARTESIAN_POINT('Ctrl Pts',(-18.281849441971,-18.4594203081566,0.399995778791162));
#2136=CARTESIAN_POINT('Ctrl Pts',(-18.281849441971,-18.4594203081566,-0.100004221208838));
#2137=CARTESIAN_POINT('Ctrl Pts',(-18.3133588494867,-18.4005258921855,0.399995778791162));
#2138=CARTESIAN_POINT('Ctrl Pts',(-18.3133588494867,-18.4005258921855,-0.100004221208838));
#2139=CARTESIAN_POINT('',(-18.0809882046789,-18.6940115634673,0.399995778791162));
#2140=CARTESIAN_POINT('',(-18.3133588494867,-18.4005258921855,0.399995778791162));
#2141=CARTESIAN_POINT('Ctrl Pts',(-18.0809882046789,-18.6940115634673,0.399995778791162));
#2142=CARTESIAN_POINT('Ctrl Pts',(-18.126311229029,-18.6545764557991,0.399995778791162));
#2143=CARTESIAN_POINT('Ctrl Pts',(-18.2219665951609,-18.5713476837446,0.399995778791162));
#2144=CARTESIAN_POINT('Ctrl Pts',(-18.281849441971,-18.4594203081566,0.399995778791162));
#2145=CARTESIAN_POINT('Ctrl Pts',(-18.3133588494867,-18.4005258921855,0.399995778791162));
#2146=CARTESIAN_POINT('',(-18.0809882046789,-18.6940115634673,-0.100004221208838));
#2147=CARTESIAN_POINT('',(-18.0809882046789,-18.6940115634673,0.399995778791162));
#2148=CARTESIAN_POINT('',(-18.3133588494867,-18.4005258921855,-0.100004221208838));
#2149=CARTESIAN_POINT('Ctrl Pts',(-18.0809882046789,-18.6940115634673,-0.100004221208838));
#2150=CARTESIAN_POINT('Ctrl Pts',(-18.126311229029,-18.6545764557991,-0.100004221208838));
#2151=CARTESIAN_POINT('Ctrl Pts',(-18.2219665951609,-18.5713476837446,-0.100004221208838));
#2152=CARTESIAN_POINT('Ctrl Pts',(-18.281849441971,-18.4594203081566,-0.100004221208838));
#2153=CARTESIAN_POINT('Ctrl Pts',(-18.3133588494867,-18.4005258921855,-0.100004221208838));
#2154=CARTESIAN_POINT('',(-18.3133588494867,-18.4005258921855,0.399995778791162));
#2155=CARTESIAN_POINT('Ctrl Pts',(-17.7196718515962,-18.7967650536769,0.399995778791162));
#2156=CARTESIAN_POINT('Ctrl Pts',(-17.7196718515962,-18.7967650536769,-0.100004221208838));
#2157=CARTESIAN_POINT('Ctrl Pts',(-17.7883546496897,-18.7937288543706,0.399995778791162));
#2158=CARTESIAN_POINT('Ctrl Pts',(-17.7883546496897,-18.7937288543706,-0.100004221208838));
#2159=CARTESIAN_POINT('Ctrl Pts',(-17.9172436879709,-18.7880311714065,0.399995778791162));
#2160=CARTESIAN_POINT('Ctrl Pts',(-17.9172436879709,-18.7880311714065,-0.100004221208838));
#2161=CARTESIAN_POINT('Ctrl Pts',(-18.0288534196003,-18.7239465631341,0.399995778791162));
#2162=CARTESIAN_POINT('Ctrl Pts',(-18.0288534196003,-18.7239465631341,-0.100004221208838));
#2163=CARTESIAN_POINT('Ctrl Pts',(-18.0809882046789,-18.6940115634673,0.399995778791162));
#2164=CARTESIAN_POINT('Ctrl Pts',(-18.0809882046789,-18.6940115634673,-0.100004221208838));
#2165=CARTESIAN_POINT('',(-17.7196718515962,-18.7967650536769,0.399995778791162));
#2166=CARTESIAN_POINT('Ctrl Pts',(-17.7196718515962,-18.7967650536769,0.399995778791162));
#2167=CARTESIAN_POINT('Ctrl Pts',(-17.7883546496897,-18.7937288543706,0.399995778791162));
#2168=CARTESIAN_POINT('Ctrl Pts',(-17.9172436879709,-18.7880311714065,0.399995778791162));
#2169=CARTESIAN_POINT('Ctrl Pts',(-18.0288534196003,-18.7239465631341,0.399995778791162));
#2170=CARTESIAN_POINT('Ctrl Pts',(-18.0809882046789,-18.6940115634673,0.399995778791162));
#2171=CARTESIAN_POINT('',(-17.7196718515962,-18.7967650536769,-0.100004221208838));
#2172=CARTESIAN_POINT('',(-17.7196718515962,-18.7967650536769,0.399995778791162));
#2173=CARTESIAN_POINT('Ctrl Pts',(-17.7196718515962,-18.7967650536769,-0.100004221208838));
#2174=CARTESIAN_POINT('Ctrl Pts',(-17.7883546496897,-18.7937288543706,-0.100004221208838));
#2175=CARTESIAN_POINT('Ctrl Pts',(-17.9172436879709,-18.7880311714065,-0.100004221208838));
#2176=CARTESIAN_POINT('Ctrl Pts',(-18.0288534196003,-18.7239465631341,-0.100004221208838));
#2177=CARTESIAN_POINT('Ctrl Pts',(-18.0809882046789,-18.6940115634673,-0.100004221208838));
#2178=CARTESIAN_POINT('Ctrl Pts',(-17.451706654033,-18.7302774135345,0.399995778791162));
#2179=CARTESIAN_POINT('Ctrl Pts',(-17.451706654033,-18.7302774135345,-0.100004221208838));
#2180=CARTESIAN_POINT('Ctrl Pts',(-17.4911254477983,-18.7496475026685,0.399995778791162));
#2181=CARTESIAN_POINT('Ctrl Pts',(-17.4911254477983,-18.7496475026685,-0.100004221208838));
#2182=CARTESIAN_POINT('Ctrl Pts',(-17.5754728767653,-18.7910951742295,0.399995778791162));
#2183=CARTESIAN_POINT('Ctrl Pts',(-17.5754728767653,-18.7910951742295,-0.100004221208838));
#2184=CARTESIAN_POINT('Ctrl Pts',(-17.6695569043452,-18.7947945423764,0.399995778791162));
#2185=CARTESIAN_POINT('Ctrl Pts',(-17.6695569043452,-18.7947945423764,-0.100004221208838));
#2186=CARTESIAN_POINT('Ctrl Pts',(-17.7196718515962,-18.7967650536769,0.399995778791162));
#2187=CARTESIAN_POINT('Ctrl Pts',(-17.7196718515962,-18.7967650536769,-0.100004221208838));
#2188=CARTESIAN_POINT('',(-17.451706654033,-18.7302774135345,0.399995778791162));
#2189=CARTESIAN_POINT('Ctrl Pts',(-17.451706654033,-18.7302774135345,0.399995778791162));
#2190=CARTESIAN_POINT('Ctrl Pts',(-17.4911254477983,-18.7496475026685,0.399995778791162));
#2191=CARTESIAN_POINT('Ctrl Pts',(-17.5754728767653,-18.7910951742295,0.399995778791162));
#2192=CARTESIAN_POINT('Ctrl Pts',(-17.6695569043452,-18.7947945423764,0.399995778791162));
#2193=CARTESIAN_POINT('Ctrl Pts',(-17.7196718515962,-18.7967650536769,0.399995778791162));
#2194=CARTESIAN_POINT('',(-17.451706654033,-18.7302774135345,-0.100004221208838));
#2195=CARTESIAN_POINT('',(-17.451706654033,-18.7302774135345,0.399995778791162));
#2196=CARTESIAN_POINT('Ctrl Pts',(-17.451706654033,-18.7302774135345,-0.100004221208838));
#2197=CARTESIAN_POINT('Ctrl Pts',(-17.4911254477983,-18.7496475026685,-0.100004221208838));
#2198=CARTESIAN_POINT('Ctrl Pts',(-17.5754728767653,-18.7910951742295,-0.100004221208838));
#2199=CARTESIAN_POINT('Ctrl Pts',(-17.6695569043452,-18.7947945423764,-0.100004221208838));
#2200=CARTESIAN_POINT('Ctrl Pts',(-17.7196718515962,-18.7967650536769,-0.100004221208838));
#2201=CARTESIAN_POINT('Ctrl Pts',(-17.2777645053476,-18.550962502169,0.399995778791162));
#2202=CARTESIAN_POINT('Ctrl Pts',(-17.2777645053476,-18.550962502169,-0.100004221208838));
#2203=CARTESIAN_POINT('Ctrl Pts',(-17.3015986624227,-18.5865135020819,0.399995778791162));
#2204=CARTESIAN_POINT('Ctrl Pts',(-17.3015986624227,-18.5865135020819,-0.100004221208838));
#2205=CARTESIAN_POINT('Ctrl Pts',(-17.3487395605389,-18.6568288087881,0.399995778791162));
#2206=CARTESIAN_POINT('Ctrl Pts',(-17.3487395605389,-18.6568288087881,-0.100004221208838));
#2207=CARTESIAN_POINT('Ctrl Pts',(-17.4176412486834,-18.7059778396789,0.399995778791162));
#2208=CARTESIAN_POINT('Ctrl Pts',(-17.4176412486834,-18.7059778396789,-0.100004221208838));
#2209=CARTESIAN_POINT('Ctrl Pts',(-17.451706654033,-18.7302774135345,0.399995778791162));
#2210=CARTESIAN_POINT('Ctrl Pts',(-17.451706654033,-18.7302774135345,-0.100004221208838));
#2211=CARTESIAN_POINT('',(-17.2777645053476,-18.550962502169,0.399995778791162));
#2212=CARTESIAN_POINT('Ctrl Pts',(-17.2777645053476,-18.550962502169,0.399995778791162));
#2213=CARTESIAN_POINT('Ctrl Pts',(-17.3015986624227,-18.5865135020819,0.399995778791162));
#2214=CARTESIAN_POINT('Ctrl Pts',(-17.3487395605389,-18.6568288087881,0.399995778791162));
#2215=CARTESIAN_POINT('Ctrl Pts',(-17.4176412486834,-18.7059778396789,0.399995778791162));
#2216=CARTESIAN_POINT('Ctrl Pts',(-17.451706654033,-18.7302774135345,0.399995778791162));
#2217=CARTESIAN_POINT('',(-17.2777645053476,-18.550962502169,-0.100004221208838));
#2218=CARTESIAN_POINT('',(-17.2777645053476,-18.550962502169,0.399995778791162));
#2219=CARTESIAN_POINT('Ctrl Pts',(-17.2777645053476,-18.550962502169,-0.100004221208838));
#2220=CARTESIAN_POINT('Ctrl Pts',(-17.3015986624227,-18.5865135020819,-0.100004221208838));
#2221=CARTESIAN_POINT('Ctrl Pts',(-17.3487395605389,-18.6568288087881,-0.100004221208838));
#2222=CARTESIAN_POINT('Ctrl Pts',(-17.4176412486834,-18.7059778396789,-0.100004221208838));
#2223=CARTESIAN_POINT('Ctrl Pts',(-17.451706654033,-18.7302774135345,-0.100004221208838));
#2224=CARTESIAN_POINT('Ctrl Pts',(-17.1904575588316,-18.3118757549995,0.399995778791162));
#2225=CARTESIAN_POINT('Ctrl Pts',(-17.1904575588316,-18.3118757549995,-0.100004221208838));
#2226=CARTESIAN_POINT('Ctrl Pts',(-17.1991536491475,-18.3537738136384,0.399995778791162));
#2227=CARTESIAN_POINT('Ctrl Pts',(-17.1991536491475,-18.3537738136384,-0.100004221208838));
#2228=CARTESIAN_POINT('Ctrl Pts',(-17.2165792379011,-18.4377308923819,0.399995778791162));
#2229=CARTESIAN_POINT('Ctrl Pts',(-17.2165792379011,-18.4377308923819,-0.100004221208838));
#2230=CARTESIAN_POINT('Ctrl Pts',(-17.257343365373,-18.5131704216647,0.399995778791162));
#2231=CARTESIAN_POINT('Ctrl Pts',(-17.257343365373,-18.5131704216647,-0.100004221208838));
#2232=CARTESIAN_POINT('Ctrl Pts',(-17.2777645053476,-18.550962502169,0.399995778791162));
#2233=CARTESIAN_POINT('Ctrl Pts',(-17.2777645053476,-18.550962502169,-0.100004221208838));
#2234=CARTESIAN_POINT('',(-17.1904575588316,-18.3118757549995,0.399995778791162));
#2235=CARTESIAN_POINT('Ctrl Pts',(-17.1904575588316,-18.3118757549995,0.399995778791162));
#2236=CARTESIAN_POINT('Ctrl Pts',(-17.1991536491475,-18.3537738136384,0.399995778791162));
#2237=CARTESIAN_POINT('Ctrl Pts',(-17.2165792379011,-18.4377308923819,0.399995778791162));
#2238=CARTESIAN_POINT('Ctrl Pts',(-17.257343365373,-18.5131704216647,0.399995778791162));
#2239=CARTESIAN_POINT('Ctrl Pts',(-17.2777645053476,-18.550962502169,0.399995778791162));
#2240=CARTESIAN_POINT('',(-17.1904575588316,-18.3118757549995,-0.100004221208838));
#2241=CARTESIAN_POINT('',(-17.1904575588316,-18.3118757549995,0.399995778791162));
#2242=CARTESIAN_POINT('Ctrl Pts',(-17.1904575588316,-18.3118757549995,-0.100004221208838));
#2243=CARTESIAN_POINT('Ctrl Pts',(-17.1991536491475,-18.3537738136384,-0.100004221208838));
#2244=CARTESIAN_POINT('Ctrl Pts',(-17.2165792379011,-18.4377308923819,-0.100004221208838));
#2245=CARTESIAN_POINT('Ctrl Pts',(-17.257343365373,-18.5131704216647,-0.100004221208838));
#2246=CARTESIAN_POINT('Ctrl Pts',(-17.2777645053476,-18.550962502169,-0.100004221208838));
#2247=CARTESIAN_POINT('Ctrl Pts',(-17.170309847793,-18.0069731120342,0.399995778791162));
#2248=CARTESIAN_POINT('Ctrl Pts',(-17.170309847793,-18.0069731120342,-0.100004221208838));
#2249=CARTESIAN_POINT('Ctrl Pts',(-17.1708505275425,-18.0620104118808,0.399995778791162));
#2250=CARTESIAN_POINT('Ctrl Pts',(-17.1708505275425,-18.0620104118808,-0.100004221208838));
#2251=CARTESIAN_POINT('Ctrl Pts',(-17.1718528498844,-18.1640395988725,0.399995778791162));
#2252=CARTESIAN_POINT('Ctrl Pts',(-17.1718528498844,-18.1640395988725,-0.100004221208838));
#2253=CARTESIAN_POINT('Ctrl Pts',(-17.1845908021444,-18.2652575165729,0.399995778791162));
#2254=CARTESIAN_POINT('Ctrl Pts',(-17.1845908021444,-18.2652575165729,-0.100004221208838));
#2255=CARTESIAN_POINT('Ctrl Pts',(-17.1904575588316,-18.3118757549995,0.399995778791162));
#2256=CARTESIAN_POINT('Ctrl Pts',(-17.1904575588316,-18.3118757549995,-0.100004221208838));
#2257=CARTESIAN_POINT('',(-17.170309847793,-18.0069731120342,0.399995778791162));
#2258=CARTESIAN_POINT('Ctrl Pts',(-17.170309847793,-18.0069731120342,0.399995778791162));
#2259=CARTESIAN_POINT('Ctrl Pts',(-17.1708505275425,-18.0620104118808,0.399995778791162));
#2260=CARTESIAN_POINT('Ctrl Pts',(-17.1718528498844,-18.1640395988725,0.399995778791162));
#2261=CARTESIAN_POINT('Ctrl Pts',(-17.1845908021444,-18.2652575165729,0.399995778791162));
#2262=CARTESIAN_POINT('Ctrl Pts',(-17.1904575588316,-18.3118757549995,0.399995778791162));
#2263=CARTESIAN_POINT('',(-17.170309847793,-18.0069731120342,-0.100004221208838));
#2264=CARTESIAN_POINT('',(-17.170309847793,-18.0069731120342,0.399995778791162));
#2265=CARTESIAN_POINT('Ctrl Pts',(-17.170309847793,-18.0069731120342,-0.100004221208838));
#2266=CARTESIAN_POINT('Ctrl Pts',(-17.1708505275425,-18.0620104118808,-0.100004221208838));
#2267=CARTESIAN_POINT('Ctrl Pts',(-17.1718528498844,-18.1640395988725,-0.100004221208838));
#2268=CARTESIAN_POINT('Ctrl Pts',(-17.1845908021444,-18.2652575165729,-0.100004221208838));
#2269=CARTESIAN_POINT('Ctrl Pts',(-17.1904575588316,-18.3118757549995,-0.100004221208838));
#2270=CARTESIAN_POINT('Origin',(-17.170309847793,-17.1419630516642,0.399995778791162));
#2271=CARTESIAN_POINT('',(-17.170309847793,-17.1419630516642,0.399995778791162));
#2272=CARTESIAN_POINT('',(-17.170309847793,-22.1709815258321,0.400002033293731));
#2273=CARTESIAN_POINT('',(-17.170309847793,-17.1419630516642,-0.100004221208838));
#2274=CARTESIAN_POINT('',(-17.170309847793,-17.1419630516642,0.399995778791162));
#2275=CARTESIAN_POINT('',(-17.170309847793,-17.1419630516642,-0.100004221208838));
#2276=CARTESIAN_POINT('Origin',(-19.1703098775953,-17.1419630516642,0.399995778791162));
#2277=CARTESIAN_POINT('',(-19.1703098775953,-17.1419630516642,0.399995778791162));
#2278=CARTESIAN_POINT('',(-19.4726636295833,-17.1419630516642,0.400002459113008));
#2279=CARTESIAN_POINT('',(-19.1703098775953,-17.1419630516642,-0.100004221208838));
#2280=CARTESIAN_POINT('',(-19.1703098775953,-17.1419630516642,0.399995778791162));
#2281=CARTESIAN_POINT('',(-19.1703098775953,-17.1419630516642,-0.100004221208838));
#2282=CARTESIAN_POINT('Origin',(-19.1703098775953,-17.6550590936416,0.399995778791162));
#2283=CARTESIAN_POINT('',(-19.1703098775953,-17.6550590936416,0.399995778791162));
#2284=CARTESIAN_POINT('',(-19.1703098775953,-22.4275295468208,0.40000240319282));
#2285=CARTESIAN_POINT('',(-19.1703098775953,-17.6550590936416,-0.100004221208838));
#2286=CARTESIAN_POINT('',(-19.1703098775953,-17.6550590936416,0.399995778791162));
#2287=CARTESIAN_POINT('',(-19.1703098775953,-17.6550590936416,-0.100004221208838));
#2288=CARTESIAN_POINT('Origin',(-18.4369316460699,-17.6550590936416,0.399995778791162));
#2289=CARTESIAN_POINT('',(-18.4369316460699,-17.6550590936416,0.399995778791162));
#2290=CARTESIAN_POINT('',(-19.1059745138207,-17.6550590936416,0.400002391294024));
#2291=CARTESIAN_POINT('',(-18.4369316460699,-17.6550590936416,-0.100004221208838));
#2292=CARTESIAN_POINT('',(-18.4369316460699,-17.6550590936416,0.399995778791162));
#2293=CARTESIAN_POINT('',(-18.4369316460699,-17.6550590936416,-0.100004221208838));
#2294=CARTESIAN_POINT('Origin',(-18.4369316460699,-17.8939989153617,0.399995778791162));
#2295=CARTESIAN_POINT('',(-18.4369316460699,-17.8939989153617,0.399995778791162));
#2296=CARTESIAN_POINT('',(-18.4369316460699,-22.5469994576809,0.400002267554852));
#2297=CARTESIAN_POINT('',(-18.4369316460699,-17.8939989153617,-0.100004221208838));
#2298=CARTESIAN_POINT('',(-18.4369316460699,-17.8939989153617,0.399995778791162));
#2299=CARTESIAN_POINT('',(-18.4369316460699,-17.8939989153617,-0.100004221208838));
#2300=CARTESIAN_POINT('Origin',(-19.1703098775953,-18.438114071297,0.399995778791162));
#2301=CARTESIAN_POINT('',(-19.1703098775953,-18.438114071297,0.399995778791162));
#2302=CARTESIAN_POINT('',(-21.4616984148837,-20.1381634832924,0.40000282698408));
#2303=CARTESIAN_POINT('',(-19.1703098775953,-18.438114071297,-0.100004221208838));
#2304=CARTESIAN_POINT('',(-19.1703098775953,-18.438114071297,0.399995778791162));
#2305=CARTESIAN_POINT('',(-19.1703098775953,-18.438114071297,-0.100004221208838));
#2306=CARTESIAN_POINT('Origin',(-19.1703098775953,-19.0680880789035,0.399995778791162));
#2307=CARTESIAN_POINT('',(-19.1703098775953,-19.0680880789035,0.399995778791162));
#2308=CARTESIAN_POINT('',(-19.1703098775953,-23.1340440394518,0.40000240319282));
#2309=CARTESIAN_POINT('',(-19.1703098775953,-19.0680880789035,-0.100004221208838));
#2310=CARTESIAN_POINT('',(-19.1703098775953,-19.0680880789035,0.399995778791162));
#2311=CARTESIAN_POINT('',(-19.1703098775953,-19.0680880789035,-0.100004221208838));
#2312=CARTESIAN_POINT('Origin',(-18.3133588494867,-18.4005258921855,0.399995778791162));
#2313=CARTESIAN_POINT('',(-20.901183834801,-20.4164335104455,0.400002723317165));
#2314=CARTESIAN_POINT('',(-18.3133588494867,-18.4005258921855,-0.100004221208838));
#2315=CARTESIAN_POINT('Origin',(-18.1703098626941,-18.1050255652839,-0.100004221208838));
#2316=CARTESIAN_POINT('Origin',(-19.7750173815726,-27.2,0.400002515033196));
#2317=CARTESIAN_POINT('',(-18.5494529793145,-27.2,0.400002288365621));
#2318=CARTESIAN_POINT('',(-19.7750173815726,-26.9973517533164,0.400002515033195));
#2319=CARTESIAN_POINT('Ctrl Pts',(-18.5494529793145,-27.2,0.400002288365621));
#2320=CARTESIAN_POINT('Ctrl Pts',(-18.9393135854399,-27.2,0.400002360470161));
#2321=CARTESIAN_POINT('Ctrl Pts',(-19.3913783016647,-27.1293011518797,0.400002444079324));
#2322=CARTESIAN_POINT('Ctrl Pts',(-19.7750173815726,-26.9973517533164,0.400002515033196));
#2323=CARTESIAN_POINT('',(-7.55603578938942,-27.2,0.40000025513815));
#2324=CARTESIAN_POINT('',(-6.15603578938942,-27.2,0.399999996208791));
#2325=CARTESIAN_POINT('',(-6.15603578938942,-25.8,0.399999996208791));
#2326=CARTESIAN_POINT('Origin',(-7.55603578938942,-25.8,0.40000025513815));
#2327=CARTESIAN_POINT('',(-6.15603578938942,-21.7,0.399999996208791));
#2328=CARTESIAN_POINT('',(-6.15603578938942,-27.2,0.399999996208791));
#2329=CARTESIAN_POINT('Origin',(-7.95603578938943,-21.7,0.400000329117966));
#2330=CARTESIAN_POINT('',(-6.15603578938943,-17.6,0.399999996208791));
#2331=CARTESIAN_POINT('',(-6.15603578938942,-27.2,0.399999996208791));
#2332=CARTESIAN_POINT('',(-7.55603578938943,-16.2,0.40000025513815));
#2333=CARTESIAN_POINT('Origin',(-7.55603578938943,-17.6,0.40000025513815));
#2334=CARTESIAN_POINT('',(-18.5494529793145,-16.2,0.400002288365621));
#2335=CARTESIAN_POINT('',(-6.15603578938943,-16.2,0.399999996208791));
#2336=CARTESIAN_POINT('',(-19.7750173815726,-16.4026482466836,0.400002515033195));
#2337=CARTESIAN_POINT('Ctrl Pts',(-19.7750173815726,-16.4026482466836,0.400002515033196));
#2338=CARTESIAN_POINT('Ctrl Pts',(-19.3913783016647,-16.2706988481203,0.400002444079324));
#2339=CARTESIAN_POINT('Ctrl Pts',(-18.9393135854399,-16.2,0.400002360470161));
#2340=CARTESIAN_POINT('Ctrl Pts',(-18.5494529793145,-16.2,0.400002288365621));
#2341=CARTESIAN_POINT('',(-19.9867366013292,-16.4829354626464,0.400002554190568));
#2342=CARTESIAN_POINT('Ctrl Pts',(-19.7750173815726,-16.4026482466836,0.400002515033196));
#2343=CARTESIAN_POINT('Ctrl Pts',(-19.8325787823745,-16.4224460009116,0.40000252567915));
#2344=CARTESIAN_POINT('Ctrl Pts',(-19.8886909452307,-16.4433640522478,0.400002536057069));
#2345=CARTESIAN_POINT('Ctrl Pts',(-19.9575231029709,-16.4709108943988,0.400002548787545));
#2346=CARTESIAN_POINT('Ctrl Pts',(-19.9721059797138,-16.4768566098377,0.400002551484642));
#2347=CARTESIAN_POINT('Ctrl Pts',(-19.9867366013292,-16.4829354626464,0.400002554190568));
#2348=CARTESIAN_POINT('',(-19.7750173813495,-16.9674085962098,0.400002514498712));
#2349=CARTESIAN_POINT('Ctrl Pts',(-19.9868638823006,-16.4831578655499,0.399947618822982));
#2350=CARTESIAN_POINT('Ctrl Pts',(-19.9629925674533,-16.5060150809159,0.399946246309809));
#2351=CARTESIAN_POINT('Ctrl Pts',(-19.9406677441192,-16.5304885197332,0.399954863375694));
#2352=CARTESIAN_POINT('Ctrl Pts',(-19.9201296358089,-16.5564585251697,0.399965536374079));
#2353=CARTESIAN_POINT('Ctrl Pts',(-19.9121268061064,-16.5665779347931,0.399969695188864));
#2354=CARTESIAN_POINT('Ctrl Pts',(-19.904395740443,-16.5769246756254,0.399973949605574));
#2355=CARTESIAN_POINT('Ctrl Pts',(-19.8969526424759,-16.5874919187443,0.399976940631062));
#2356=CARTESIAN_POINT('Ctrl Pts',(-19.8886136959784,-16.5993310313538,0.399980291655277));
#2357=CARTESIAN_POINT('Ctrl Pts',(-19.8806612737128,-16.6114114274196,0.39998227386105));
#2358=CARTESIAN_POINT('Ctrl Pts',(-19.8731129249017,-16.623719972309,0.399981294915966));
#2359=CARTESIAN_POINT('Ctrl Pts',(-19.8553950111764,-16.6526112890579,0.399978997080376));
#2360=CARTESIAN_POINT('Ctrl Pts',(-19.8399002941037,-16.6827592592706,0.399961775719106));
#2361=CARTESIAN_POINT('Ctrl Pts',(-19.8267518700786,-16.7139472810646,0.399951813876755));
#2362=CARTESIAN_POINT('Ctrl Pts',(-19.8191206029153,-16.7320486235638,0.399946032082658));
#2363=CARTESIAN_POINT('Ctrl Pts',(-19.8122805337658,-16.7505004959902,0.399942320060697));
#2364=CARTESIAN_POINT('Ctrl Pts',(-19.8062631512826,-16.7692605034192,0.39994170728217));
#2365=CARTESIAN_POINT('Ctrl Pts',(-19.795935954538,-16.8014569423511,0.399940655614866));
#2366=CARTESIAN_POINT('Ctrl Pts',(-19.7881119936063,-16.8343044248546,0.39995095211314));
#2367=CARTESIAN_POINT('Ctrl Pts',(-19.7828703150357,-16.8675618678663,0.399966491526965));
#2368=CARTESIAN_POINT('Ctrl Pts',(-19.7776761150969,-16.9005180680857,0.399981890186241));
#2369=CARTESIAN_POINT('Ctrl Pts',(-19.7750173809532,-16.9338779414825,0.400002514981906));
#2370=CARTESIAN_POINT('Ctrl Pts',(-19.7750173813585,-16.9674085959904,0.400002514520172));
#2371=CARTESIAN_POINT('',(-19.7750173813495,-26.4325914037902,0.400002514498711));
#2372=CARTESIAN_POINT('',(-19.7750173815726,-27.2,0.400002515033196));
#2373=CARTESIAN_POINT('',(-19.9867366013292,-26.9170645373536,0.400002554190568));
#2374=CARTESIAN_POINT('Ctrl Pts',(-19.7750173813636,-26.4325914041378,0.400002514532471));
#2375=CARTESIAN_POINT('Ctrl Pts',(-19.7750173777546,-26.4654412580952,0.400002516989375));
#2376=CARTESIAN_POINT('Ctrl Pts',(-19.7776342506637,-26.4980824750608,0.399955097047087));
#2377=CARTESIAN_POINT('Ctrl Pts',(-19.7826964151871,-26.5303073695652,0.399902335339511));
#2378=CARTESIAN_POINT('Ctrl Pts',(-19.7879518231263,-26.5637624194028,0.399847559502891));
#2379=CARTESIAN_POINT('Ctrl Pts',(-19.7958429576154,-26.5967698193536,0.399786978477185));
#2380=CARTESIAN_POINT('Ctrl Pts',(-19.8062292308253,-26.6290992758535,0.399745599115764));
#2381=CARTESIAN_POINT('Ctrl Pts',(-19.8115669801914,-26.6457141416915,0.399724333291562));
#2382=CARTESIAN_POINT('Ctrl Pts',(-19.8175645393831,-26.6621498829627,0.399707792438734));
#2383=CARTESIAN_POINT('Ctrl Pts',(-19.8242075595861,-26.6783739857001,0.399697298583502));
#2384=CARTESIAN_POINT('Ctrl Pts',(-19.8369164886575,-26.7094127248034,0.39967722252506));
#2385=CARTESIAN_POINT('Ctrl Pts',(-19.8518645133221,-26.7393852231118,0.399678330720946));
#2386=CARTESIAN_POINT('Ctrl Pts',(-19.8688575888463,-26.7681059978526,0.399701757895963));
#2387=CARTESIAN_POINT('Ctrl Pts',(-19.8864169214846,-26.7977838296601,0.399725965730401));
#2388=CARTESIAN_POINT('Ctrl Pts',(-19.9061601457768,-26.8261262525311,0.399773912974044));
#2389=CARTESIAN_POINT('Ctrl Pts',(-19.9279235528675,-26.8529251465162,0.399824213498127));
#2390=CARTESIAN_POINT('Ctrl Pts',(-19.9401319701813,-26.8679582743695,0.399852430118188));
#2391=CARTESIAN_POINT('Ctrl Pts',(-19.9529769639667,-26.882505530022,0.399880992984181));
#2392=CARTESIAN_POINT('Ctrl Pts',(-19.9664357198558,-26.8965276529346,0.399903333879563));
#2393=CARTESIAN_POINT('Ctrl Pts',(-19.9731216790675,-26.9034934782032,0.39991443225422));
#2394=CARTESIAN_POINT('Ctrl Pts',(-19.9799463181922,-26.910316063286,0.39992442026726));
#2395=CARTESIAN_POINT('Ctrl Pts',(-19.9869050999371,-26.9169918021062,0.399931802390585));
#2396=CARTESIAN_POINT('Ctrl Pts',(-19.9867366013292,-26.9170645373536,0.400002554190568));
#2397=CARTESIAN_POINT('Ctrl Pts',(-19.9721059797138,-26.9231433901623,0.400002551484642));
#2398=CARTESIAN_POINT('Ctrl Pts',(-19.9575231029709,-26.9290891056012,0.400002548787545));
#2399=CARTESIAN_POINT('Ctrl Pts',(-19.8886909452307,-26.9566359477522,0.400002536057069));
#2400=CARTESIAN_POINT('Ctrl Pts',(-19.8325787823745,-26.9775539990884,0.40000252567915));
#2401=CARTESIAN_POINT('Ctrl Pts',(-19.7750173815726,-26.9973517533164,0.400002515033196));
#2402=CARTESIAN_POINT('Ctrl Pts',(-21.2872963212548,-27.0573336385665,1.68382874398499));
#2403=CARTESIAN_POINT('Ctrl Pts',(-21.0383596505232,-27.0930300888077,1.14779365696912));
#2404=CARTESIAN_POINT('Ctrl Pts',(-20.7989088043066,-27.1088468756596,0.612084433158364));
#2405=CARTESIAN_POINT('Ctrl Pts',(-20.5687986548794,-27.1144491889478,0.073566154516395));
#2406=CARTESIAN_POINT('Ctrl Pts',(-21.1782339657342,-27.0929308114097,1.73123462902785));
#2407=CARTESIAN_POINT('Ctrl Pts',(-20.9298415453936,-27.1238721778251,1.19398081913893));
#2408=CARTESIAN_POINT('Ctrl Pts',(-20.6910470164596,-27.1369075734498,0.657647918986939));
#2409=CARTESIAN_POINT('Ctrl Pts',(-20.4610758322178,-27.1415634855335,0.118760474792485));
#2410=CARTESIAN_POINT('Ctrl Pts',(-20.9416672086147,-27.0991393438139,1.83031953517693));
#2411=CARTESIAN_POINT('Ctrl Pts',(-20.6976214212202,-27.1223540015333,1.29071546298916));
#2412=CARTESIAN_POINT('Ctrl Pts',(-20.4618413713721,-27.1310088647924,0.75320160045343));
#2413=CARTESIAN_POINT('Ctrl Pts',(-20.232905363831,-27.1341751797083,0.213951892963541));
#2414=CARTESIAN_POINT('Ctrl Pts',(-20.5734444593272,-26.8813135263072,1.97255587598177));
#2415=CARTESIAN_POINT('Ctrl Pts',(-20.3421894124494,-26.9008733250802,1.43192898526666));
#2416=CARTESIAN_POINT('Ctrl Pts',(-20.1143462870627,-26.9078231492127,0.893935257950239));
#2417=CARTESIAN_POINT('Ctrl Pts',(-19.8886038152514,-26.910398442439,0.355834859731253));
#2418=CARTESIAN_POINT('Ctrl Pts',(-20.4467977015322,-26.5735762116592,2.00920375731294));
#2419=CARTESIAN_POINT('Ctrl Pts',(-20.2227430378653,-26.5983703385124,1.47220507284265));
#2420=CARTESIAN_POINT('Ctrl Pts',(-19.9988999413607,-26.6087751236877,0.936351675458725));
#2421=CARTESIAN_POINT('Ctrl Pts',(-19.7752973859731,-26.6124780500489,0.400673245353444));
#2422=CARTESIAN_POINT('Ctrl Pts',(-20.4433123510197,-26.3875962000827,2.00085485186289));
#2423=CARTESIAN_POINT('Ctrl Pts',(-20.2205876135815,-26.4157206760303,1.46733382791644));
#2424=CARTESIAN_POINT('Ctrl Pts',(-19.9976766608695,-26.4281823868833,0.933366738729393));
#2425=CARTESIAN_POINT('Ctrl Pts',(-19.7747687550496,-26.4325963306861,0.399406948152365));
#2426=CARTESIAN_POINT('',(-20.1092302846005,-26.9105366089558,0.700003078341394));
#2427=CARTESIAN_POINT('Ctrl Pts',(-20.1092302846005,-26.9105366089558,0.700003078341397));
#2428=CARTESIAN_POINT('Ctrl Pts',(-20.0671199906492,-26.913343459346,0.596344389745726));
#2429=CARTESIAN_POINT('Ctrl Pts',(-20.0262026939584,-26.9154770384464,0.496163422489439));
#2430=CARTESIAN_POINT('Ctrl Pts',(-19.9867366013292,-26.9170645373536,0.400002554190572));
#2431=CARTESIAN_POINT('',(-20.4091897745018,-26.391777194835,1.91911668405593));
#2432=CARTESIAN_POINT('Ctrl Pts',(-19.7750173813636,-26.4325914041378,0.40000251453247));
#2433=CARTESIAN_POINT('Ctrl Pts',(-19.9864597246208,-26.428398820018,0.906497378002977));
#2434=CARTESIAN_POINT('Ctrl Pts',(-20.1979047460758,-26.4169625246767,1.41299865690277));
#2435=CARTESIAN_POINT('Ctrl Pts',(-20.4091909119817,-26.3917831781098,1.91911940880672));
#2436=CARTESIAN_POINT('',(-21.2872963212548,-27.0573336385665,1.68382874398499));
#2437=CARTESIAN_POINT('Ctrl Pts',(-20.4091909119817,-26.3917831781098,1.91911940880673));
#2438=CARTESIAN_POINT('Ctrl Pts',(-20.4091933752298,-26.4252159315799,1.91911813897622));
#2439=CARTESIAN_POINT('Ctrl Pts',(-20.4116469011546,-26.4584821452692,1.91843988170347));
#2440=CARTESIAN_POINT('Ctrl Pts',(-20.4164003922326,-26.4913618378227,1.91714252264789));
#2441=CARTESIAN_POINT('Ctrl Pts',(-20.4212732900977,-26.5250674619672,1.91581257418086));
#2442=CARTESIAN_POINT('Ctrl Pts',(-20.4285634660958,-26.5583680455466,1.91383196606173));
#2443=CARTESIAN_POINT('Ctrl Pts',(-20.4381580298955,-26.591021461461,1.91124190551212));
#2444=CARTESIAN_POINT('Ctrl Pts',(-20.4445307658985,-26.6127099512728,1.90952158008004));
#2445=CARTESIAN_POINT('Ctrl Pts',(-20.4519211399462,-26.634112804392,1.9075319507191));
#2446=CARTESIAN_POINT('Ctrl Pts',(-20.4603067039785,-26.6551539866605,1.90528035069474));
#2447=CARTESIAN_POINT('Ctrl Pts',(-20.4729222574798,-26.6868091215581,1.90189296011957));
#2448=CARTESIAN_POINT('Ctrl Pts',(-20.487692505025,-26.7174068829262,1.89793891378859));
#2449=CARTESIAN_POINT('Ctrl Pts',(-20.5044788875966,-26.7467156049065,1.89345395211313));
#2450=CARTESIAN_POINT('Ctrl Pts',(-20.5211151265078,-26.7757621787568,1.88900910560601));
#2451=CARTESIAN_POINT('Ctrl Pts',(-20.5397321798502,-26.8035437526213,1.88404261617961));
#2452=CARTESIAN_POINT('Ctrl Pts',(-20.5602363150455,-26.8298136094399,1.8785703157063));
#2453=CARTESIAN_POINT('Ctrl Pts',(-20.5736379938726,-26.8469838134286,1.87499357312781));
#2454=CARTESIAN_POINT('Ctrl Pts',(-20.5878466567139,-26.8635077410977,1.87120036791083));
#2455=CARTESIAN_POINT('Ctrl Pts',(-20.6028440331596,-26.8793081778119,1.86719121122388));
#2456=CARTESIAN_POINT('Ctrl Pts',(-20.6066132213484,-26.8832791936531,1.86618361725661));
#2457=CARTESIAN_POINT('Ctrl Pts',(-20.6104277336114,-26.8871997125649,1.86516356532397));
#2458=CARTESIAN_POINT('Ctrl Pts',(-20.6142869987825,-26.8910687778451,1.86413113916195));
#2459=CARTESIAN_POINT('Ctrl Pts',(-20.6375166158908,-26.9143573835875,1.85791677881793));
#2460=CARTESIAN_POINT('Ctrl Pts',(-20.6623644844453,-26.9357844355041,1.851255621719));
#2461=CARTESIAN_POINT('Ctrl Pts',(-20.6885665269734,-26.9552695969819,1.84423004082123));
#2462=CARTESIAN_POINT('Ctrl Pts',(-20.7153334787389,-26.9751748534848,1.83705299022244));
#2463=CARTESIAN_POINT('Ctrl Pts',(-20.7435146199391,-26.9930542842552,1.82949525803592));
#2464=CARTESIAN_POINT('Ctrl Pts',(-20.7728603977635,-27.0087824251575,1.82162833734231));
#2465=CARTESIAN_POINT('Ctrl Pts',(-20.7878929185542,-27.0168392436385,1.81759846805096));
#2466=CARTESIAN_POINT('Ctrl Pts',(-20.80323146261,-27.0243308512104,1.81348724092306));
#2467=CARTESIAN_POINT('Ctrl Pts',(-20.8188443097275,-27.0312355265469,1.8093031560999));
#2468=CARTESIAN_POINT('Ctrl Pts',(-20.8493839412924,-27.0447414706752,1.80111884429735));
#2469=CARTESIAN_POINT('Ctrl Pts',(-20.8807658743323,-27.0559134478442,1.79271164863722));
#2470=CARTESIAN_POINT('Ctrl Pts',(-20.9127309414777,-27.0646458671331,1.78414889018429));
#2471=CARTESIAN_POINT('Ctrl Pts',(-20.9176732736647,-27.0659960447106,1.78282494500002));
#2472=CARTESIAN_POINT('Ctrl Pts',(-20.9226295898124,-27.0672878132103,1.78149725648254));
#2473=CARTESIAN_POINT('Ctrl Pts',(-20.9275989737986,-27.0685206826549,1.78016604894953));
#2474=CARTESIAN_POINT('Ctrl Pts',(-20.9598021839015,-27.0765100740692,1.77153939502331));
#2475=CARTESIAN_POINT('Ctrl Pts',(-20.9925536822271,-27.0820302564549,1.76276543312621));
#2476=CARTESIAN_POINT('Ctrl Pts',(-21.0255990659042,-27.0850914863149,1.75391426483414));
#2477=CARTESIAN_POINT('Ctrl Pts',(-21.0338161104369,-27.0858526898262,1.75171333883694));
#2478=CARTESIAN_POINT('Ctrl Pts',(-21.0420513422738,-27.0864616017419,1.7495076165522));
#2479=CARTESIAN_POINT('Ctrl Pts',(-21.0503008468333,-27.0869178819269,1.74729814569215));
#2480=CARTESIAN_POINT('Ctrl Pts',(-21.0835215177406,-27.0887553175882,1.73840062902408));
#2481=CARTESIAN_POINT('Ctrl Pts',(-21.1167700849716,-27.0881104169138,1.72949714437582));
#2482=CARTESIAN_POINT('Ctrl Pts',(-21.1497901656418,-27.0850192636831,1.72065547305103));
#2483=CARTESIAN_POINT('Ctrl Pts',(-21.1826636756809,-27.081941831566,1.71185304843068));
#2484=CARTESIAN_POINT('Ctrl Pts',(-21.2153118605873,-27.0764397320557,1.70311140743187));
#2485=CARTESIAN_POINT('Ctrl Pts',(-21.2474797256876,-27.0684980159152,1.69449536712674));
#2486=CARTESIAN_POINT('Ctrl Pts',(-21.2608412780998,-27.0651992686677,1.69091652613855));
#2487=CARTESIAN_POINT('Ctrl Pts',(-21.2741198388094,-27.0614790133304,1.68735937181533));
#2488=CARTESIAN_POINT('Ctrl Pts',(-21.2872963212548,-27.0573336385665,1.68382874398499));
#2489=CARTESIAN_POINT('',(-20.8411573224185,-27.1025472573364,0.700003078341396));
#2490=CARTESIAN_POINT('Ctrl Pts',(-21.2872963212548,-27.0573336385665,1.68382874398499));
#2491=CARTESIAN_POINT('Ctrl Pts',(-21.1350588930061,-27.0791638324321,1.35601604022165));
#2492=CARTESIAN_POINT('Ctrl Pts',(-20.9863691102031,-27.0935591431018,1.02832520747899));
#2493=CARTESIAN_POINT('Ctrl Pts',(-20.8411937797259,-27.1027301599257,0.700039237964174));
#2494=CARTESIAN_POINT('Ctrl Pts',(-20.8411937797259,-27.1027301599257,0.700039237964174));
#2495=CARTESIAN_POINT('Ctrl Pts',(-20.8053975981824,-27.1111921702859,0.70003675887476));
#2496=CARTESIAN_POINT('Ctrl Pts',(-20.7691001210029,-27.1171538773668,0.700028347343962));
#2497=CARTESIAN_POINT('Ctrl Pts',(-20.7325914625162,-27.1206720938144,0.700016063400122));
#2498=CARTESIAN_POINT('Ctrl Pts',(-20.6957958049112,-27.1242179674004,0.700003682890667));
#2499=CARTESIAN_POINT('Ctrl Pts',(-20.6587844777017,-27.1252818382953,0.699987859424277));
#2500=CARTESIAN_POINT('Ctrl Pts',(-20.6218446367921,-27.1238706749109,0.699973449567453));
#2501=CARTESIAN_POINT('Ctrl Pts',(-20.5900947360034,-27.1226577758742,0.699961064253567));
#2502=CARTESIAN_POINT('Ctrl Pts',(-20.5583970489213,-27.1196156456847,0.699949952221019));
#2503=CARTESIAN_POINT('Ctrl Pts',(-20.526938110005,-27.1147182905268,0.699940580253809));
#2504=CARTESIAN_POINT('Ctrl Pts',(-20.5011978787774,-27.1107111924329,0.699932911953117));
#2505=CARTESIAN_POINT('Ctrl Pts',(-20.4756910561834,-27.1054731539564,0.699924752630337));
#2506=CARTESIAN_POINT('Ctrl Pts',(-20.4505197672059,-27.0989962900061,0.699917988001855));
#2507=CARTESIAN_POINT('Ctrl Pts',(-20.4155479853625,-27.0899976458247,0.699908589551433));
#2508=CARTESIAN_POINT('Ctrl Pts',(-20.3812224321468,-27.0786091496976,0.699902596313647));
#2509=CARTESIAN_POINT('Ctrl Pts',(-20.3478174419466,-27.0649290220767,0.699906136605167));
#2510=CARTESIAN_POINT('Ctrl Pts',(-20.3156172178908,-27.051742274472,0.699909549214465));
#2511=CARTESIAN_POINT('Ctrl Pts',(-20.2842715174888,-27.0364255047015,0.699922149875793));
#2512=CARTESIAN_POINT('Ctrl Pts',(-20.2540568344605,-27.0190327802038,0.699934710554096));
#2513=CARTESIAN_POINT('Ctrl Pts',(-20.2478251787307,-27.0154456013751,0.69993730114301));
#2514=CARTESIAN_POINT('Ctrl Pts',(-20.2416417656944,-27.0117700179846,0.699939828834297));
#2515=CARTESIAN_POINT('Ctrl Pts',(-20.2355092420935,-27.0080063571087,0.699942111087146));
#2516=CARTESIAN_POINT('Ctrl Pts',(-20.2063636210212,-26.9901190661869,0.699952957792529));
#2517=CARTESIAN_POINT('Ctrl Pts',(-20.1785287000257,-26.9703447706331,0.699962133876749));
#2518=CARTESIAN_POINT('Ctrl Pts',(-20.1522657837751,-26.9487584953748,0.699957807667641));
#2519=CARTESIAN_POINT('Ctrl Pts',(-20.140004242041,-26.9386803680093,0.699955787861728));
#2520=CARTESIAN_POINT('Ctrl Pts',(-20.1280858473022,-26.9282068271929,0.699950592446713));
#2521=CARTESIAN_POINT('Ctrl Pts',(-20.1165402196269,-26.9173433715178,0.699939612815659));
#2522=CARTESIAN_POINT('Ctrl Pts',(-20.1141491788265,-26.9150936050708,0.699937338989882));
#2523=CARTESIAN_POINT('Ctrl Pts',(-20.1117741330908,-26.9128271116425,0.699934813570014));
#2524=CARTESIAN_POINT('Ctrl Pts',(-20.1094152200122,-26.910544051224,0.699932067194851));
#2525=CARTESIAN_POINT('Origin',(-7.86018325323344,-23.9,4.89512123963966));
#2526=CARTESIAN_POINT('',(-23.5484487099413,-23.9,1.07795478747272));
#2527=CARTESIAN_POINT('Ctrl Pts',(-21.2872963212548,-27.0573336385665,1.68382874398499));
#2528=CARTESIAN_POINT('Ctrl Pts',(-21.3894785463142,-27.0251866965558,1.65644909929951));
#2529=CARTESIAN_POINT('Ctrl Pts',(-21.4879403523747,-26.9883221975882,1.6300663378803));
#2530=CARTESIAN_POINT('Ctrl Pts',(-21.9438261925898,-26.7928636605034,1.50791209515388));
#2531=CARTESIAN_POINT('Ctrl Pts',(-22.3364593913881,-26.5213244090889,1.40270634661422));
#2532=CARTESIAN_POINT('Ctrl Pts',(-22.8929198577297,-25.9453323778004,1.25360321403813));
#2533=CARTESIAN_POINT('Ctrl Pts',(-23.1552315185958,-25.5389882976343,1.18331701634379));
#2534=CARTESIAN_POINT('Ctrl Pts',(-23.4563464107661,-24.786500664877,1.10263352415779));
#2535=CARTESIAN_POINT('Ctrl Pts',(-23.5484487099413,-24.3072243748594,1.07795478747273));
#2536=CARTESIAN_POINT('Ctrl Pts',(-23.5484487099413,-23.9,1.07795478747273));
#2537=CARTESIAN_POINT('',(-23.4516365651101,-23.9,0.700003078341394));
#2538=CARTESIAN_POINT('Origin',(-7.86018325323344,-23.9,4.89512123963966));
#2539=CARTESIAN_POINT('Ctrl Pts',(-23.4516365651101,-23.9,0.700003078341394));
#2540=CARTESIAN_POINT('Ctrl Pts',(-23.4516365651101,-24.3019556340277,0.700003078341394));
#2541=CARTESIAN_POINT('Ctrl Pts',(-23.3553785696682,-24.7746001050625,0.700003078341394));
#2542=CARTESIAN_POINT('Ctrl Pts',(-23.0397993834827,-25.5218948477659,0.700003078341394));
#2543=CARTESIAN_POINT('Ctrl Pts',(-22.7620299692057,-25.9268794395661,0.700003078341394));
#2544=CARTESIAN_POINT('Ctrl Pts',(-22.1687599508555,-26.5071316499809,0.700003078341394));
#2545=CARTESIAN_POINT('Ctrl Pts',(-21.7451217566636,-26.7815256599745,0.700003078341395));
#2546=CARTESIAN_POINT('Ctrl Pts',(-21.1966460503027,-27.0031530804646,0.700003078341395));
#2547=CARTESIAN_POINT('Ctrl Pts',(-21.021891623944,-27.0597995884666,0.700003078341394));
#2548=CARTESIAN_POINT('Ctrl Pts',(-20.8411573224185,-27.1025472573364,0.700003078341394));
#2549=CARTESIAN_POINT('Origin',(-23.5484487099413,-27.2,1.07795478747274));
#2550=CARTESIAN_POINT('',(-20.4091897745018,-17.008222805165,1.91911668405593));
#2551=CARTESIAN_POINT('',(-20.4091897745018,-27.2,1.91911668405593));
#2552=CARTESIAN_POINT('',(-21.2872963212548,-16.3426663614335,1.68382874398498));
#2553=CARTESIAN_POINT('Ctrl Pts',(-21.2872963212548,-16.3426663614335,1.68382874398498));
#2554=CARTESIAN_POINT('Ctrl Pts',(-21.2559571161886,-16.332806920544,1.69222605867393));
#2555=CARTESIAN_POINT('Ctrl Pts',(-21.2240423987007,-16.3254314208892,1.70077016879375));
#2556=CARTESIAN_POINT('Ctrl Pts',(-21.1918088379014,-16.3204508766356,1.70939806908225));
#2557=CARTESIAN_POINT('Ctrl Pts',(-21.1588152668347,-16.3153528999707,1.71822939997672));
#2558=CARTESIAN_POINT('Ctrl Pts',(-21.1254865151871,-16.3127641081878,1.7271489934454));
#2559=CARTESIAN_POINT('Ctrl Pts',(-21.0920866223964,-16.3126421029963,1.73609077405943));
#2560=CARTESIAN_POINT('Ctrl Pts',(-21.0688518864875,-16.3125572297178,1.74231115064642));
#2561=CARTESIAN_POINT('Ctrl Pts',(-21.045582468884,-16.3136672284884,1.74854230361289));
#2562=CARTESIAN_POINT('Ctrl Pts',(-21.0223686912107,-16.3159725610704,1.75476049260368));
#2563=CARTESIAN_POINT('Ctrl Pts',(-20.9891103840525,-16.319275403899,1.76366927265377));
#2564=CARTESIAN_POINT('Ctrl Pts',(-20.9561952930401,-16.3250068025969,1.77249024562233));
#2565=CARTESIAN_POINT('Ctrl Pts',(-20.9238833261708,-16.333111447357,1.78115372977485));
#2566=CARTESIAN_POINT('Ctrl Pts',(-20.8922581968471,-16.3410438161816,1.78963305905323));
#2567=CARTESIAN_POINT('Ctrl Pts',(-20.8612097341935,-16.3512499302179,1.7979619595965));
#2568=CARTESIAN_POINT('Ctrl Pts',(-20.8309905003238,-16.3637251961547,1.80606825491123));
#2569=CARTESIAN_POINT('Ctrl Pts',(-20.8097948787791,-16.3724752861339,1.81175397045127));
#2570=CARTESIAN_POINT('Ctrl Pts',(-20.7890073611654,-16.3823426670674,1.81733004302411));
#2571=CARTESIAN_POINT('Ctrl Pts',(-20.768722094358,-16.3933389671462,1.82276775650174));
#2572=CARTESIAN_POINT('Ctrl Pts',(-20.7654392461137,-16.395118543661,1.82364776406151));
#2573=CARTESIAN_POINT('Ctrl Pts',(-20.7621721997323,-16.3969262845249,1.82452343831159));
#2574=CARTESIAN_POINT('Ctrl Pts',(-20.7589213030039,-16.3987621278768,1.82539467179712));
#2575=CARTESIAN_POINT('Ctrl Pts',(-20.7302380040718,-16.4149601335519,1.83308173558068));
#2576=CARTESIAN_POINT('Ctrl Pts',(-20.7028103379106,-16.4333418735261,1.84042405050221));
#2577=CARTESIAN_POINT('Ctrl Pts',(-20.676806756607,-16.4536745648039,1.84738624489065));
#2578=CARTESIAN_POINT('Ctrl Pts',(-20.6506243960752,-16.4741470469361,1.8543963055989));
#2579=CARTESIAN_POINT('Ctrl Pts',(-20.6258848777794,-16.4965982850338,1.86102132327371));
#2580=CARTESIAN_POINT('Ctrl Pts',(-20.6027876719816,-16.5208320737588,1.86721056301938));
#2581=CARTESIAN_POINT('Ctrl Pts',(-20.5896778193424,-16.5345870448949,1.87072354297568));
#2582=CARTESIAN_POINT('Ctrl Pts',(-20.5770976321444,-16.5489169678805,1.8740958395493));
#2583=CARTESIAN_POINT('Ctrl Pts',(-20.5650891933798,-16.5637901803604,1.87731548043069));
#2584=CARTESIAN_POINT('Ctrl Pts',(-20.5439397913014,-16.5899850552397,1.88298594941361));
#2585=CARTESIAN_POINT('Ctrl Pts',(-20.5247107449231,-16.617679143729,1.8881444270786));
#2586=CARTESIAN_POINT('Ctrl Pts',(-20.5075836323185,-16.6466587082039,1.89273467854952));
#2587=CARTESIAN_POINT('Ctrl Pts',(-20.5060320109951,-16.6492840958696,1.89315052985068));
#2588=CARTESIAN_POINT('Ctrl Pts',(-20.504497665205,-16.6519200568454,1.89356170575633));
#2589=CARTESIAN_POINT('Ctrl Pts',(-20.5029807451219,-16.6545664451606,1.89396815718093));
#2590=CARTESIAN_POINT('Ctrl Pts',(-20.4862326490917,-16.6837848371722,1.89845572878532));
#2591=CARTESIAN_POINT('Ctrl Pts',(-20.4716051080341,-16.7142727103759,1.90236904177769));
#2592=CARTESIAN_POINT('Ctrl Pts',(-20.4591748000589,-16.7457824969803,1.90569650765979));
#2593=CARTESIAN_POINT('Ctrl Pts',(-20.4557657706107,-16.7544241002822,1.90660906985878));
#2594=CARTESIAN_POINT('Ctrl Pts',(-20.4525222641851,-16.7631426631029,1.90747745084994));
#2595=CARTESIAN_POINT('Ctrl Pts',(-20.4494464703327,-16.7719332476977,1.90830114139944));
#2596=CARTESIAN_POINT('Ctrl Pts',(-20.4382585640911,-16.803908159209,1.91129723706847));
#2597=CARTESIAN_POINT('Ctrl Pts',(-20.429361571775,-16.836619292504,1.91368363163351));
#2598=CARTESIAN_POINT('Ctrl Pts',(-20.4227981507885,-16.8698085874077,1.91544845382631));
#2599=CARTESIAN_POINT('Ctrl Pts',(-20.4162769867574,-16.9027842012818,1.9172019136499));
#2600=CARTESIAN_POINT('Ctrl Pts',(-20.4120591688629,-16.9362330065959,1.91834182478682));
#2601=CARTESIAN_POINT('Ctrl Pts',(-20.4102313101404,-16.9699148373433,1.91883711256918));
#2602=CARTESIAN_POINT('Ctrl Pts',(-20.4095400231617,-16.9826531363863,1.91902442791826));
#2603=CARTESIAN_POINT('Ctrl Pts',(-20.4091910565852,-16.9954248081834,1.91911933870335));
#2604=CARTESIAN_POINT('Ctrl Pts',(-20.4091909119436,-17.0082168228401,1.9191194087156));
#2605=CARTESIAN_POINT('',(-23.5484487099413,-19.5,1.07795478747272));
#2606=CARTESIAN_POINT('Ctrl Pts',(-23.5484487099413,-19.5,1.07795478747273));
#2607=CARTESIAN_POINT('Ctrl Pts',(-23.5484487099413,-19.0927756251406,1.07795478747273));
#2608=CARTESIAN_POINT('Ctrl Pts',(-23.4563464107661,-18.613499335123,1.10263352415779));
#2609=CARTESIAN_POINT('Ctrl Pts',(-23.1552315185958,-17.8610117023657,1.18331701634379));
#2610=CARTESIAN_POINT('Ctrl Pts',(-22.8929198577297,-17.4546676221996,1.25360321403813));
#2611=CARTESIAN_POINT('Ctrl Pts',(-22.3364593913881,-16.8786755909111,1.40270634661422));
#2612=CARTESIAN_POINT('Ctrl Pts',(-21.9438261925898,-16.6071363394966,1.50791209515388));
#2613=CARTESIAN_POINT('Ctrl Pts',(-21.4879403523747,-16.4116778024118,1.6300663378803));
#2614=CARTESIAN_POINT('Ctrl Pts',(-21.3894785463142,-16.3748133034442,1.65644909929951));
#2615=CARTESIAN_POINT('Ctrl Pts',(-21.2872963212548,-16.3426663614335,1.68382874398498));
#2616=CARTESIAN_POINT('',(-23.5484487099413,-27.2,1.07795478747272));
#2617=CARTESIAN_POINT('Origin',(-20.4091897745018,-27.2,1.91911668405593));
#2618=CARTESIAN_POINT('Ctrl Pts',(-20.4091909119436,-17.0082168228401,1.9191194087156));
#2619=CARTESIAN_POINT('Ctrl Pts',(-20.1979047455794,-16.9830374877201,1.41299865571356));
#2620=CARTESIAN_POINT('Ctrl Pts',(-19.9864597197615,-16.971601301323,0.906497366362787));
#2621=CARTESIAN_POINT('Ctrl Pts',(-19.7750173813585,-16.9674085959904,0.400002514520171));
#2622=CARTESIAN_POINT('Ctrl Pts',(-20.4433123510197,-17.0124037999173,2.0008548518629));
#2623=CARTESIAN_POINT('Ctrl Pts',(-20.2206043873567,-16.9842814420713,1.4673740082835));
#2624=CARTESIAN_POINT('Ctrl Pts',(-19.9977102313435,-16.9718196181726,0.933447154375397));
#2625=CARTESIAN_POINT('Ctrl Pts',(-19.7748191177587,-16.9674046667299,0.399527588385044));
#2626=CARTESIAN_POINT('Ctrl Pts',(-20.445635918028,-16.888417125533,2.00642078882959));
#2627=CARTESIAN_POINT('Ctrl Pts',(-20.2219848365378,-16.8624909197061,1.47065121895486));
#2628=CARTESIAN_POINT('Ctrl Pts',(-19.9985359928058,-16.851428469355,0.935430978448414));
#2629=CARTESIAN_POINT('Ctrl Pts',(-19.7751716456952,-16.8474834145708,0.400372043598192));
#2630=CARTESIAN_POINT('Ctrl Pts',(-20.5127212983054,-16.6412288781747,1.9914456830095));
#2631=CARTESIAN_POINT('Ctrl Pts',(-20.2847888747269,-16.6196520096172,1.45211321227435));
#2632=CARTESIAN_POINT('Ctrl Pts',(-20.0588837038991,-16.6113327980614,0.914883694285564));
#2633=CARTESIAN_POINT('Ctrl Pts',(-19.8340959585065,-16.6083192308814,0.377751019362982));
#2634=CARTESIAN_POINT('Ctrl Pts',(-20.8159499558121,-16.3262128521536,1.88146527015542));
#2635=CARTESIAN_POINT('Ctrl Pts',(-20.5754453437669,-16.3058619187632,1.34081118638564));
#2636=CARTESIAN_POINT('Ctrl Pts',(-20.3419650063136,-16.298804368468,0.802754692000823));
#2637=CARTESIAN_POINT('Ctrl Pts',(-20.1138749988036,-16.2961682695448,0.263535069252072));
#2638=CARTESIAN_POINT('Ctrl Pts',(-21.1237027879739,-16.2892706021686,1.75493757154928));
#2639=CARTESIAN_POINT('Ctrl Pts',(-20.8755557816303,-16.2608083422112,1.21710217891488));
#2640=CARTESIAN_POINT('Ctrl Pts',(-20.6371617523035,-16.249045167021,0.68051885389029));
#2641=CARTESIAN_POINT('Ctrl Pts',(-20.4072663633734,-16.2448803122366,0.141479429648179));
#2642=CARTESIAN_POINT('Ctrl Pts',(-21.2872963212548,-16.3426663614335,1.68382874398499));
#2643=CARTESIAN_POINT('Ctrl Pts',(-21.0383783983632,-16.3069725995521,1.1478340266745));
#2644=CARTESIAN_POINT('Ctrl Pts',(-20.7989448471275,-16.291155669219,0.612165110673058));
#2645=CARTESIAN_POINT('Ctrl Pts',(-20.5688506449846,-16.2855520770033,0.0736878246233389));
#2646=CARTESIAN_POINT('',(-20.1092302846005,-16.4894633910442,0.700003078341394));
#2647=CARTESIAN_POINT('',(-20.8411573224185,-16.2974527426635,0.700003078341394));
#2648=CARTESIAN_POINT('Ctrl Pts',(-20.1093592535709,-16.4896109872826,0.699953005258513));
#2649=CARTESIAN_POINT('Ctrl Pts',(-20.1344944200561,-16.4653448532863,0.699949956805633));
#2650=CARTESIAN_POINT('Ctrl Pts',(-20.1613102795117,-16.4429438345481,0.699954031263658));
#2651=CARTESIAN_POINT('Ctrl Pts',(-20.1895465597335,-16.4225413838698,0.699964948461335));
#2652=CARTESIAN_POINT('Ctrl Pts',(-20.2152958705497,-16.4039359216843,0.699974904104006));
#2653=CARTESIAN_POINT('Ctrl Pts',(-20.2422275335342,-16.3869921143614,0.699990066559023));
#2654=CARTESIAN_POINT('Ctrl Pts',(-20.2701748169282,-16.3718277465203,0.699995880265373));
#2655=CARTESIAN_POINT('Ctrl Pts',(-20.2870284163728,-16.3626828798146,0.699999386218948));
#2656=CARTESIAN_POINT('Ctrl Pts',(-20.3042518647266,-16.3541854516222,0.699999250540321));
#2657=CARTESIAN_POINT('Ctrl Pts',(-20.3217991951996,-16.3463332451943,0.69999650585304));
#2658=CARTESIAN_POINT('Ctrl Pts',(-20.3538428154464,-16.3319941341106,0.69999149371076));
#2659=CARTESIAN_POINT('Ctrl Pts',(-20.3868191806119,-16.3198697221889,0.699980085832346));
#2660=CARTESIAN_POINT('Ctrl Pts',(-20.4204448471965,-16.309922567769,0.699974051887189));
#2661=CARTESIAN_POINT('Ctrl Pts',(-20.4554933224801,-16.2995545176682,0.699967762626656));
#2662=CARTESIAN_POINT('Ctrl Pts',(-20.4912481894047,-16.2915514396832,0.699966912792621));
#2663=CARTESIAN_POINT('Ctrl Pts',(-20.5274174255176,-16.2859171580706,0.699970975218761));
#2664=CARTESIAN_POINT('Ctrl Pts',(-20.5435354937731,-16.2834063575848,0.699972785554528));
#2665=CARTESIAN_POINT('Ctrl Pts',(-20.5597361313441,-16.2813666028674,0.699975430002653));
#2666=CARTESIAN_POINT('Ctrl Pts',(-20.5759944184179,-16.2798013638651,0.699978361797765));
#2667=CARTESIAN_POINT('Ctrl Pts',(-20.6131159644795,-16.276227550003,0.699985055785069));
#2668=CARTESIAN_POINT('Ctrl Pts',(-20.6504188194761,-16.2751356021423,0.699995701595688));
#2669=CARTESIAN_POINT('Ctrl Pts',(-20.6876073606824,-16.2765567384135,0.700006621595259));
#2670=CARTESIAN_POINT('Ctrl Pts',(-20.7239852644744,-16.2779468966954,0.700017303560211));
#2671=CARTESIAN_POINT('Ctrl Pts',(-20.7602549208647,-16.2817417880705,0.700027765988851));
#2672=CARTESIAN_POINT('Ctrl Pts',(-20.796137881875,-16.2880194513535,0.700033841068837));
#2673=CARTESIAN_POINT('Ctrl Pts',(-20.8112322373445,-16.2906601832899,0.700036396583048));
#2674=CARTESIAN_POINT('Ctrl Pts',(-20.8262580485518,-16.2937408440554,0.700038207825666));
#2675=CARTESIAN_POINT('Ctrl Pts',(-20.84119376921,-16.297269910855,0.700039232378324));
#2676=CARTESIAN_POINT('Ctrl Pts',(-20.84119376921,-16.297269910855,0.700039232378323));
#2677=CARTESIAN_POINT('Ctrl Pts',(-20.9863691011787,-16.3064409176396,1.02832520268542));
#2678=CARTESIAN_POINT('Ctrl Pts',(-21.1350588930061,-16.3208361675679,1.35601604022165));
#2679=CARTESIAN_POINT('Ctrl Pts',(-21.2872963212548,-16.3426663614335,1.68382874398499));
#2680=CARTESIAN_POINT('Ctrl Pts',(-19.9868638823006,-16.4831578655499,0.399947618822983));
#2681=CARTESIAN_POINT('Ctrl Pts',(-20.0279964916509,-16.4848060950473,0.50018255419075));
#2682=CARTESIAN_POINT('Ctrl Pts',(-20.0688463592587,-16.4869432761104,0.600233684965));
#2683=CARTESIAN_POINT('Ctrl Pts',(-20.1093592535709,-16.4896109872826,0.699953005258513));
#2684=CARTESIAN_POINT('Origin',(-7.86018325323344,-19.5,4.89512123963966));
#2685=CARTESIAN_POINT('',(-23.4516365651101,-19.5,0.700003078341394));
#2686=CARTESIAN_POINT('Ctrl Pts',(-20.8411573224185,-16.2974527426635,0.700003078341394));
#2687=CARTESIAN_POINT('Ctrl Pts',(-21.021891623944,-16.3402004115334,0.700003078341394));
#2688=CARTESIAN_POINT('Ctrl Pts',(-21.1966460503027,-16.3968469195354,0.700003078341395));
#2689=CARTESIAN_POINT('Ctrl Pts',(-21.7451217566636,-16.6184743400255,0.700003078341395));
#2690=CARTESIAN_POINT('Ctrl Pts',(-22.1687599508555,-16.8928683500191,0.700003078341394));
#2691=CARTESIAN_POINT('Ctrl Pts',(-22.7620299692057,-17.4731205604339,0.700003078341394));
#2692=CARTESIAN_POINT('Ctrl Pts',(-23.0397993834827,-17.8781051522341,0.700003078341394));
#2693=CARTESIAN_POINT('Ctrl Pts',(-23.3553785696682,-18.6253998949375,0.700003078341394));
#2694=CARTESIAN_POINT('Ctrl Pts',(-23.4516365651101,-19.0980443659723,0.700003078341394));
#2695=CARTESIAN_POINT('Ctrl Pts',(-23.4516365651101,-19.5,0.700003078341394));
#2696=CARTESIAN_POINT('Origin',(-7.86018325323344,-19.5,4.89512123963966));
#2697=CARTESIAN_POINT('Origin',(-7.86018325323344,-27.2,4.89512123963966));
#2698=CARTESIAN_POINT('',(-23.4516365651101,-27.2,0.700003078341394));
#2699=CARTESIAN_POINT('Ctrl Pts',(-15.8866376624723,-21.5194800294363,-3.92688503638464));
#2700=CARTESIAN_POINT('Ctrl Pts',(-16.0737552433075,-21.5194800294363,-3.46321811828246));
#2701=CARTESIAN_POINT('Ctrl Pts',(-15.8610669870053,-21.4865326131259,-3.91656572580433));
#2702=CARTESIAN_POINT('Ctrl Pts',(-16.0481845678405,-21.4865326131259,-3.45289880770215));
#2703=CARTESIAN_POINT('Ctrl Pts',(-15.8123339849738,-21.4237409004841,-3.89689901875461));
#2704=CARTESIAN_POINT('Ctrl Pts',(-15.9994515658091,-21.4237409004841,-3.43323210065243));
#2705=CARTESIAN_POINT('Ctrl Pts',(-15.7470312334111,-21.3821129697251,-3.87054541788887));
#2706=CARTESIAN_POINT('Ctrl Pts',(-15.9341488142463,-21.3821129697251,-3.4068784997867));
#2707=CARTESIAN_POINT('Ctrl Pts',(-15.7159934644619,-21.3623276151144,-3.85801980518381));
#2708=CARTESIAN_POINT('Ctrl Pts',(-15.9031110452971,-21.3623276151144,-3.39435288708163));
#2709=CARTESIAN_POINT('',(-15.8866376624723,-21.5194800294363,-3.92688503638464));
#2710=CARTESIAN_POINT('',(-15.7159934644619,-21.3623276151144,-3.85801980518381));
#2711=CARTESIAN_POINT('Ctrl Pts',(-15.8866376624723,-21.5194800294363,-3.92688503638464));
#2712=CARTESIAN_POINT('Ctrl Pts',(-15.8610669870053,-21.4865326131259,-3.91656572580433));
#2713=CARTESIAN_POINT('Ctrl Pts',(-15.8123339849738,-21.4237409004841,-3.89689901875461));
#2714=CARTESIAN_POINT('Ctrl Pts',(-15.7470312334111,-21.3821129697251,-3.87054541788887));
#2715=CARTESIAN_POINT('Ctrl Pts',(-15.7159934644619,-21.3623276151144,-3.85801980518381));
#2716=CARTESIAN_POINT('',(-16.0737552433075,-21.5194800294363,-3.46321811828246));
#2717=CARTESIAN_POINT('',(-15.8866376624723,-21.5194800294363,-3.92688503638464));
#2718=CARTESIAN_POINT('',(-15.9031110452971,-21.3623276151144,-3.39435288708163));
#2719=CARTESIAN_POINT('Ctrl Pts',(-16.0737552433075,-21.5194800294363,-3.46321811828246));
#2720=CARTESIAN_POINT('Ctrl Pts',(-16.0481845678405,-21.4865326131259,-3.45289880770215));
#2721=CARTESIAN_POINT('Ctrl Pts',(-15.9994515658091,-21.4237409004841,-3.43323210065243));
#2722=CARTESIAN_POINT('Ctrl Pts',(-15.9341488142463,-21.3821129697251,-3.40687849978669));
#2723=CARTESIAN_POINT('Ctrl Pts',(-15.9031110452971,-21.3623276151144,-3.39435288708163));
#2724=CARTESIAN_POINT('',(-15.7159934644619,-21.3623276151144,-3.85801980518381));
#2725=CARTESIAN_POINT('Ctrl Pts',(-15.988775174594,-21.7988621986829,-3.96810368588193));
#2726=CARTESIAN_POINT('Ctrl Pts',(-16.1758927554292,-21.7988621986829,-3.50443676777975));
#2727=CARTESIAN_POINT('Ctrl Pts',(-15.9795545736338,-21.7465123046491,-3.96438261698923));
#2728=CARTESIAN_POINT('Ctrl Pts',(-16.166672154469,-21.7465123046491,-3.50071569888705));
#2729=CARTESIAN_POINT('Ctrl Pts',(-15.9619032838697,-21.6462972370308,-3.95725925642514));
#2730=CARTESIAN_POINT('Ctrl Pts',(-16.1490208647049,-21.6462972370308,-3.49359233832297));
#2731=CARTESIAN_POINT('Ctrl Pts',(-15.9109663777949,-21.5604721807571,-3.9367031411022));
#2732=CARTESIAN_POINT('Ctrl Pts',(-16.0980839586302,-21.5604721807571,-3.47303622300003));
#2733=CARTESIAN_POINT('Ctrl Pts',(-15.8866376624723,-21.5194800294363,-3.92688503638464));
#2734=CARTESIAN_POINT('Ctrl Pts',(-16.0737552433075,-21.5194800294363,-3.46321811828246));
#2735=CARTESIAN_POINT('',(-15.988775174594,-21.7988621986829,-3.96810368588193));
#2736=CARTESIAN_POINT('Ctrl Pts',(-15.988775174594,-21.7988621986829,-3.96810368588193));
#2737=CARTESIAN_POINT('Ctrl Pts',(-15.9795545736338,-21.7465123046491,-3.96438261698923));
#2738=CARTESIAN_POINT('Ctrl Pts',(-15.9619032838697,-21.6462972370308,-3.95725925642514));
#2739=CARTESIAN_POINT('Ctrl Pts',(-15.9109663777949,-21.5604721807571,-3.9367031411022));
#2740=CARTESIAN_POINT('Ctrl Pts',(-15.8866376624723,-21.5194800294363,-3.92688503638464));
#2741=CARTESIAN_POINT('',(-16.1758927554292,-21.7988621986829,-3.50443676777975));
#2742=CARTESIAN_POINT('',(-15.988775174594,-21.7988621986829,-3.96810368588193));
#2743=CARTESIAN_POINT('Ctrl Pts',(-16.1758927554292,-21.7988621986829,-3.50443676777975));
#2744=CARTESIAN_POINT('Ctrl Pts',(-16.166672154469,-21.7465123046491,-3.50071569888705));
#2745=CARTESIAN_POINT('Ctrl Pts',(-16.1490208647049,-21.6462972370308,-3.49359233832296));
#2746=CARTESIAN_POINT('Ctrl Pts',(-16.0980839586302,-21.5604721807571,-3.47303622300002));
#2747=CARTESIAN_POINT('Ctrl Pts',(-16.0737552433075,-21.5194800294363,-3.46321811828246));
#2748=CARTESIAN_POINT('Ctrl Pts',(-16.011195725416,-22.2125628388845,-3.97715173107777));
#2749=CARTESIAN_POINT('Ctrl Pts',(-16.1983133062512,-22.2125628388845,-3.51348481297559));
#2750=CARTESIAN_POINT('Ctrl Pts',(-16.0106737550444,-22.1368071052649,-3.97694108453518));
#2751=CARTESIAN_POINT('Ctrl Pts',(-16.1977913358796,-22.1368071052649,-3.51327416643301));
#2752=CARTESIAN_POINT('Ctrl Pts',(-16.0097206042874,-21.9984723668034,-3.97655643068808));
#2753=CARTESIAN_POINT('Ctrl Pts',(-16.1968381851226,-21.9984723668034,-3.51288951258591));
#2754=CARTESIAN_POINT('Ctrl Pts',(-15.9952990894076,-21.8610351763594,-3.97073647918643));
#2755=CARTESIAN_POINT('Ctrl Pts',(-16.1824166702429,-21.8610351763594,-3.50706956108425));
#2756=CARTESIAN_POINT('Ctrl Pts',(-15.988775174594,-21.7988621986829,-3.96810368588193));
#2757=CARTESIAN_POINT('Ctrl Pts',(-16.1758927554292,-21.7988621986829,-3.50443676777975));
#2758=CARTESIAN_POINT('',(-16.011195725416,-22.2125628388845,-3.97715173107777));
#2759=CARTESIAN_POINT('Ctrl Pts',(-16.011195725416,-22.2125628388845,-3.97715173107777));
#2760=CARTESIAN_POINT('Ctrl Pts',(-16.0106737550444,-22.1368071052649,-3.97694108453518));
#2761=CARTESIAN_POINT('Ctrl Pts',(-16.0097206042874,-21.9984723668034,-3.97655643068808));
#2762=CARTESIAN_POINT('Ctrl Pts',(-15.9952990894076,-21.8610351763594,-3.97073647918643));
#2763=CARTESIAN_POINT('Ctrl Pts',(-15.988775174594,-21.7988621986829,-3.96810368588193));
#2764=CARTESIAN_POINT('',(-16.1983133062512,-22.2125628388845,-3.51348481297559));
#2765=CARTESIAN_POINT('',(-16.011195725416,-22.2125628388845,-3.97715173107777));
#2766=CARTESIAN_POINT('Ctrl Pts',(-16.1983133062512,-22.2125628388845,-3.51348481297559));
#2767=CARTESIAN_POINT('Ctrl Pts',(-16.1977913358796,-22.1368071052649,-3.513274166433));
#2768=CARTESIAN_POINT('Ctrl Pts',(-16.1968381851226,-21.9984723668034,-3.5128895125859));
#2769=CARTESIAN_POINT('Ctrl Pts',(-16.1824166702429,-21.8610351763594,-3.50706956108425));
#2770=CARTESIAN_POINT('Ctrl Pts',(-16.1758927554292,-21.7988621986829,-3.50443676777975));
#2771=CARTESIAN_POINT('Origin',(-16.011195725416,-22.5295540488683,-3.97715173107777));
#2772=CARTESIAN_POINT('',(-16.011195725416,-22.5295540488683,-3.97715173107777));
#2773=CARTESIAN_POINT('',(-16.011195725416,-24.8647770244342,-3.97715173107775));
#2774=CARTESIAN_POINT('',(-16.1983133062512,-22.5295540488683,-3.51348481297559));
#2775=CARTESIAN_POINT('',(-16.011195725416,-22.5295540488683,-3.97715173107777));
#2776=CARTESIAN_POINT('',(-16.1983133062512,-22.5295540488683,-3.51348481297559));
#2777=CARTESIAN_POINT('Origin',(-15.0122408786539,-22.5295540488683,-3.57401316976991));
#2778=CARTESIAN_POINT('',(-15.0122408786539,-22.5295540488683,-3.57401316976991));
#2779=CARTESIAN_POINT('',(-10.5841383340216,-22.5295540488683,-1.78700658488495));
#2780=CARTESIAN_POINT('',(-15.1993584594891,-22.5295540488683,-3.11034625166774));
#2781=CARTESIAN_POINT('',(-15.0122408786539,-22.5295540488683,-3.57401316976991));
#2782=CARTESIAN_POINT('',(-15.1993584594891,-22.5295540488683,-3.11034625166773));
#2783=CARTESIAN_POINT('Origin',(-15.0122408786539,-22.1561491287672,-3.57401316976991));
#2784=CARTESIAN_POINT('',(-15.0122408786539,-22.1561491287672,-3.57401316976991));
#2785=CARTESIAN_POINT('',(-15.0122408786539,-24.6780745643836,-3.5740131697699));
#2786=CARTESIAN_POINT('',(-15.1993584594891,-22.1561491287672,-3.11034625166774));
#2787=CARTESIAN_POINT('',(-15.0122408786539,-22.1561491287672,-3.57401316976991));
#2788=CARTESIAN_POINT('',(-15.1993584594891,-22.1561491287672,-3.11034625166773));
#2789=CARTESIAN_POINT('Ctrl Pts',(-15.0209599817513,-21.8310987747633,-3.57753185401274));
#2790=CARTESIAN_POINT('Ctrl Pts',(-15.2080775625865,-21.8310987747633,-3.11386493591057));
#2791=CARTESIAN_POINT('Ctrl Pts',(-15.0184201817181,-21.8814563990099,-3.57650689143839));
#2792=CARTESIAN_POINT('Ctrl Pts',(-15.2055377625533,-21.8814563990099,-3.11283997333621));
#2793=CARTESIAN_POINT('Ctrl Pts',(-15.0129596937544,-21.9897236631576,-3.57430325503894));
#2794=CARTESIAN_POINT('Ctrl Pts',(-15.2000772745896,-21.9897236631576,-3.11063633693676));
#2795=CARTESIAN_POINT('Ctrl Pts',(-15.0124913726913,-22.0981528696662,-3.57411425922976));
#2796=CARTESIAN_POINT('Ctrl Pts',(-15.1996089535265,-22.0981528696662,-3.11044734112758));
#2797=CARTESIAN_POINT('Ctrl Pts',(-15.0122408786539,-22.1561491287672,-3.57401316976991));
#2798=CARTESIAN_POINT('Ctrl Pts',(-15.1993584594891,-22.1561491287672,-3.11034625166774));
#2799=CARTESIAN_POINT('',(-15.0209599817513,-21.8310987747633,-3.57753185401274));
#2800=CARTESIAN_POINT('Ctrl Pts',(-15.0209599817513,-21.8310987747633,-3.57753185401274));
#2801=CARTESIAN_POINT('Ctrl Pts',(-15.0184201817181,-21.8814563990099,-3.57650689143839));
#2802=CARTESIAN_POINT('Ctrl Pts',(-15.0129596937544,-21.9897236631576,-3.57430325503894));
#2803=CARTESIAN_POINT('Ctrl Pts',(-15.0124913726913,-22.0981528696662,-3.57411425922976));
#2804=CARTESIAN_POINT('Ctrl Pts',(-15.0122408786539,-22.1561491287672,-3.57401316976991));
#2805=CARTESIAN_POINT('',(-15.2080775625865,-21.8310987747633,-3.11386493591057));
#2806=CARTESIAN_POINT('',(-15.0209599817513,-21.8310987747633,-3.57753185401274));
#2807=CARTESIAN_POINT('Ctrl Pts',(-15.2080775625865,-21.8310987747633,-3.11386493591056));
#2808=CARTESIAN_POINT('Ctrl Pts',(-15.2055377625533,-21.8814563990099,-3.11283997333621));
#2809=CARTESIAN_POINT('Ctrl Pts',(-15.2000772745896,-21.9897236631576,-3.11063633693676));
#2810=CARTESIAN_POINT('Ctrl Pts',(-15.1996089535265,-22.0981528696662,-3.11044734112758));
#2811=CARTESIAN_POINT('Ctrl Pts',(-15.1993584594891,-22.1561491287672,-3.11034625166773));
#2812=CARTESIAN_POINT('Ctrl Pts',(-15.0695375654986,-21.5866392649137,-3.5971358404063));
#2813=CARTESIAN_POINT('Ctrl Pts',(-15.2566551463338,-21.5866392649137,-3.13346892230412));
#2814=CARTESIAN_POINT('Ctrl Pts',(-15.0574857408482,-21.6241511495808,-3.59227220190808));
#2815=CARTESIAN_POINT('Ctrl Pts',(-15.2446033216835,-21.6241511495808,-3.1286052838059));
#2816=CARTESIAN_POINT('Ctrl Pts',(-15.0320095745325,-21.7034469442275,-3.58199103147337));
#2817=CARTESIAN_POINT('Ctrl Pts',(-15.2191271553678,-21.7034469442275,-3.11832411337119));
#2818=CARTESIAN_POINT('Ctrl Pts',(-15.024773132696,-21.7870468619155,-3.5790706905186));
#2819=CARTESIAN_POINT('Ctrl Pts',(-15.2118907135312,-21.7870468619155,-3.11540377241643));
#2820=CARTESIAN_POINT('Ctrl Pts',(-15.0209599817513,-21.8310987747633,-3.57753185401274));
#2821=CARTESIAN_POINT('Ctrl Pts',(-15.2080775625865,-21.8310987747633,-3.11386493591057));
#2822=CARTESIAN_POINT('',(-15.0695375654986,-21.5866392649137,-3.5971358404063));
#2823=CARTESIAN_POINT('Ctrl Pts',(-15.0695375654986,-21.5866392649137,-3.5971358404063));
#2824=CARTESIAN_POINT('Ctrl Pts',(-15.0574857408482,-21.6241511495808,-3.59227220190808));
#2825=CARTESIAN_POINT('Ctrl Pts',(-15.0320095745325,-21.7034469442275,-3.58199103147337));
#2826=CARTESIAN_POINT('Ctrl Pts',(-15.024773132696,-21.7870468619155,-3.5790706905186));
#2827=CARTESIAN_POINT('Ctrl Pts',(-15.0209599817513,-21.8310987747633,-3.57753185401274));
#2828=CARTESIAN_POINT('',(-15.2566551463338,-21.5866392649137,-3.13346892230412));
#2829=CARTESIAN_POINT('',(-15.0695375654986,-21.5866392649137,-3.5971358404063));
#2830=CARTESIAN_POINT('Ctrl Pts',(-15.2566551463338,-21.5866392649137,-3.13346892230412));
#2831=CARTESIAN_POINT('Ctrl Pts',(-15.2446033216835,-21.6241511495808,-3.1286052838059));
#2832=CARTESIAN_POINT('Ctrl Pts',(-15.2191271553678,-21.7034469442275,-3.11832411337119));
#2833=CARTESIAN_POINT('Ctrl Pts',(-15.2118907135312,-21.7870468619155,-3.11540377241642));
#2834=CARTESIAN_POINT('Ctrl Pts',(-15.2080775625865,-21.8310987747633,-3.11386493591056));
#2835=CARTESIAN_POINT('Ctrl Pts',(-15.2264805921515,-21.3744163311445,-3.66047182218487));
#2836=CARTESIAN_POINT('Ctrl Pts',(-15.4135981729867,-21.3744163311445,-3.19680490408269));
#2837=CARTESIAN_POINT('Ctrl Pts',(-15.1944439398244,-21.4003265236153,-3.64754309976049));
#2838=CARTESIAN_POINT('Ctrl Pts',(-15.3815615206596,-21.4003265236153,-3.18387618165831));
#2839=CARTESIAN_POINT('Ctrl Pts',(-15.1253134557869,-21.4562369891882,-3.61964477786165));
#2840=CARTESIAN_POINT('Ctrl Pts',(-15.3124310366221,-21.4562369891882,-3.15597785975947));
#2841=CARTESIAN_POINT('Ctrl Pts',(-15.0890146642522,-21.5411024211473,-3.60499602507371));
#2842=CARTESIAN_POINT('Ctrl Pts',(-15.2761322450874,-21.5411024211473,-3.14132910697153));
#2843=CARTESIAN_POINT('Ctrl Pts',(-15.0695375654986,-21.5866392649137,-3.5971358404063));
#2844=CARTESIAN_POINT('Ctrl Pts',(-15.2566551463338,-21.5866392649137,-3.13346892230412));
#2845=CARTESIAN_POINT('',(-15.2264805921515,-21.3744163311445,-3.66047182218487));
#2846=CARTESIAN_POINT('Ctrl Pts',(-15.2264805921515,-21.3744163311445,-3.66047182218487));
#2847=CARTESIAN_POINT('Ctrl Pts',(-15.1944439398244,-21.4003265236153,-3.64754309976049));
#2848=CARTESIAN_POINT('Ctrl Pts',(-15.1253134557869,-21.4562369891882,-3.61964477786165));
#2849=CARTESIAN_POINT('Ctrl Pts',(-15.0890146642522,-21.5411024211473,-3.60499602507371));
#2850=CARTESIAN_POINT('Ctrl Pts',(-15.0695375654986,-21.5866392649137,-3.5971358404063));
#2851=CARTESIAN_POINT('',(-15.4135981729867,-21.3744163311445,-3.19680490408269));
#2852=CARTESIAN_POINT('',(-15.2264805921515,-21.3744163311445,-3.66047182218487));
#2853=CARTESIAN_POINT('Ctrl Pts',(-15.4135981729867,-21.3744163311445,-3.19680490408269));
#2854=CARTESIAN_POINT('Ctrl Pts',(-15.3815615206596,-21.4003265236153,-3.18387618165831));
#2855=CARTESIAN_POINT('Ctrl Pts',(-15.3124310366221,-21.4562369891882,-3.15597785975947));
#2856=CARTESIAN_POINT('Ctrl Pts',(-15.2761322450874,-21.5411024211473,-3.14132910697153));
#2857=CARTESIAN_POINT('Ctrl Pts',(-15.2566551463338,-21.5866392649137,-3.13346892230412));
#2858=CARTESIAN_POINT('Ctrl Pts',(-15.4656317524177,-21.3126298583471,-3.75698374662));
#2859=CARTESIAN_POINT('Ctrl Pts',(-15.6527493332529,-21.3126298583471,-3.29331682851782));
#2860=CARTESIAN_POINT('Ctrl Pts',(-15.4217334912084,-21.3146394070897,-3.73926814923821));
#2861=CARTESIAN_POINT('Ctrl Pts',(-15.6088510720436,-21.3146394070897,-3.27560123113603));
#2862=CARTESIAN_POINT('Ctrl Pts',(-15.338179611466,-21.3184642873777,-3.70554911681126));
#2863=CARTESIAN_POINT('Ctrl Pts',(-15.5252971923012,-21.3184642873777,-3.24188219870908));
#2864=CARTESIAN_POINT('Ctrl Pts',(-15.2624315030996,-21.3564078745334,-3.67498018416368));
#2865=CARTESIAN_POINT('Ctrl Pts',(-15.4495490839348,-21.3564078745334,-3.2113132660615));
#2866=CARTESIAN_POINT('Ctrl Pts',(-15.2264805921515,-21.3744163311445,-3.66047182218487));
#2867=CARTESIAN_POINT('Ctrl Pts',(-15.4135981729867,-21.3744163311445,-3.19680490408269));
#2868=CARTESIAN_POINT('',(-15.4656317524177,-21.3126298583471,-3.75698374662));
#2869=CARTESIAN_POINT('Ctrl Pts',(-15.4656317524177,-21.3126298583471,-3.75698374662));
#2870=CARTESIAN_POINT('Ctrl Pts',(-15.4217334912084,-21.3146394070897,-3.73926814923821));
#2871=CARTESIAN_POINT('Ctrl Pts',(-15.338179611466,-21.3184642873777,-3.70554911681126));
#2872=CARTESIAN_POINT('Ctrl Pts',(-15.2624315030996,-21.3564078745334,-3.67498018416368));
#2873=CARTESIAN_POINT('Ctrl Pts',(-15.2264805921515,-21.3744163311445,-3.66047182218487));
#2874=CARTESIAN_POINT('',(-15.6527493332529,-21.3126298583471,-3.29331682851782));
#2875=CARTESIAN_POINT('',(-15.4656317524177,-21.3126298583471,-3.75698374662));
#2876=CARTESIAN_POINT('Ctrl Pts',(-15.6527493332529,-21.3126298583471,-3.29331682851782));
#2877=CARTESIAN_POINT('Ctrl Pts',(-15.6088510720436,-21.3146394070897,-3.27560123113603));
#2878=CARTESIAN_POINT('Ctrl Pts',(-15.5252971923012,-21.3184642873777,-3.24188219870908));
#2879=CARTESIAN_POINT('Ctrl Pts',(-15.4495490839348,-21.3564078745334,-3.2113132660615));
#2880=CARTESIAN_POINT('Ctrl Pts',(-15.4135981729867,-21.3744163311445,-3.19680490408269));
#2881=CARTESIAN_POINT('Ctrl Pts',(-15.7159934644619,-21.3623276151144,-3.85801980518381));
#2882=CARTESIAN_POINT('Ctrl Pts',(-15.9031110452971,-21.3623276151144,-3.39435288708163));
#2883=CARTESIAN_POINT('Ctrl Pts',(-15.6799298105731,-21.3478738261475,-3.84346594462512));
#2884=CARTESIAN_POINT('Ctrl Pts',(-15.8670473914084,-21.3478738261475,-3.37979902652294));
#2885=CARTESIAN_POINT('Ctrl Pts',(-15.5993407352924,-21.3155748946322,-3.81094338970573));
#2886=CARTESIAN_POINT('Ctrl Pts',(-15.7864583161276,-21.3155748946322,-3.34727647160355));
#2887=CARTESIAN_POINT('Ctrl Pts',(-15.5132157571871,-21.3136779301941,-3.77618676393972));
#2888=CARTESIAN_POINT('Ctrl Pts',(-15.7003333380223,-21.3136779301941,-3.31251984583754));
#2889=CARTESIAN_POINT('Ctrl Pts',(-15.4656317524177,-21.3126298583471,-3.75698374662));
#2890=CARTESIAN_POINT('Ctrl Pts',(-15.6527493332529,-21.3126298583471,-3.29331682851782));
#2891=CARTESIAN_POINT('Ctrl Pts',(-15.7159934644619,-21.3623276151144,-3.85801980518381));
#2892=CARTESIAN_POINT('Ctrl Pts',(-15.6799298105731,-21.3478738261475,-3.84346594462512));
#2893=CARTESIAN_POINT('Ctrl Pts',(-15.5993407352924,-21.3155748946322,-3.81094338970573));
#2894=CARTESIAN_POINT('Ctrl Pts',(-15.5132157571871,-21.3136779301941,-3.77618676393972));
#2895=CARTESIAN_POINT('Ctrl Pts',(-15.4656317524177,-21.3126298583471,-3.75698374662));
#2896=CARTESIAN_POINT('Ctrl Pts',(-15.9031110452971,-21.3623276151144,-3.39435288708163));
#2897=CARTESIAN_POINT('Ctrl Pts',(-15.8670473914084,-21.3478738261475,-3.37979902652294));
#2898=CARTESIAN_POINT('Ctrl Pts',(-15.7864583161276,-21.3155748946322,-3.34727647160355));
#2899=CARTESIAN_POINT('Ctrl Pts',(-15.7003333380223,-21.3136779301941,-3.31251984583754));
#2900=CARTESIAN_POINT('Ctrl Pts',(-15.6527493332529,-21.3126298583471,-3.29331682851782));
#2901=CARTESIAN_POINT('Ctrl Pts',(-16.0186692423567,-20.4516491092168,-3.98016774614305));
#2902=CARTESIAN_POINT('Ctrl Pts',(-16.2057868231919,-20.4516491092168,-3.51650082804087));
#2903=CARTESIAN_POINT('Ctrl Pts',(-16.1027283904346,-20.5305193245532,-4.01409068483315));
#2904=CARTESIAN_POINT('Ctrl Pts',(-16.2898459712698,-20.5305193245532,-3.55042376673097));
#2905=CARTESIAN_POINT('Ctrl Pts',(-16.280137305692,-20.6969768686623,-4.08568588765124));
#2906=CARTESIAN_POINT('Ctrl Pts',(-16.4672548865272,-20.6969768686623,-3.62201896954906));
#2907=CARTESIAN_POINT('Ctrl Pts',(-16.3912000858024,-20.9208316198383,-4.13050642136574));
#2908=CARTESIAN_POINT('Ctrl Pts',(-16.5783176666376,-20.9208316198383,-3.66683950326356));
#2909=CARTESIAN_POINT('Ctrl Pts',(-16.4496395652985,-21.0386204517805,-4.15409027779729));
#2910=CARTESIAN_POINT('Ctrl Pts',(-16.6367571461337,-21.0386204517805,-3.69042335969512));
#2911=CARTESIAN_POINT('',(-16.0186692423567,-20.4516491092168,-3.98016774614305));
#2912=CARTESIAN_POINT('',(-16.4496395652985,-21.0386204517805,-4.15409027779729));
#2913=CARTESIAN_POINT('Ctrl Pts',(-16.0186692423567,-20.4516491092168,-3.98016774614305));
#2914=CARTESIAN_POINT('Ctrl Pts',(-16.1027283904346,-20.5305193245532,-4.01409068483315));
#2915=CARTESIAN_POINT('Ctrl Pts',(-16.280137305692,-20.6969768686623,-4.08568588765124));
#2916=CARTESIAN_POINT('Ctrl Pts',(-16.3912000858024,-20.9208316198383,-4.13050642136574));
#2917=CARTESIAN_POINT('Ctrl Pts',(-16.4496395652985,-21.0386204517805,-4.15409027779729));
#2918=CARTESIAN_POINT('',(-16.2057868231919,-20.4516491092168,-3.51650082804087));
#2919=CARTESIAN_POINT('',(-16.0186692423567,-20.4516491092168,-3.98016774614305));
#2920=CARTESIAN_POINT('',(-16.6367571461337,-21.0386204517805,-3.69042335969512));
#2921=CARTESIAN_POINT('Ctrl Pts',(-16.2057868231919,-20.4516491092168,-3.51650082804087));
#2922=CARTESIAN_POINT('Ctrl Pts',(-16.2898459712698,-20.5305193245532,-3.55042376673097));
#2923=CARTESIAN_POINT('Ctrl Pts',(-16.4672548865272,-20.6969768686623,-3.62201896954906));
#2924=CARTESIAN_POINT('Ctrl Pts',(-16.5783176666376,-20.9208316198383,-3.66683950326356));
#2925=CARTESIAN_POINT('Ctrl Pts',(-16.6367571461337,-21.0386204517805,-3.69042335969511));
#2926=CARTESIAN_POINT('',(-16.4496395652985,-21.0386204517805,-4.15409027779729));
#2927=CARTESIAN_POINT('Ctrl Pts',(-15.3485474827817,-20.2461421287977,-3.70973317852292));
#2928=CARTESIAN_POINT('Ctrl Pts',(-15.5356650636169,-20.2461421287977,-3.24606626042074));
#2929=CARTESIAN_POINT('Ctrl Pts',(-15.4759312480561,-20.2522145274103,-3.76114021461987));
#2930=CARTESIAN_POINT('Ctrl Pts',(-15.6630488288914,-20.2522145274103,-3.29747329651769));
#2931=CARTESIAN_POINT('Ctrl Pts',(-15.7149775806842,-20.2636098933385,-3.85760983477732));
#2932=CARTESIAN_POINT('Ctrl Pts',(-15.9020951615194,-20.2636098933385,-3.39394291667514));
#2933=CARTESIAN_POINT('Ctrl Pts',(-15.9219765418635,-20.3917791098834,-3.94114640669798));
#2934=CARTESIAN_POINT('Ctrl Pts',(-16.1090941226987,-20.3917791098834,-3.47747948859581));
#2935=CARTESIAN_POINT('Ctrl Pts',(-16.0186692423567,-20.4516491092168,-3.98016774614305));
#2936=CARTESIAN_POINT('Ctrl Pts',(-16.2057868231919,-20.4516491092168,-3.51650082804087));
#2937=CARTESIAN_POINT('',(-15.3485474827817,-20.2461421287977,-3.70973317852292));
#2938=CARTESIAN_POINT('Ctrl Pts',(-15.3485474827817,-20.2461421287977,-3.70973317852292));
#2939=CARTESIAN_POINT('Ctrl Pts',(-15.4759312480561,-20.2522145274103,-3.76114021461987));
#2940=CARTESIAN_POINT('Ctrl Pts',(-15.7149775806842,-20.2636098933385,-3.85760983477732));
#2941=CARTESIAN_POINT('Ctrl Pts',(-15.9219765418635,-20.3917791098834,-3.94114640669798));
#2942=CARTESIAN_POINT('Ctrl Pts',(-16.0186692423567,-20.4516491092168,-3.98016774614305));
#2943=CARTESIAN_POINT('',(-15.5356650636169,-20.2461421287977,-3.24606626042074));
#2944=CARTESIAN_POINT('',(-15.3485474827817,-20.2461421287977,-3.70973317852292));
#2945=CARTESIAN_POINT('Ctrl Pts',(-15.5356650636169,-20.2461421287977,-3.24606626042074));
#2946=CARTESIAN_POINT('Ctrl Pts',(-15.6630488288914,-20.2522145274103,-3.29747329651769));
#2947=CARTESIAN_POINT('Ctrl Pts',(-15.9020951615194,-20.2636098933385,-3.39394291667514));
#2948=CARTESIAN_POINT('Ctrl Pts',(-16.1090941226987,-20.3917791098834,-3.4774794885958));
#2949=CARTESIAN_POINT('Ctrl Pts',(-16.2057868231919,-20.4516491092168,-3.51650082804087));
#2950=CARTESIAN_POINT('Ctrl Pts',(-14.8515610935306,-20.3791174090826,-3.5091691804587));
#2951=CARTESIAN_POINT('Ctrl Pts',(-15.0386786743659,-20.3791174090826,-3.04550226235652));
#2952=CARTESIAN_POINT('Ctrl Pts',(-14.9246698560125,-20.3403772308146,-3.53867297777391));
#2953=CARTESIAN_POINT('Ctrl Pts',(-15.1117874368477,-20.3403772308146,-3.07500605967173));
#2954=CARTESIAN_POINT('Ctrl Pts',(-15.0811063057683,-20.2574818876926,-3.60180452520579));
#2955=CARTESIAN_POINT('Ctrl Pts',(-15.2682238866035,-20.2574818876926,-3.13813760710361));
#2956=CARTESIAN_POINT('Ctrl Pts',(-15.2556009102107,-20.2500831513987,-3.67222362774972));
#2957=CARTESIAN_POINT('Ctrl Pts',(-15.4427184910459,-20.2500831513987,-3.20855670964754));
#2958=CARTESIAN_POINT('Ctrl Pts',(-15.3485474827817,-20.2461421287977,-3.70973317852292));
#2959=CARTESIAN_POINT('Ctrl Pts',(-15.5356650636169,-20.2461421287977,-3.24606626042074));
#2960=CARTESIAN_POINT('',(-14.8515610935306,-20.3791174090826,-3.5091691804587));
#2961=CARTESIAN_POINT('Ctrl Pts',(-14.8515610935306,-20.3791174090826,-3.5091691804587));
#2962=CARTESIAN_POINT('Ctrl Pts',(-14.9246698560125,-20.3403772308146,-3.53867297777391));
#2963=CARTESIAN_POINT('Ctrl Pts',(-15.0811063057683,-20.2574818876926,-3.60180452520579));
#2964=CARTESIAN_POINT('Ctrl Pts',(-15.2556009102107,-20.2500831513987,-3.67222362774972));
#2965=CARTESIAN_POINT('Ctrl Pts',(-15.3485474827817,-20.2461421287977,-3.70973317852292));
#2966=CARTESIAN_POINT('',(-15.0386786743659,-20.3791174090826,-3.04550226235652));
#2967=CARTESIAN_POINT('',(-14.8515610935306,-20.3791174090826,-3.5091691804587));
#2968=CARTESIAN_POINT('Ctrl Pts',(-15.0386786743659,-20.3791174090826,-3.04550226235652));
#2969=CARTESIAN_POINT('Ctrl Pts',(-15.1117874368477,-20.3403772308146,-3.07500605967173));
#2970=CARTESIAN_POINT('Ctrl Pts',(-15.2682238866035,-20.2574818876926,-3.13813760710361));
#2971=CARTESIAN_POINT('Ctrl Pts',(-15.4427184910459,-20.2500831513987,-3.20855670964754));
#2972=CARTESIAN_POINT('Ctrl Pts',(-15.5356650636169,-20.2461421287977,-3.24606626042074));
#2973=CARTESIAN_POINT('Ctrl Pts',(-14.5289562134944,-20.7377472318136,-3.37897864418948));
#2974=CARTESIAN_POINT('Ctrl Pts',(-14.7160737943296,-20.7377472318136,-2.9153117260873));
#2975=CARTESIAN_POINT('Ctrl Pts',(-14.5731606541207,-20.6666452319878,-3.39681780344205));
#2976=CARTESIAN_POINT('Ctrl Pts',(-14.760278234956,-20.6666452319878,-2.93315088533987));
#2977=CARTESIAN_POINT('Ctrl Pts',(-14.6605913539051,-20.5260146185753,-3.43210136669763));
#2978=CARTESIAN_POINT('Ctrl Pts',(-14.8477089347403,-20.5260146185753,-2.96843444859546));
#2979=CARTESIAN_POINT('Ctrl Pts',(-14.7883810874811,-20.4277165567937,-3.48367223550189));
#2980=CARTESIAN_POINT('Ctrl Pts',(-14.9754986683163,-20.4277165567937,-3.02000531739971));
#2981=CARTESIAN_POINT('Ctrl Pts',(-14.8515610935306,-20.3791174090826,-3.5091691804587));
#2982=CARTESIAN_POINT('Ctrl Pts',(-15.0386786743659,-20.3791174090826,-3.04550226235652));
#2983=CARTESIAN_POINT('',(-14.5289562134944,-20.7377472318136,-3.37897864418948));
#2984=CARTESIAN_POINT('Ctrl Pts',(-14.5289562134944,-20.7377472318136,-3.37897864418948));
#2985=CARTESIAN_POINT('Ctrl Pts',(-14.5731606541207,-20.6666452319878,-3.39681780344205));
#2986=CARTESIAN_POINT('Ctrl Pts',(-14.6605913539051,-20.5260146185753,-3.43210136669763));
#2987=CARTESIAN_POINT('Ctrl Pts',(-14.7883810874811,-20.4277165567937,-3.48367223550189));
#2988=CARTESIAN_POINT('Ctrl Pts',(-14.8515610935306,-20.3791174090826,-3.5091691804587));
#2989=CARTESIAN_POINT('',(-14.7160737943296,-20.7377472318136,-2.9153117260873));
#2990=CARTESIAN_POINT('',(-14.5289562134944,-20.7377472318136,-3.37897864418948));
#2991=CARTESIAN_POINT('Ctrl Pts',(-14.7160737943296,-20.7377472318136,-2.9153117260873));
#2992=CARTESIAN_POINT('Ctrl Pts',(-14.760278234956,-20.6666452319878,-2.93315088533987));
#2993=CARTESIAN_POINT('Ctrl Pts',(-14.8477089347403,-20.5260146185753,-2.96843444859545));
#2994=CARTESIAN_POINT('Ctrl Pts',(-14.9754986683163,-20.4277165567937,-3.02000531739971));
#2995=CARTESIAN_POINT('Ctrl Pts',(-15.0386786743659,-20.3791174090826,-3.04550226235652));
#2996=CARTESIAN_POINT('Ctrl Pts',(-14.3670308422144,-21.2159207261526,-3.31363198570071));
#2997=CARTESIAN_POINT('Ctrl Pts',(-14.5541484230496,-21.2159207261526,-2.84996506759854));
#2998=CARTESIAN_POINT('Ctrl Pts',(-14.3831591997997,-21.1321246088746,-3.32014075123129));
#2999=CARTESIAN_POINT('Ctrl Pts',(-14.570276780635,-21.1321246088746,-2.85647383312912));
#3000=CARTESIAN_POINT('Ctrl Pts',(-14.4154778759337,-20.9642104513878,-3.3331832872801));
#3001=CARTESIAN_POINT('Ctrl Pts',(-14.6025954567689,-20.9642104513878,-2.86951636917792));
#3002=CARTESIAN_POINT('Ctrl Pts',(-14.4910817853497,-20.8133313928222,-3.36369402694968));
#3003=CARTESIAN_POINT('Ctrl Pts',(-14.678199366185,-20.8133313928222,-2.9000271088475));
#3004=CARTESIAN_POINT('Ctrl Pts',(-14.5289562134944,-20.7377472318136,-3.37897864418948));
#3005=CARTESIAN_POINT('Ctrl Pts',(-14.7160737943296,-20.7377472318136,-2.9153117260873));
#3006=CARTESIAN_POINT('',(-14.3670308422144,-21.2159207261526,-3.31363198570071));
#3007=CARTESIAN_POINT('Ctrl Pts',(-14.3670308422144,-21.2159207261526,-3.31363198570071));
#3008=CARTESIAN_POINT('Ctrl Pts',(-14.3831591997997,-21.1321246088746,-3.32014075123129));
#3009=CARTESIAN_POINT('Ctrl Pts',(-14.4154778759337,-20.9642104513878,-3.3331832872801));
#3010=CARTESIAN_POINT('Ctrl Pts',(-14.4910817853497,-20.8133313928222,-3.36369402694968));
#3011=CARTESIAN_POINT('Ctrl Pts',(-14.5289562134944,-20.7377472318136,-3.37897864418948));
#3012=CARTESIAN_POINT('',(-14.5541484230496,-21.2159207261526,-2.84996506759854));
#3013=CARTESIAN_POINT('',(-14.3670308422144,-21.2159207261526,-3.31363198570071));
#3014=CARTESIAN_POINT('Ctrl Pts',(-14.5541484230496,-21.2159207261526,-2.84996506759853));
#3015=CARTESIAN_POINT('Ctrl Pts',(-14.570276780635,-21.1321246088746,-2.85647383312911));
#3016=CARTESIAN_POINT('Ctrl Pts',(-14.6025954567689,-20.9642104513878,-2.86951636917792));
#3017=CARTESIAN_POINT('Ctrl Pts',(-14.678199366185,-20.8133313928222,-2.9000271088475));
#3018=CARTESIAN_POINT('Ctrl Pts',(-14.7160737943296,-20.7377472318136,-2.9153117260873));
#3019=CARTESIAN_POINT('Ctrl Pts',(-14.3296635338781,-21.8257260120832,-3.29855202190508));
#3020=CARTESIAN_POINT('Ctrl Pts',(-14.5167811147133,-21.8257260120832,-2.8348851038029));
#3021=CARTESIAN_POINT('Ctrl Pts',(-14.3306663151307,-21.71565141239,-3.29895670465207));
#3022=CARTESIAN_POINT('Ctrl Pts',(-14.517783895966,-21.71565141239,-2.83528978654989));
#3023=CARTESIAN_POINT('Ctrl Pts',(-14.3325252899755,-21.5115930384066,-3.29970691317937));
#3024=CARTESIAN_POINT('Ctrl Pts',(-14.5196428708108,-21.5115930384066,-2.83603999507719));
#3025=CARTESIAN_POINT('Ctrl Pts',(-14.3561499582449,-21.3091572030056,-3.30924089242615));
#3026=CARTESIAN_POINT('Ctrl Pts',(-14.5432675390802,-21.3091572030056,-2.84557397432397));
#3027=CARTESIAN_POINT('Ctrl Pts',(-14.3670308422144,-21.2159207261526,-3.31363198570071));
#3028=CARTESIAN_POINT('Ctrl Pts',(-14.5541484230496,-21.2159207261526,-2.84996506759854));
#3029=CARTESIAN_POINT('',(-14.3296635338781,-21.8257260120832,-3.29855202190508));
#3030=CARTESIAN_POINT('Ctrl Pts',(-14.3296635338781,-21.8257260120832,-3.29855202190508));
#3031=CARTESIAN_POINT('Ctrl Pts',(-14.3306663151307,-21.71565141239,-3.29895670465207));
#3032=CARTESIAN_POINT('Ctrl Pts',(-14.3325252899755,-21.5115930384066,-3.29970691317937));
#3033=CARTESIAN_POINT('Ctrl Pts',(-14.3561499582449,-21.3091572030056,-3.30924089242615));
#3034=CARTESIAN_POINT('Ctrl Pts',(-14.3670308422144,-21.2159207261526,-3.31363198570071));
#3035=CARTESIAN_POINT('',(-14.5167811147133,-21.8257260120832,-2.8348851038029));
#3036=CARTESIAN_POINT('',(-14.3296635338781,-21.8257260120832,-3.29855202190508));
#3037=CARTESIAN_POINT('Ctrl Pts',(-14.5167811147133,-21.8257260120832,-2.8348851038029));
#3038=CARTESIAN_POINT('Ctrl Pts',(-14.517783895966,-21.71565141239,-2.83528978654989));
#3039=CARTESIAN_POINT('Ctrl Pts',(-14.5196428708108,-21.5115930384066,-2.83603999507719));
#3040=CARTESIAN_POINT('Ctrl Pts',(-14.5432675390802,-21.3091572030056,-2.84557397432397));
#3041=CARTESIAN_POINT('Ctrl Pts',(-14.5541484230496,-21.2159207261526,-2.84996506759853));
#3042=CARTESIAN_POINT('Origin',(-14.3296635338781,-23.5557461328231,-3.29855202190508));
#3043=CARTESIAN_POINT('',(-14.3296635338781,-23.5557461328231,-3.29855202190508));
#3044=CARTESIAN_POINT('',(-14.3296635338781,-25.3778730664116,-3.29855202190507));
#3045=CARTESIAN_POINT('',(-14.5167811147133,-23.5557461328231,-2.8348851038029));
#3046=CARTESIAN_POINT('',(-14.3296635338781,-23.5557461328231,-3.29855202190508));
#3047=CARTESIAN_POINT('',(-14.5167811147133,-23.5557461328231,-2.8348851038029));
#3048=CARTESIAN_POINT('Origin',(-18.0389989339689,-23.5557461328231,-4.79549269089307));
#3049=CARTESIAN_POINT('',(-18.0389989339689,-23.5557461328231,-4.79549269089307));
#3050=CARTESIAN_POINT('',(-12.0975173616792,-23.5557461328231,-2.39774634544653));
#3051=CARTESIAN_POINT('',(-18.2261165148041,-23.5557461328231,-4.33182577279089));
#3052=CARTESIAN_POINT('',(-18.0389989339689,-23.5557461328231,-4.79549269089307));
#3053=CARTESIAN_POINT('',(-18.2261165148041,-23.5557461328231,-4.33182577279089));
#3054=CARTESIAN_POINT('Origin',(-18.0389989339689,-22.5295540488683,-4.79549269089307));
#3055=CARTESIAN_POINT('',(-18.0389989339689,-22.5295540488683,-4.79549269089307));
#3056=CARTESIAN_POINT('',(-18.0389989339689,-24.8647770244342,-4.79549269089305));
#3057=CARTESIAN_POINT('',(-18.2261165148041,-22.5295540488683,-4.33182577279089));
#3058=CARTESIAN_POINT('',(-18.0389989339689,-22.5295540488683,-4.79549269089307));
#3059=CARTESIAN_POINT('',(-18.2261165148041,-22.5295540488683,-4.33182577279089));
#3060=CARTESIAN_POINT('Origin',(-16.6788260363105,-22.5295540488683,-4.24658084881204));
#3061=CARTESIAN_POINT('',(-16.6788260363105,-22.5295540488683,-4.24658084881204));
#3062=CARTESIAN_POINT('',(-11.41743091285,-22.5295540488683,-2.12329042440602));
#3063=CARTESIAN_POINT('',(-16.8659436171457,-22.5295540488683,-3.78291393070987));
#3064=CARTESIAN_POINT('',(-16.6788260363105,-22.5295540488683,-4.24658084881204));
#3065=CARTESIAN_POINT('',(-16.8659436171457,-22.5295540488683,-3.78291393070986));
#3066=CARTESIAN_POINT('Origin',(-16.6788260363105,-22.0516744054281,-4.24658084881204));
#3067=CARTESIAN_POINT('',(-16.6788260363105,-22.0516744054281,-4.24658084881204));
#3068=CARTESIAN_POINT('',(-16.6788260363105,-24.625837202714,-4.24658084881203));
#3069=CARTESIAN_POINT('',(-16.8659436171457,-22.0516744054281,-3.78291393070987));
#3070=CARTESIAN_POINT('',(-16.6788260363105,-22.0516744054281,-4.24658084881204));
#3071=CARTESIAN_POINT('',(-16.8659436171457,-22.0516744054281,-3.78291393070986));
#3072=CARTESIAN_POINT('Origin',(-18.0389989339689,-20.9634440935575,-4.79549269089307));
#3073=CARTESIAN_POINT('',(-18.0389989339689,-20.9634440935575,-4.79549269089307));
#3074=CARTESIAN_POINT('',(-12.8231858557211,-25.136447321729,-2.69059737231997));
#3075=CARTESIAN_POINT('',(-18.2261165148042,-20.9634440935575,-4.33182577279089));
#3076=CARTESIAN_POINT('',(-18.0389989339689,-20.9634440935575,-4.79549269089307));
#3077=CARTESIAN_POINT('',(-18.2261165148041,-20.9634440935575,-4.33182577279089));
#3078=CARTESIAN_POINT('Origin',(-18.0389989339689,-19.7034960783445,-4.79549269089307));
#3079=CARTESIAN_POINT('',(-18.0389989339689,-19.7034960783445,-4.79549269089307));
#3080=CARTESIAN_POINT('',(-18.0389989339689,-23.4517480391723,-4.79549269089305));
#3081=CARTESIAN_POINT('',(-18.2261165148042,-19.7034960783445,-4.33182577279089));
#3082=CARTESIAN_POINT('',(-18.0389989339689,-19.7034960783445,-4.79549269089307));
#3083=CARTESIAN_POINT('',(-18.2261165148042,-19.7034960783445,-4.33182577279089));
#3084=CARTESIAN_POINT('Origin',(-16.4496395652985,-21.0386204517805,-4.15409027779729));
#3085=CARTESIAN_POINT('',(-11.8615788067783,-24.892771920765,-2.30253090113683));
#3086=CARTESIAN_POINT('',(-16.6367571461337,-21.0386204517805,-3.69042335969511));
#3087=CARTESIAN_POINT('Origin',(-16.3714488147587,-21.6296211055838,-3.5833554382969));
#3088=CARTESIAN_POINT('Origin',(-6.15603578938942,-27.2,0.));
#3089=CARTESIAN_POINT('',(-18.8751066783347,-23.9,-5.13291261958601));
#3090=CARTESIAN_POINT('',(-15.544820136115,-27.2,-3.78894103796253));
#3091=CARTESIAN_POINT('Ctrl Pts',(-18.8751066783347,-23.9,-5.13291261958601));
#3092=CARTESIAN_POINT('Ctrl Pts',(-18.8751066783347,-24.2972540399032,-5.13291261958601));
#3093=CARTESIAN_POINT('Ctrl Pts',(-18.7852592166747,-24.7640090503676,-5.09665374707726));
#3094=CARTESIAN_POINT('Ctrl Pts',(-18.489906717806,-25.5064735186463,-4.97746119111884));
#3095=CARTESIAN_POINT('Ctrl Pts',(-18.2276432305551,-25.9100038544937,-4.87162204806188));
#3096=CARTESIAN_POINT('Ctrl Pts',(-17.6636483449317,-26.4939423897336,-4.6440160781703));
#3097=CARTESIAN_POINT('Ctrl Pts',(-17.2565238180512,-26.7707298601873,-4.47971676417054));
#3098=CARTESIAN_POINT('Ctrl Pts',(-16.4833278207225,-27.1004159630618,-4.16768552173511));
#3099=CARTESIAN_POINT('Ctrl Pts',(-15.9751979336689,-27.2,-3.96262444986756));
#3100=CARTESIAN_POINT('Ctrl Pts',(-15.544820136115,-27.2,-3.78894103796253));
#3101=CARTESIAN_POINT('',(-18.8751066783347,-19.5,-5.13291261958601));
#3102=CARTESIAN_POINT('',(-18.8751066783347,-27.2,-5.13291261958601));
#3103=CARTESIAN_POINT('',(-15.544820136115,-16.2,-3.78894103796253));
#3104=CARTESIAN_POINT('Ctrl Pts',(-15.544820136115,-16.2,-3.78894103796253));
#3105=CARTESIAN_POINT('Ctrl Pts',(-15.9751979336689,-16.2,-3.96262444986755));
#3106=CARTESIAN_POINT('Ctrl Pts',(-16.4833278207225,-16.2995840369382,-4.16768552173511));
#3107=CARTESIAN_POINT('Ctrl Pts',(-17.2565238180512,-16.6292701398127,-4.47971676417054));
#3108=CARTESIAN_POINT('Ctrl Pts',(-17.6636483449317,-16.9060576102664,-4.64401607817029));
#3109=CARTESIAN_POINT('Ctrl Pts',(-18.2276432305551,-17.4899961455063,-4.87162204806188));
#3110=CARTESIAN_POINT('Ctrl Pts',(-18.489906717806,-17.8935264813537,-4.97746119111884));
#3111=CARTESIAN_POINT('Ctrl Pts',(-18.7852592166747,-18.6359909496324,-5.09665374707726));
#3112=CARTESIAN_POINT('Ctrl Pts',(-18.8751066783347,-19.1027459600968,-5.13291261958601));
#3113=CARTESIAN_POINT('Ctrl Pts',(-18.8751066783347,-19.5,-5.13291261958601));
#3114=CARTESIAN_POINT('',(-7.55603578938943,-16.2,-0.564984481190852));
#3115=CARTESIAN_POINT('',(-6.15603578938943,-16.2,0.));
#3116=CARTESIAN_POINT('',(-6.15603578938943,-17.6,0.));
#3117=CARTESIAN_POINT('Origin',(-7.55603578938943,-17.6,-0.564984481190852));
#3118=CARTESIAN_POINT('',(-6.15603578938942,-25.8,0.));
#3119=CARTESIAN_POINT('',(-6.15603578938942,-27.2,0.));
#3120=CARTESIAN_POINT('',(-7.55603578938942,-27.2,-0.564984481190852));
#3121=CARTESIAN_POINT('Origin',(-7.55603578938942,-25.8,-0.564984481190852));
#3122=CARTESIAN_POINT('',(-6.15603578938942,-27.2,0.));
#3123=CARTESIAN_POINT('Origin',(-7.86018325323344,-23.9,4.89512123963966));
#3124=CARTESIAN_POINT('',(-22.1532229843531,-23.9,0.700003078341394));
#3125=CARTESIAN_POINT('Ctrl Pts',(-22.1532229843531,-23.9,0.700003078341394));
#3126=CARTESIAN_POINT('Ctrl Pts',(-22.1532229843531,-24.3008753887595,0.700003078341394));
#3127=CARTESIAN_POINT('Ctrl Pts',(-22.0568576876253,-24.7721749547654,0.700003078341394));
#3128=CARTESIAN_POINT('Ctrl Pts',(-21.7407193841313,-25.5183205904884,0.700003078341394));
#3129=CARTESIAN_POINT('Ctrl Pts',(-21.4619112469168,-25.9229402102912,0.700003078341395));
#3130=CARTESIAN_POINT('Ctrl Pts',(-20.8816862349052,-26.4881432663618,0.700003078341395));
#3131=CARTESIAN_POINT('Ctrl Pts',(-20.4846034774933,-26.751108403793,0.700003078341395));
#3132=CARTESIAN_POINT('Ctrl Pts',(-20.1092302846005,-26.9105366089558,0.700003078341395));
#3133=CARTESIAN_POINT('Origin',(-7.86018325323344,-23.9,4.89512123963966));
#3134=CARTESIAN_POINT('Origin',(-7.86018325323344,-27.2,4.89512123963966));
#3135=CARTESIAN_POINT('Origin',(-14.8522422496654,-27.2,-1.60689796776504));
#3136=CARTESIAN_POINT('',(-7.55603578938942,-27.2,-0.603448985778124));
#3137=CARTESIAN_POINT('Origin',(-19.7750173815726,-27.2,0.400002515033196));
#3138=CARTESIAN_POINT('Origin',(-7.86018325323344,-19.5,4.89512123963966));
#3139=CARTESIAN_POINT('Origin',(-7.86018325323344,-16.2,4.89512123963966));
#3140=CARTESIAN_POINT('',(-22.1532229843531,-19.5,0.700003078341394));
#3141=CARTESIAN_POINT('Origin',(-7.86018325323344,-19.5,4.89512123963966));
#3142=CARTESIAN_POINT('Ctrl Pts',(-20.1092302846005,-16.4894633910442,0.700003078341395));
#3143=CARTESIAN_POINT('Ctrl Pts',(-20.4846034774933,-16.648891596207,0.700003078341395));
#3144=CARTESIAN_POINT('Ctrl Pts',(-20.8816862349052,-16.9118567336382,0.700003078341395));
#3145=CARTESIAN_POINT('Ctrl Pts',(-21.4619112469168,-17.4770597897088,0.700003078341395));
#3146=CARTESIAN_POINT('Ctrl Pts',(-21.7407193841313,-17.8816794095116,0.700003078341394));
#3147=CARTESIAN_POINT('Ctrl Pts',(-22.0568576876253,-18.6278250452346,0.700003078341394));
#3148=CARTESIAN_POINT('Ctrl Pts',(-22.1532229843531,-19.0991246112405,0.700003078341394));
#3149=CARTESIAN_POINT('Ctrl Pts',(-22.1532229843531,-19.5,0.700003078341394));
#3150=CARTESIAN_POINT('Origin',(-7.86018325323344,-27.2,4.89512123963966));
#3151=CARTESIAN_POINT('',(-22.1532229843531,-27.2,0.700003078341394));
#3152=CARTESIAN_POINT('Origin',(-6.15603578938942,-27.2,0.));
#3153=CARTESIAN_POINT('Origin',(-14.8522422496654,-16.2,-1.60689796776504));
#3154=CARTESIAN_POINT('',(-7.55603578938943,-16.2,-0.603448985778124));
#3155=CARTESIAN_POINT('Origin',(-7.55603578938942,-25.8,-0.603448985778124));
#3156=CARTESIAN_POINT('',(-6.15603578938942,-25.8,-0.603448985778124));
#3157=CARTESIAN_POINT('Origin',(-6.15603578938942,-27.2,0.399999996208791));
#3158=CARTESIAN_POINT('',(-6.15603578938943,-17.6,-0.603448985778124));
#3159=CARTESIAN_POINT('Origin',(-7.55603578938943,-17.6,-0.603448985778124));
#3160=CARTESIAN_POINT('Origin',(-7.95603578938943,-20.35,4.99999999620879));
#3161=CARTESIAN_POINT('',(-7.95603578938943,-19.95,5.47499999620879));
#3162=CARTESIAN_POINT('Origin',(-7.95603578938943,-19.95,4.99999999620879));
#3163=CARTESIAN_POINT('',(-7.95603578938943,-20.35,5.87499999620879));
#3164=CARTESIAN_POINT('Origin',(-7.95603578938943,-20.35,5.47499999620879));
#3165=CARTESIAN_POINT('',(-7.08103578938942,-20.35,4.99999999620879));
#3166=CARTESIAN_POINT('Origin',(-7.95603578938943,-20.35,4.99999999620879));
#3167=CARTESIAN_POINT('Origin',(-7.95603578938943,-20.35,4.99999999620879));
#3168=CARTESIAN_POINT('Origin',(-7.95603578938943,-20.7,4.99999999620879));
#3169=CARTESIAN_POINT('',(-7.08103578938942,-20.7,4.99999999620879));
#3170=CARTESIAN_POINT('Origin',(-7.95603578938943,-20.7,4.99999999620879));
#3171=CARTESIAN_POINT('',(-7.08103578938943,-20.7,4.99999999620879));
#3172=CARTESIAN_POINT('Origin',(-7.95603578938943,-19.95,4.99999999620879));
#3173=CARTESIAN_POINT('Origin',(-7.95603578938943,-23.05,4.99999999620879));
#3174=CARTESIAN_POINT('',(-7.95603578938943,-23.45,4.52499999620879));
#3175=CARTESIAN_POINT('Origin',(-7.95603578938943,-23.45,4.99999999620879));
#3176=CARTESIAN_POINT('',(-7.95603578938943,-23.05,4.12499999620879));
#3177=CARTESIAN_POINT('Origin',(-7.95603578938943,-23.05,4.52499999620879));
#3178=CARTESIAN_POINT('',(-7.08103578938942,-23.05,4.99999999620879));
#3179=CARTESIAN_POINT('Origin',(-7.95603578938943,-23.05,4.99999999620879));
#3180=CARTESIAN_POINT('Origin',(-7.95603578938943,-23.05,4.99999999620879));
#3181=CARTESIAN_POINT('Origin',(-7.95603578938943,-20.7,4.99999999620879));
#3182=CARTESIAN_POINT('',(-7.08103578938942,-22.7,4.99999999620879));
#3183=CARTESIAN_POINT('',(-7.08103578938943,-20.7,4.99999999620879));
#3184=CARTESIAN_POINT('Origin',(-7.95603578938943,-22.7,4.99999999620879));
#3185=CARTESIAN_POINT('Origin',(-7.95603578938943,-23.45,4.99999999620879));
#3186=CARTESIAN_POINT('Origin',(-7.95603578938943,-21.7,4.99999999620879));
#3187=CARTESIAN_POINT('',(-9.45269874409901,-22.7,4.99999999620879));
#3188=CARTESIAN_POINT('',(-6.45937283467985,-22.7,4.99999999620879));
#3189=CARTESIAN_POINT('Origin',(-7.95603578938943,-22.7,4.99999999620879));
#3190=CARTESIAN_POINT('',(-6.15603578938943,-21.7,4.99999999620879));
#3191=CARTESIAN_POINT('Origin',(-7.95603578938943,-21.7,4.99999999620879));
#3192=CARTESIAN_POINT('',(-7.95603578938943,-21.7,6.79999999620879));
#3193=CARTESIAN_POINT('Origin',(-7.95603578938943,-21.7,4.99999999620879));
#3194=CARTESIAN_POINT('',(-6.45937283467985,-20.7,4.99999999620879));
#3195=CARTESIAN_POINT('Origin',(-7.95603578938943,-21.7,4.99999999620879));
#3196=CARTESIAN_POINT('',(-9.45269874409901,-20.7,4.99999999620879));
#3197=CARTESIAN_POINT('Origin',(-7.95603578938943,-20.7,4.99999999620879));
#3198=CARTESIAN_POINT('Origin',(-7.95603578938943,-21.7,4.99999999620879));
#3199=CARTESIAN_POINT('Origin',(-9.45269874409901,-22.7,6.79999999620879));
#3200=CARTESIAN_POINT('',(-9.45269874409901,-22.7,2.09999999620879));
#3201=CARTESIAN_POINT('',(-9.45269874409901,-22.7,0.399999996208791));
#3202=CARTESIAN_POINT('',(-6.45937283467985,-22.7,2.09999999620879));
#3203=CARTESIAN_POINT('',(-6.45937283467985,-22.7,2.09999999620879));
#3204=CARTESIAN_POINT('',(-6.45937283467985,-22.7,0.399999996208791));
#3205=CARTESIAN_POINT('Origin',(-6.45937283467985,-20.7,6.79999999620879));
#3206=CARTESIAN_POINT('',(-6.45937283467985,-20.7,2.09999999620879));
#3207=CARTESIAN_POINT('',(-6.45937283467985,-20.7,0.399999996208791));
#3208=CARTESIAN_POINT('',(-9.45269874409901,-20.7,2.09999999620879));
#3209=CARTESIAN_POINT('',(-6.45937283467985,-20.7,2.09999999620879));
#3210=CARTESIAN_POINT('',(-9.45269874409901,-20.7,0.399999996208791));
#3211=CARTESIAN_POINT('Origin',(-7.95603578938943,-23.1,2.09999999620879));
#3212=CARTESIAN_POINT('Origin',(-7.95603578938943,-21.7,2.09999999620879));
#3213=CARTESIAN_POINT('Origin',(-7.95603578938943,-20.3,2.09999999620879));
#3214=CARTESIAN_POINT('Origin',(-7.95603578938943,-21.7,2.09999999620879));
#3215=CARTESIAN_POINT('Origin',(-7.95603578938943,-21.7,0.399999996208791));
#3216=CARTESIAN_POINT('',(-6.15603578938943,-21.7,0.399999996208791));
#3217=CARTESIAN_POINT('Origin',(-22.1532229843531,-27.2,0.700003078341394));
#3218=UNCERTAINTY_MEASURE_WITH_UNIT(LENGTH_MEASURE(0.01),#3222,
'DISTANCE_ACCURACY_VALUE',
'Maximum model space distance between geometric entities at asserted c
onnectivities');
#3219=UNCERTAINTY_MEASURE_WITH_UNIT(LENGTH_MEASURE(0.01),#3222,
'DISTANCE_ACCURACY_VALUE',
'Maximum model space distance between geometric entities at asserted c
onnectivities');
#3220=(
GEOMETRIC_REPRESENTATION_CONTEXT(3)
GLOBAL_UNCERTAINTY_ASSIGNED_CONTEXT((#3218))
GLOBAL_UNIT_ASSIGNED_CONTEXT((#3222,#3223,#3224))
REPRESENTATION_CONTEXT('','3D')
);
#3221=(
GEOMETRIC_REPRESENTATION_CONTEXT(3)
GLOBAL_UNCERTAINTY_ASSIGNED_CONTEXT((#3219))
GLOBAL_UNIT_ASSIGNED_CONTEXT((#3222,#3223,#3224))
REPRESENTATION_CONTEXT('','3D')
);
#3222=(
LENGTH_UNIT()
NAMED_UNIT(*)
SI_UNIT(.MILLI.,.METRE.)
);
#3223=(
NAMED_UNIT(*)
PLANE_ANGLE_UNIT()
SI_UNIT($,.RADIAN.)
);
#3224=(
NAMED_UNIT(*)
SI_UNIT($,.STERADIAN.)
SOLID_ANGLE_UNIT()
);
#3225=SHAPE_DEFINITION_REPRESENTATION(#3226,#3227);
#3226=PRODUCT_DEFINITION_SHAPE('',$,#3229);
#3227=SHAPE_REPRESENTATION('',(#1554),#3220);
#3228=PRODUCT_DEFINITION_CONTEXT('part definition',#3233,'design');
#3229=PRODUCT_DEFINITION('Xii-Boy Ultra','Xii-Boy Ultra v221',#3230,#3228);
#3230=PRODUCT_DEFINITION_FORMATION('',$,#3235);
#3231=PRODUCT_RELATED_PRODUCT_CATEGORY('Xii-Boy Ultra v221',
'Xii-Boy Ultra v221',(#3235));
#3232=APPLICATION_PROTOCOL_DEFINITION('international standard',
'automotive_design',2009,#3233);
#3233=APPLICATION_CONTEXT(
'Core Data for Automotive Mechanical Design Process');
#3234=PRODUCT_CONTEXT('part definition',#3233,'mechanical');
#3235=PRODUCT('Xii-Boy Ultra','Xii-Boy Ultra v221',$,(#3234));
#3236=PRESENTATION_STYLE_ASSIGNMENT((#3270));
#3237=PRESENTATION_STYLE_ASSIGNMENT((#3271));
#3238=PRESENTATION_STYLE_ASSIGNMENT((#3272));
#3239=PRESENTATION_STYLE_ASSIGNMENT((#3273));
#3240=PRESENTATION_STYLE_ASSIGNMENT((#3274));
#3241=PRESENTATION_STYLE_ASSIGNMENT((#3275));
#3242=PRESENTATION_STYLE_ASSIGNMENT((#3276));
#3243=PRESENTATION_STYLE_ASSIGNMENT((#3277));
#3244=PRESENTATION_STYLE_ASSIGNMENT((#3278));
#3245=PRESENTATION_STYLE_ASSIGNMENT((#3279));
#3246=PRESENTATION_STYLE_ASSIGNMENT((#3280));
#3247=PRESENTATION_STYLE_ASSIGNMENT((#3281));
#3248=PRESENTATION_STYLE_ASSIGNMENT((#3282));
#3249=PRESENTATION_STYLE_ASSIGNMENT((#3283));
#3250=PRESENTATION_STYLE_ASSIGNMENT((#3284));
#3251=PRESENTATION_STYLE_ASSIGNMENT((#3285));
#3252=PRESENTATION_STYLE_ASSIGNMENT((#3286));
#3253=PRESENTATION_STYLE_ASSIGNMENT((#3287));
#3254=PRESENTATION_STYLE_ASSIGNMENT((#3288));
#3255=PRESENTATION_STYLE_ASSIGNMENT((#3289));
#3256=PRESENTATION_STYLE_ASSIGNMENT((#3290));
#3257=PRESENTATION_STYLE_ASSIGNMENT((#3291));
#3258=PRESENTATION_STYLE_ASSIGNMENT((#3292));
#3259=PRESENTATION_STYLE_ASSIGNMENT((#3293));
#3260=PRESENTATION_STYLE_ASSIGNMENT((#3294));
#3261=PRESENTATION_STYLE_ASSIGNMENT((#3295));
#3262=PRESENTATION_STYLE_ASSIGNMENT((#3296));
#3263=PRESENTATION_STYLE_ASSIGNMENT((#3297));
#3264=PRESENTATION_STYLE_ASSIGNMENT((#3298));
#3265=PRESENTATION_STYLE_ASSIGNMENT((#3299));
#3266=PRESENTATION_STYLE_ASSIGNMENT((#3300));
#3267=PRESENTATION_STYLE_ASSIGNMENT((#3301));
#3268=PRESENTATION_STYLE_ASSIGNMENT((#3302));
#3269=PRESENTATION_STYLE_ASSIGNMENT((#3303));
#3270=SURFACE_STYLE_USAGE(.BOTH.,#3304);
#3271=SURFACE_STYLE_USAGE(.BOTH.,#3305);
#3272=SURFACE_STYLE_USAGE(.BOTH.,#3306);
#3273=SURFACE_STYLE_USAGE(.BOTH.,#3307);
#3274=SURFACE_STYLE_USAGE(.BOTH.,#3308);
#3275=SURFACE_STYLE_USAGE(.BOTH.,#3309);
#3276=SURFACE_STYLE_USAGE(.BOTH.,#3310);
#3277=SURFACE_STYLE_USAGE(.BOTH.,#3311);
#3278=SURFACE_STYLE_USAGE(.BOTH.,#3312);
#3279=SURFACE_STYLE_USAGE(.BOTH.,#3313);
#3280=SURFACE_STYLE_USAGE(.BOTH.,#3314);
#3281=SURFACE_STYLE_USAGE(.BOTH.,#3315);
#3282=SURFACE_STYLE_USAGE(.BOTH.,#3316);
#3283=SURFACE_STYLE_USAGE(.BOTH.,#3317);
#3284=SURFACE_STYLE_USAGE(.BOTH.,#3318);
#3285=SURFACE_STYLE_USAGE(.BOTH.,#3319);
#3286=SURFACE_STYLE_USAGE(.BOTH.,#3320);
#3287=SURFACE_STYLE_USAGE(.BOTH.,#3321);
#3288=SURFACE_STYLE_USAGE(.BOTH.,#3322);
#3289=SURFACE_STYLE_USAGE(.BOTH.,#3323);
#3290=SURFACE_STYLE_USAGE(.BOTH.,#3324);
#3291=SURFACE_STYLE_USAGE(.BOTH.,#3325);
#3292=SURFACE_STYLE_USAGE(.BOTH.,#3326);
#3293=SURFACE_STYLE_USAGE(.BOTH.,#3327);
#3294=SURFACE_STYLE_USAGE(.BOTH.,#3328);
#3295=SURFACE_STYLE_USAGE(.BOTH.,#3329);
#3296=SURFACE_STYLE_USAGE(.BOTH.,#3330);
#3297=SURFACE_STYLE_USAGE(.BOTH.,#3331);
#3298=SURFACE_STYLE_USAGE(.BOTH.,#3332);
#3299=SURFACE_STYLE_USAGE(.BOTH.,#3333);
#3300=SURFACE_STYLE_USAGE(.BOTH.,#3334);
#3301=SURFACE_STYLE_USAGE(.BOTH.,#3335);
#3302=SURFACE_STYLE_USAGE(.BOTH.,#3336);
#3303=SURFACE_STYLE_USAGE(.BOTH.,#3337);
#3304=SURFACE_SIDE_STYLE('',(#3338));
#3305=SURFACE_SIDE_STYLE('',(#3339));
#3306=SURFACE_SIDE_STYLE('',(#3340));
#3307=SURFACE_SIDE_STYLE('',(#3341));
#3308=SURFACE_SIDE_STYLE('',(#3342));
#3309=SURFACE_SIDE_STYLE('',(#3343));
#3310=SURFACE_SIDE_STYLE('',(#3344));
#3311=SURFACE_SIDE_STYLE('',(#3345));
#3312=SURFACE_SIDE_STYLE('',(#3346));
#3313=SURFACE_SIDE_STYLE('',(#3347));
#3314=SURFACE_SIDE_STYLE('',(#3348));
#3315=SURFACE_SIDE_STYLE('',(#3349));
#3316=SURFACE_SIDE_STYLE('',(#3350));
#3317=SURFACE_SIDE_STYLE('',(#3351));
#3318=SURFACE_SIDE_STYLE('',(#3352));
#3319=SURFACE_SIDE_STYLE('',(#3353));
#3320=SURFACE_SIDE_STYLE('',(#3354));
#3321=SURFACE_SIDE_STYLE('',(#3355));
#3322=SURFACE_SIDE_STYLE('',(#3356));
#3323=SURFACE_SIDE_STYLE('',(#3357));
#3324=SURFACE_SIDE_STYLE('',(#3358));
#3325=SURFACE_SIDE_STYLE('',(#3359));
#3326=SURFACE_SIDE_STYLE('',(#3360));
#3327=SURFACE_SIDE_STYLE('',(#3361));
#3328=SURFACE_SIDE_STYLE('',(#3362));
#3329=SURFACE_SIDE_STYLE('',(#3363));
#3330=SURFACE_SIDE_STYLE('',(#3364));
#3331=SURFACE_SIDE_STYLE('',(#3365));
#3332=SURFACE_SIDE_STYLE('',(#3366));
#3333=SURFACE_SIDE_STYLE('',(#3367));
#3334=SURFACE_SIDE_STYLE('',(#3368));
#3335=SURFACE_SIDE_STYLE('',(#3369));
#3336=SURFACE_SIDE_STYLE('',(#3370));
#3337=SURFACE_SIDE_STYLE('',(#3371));
#3338=SURFACE_STYLE_FILL_AREA(#3372);
#3339=SURFACE_STYLE_FILL_AREA(#3373);
#3340=SURFACE_STYLE_FILL_AREA(#3374);
#3341=SURFACE_STYLE_FILL_AREA(#3375);
#3342=SURFACE_STYLE_FILL_AREA(#3376);
#3343=SURFACE_STYLE_FILL_AREA(#3377);
#3344=SURFACE_STYLE_FILL_AREA(#3378);
#3345=SURFACE_STYLE_FILL_AREA(#3379);
#3346=SURFACE_STYLE_FILL_AREA(#3380);
#3347=SURFACE_STYLE_FILL_AREA(#3381);
#3348=SURFACE_STYLE_FILL_AREA(#3382);
#3349=SURFACE_STYLE_FILL_AREA(#3383);
#3350=SURFACE_STYLE_FILL_AREA(#3384);
#3351=SURFACE_STYLE_FILL_AREA(#3385);
#3352=SURFACE_STYLE_FILL_AREA(#3386);
#3353=SURFACE_STYLE_FILL_AREA(#3387);
#3354=SURFACE_STYLE_FILL_AREA(#3388);
#3355=SURFACE_STYLE_FILL_AREA(#3389);
#3356=SURFACE_STYLE_FILL_AREA(#3390);
#3357=SURFACE_STYLE_FILL_AREA(#3391);
#3358=SURFACE_STYLE_FILL_AREA(#3392);
#3359=SURFACE_STYLE_FILL_AREA(#3393);
#3360=SURFACE_STYLE_FILL_AREA(#3394);
#3361=SURFACE_STYLE_FILL_AREA(#3395);
#3362=SURFACE_STYLE_FILL_AREA(#3396);
#3363=SURFACE_STYLE_FILL_AREA(#3397);
#3364=SURFACE_STYLE_FILL_AREA(#3398);
#3365=SURFACE_STYLE_FILL_AREA(#3399);
#3366=SURFACE_STYLE_FILL_AREA(#3400);
#3367=SURFACE_STYLE_FILL_AREA(#3401);
#3368=SURFACE_STYLE_FILL_AREA(#3402);
#3369=SURFACE_STYLE_FILL_AREA(#3403);
#3370=SURFACE_STYLE_FILL_AREA(#3404);
#3371=SURFACE_STYLE_FILL_AREA(#3405);
#3372=FILL_AREA_STYLE('Opaque(80,124,105)',(#3406));
#3373=FILL_AREA_STYLE('Opaque(50,50,50)',(#3407));
#3374=FILL_AREA_STYLE('Opaque(218,205,0)',(#3408));
#3375=FILL_AREA_STYLE('Opaque(52,52,52)',(#3409));
#3376=FILL_AREA_STYLE('Opaque(191,191,191)',(#3410));
#3377=FILL_AREA_STYLE('Opaque(15,102,15)',(#3411));
#3378=FILL_AREA_STYLE('Opaque(202,209,238)',(#3412));
#3379=FILL_AREA_STYLE('Opaque(255,255,255)',(#3413));
#3380=FILL_AREA_STYLE('Opaque(152,170,175)',(#3414));
#3381=FILL_AREA_STYLE('Opaque(204,203,178)',(#3415));
#3382=FILL_AREA_STYLE('Opaque(234,234,234)',(#3416));
#3383=FILL_AREA_STYLE('Opaque(69,69,69)',(#3417));
#3384=FILL_AREA_STYLE('Opaque(64,64,64)',(#3418));
#3385=FILL_AREA_STYLE('Opaque(225,225,225)',(#3419));
#3386=FILL_AREA_STYLE('Opaque(25,25,25)',(#3420));
#3387=FILL_AREA_STYLE('Opaque(211,84,18)',(#3421));
#3388=FILL_AREA_STYLE('Opaque(70,70,70)',(#3422));
#3389=FILL_AREA_STYLE('Opaque(219,219,219)',(#3423));
#3390=FILL_AREA_STYLE('Opaque(204,204,204)',(#3424));
#3391=FILL_AREA_STYLE('Opaque(160,160,160)',(#3425));
#3392=FILL_AREA_STYLE('Opaque(220,220,220)',(#3426));
#3393=FILL_AREA_STYLE('Opaque(63,63,63)',(#3427));
#3394=FILL_AREA_STYLE('Opaque(176,176,176)',(#3428));
#3395=FILL_AREA_STYLE('Powder Coat - Rough (Dark Grey)',(#3429));
#3396=FILL_AREA_STYLE('Opaque(21,22,24)',(#3430));
#3397=FILL_AREA_STYLE('Aluminum - Polished',(#3431));
#3398=FILL_AREA_STYLE('Gold - Polished',(#3432));
#3399=FILL_AREA_STYLE('Steel - Satin',(#3433));
#3400=FILL_AREA_STYLE('Opaque(246,246,243)',(#3434));
#3401=FILL_AREA_STYLE('Plastic - Glossy (Black)',(#3435));
#3402=FILL_AREA_STYLE('Copper - Polished',(#3436));
#3403=FILL_AREA_STYLE('Aluminum - Anodized Rough (Red)',(#3437));
#3404=FILL_AREA_STYLE('Glass (Clear)',(#3438));
#3405=FILL_AREA_STYLE('Opaque(243,243,243)',(#3439));
#3406=FILL_AREA_STYLE_COLOUR('Opaque(80,124,105)',#3440);
#3407=FILL_AREA_STYLE_COLOUR('Opaque(50,50,50)',#3441);
#3408=FILL_AREA_STYLE_COLOUR('Opaque(218,205,0)',#3442);
#3409=FILL_AREA_STYLE_COLOUR('Opaque(52,52,52)',#3443);
#3410=FILL_AREA_STYLE_COLOUR('Opaque(191,191,191)',#3444);
#3411=FILL_AREA_STYLE_COLOUR('Opaque(15,102,15)',#3445);
#3412=FILL_AREA_STYLE_COLOUR('Opaque(202,209,238)',#3446);
#3413=FILL_AREA_STYLE_COLOUR('Opaque(255,255,255)',#3447);
#3414=FILL_AREA_STYLE_COLOUR('Opaque(152,170,175)',#3448);
#3415=FILL_AREA_STYLE_COLOUR('Opaque(204,203,178)',#3449);
#3416=FILL_AREA_STYLE_COLOUR('Opaque(234,234,234)',#3450);
#3417=FILL_AREA_STYLE_COLOUR('Opaque(69,69,69)',#3451);
#3418=FILL_AREA_STYLE_COLOUR('Opaque(64,64,64)',#3452);
#3419=FILL_AREA_STYLE_COLOUR('Opaque(225,225,225)',#3453);
#3420=FILL_AREA_STYLE_COLOUR('Opaque(25,25,25)',#3454);
#3421=FILL_AREA_STYLE_COLOUR('Opaque(211,84,18)',#3455);
#3422=FILL_AREA_STYLE_COLOUR('Opaque(70,70,70)',#3456);
#3423=FILL_AREA_STYLE_COLOUR('Opaque(219,219,219)',#3457);
#3424=FILL_AREA_STYLE_COLOUR('Opaque(204,204,204)',#3458);
#3425=FILL_AREA_STYLE_COLOUR('Opaque(160,160,160)',#3459);
#3426=FILL_AREA_STYLE_COLOUR('Opaque(220,220,220)',#3460);
#3427=FILL_AREA_STYLE_COLOUR('Opaque(63,63,63)',#3461);
#3428=FILL_AREA_STYLE_COLOUR('Opaque(176,176,176)',#3462);
#3429=FILL_AREA_STYLE_COLOUR('Powder Coat - Rough (Dark Grey)',#3463);
#3430=FILL_AREA_STYLE_COLOUR('Opaque(21,22,24)',#3464);
#3431=FILL_AREA_STYLE_COLOUR('Aluminum - Polished',#3465);
#3432=FILL_AREA_STYLE_COLOUR('Gold - Polished',#3466);
#3433=FILL_AREA_STYLE_COLOUR('Steel - Satin',#3467);
#3434=FILL_AREA_STYLE_COLOUR('Opaque(246,246,243)',#3468);
#3435=FILL_AREA_STYLE_COLOUR('Plastic - Glossy (Black)',#3469);
#3436=FILL_AREA_STYLE_COLOUR('Copper - Polished',#3470);
#3437=FILL_AREA_STYLE_COLOUR('Aluminum - Anodized Rough (Red)',#3471);
#3438=FILL_AREA_STYLE_COLOUR('Glass (Clear)',#3472);
#3439=FILL_AREA_STYLE_COLOUR('Opaque(243,243,243)',#3473);
#3440=COLOUR_RGB('Opaque(80,124,105)',0.313725490196078,0.486274509803922,
0.411764705882353);
#3441=COLOUR_RGB('Opaque(50,50,50)',0.196078431372549,0.196078431372549,
0.196078431372549);
#3442=COLOUR_RGB('Opaque(218,205,0)',0.854901960784314,0.803921568627451,
0.);
#3443=COLOUR_RGB('Opaque(52,52,52)',0.203921568627451,0.203921568627451,
0.203921568627451);
#3444=COLOUR_RGB('Opaque(191,191,191)',0.749019607843137,0.749019607843137,
0.749019607843137);
#3445=COLOUR_RGB('Opaque(15,102,15)',0.0588235294117647,0.4,0.0588235294117647);
#3446=COLOUR_RGB('Opaque(202,209,238)',0.792156862745098,0.819607843137255,
0.933333333333333);
#3447=COLOUR_RGB('Opaque(255,255,255)',1.,1.,1.);
#3448=COLOUR_RGB('Opaque(152,170,175)',0.596078431372549,0.666666666666667,
0.686274509803922);
#3449=COLOUR_RGB('Opaque(204,203,178)',0.8,0.796078431372549,0.698039215686274);
#3450=COLOUR_RGB('Opaque(234,234,234)',0.917647058823529,0.917647058823529,
0.917647058823529);
#3451=COLOUR_RGB('Opaque(69,69,69)',0.270588235294118,0.270588235294118,
0.270588235294118);
#3452=COLOUR_RGB('Opaque(64,64,64)',0.250980392156863,0.250980392156863,
0.250980392156863);
#3453=COLOUR_RGB('Opaque(225,225,225)',0.882352941176471,0.882352941176471,
0.882352941176471);
#3454=COLOUR_RGB('Opaque(25,25,25)',0.0980392156862745,0.0980392156862745,
0.0980392156862745);
#3455=COLOUR_RGB('Opaque(211,84,18)',0.827450980392157,0.329411764705882,
0.0705882352941176);
#3456=COLOUR_RGB('Opaque(70,70,70)',0.274509803921569,0.274509803921569,
0.274509803921569);
#3457=COLOUR_RGB('Opaque(219,219,219)',0.858823529411765,0.858823529411765,
0.858823529411765);
#3458=COLOUR_RGB('Opaque(204,204,204)',0.8,0.8,0.8);
#3459=COLOUR_RGB('Opaque(160,160,160)',0.627450980392157,0.627450980392157,
0.627450980392157);
#3460=COLOUR_RGB('Opaque(220,220,220)',0.862745098039216,0.862745098039216,
0.862745098039216);
#3461=COLOUR_RGB('Opaque(63,63,63)',0.250980392156863,0.250980392156863,
0.250980392156863);
#3462=COLOUR_RGB('Opaque(176,176,176)',0.690196078431373,0.690196078431373,
0.690196078431373);
#3463=COLOUR_RGB('Powder Coat - Rough (Dark Grey)',0.349019607843137,0.349019607843137,
0.349019607843137);
#3464=COLOUR_RGB('Opaque(21,22,24)',0.0823529411764706,0.0862745098039216,
0.0941176470588235);
#3465=COLOUR_RGB('Aluminum - Polished',0.96078431372549,0.96078431372549,
0.964705882352941);
#3466=COLOUR_RGB('Gold - Polished',0.956862745098039,0.898039215686275,
0.654901960784314);
#3467=COLOUR_RGB('Steel - Satin',0.627450980392157,0.627450980392157,0.627450980392157);
#3468=COLOUR_RGB('Opaque(246,246,243)',0.964705882352941,0.964705882352941,
0.952941176470588);
#3469=COLOUR_RGB('Plastic - Glossy (Black)',0.0980392156862745,0.0980392156862745,
0.0980392156862745);
#3470=COLOUR_RGB('Copper - Polished',0.929411764705882,0.807843137254902,
0.764705882352941);
#3471=COLOUR_RGB('Aluminum - Anodized Rough (Red)',0.854901960784314,0.349019607843137,
0.349019607843137);
#3472=COLOUR_RGB('Glass (Clear)',0.964705882352941,0.964705882352941,0.952941176470588);
#3473=COLOUR_RGB('Opaque(243,243,243)',0.952941176470588,0.952941176470588,
0.952941176470588);
ENDSEC;
END-ISO-10303-21;
