ISO-10303-21;
HEADER;
/* Generated by software containing ST-Developer
 * from STEP Tools, Inc. (www.steptools.com) 
 */

FILE_DESCRIPTION(
/* description */ (''),
/* implementation_level */ '2;1');

FILE_NAME(
/* name */ 'RZ.step',
/* time_stamp */ '2025-11-15T18:54:03+01:00',
/* author */ (''),
/* organization */ (''),
/* preprocessor_version */ 'ST-DEVELOPER v20.1',
/* originating_system */ 'Autodesk Translation Framework v14.21.0.0',
/* authorisation */ '');

FILE_SCHEMA (('AUTOMOTIVE_DESIGN { 1 0 10303 214 3 1 1 }'));
ENDSEC;

DATA;
#10=MECHANICAL_DESIGN_GEOMETRIC_PRESENTATION_REPRESENTATION('',(#18,#19,
#20),#3859);
#11=SHAPE_REPRESENTATION_RELATIONSHIP('SRR','None',#3865,#12);
#12=ADVANCED_BREP_SHAPE_REPRESENTATION('',(#13),#3858);
#13=MANIFOLD_SOLID_BREP('RZ',#2131);
#14=TOROIDAL_SURFACE('',#2230,0.700000000000001,0.5);
#15=TOROIDAL_SURFACE('',#2235,0.700000000000001,0.5);
#16=TOROIDAL_SURFACE('',#2240,0.700000000000001,0.5);
#17=TOROIDAL_SURFACE('',#2245,0.700000000000001,0.5);
#18=STYLED_ITEM('',(#3875),#2079);
#19=STYLED_ITEM('',(#3875),#2105);
#20=STYLED_ITEM('',(#3902),#13);
#21=CYLINDRICAL_SURFACE('',#2162,0.5);
#22=CYLINDRICAL_SURFACE('',#2165,0.5);
#23=CYLINDRICAL_SURFACE('',#2168,0.5);
#24=CYLINDRICAL_SURFACE('',#2171,0.5);
#25=CYLINDRICAL_SURFACE('',#2174,0.5);
#26=CYLINDRICAL_SURFACE('',#2177,0.5);
#27=CYLINDRICAL_SURFACE('',#2181,0.25);
#28=CYLINDRICAL_SURFACE('',#2183,0.25);
#29=CYLINDRICAL_SURFACE('',#2188,0.25);
#30=CYLINDRICAL_SURFACE('',#2190,0.25);
#31=CYLINDRICAL_SURFACE('',#2192,0.249999999999999);
#32=CYLINDRICAL_SURFACE('',#2195,0.25);
#33=CYLINDRICAL_SURFACE('',#2227,0.5);
#34=CYLINDRICAL_SURFACE('',#2233,0.5);
#35=CYLINDRICAL_SURFACE('',#2238,0.5);
#36=CYLINDRICAL_SURFACE('',#2243,0.5);
#37=CYLINDRICAL_SURFACE('',#2247,1.2);
#38=CYLINDRICAL_SURFACE('',#2250,1.2);
#39=CYLINDRICAL_SURFACE('',#2255,1.2);
#40=CYLINDRICAL_SURFACE('',#2258,1.2);
#41=CYLINDRICAL_SURFACE('',#2260,1.85);
#42=CYLINDRICAL_SURFACE('',#2263,1.85);
#43=CYLINDRICAL_SURFACE('',#2265,1.85);
#44=CYLINDRICAL_SURFACE('',#2267,1.84999999999999);
#45=CIRCLE('',#2146,1.84999999999999);
#46=CIRCLE('',#2147,0.5);
#47=CIRCLE('',#2148,0.249999999999999);
#48=CIRCLE('',#2149,0.25);
#49=CIRCLE('',#2150,0.5);
#50=CIRCLE('',#2151,1.85);
#51=CIRCLE('',#2152,1.85);
#52=CIRCLE('',#2153,0.5);
#53=CIRCLE('',#2154,0.25);
#54=CIRCLE('',#2155,0.25);
#55=CIRCLE('',#2156,0.5);
#56=CIRCLE('',#2157,1.85);
#57=CIRCLE('',#2158,0.5);
#58=CIRCLE('',#2159,0.25);
#59=CIRCLE('',#2160,0.25);
#60=CIRCLE('',#2161,0.5);
#61=CIRCLE('',#2163,0.5);
#62=CIRCLE('',#2166,0.5);
#63=CIRCLE('',#2169,0.5);
#64=CIRCLE('',#2172,0.5);
#65=CIRCLE('',#2175,0.5);
#66=CIRCLE('',#2178,0.5);
#67=CIRCLE('',#2182,0.25);
#68=CIRCLE('',#2184,0.25);
#69=CIRCLE('',#2189,0.25);
#70=CIRCLE('',#2191,0.25);
#71=CIRCLE('',#2193,0.249999999999999);
#72=CIRCLE('',#2196,0.25);
#73=CIRCLE('',#2223,0.700000000000001);
#74=CIRCLE('',#2224,0.700000000000001);
#75=CIRCLE('',#2225,0.700000000000001);
#76=CIRCLE('',#2226,0.700000000000001);
#77=CIRCLE('',#2228,0.5);
#78=CIRCLE('',#2229,0.499999999999998);
#79=CIRCLE('',#2231,0.499999999999998);
#80=CIRCLE('',#2232,1.2);
#81=CIRCLE('',#2234,0.499999999999998);
#82=CIRCLE('',#2236,0.499999999999998);
#83=CIRCLE('',#2237,1.2);
#84=CIRCLE('',#2239,0.499999999999998);
#85=CIRCLE('',#2241,0.499999999999998);
#86=CIRCLE('',#2242,1.2);
#87=CIRCLE('',#2244,0.499999999999998);
#88=CIRCLE('',#2246,1.2);
#89=CIRCLE('',#2248,1.2);
#90=CIRCLE('',#2251,1.2);
#91=CIRCLE('',#2256,1.2);
#92=CIRCLE('',#2259,1.2);
#93=CIRCLE('',#2261,1.85);
#94=CIRCLE('',#2264,1.85);
#95=CIRCLE('',#2266,1.85);
#96=CIRCLE('',#2268,1.84999999999999);
#97=FACE_BOUND('',#301,.T.);
#98=FACE_BOUND('',#303,.T.);
#99=FACE_BOUND('',#366,.T.);
#100=FACE_BOUND('',#368,.T.);
#101=FACE_BOUND('',#369,.T.);
#102=FACE_BOUND('',#394,.T.);
#103=PLANE('',#2133);
#104=PLANE('',#2134);
#105=PLANE('',#2135);
#106=PLANE('',#2136);
#107=PLANE('',#2137);
#108=PLANE('',#2138);
#109=PLANE('',#2139);
#110=PLANE('',#2140);
#111=PLANE('',#2141);
#112=PLANE('',#2142);
#113=PLANE('',#2143);
#114=PLANE('',#2144);
#115=PLANE('',#2145);
#116=PLANE('',#2164);
#117=PLANE('',#2167);
#118=PLANE('',#2170);
#119=PLANE('',#2173);
#120=PLANE('',#2176);
#121=PLANE('',#2179);
#122=PLANE('',#2180);
#123=PLANE('',#2185);
#124=PLANE('',#2186);
#125=PLANE('',#2187);
#126=PLANE('',#2194);
#127=PLANE('',#2197);
#128=PLANE('',#2198);
#129=PLANE('',#2199);
#130=PLANE('',#2200);
#131=PLANE('',#2201);
#132=PLANE('',#2202);
#133=PLANE('',#2203);
#134=PLANE('',#2204);
#135=PLANE('',#2205);
#136=PLANE('',#2206);
#137=PLANE('',#2207);
#138=PLANE('',#2208);
#139=PLANE('',#2209);
#140=PLANE('',#2210);
#141=PLANE('',#2211);
#142=PLANE('',#2212);
#143=PLANE('',#2213);
#144=PLANE('',#2214);
#145=PLANE('',#2215);
#146=PLANE('',#2216);
#147=PLANE('',#2217);
#148=PLANE('',#2218);
#149=PLANE('',#2219);
#150=PLANE('',#2220);
#151=PLANE('',#2221);
#152=PLANE('',#2222);
#153=PLANE('',#2249);
#154=PLANE('',#2252);
#155=PLANE('',#2253);
#156=PLANE('',#2254);
#157=PLANE('',#2257);
#158=PLANE('',#2262);
#159=PLANE('',#2269);
#160=PLANE('',#2270);
#161=FACE_OUTER_BOUND('',#275,.T.);
#162=FACE_OUTER_BOUND('',#276,.T.);
#163=FACE_OUTER_BOUND('',#277,.T.);
#164=FACE_OUTER_BOUND('',#278,.T.);
#165=FACE_OUTER_BOUND('',#279,.T.);
#166=FACE_OUTER_BOUND('',#280,.T.);
#167=FACE_OUTER_BOUND('',#281,.T.);
#168=FACE_OUTER_BOUND('',#282,.T.);
#169=FACE_OUTER_BOUND('',#283,.T.);
#170=FACE_OUTER_BOUND('',#284,.T.);
#171=FACE_OUTER_BOUND('',#285,.T.);
#172=FACE_OUTER_BOUND('',#286,.T.);
#173=FACE_OUTER_BOUND('',#287,.T.);
#174=FACE_OUTER_BOUND('',#288,.T.);
#175=FACE_OUTER_BOUND('',#289,.T.);
#176=FACE_OUTER_BOUND('',#290,.T.);
#177=FACE_OUTER_BOUND('',#291,.T.);
#178=FACE_OUTER_BOUND('',#292,.T.);
#179=FACE_OUTER_BOUND('',#293,.T.);
#180=FACE_OUTER_BOUND('',#294,.T.);
#181=FACE_OUTER_BOUND('',#295,.T.);
#182=FACE_OUTER_BOUND('',#296,.T.);
#183=FACE_OUTER_BOUND('',#297,.T.);
#184=FACE_OUTER_BOUND('',#298,.T.);
#185=FACE_OUTER_BOUND('',#299,.T.);
#186=FACE_OUTER_BOUND('',#300,.T.);
#187=FACE_OUTER_BOUND('',#302,.T.);
#188=FACE_OUTER_BOUND('',#304,.T.);
#189=FACE_OUTER_BOUND('',#305,.T.);
#190=FACE_OUTER_BOUND('',#306,.T.);
#191=FACE_OUTER_BOUND('',#307,.T.);
#192=FACE_OUTER_BOUND('',#308,.T.);
#193=FACE_OUTER_BOUND('',#309,.T.);
#194=FACE_OUTER_BOUND('',#310,.T.);
#195=FACE_OUTER_BOUND('',#311,.T.);
#196=FACE_OUTER_BOUND('',#312,.T.);
#197=FACE_OUTER_BOUND('',#313,.T.);
#198=FACE_OUTER_BOUND('',#314,.T.);
#199=FACE_OUTER_BOUND('',#315,.T.);
#200=FACE_OUTER_BOUND('',#316,.T.);
#201=FACE_OUTER_BOUND('',#317,.T.);
#202=FACE_OUTER_BOUND('',#318,.T.);
#203=FACE_OUTER_BOUND('',#319,.T.);
#204=FACE_OUTER_BOUND('',#320,.T.);
#205=FACE_OUTER_BOUND('',#321,.T.);
#206=FACE_OUTER_BOUND('',#322,.T.);
#207=FACE_OUTER_BOUND('',#323,.T.);
#208=FACE_OUTER_BOUND('',#324,.T.);
#209=FACE_OUTER_BOUND('',#325,.T.);
#210=FACE_OUTER_BOUND('',#326,.T.);
#211=FACE_OUTER_BOUND('',#327,.T.);
#212=FACE_OUTER_BOUND('',#328,.T.);
#213=FACE_OUTER_BOUND('',#329,.T.);
#214=FACE_OUTER_BOUND('',#330,.T.);
#215=FACE_OUTER_BOUND('',#331,.T.);
#216=FACE_OUTER_BOUND('',#332,.T.);
#217=FACE_OUTER_BOUND('',#333,.T.);
#218=FACE_OUTER_BOUND('',#334,.T.);
#219=FACE_OUTER_BOUND('',#335,.T.);
#220=FACE_OUTER_BOUND('',#336,.T.);
#221=FACE_OUTER_BOUND('',#337,.T.);
#222=FACE_OUTER_BOUND('',#338,.T.);
#223=FACE_OUTER_BOUND('',#339,.T.);
#224=FACE_OUTER_BOUND('',#340,.T.);
#225=FACE_OUTER_BOUND('',#341,.T.);
#226=FACE_OUTER_BOUND('',#342,.T.);
#227=FACE_OUTER_BOUND('',#343,.T.);
#228=FACE_OUTER_BOUND('',#344,.T.);
#229=FACE_OUTER_BOUND('',#345,.T.);
#230=FACE_OUTER_BOUND('',#346,.T.);
#231=FACE_OUTER_BOUND('',#347,.T.);
#232=FACE_OUTER_BOUND('',#348,.T.);
#233=FACE_OUTER_BOUND('',#349,.T.);
#234=FACE_OUTER_BOUND('',#350,.T.);
#235=FACE_OUTER_BOUND('',#351,.T.);
#236=FACE_OUTER_BOUND('',#352,.T.);
#237=FACE_OUTER_BOUND('',#353,.T.);
#238=FACE_OUTER_BOUND('',#354,.T.);
#239=FACE_OUTER_BOUND('',#355,.T.);
#240=FACE_OUTER_BOUND('',#356,.T.);
#241=FACE_OUTER_BOUND('',#357,.T.);
#242=FACE_OUTER_BOUND('',#358,.T.);
#243=FACE_OUTER_BOUND('',#359,.T.);
#244=FACE_OUTER_BOUND('',#360,.T.);
#245=FACE_OUTER_BOUND('',#361,.T.);
#246=FACE_OUTER_BOUND('',#362,.T.);
#247=FACE_OUTER_BOUND('',#363,.T.);
#248=FACE_OUTER_BOUND('',#364,.T.);
#249=FACE_OUTER_BOUND('',#365,.T.);
#250=FACE_OUTER_BOUND('',#367,.T.);
#251=FACE_OUTER_BOUND('',#370,.T.);
#252=FACE_OUTER_BOUND('',#371,.T.);
#253=FACE_OUTER_BOUND('',#372,.T.);
#254=FACE_OUTER_BOUND('',#373,.T.);
#255=FACE_OUTER_BOUND('',#374,.T.);
#256=FACE_OUTER_BOUND('',#375,.T.);
#257=FACE_OUTER_BOUND('',#376,.T.);
#258=FACE_OUTER_BOUND('',#377,.T.);
#259=FACE_OUTER_BOUND('',#378,.T.);
#260=FACE_OUTER_BOUND('',#379,.T.);
#261=FACE_OUTER_BOUND('',#380,.T.);
#262=FACE_OUTER_BOUND('',#381,.T.);
#263=FACE_OUTER_BOUND('',#382,.T.);
#264=FACE_OUTER_BOUND('',#383,.T.);
#265=FACE_OUTER_BOUND('',#384,.T.);
#266=FACE_OUTER_BOUND('',#385,.T.);
#267=FACE_OUTER_BOUND('',#386,.T.);
#268=FACE_OUTER_BOUND('',#387,.T.);
#269=FACE_OUTER_BOUND('',#388,.T.);
#270=FACE_OUTER_BOUND('',#389,.T.);
#271=FACE_OUTER_BOUND('',#390,.T.);
#272=FACE_OUTER_BOUND('',#391,.T.);
#273=FACE_OUTER_BOUND('',#392,.T.);
#274=FACE_OUTER_BOUND('',#393,.T.);
#275=EDGE_LOOP('',(#1369,#1370,#1371,#1372));
#276=EDGE_LOOP('',(#1373,#1374,#1375,#1376));
#277=EDGE_LOOP('',(#1377,#1378,#1379,#1380));
#278=EDGE_LOOP('',(#1381,#1382,#1383,#1384));
#279=EDGE_LOOP('',(#1385,#1386,#1387,#1388));
#280=EDGE_LOOP('',(#1389,#1390,#1391,#1392));
#281=EDGE_LOOP('',(#1393,#1394,#1395,#1396));
#282=EDGE_LOOP('',(#1397,#1398,#1399,#1400));
#283=EDGE_LOOP('',(#1401,#1402,#1403,#1404));
#284=EDGE_LOOP('',(#1405,#1406,#1407,#1408));
#285=EDGE_LOOP('',(#1409,#1410,#1411,#1412));
#286=EDGE_LOOP('',(#1413,#1414,#1415,#1416));
#287=EDGE_LOOP('',(#1417,#1418,#1419,#1420));
#288=EDGE_LOOP('',(#1421,#1422,#1423,#1424));
#289=EDGE_LOOP('',(#1425,#1426,#1427,#1428));
#290=EDGE_LOOP('',(#1429,#1430,#1431,#1432));
#291=EDGE_LOOP('',(#1433,#1434,#1435,#1436));
#292=EDGE_LOOP('',(#1437,#1438,#1439,#1440));
#293=EDGE_LOOP('',(#1441,#1442,#1443,#1444));
#294=EDGE_LOOP('',(#1445,#1446,#1447,#1448));
#295=EDGE_LOOP('',(#1449,#1450,#1451,#1452));
#296=EDGE_LOOP('',(#1453,#1454,#1455,#1456));
#297=EDGE_LOOP('',(#1457,#1458,#1459,#1460));
#298=EDGE_LOOP('',(#1461,#1462,#1463,#1464));
#299=EDGE_LOOP('',(#1465,#1466,#1467,#1468));
#300=EDGE_LOOP('',(#1469,#1470,#1471,#1472,#1473,#1474,#1475,#1476,#1477,
#1478,#1479,#1480,#1481,#1482));
#301=EDGE_LOOP('',(#1483,#1484,#1485,#1486,#1487,#1488,#1489,#1490,#1491,
#1492,#1493));
#302=EDGE_LOOP('',(#1494,#1495,#1496,#1497,#1498,#1499,#1500,#1501,#1502,
#1503,#1504,#1505,#1506,#1507,#1508,#1509,#1510,#1511,#1512,#1513,#1514,
#1515,#1516,#1517,#1518,#1519,#1520,#1521,#1522,#1523));
#303=EDGE_LOOP('',(#1524,#1525,#1526,#1527,#1528,#1529,#1530,#1531,#1532,
#1533,#1534,#1535,#1536,#1537));
#304=EDGE_LOOP('',(#1538,#1539,#1540,#1541));
#305=EDGE_LOOP('',(#1542,#1543,#1544,#1545));
#306=EDGE_LOOP('',(#1546,#1547,#1548,#1549));
#307=EDGE_LOOP('',(#1550,#1551,#1552,#1553));
#308=EDGE_LOOP('',(#1554,#1555,#1556,#1557));
#309=EDGE_LOOP('',(#1558,#1559,#1560,#1561));
#310=EDGE_LOOP('',(#1562,#1563,#1564,#1565));
#311=EDGE_LOOP('',(#1566,#1567,#1568,#1569));
#312=EDGE_LOOP('',(#1570,#1571,#1572,#1573));
#313=EDGE_LOOP('',(#1574,#1575,#1576,#1577));
#314=EDGE_LOOP('',(#1578,#1579,#1580,#1581));
#315=EDGE_LOOP('',(#1582,#1583,#1584,#1585));
#316=EDGE_LOOP('',(#1586,#1587,#1588,#1589));
#317=EDGE_LOOP('',(#1590,#1591,#1592,#1593));
#318=EDGE_LOOP('',(#1594,#1595,#1596,#1597));
#319=EDGE_LOOP('',(#1598,#1599,#1600,#1601));
#320=EDGE_LOOP('',(#1602,#1603,#1604,#1605));
#321=EDGE_LOOP('',(#1606,#1607,#1608,#1609));
#322=EDGE_LOOP('',(#1610,#1611,#1612,#1613));
#323=EDGE_LOOP('',(#1614,#1615,#1616,#1617));
#324=EDGE_LOOP('',(#1618,#1619,#1620,#1621));
#325=EDGE_LOOP('',(#1622,#1623,#1624,#1625));
#326=EDGE_LOOP('',(#1626,#1627,#1628,#1629));
#327=EDGE_LOOP('',(#1630,#1631,#1632,#1633));
#328=EDGE_LOOP('',(#1634,#1635,#1636,#1637));
#329=EDGE_LOOP('',(#1638,#1639,#1640,#1641));
#330=EDGE_LOOP('',(#1642,#1643,#1644,#1645));
#331=EDGE_LOOP('',(#1646,#1647,#1648,#1649));
#332=EDGE_LOOP('',(#1650,#1651,#1652,#1653));
#333=EDGE_LOOP('',(#1654,#1655,#1656,#1657));
#334=EDGE_LOOP('',(#1658,#1659,#1660,#1661));
#335=EDGE_LOOP('',(#1662,#1663,#1664,#1665));
#336=EDGE_LOOP('',(#1666,#1667,#1668,#1669));
#337=EDGE_LOOP('',(#1670,#1671,#1672,#1673));
#338=EDGE_LOOP('',(#1674,#1675,#1676,#1677));
#339=EDGE_LOOP('',(#1678,#1679,#1680,#1681,#1682,#1683,#1684,#1685,#1686,
#1687));
#340=EDGE_LOOP('',(#1688,#1689,#1690,#1691));
#341=EDGE_LOOP('',(#1692,#1693,#1694,#1695));
#342=EDGE_LOOP('',(#1696,#1697,#1698,#1699));
#343=EDGE_LOOP('',(#1700,#1701,#1702,#1703));
#344=EDGE_LOOP('',(#1704,#1705,#1706,#1707));
#345=EDGE_LOOP('',(#1708,#1709,#1710,#1711));
#346=EDGE_LOOP('',(#1712,#1713,#1714,#1715));
#347=EDGE_LOOP('',(#1716,#1717,#1718,#1719));
#348=EDGE_LOOP('',(#1720,#1721,#1722,#1723));
#349=EDGE_LOOP('',(#1724,#1725,#1726,#1727));
#350=EDGE_LOOP('',(#1728,#1729,#1730,#1731));
#351=EDGE_LOOP('',(#1732,#1733,#1734,#1735));
#352=EDGE_LOOP('',(#1736,#1737,#1738,#1739));
#353=EDGE_LOOP('',(#1740,#1741,#1742,#1743));
#354=EDGE_LOOP('',(#1744,#1745,#1746,#1747));
#355=EDGE_LOOP('',(#1748,#1749,#1750,#1751));
#356=EDGE_LOOP('',(#1752,#1753,#1754,#1755));
#357=EDGE_LOOP('',(#1756,#1757,#1758,#1759));
#358=EDGE_LOOP('',(#1760,#1761,#1762,#1763));
#359=EDGE_LOOP('',(#1764,#1765,#1766,#1767));
#360=EDGE_LOOP('',(#1768,#1769,#1770,#1771));
#361=EDGE_LOOP('',(#1772,#1773,#1774,#1775));
#362=EDGE_LOOP('',(#1776,#1777,#1778,#1779));
#363=EDGE_LOOP('',(#1780,#1781,#1782,#1783));
#364=EDGE_LOOP('',(#1784,#1785,#1786,#1787));
#365=EDGE_LOOP('',(#1788,#1789,#1790,#1791,#1792,#1793,#1794,#1795,#1796,
#1797,#1798,#1799,#1800,#1801));
#366=EDGE_LOOP('',(#1802,#1803,#1804,#1805,#1806,#1807,#1808,#1809,#1810,
#1811,#1812));
#367=EDGE_LOOP('',(#1813,#1814,#1815,#1816,#1817,#1818,#1819,#1820));
#368=EDGE_LOOP('',(#1821,#1822,#1823,#1824,#1825,#1826,#1827,#1828,#1829,
#1830,#1831,#1832,#1833,#1834));
#369=EDGE_LOOP('',(#1835,#1836,#1837,#1838,#1839,#1840,#1841,#1842,#1843,
#1844));
#370=EDGE_LOOP('',(#1845,#1846,#1847,#1848));
#371=EDGE_LOOP('',(#1849,#1850,#1851,#1852));
#372=EDGE_LOOP('',(#1853,#1854,#1855,#1856));
#373=EDGE_LOOP('',(#1857,#1858,#1859,#1860));
#374=EDGE_LOOP('',(#1861,#1862,#1863,#1864));
#375=EDGE_LOOP('',(#1865,#1866,#1867,#1868));
#376=EDGE_LOOP('',(#1869,#1870,#1871,#1872));
#377=EDGE_LOOP('',(#1873,#1874,#1875,#1876));
#378=EDGE_LOOP('',(#1877,#1878,#1879,#1880));
#379=EDGE_LOOP('',(#1881,#1882,#1883,#1884));
#380=EDGE_LOOP('',(#1885,#1886,#1887,#1888));
#381=EDGE_LOOP('',(#1889,#1890,#1891,#1892));
#382=EDGE_LOOP('',(#1893,#1894,#1895,#1896,#1897,#1898,#1899,#1900,#1901,
#1902,#1903));
#383=EDGE_LOOP('',(#1904,#1905,#1906,#1907));
#384=EDGE_LOOP('',(#1908,#1909,#1910,#1911));
#385=EDGE_LOOP('',(#1912,#1913,#1914,#1915));
#386=EDGE_LOOP('',(#1916,#1917,#1918,#1919));
#387=EDGE_LOOP('',(#1920,#1921,#1922,#1923));
#388=EDGE_LOOP('',(#1924,#1925,#1926,#1927));
#389=EDGE_LOOP('',(#1928,#1929,#1930,#1931));
#390=EDGE_LOOP('',(#1932,#1933,#1934,#1935));
#391=EDGE_LOOP('',(#1936,#1937,#1938,#1939));
#392=EDGE_LOOP('',(#1940,#1941,#1942,#1943,#1944,#1945,#1946,#1947,#1948,
#1949,#1950));
#393=EDGE_LOOP('',(#1951,#1952,#1953,#1954,#1955,#1956,#1957,#1958,#1959,
#1960,#1961,#1962,#1963,#1964,#1965,#1966,#1967,#1968,#1969,#1970,#1971,
#1972,#1973,#1974,#1975,#1976,#1977,#1978,#1979,#1980));
#394=EDGE_LOOP('',(#1981,#1982,#1983,#1984,#1985,#1986,#1987,#1988));
#395=LINE('',#2770,#597);
#396=LINE('',#2777,#598);
#397=LINE('',#2795,#599);
#398=LINE('',#2818,#600);
#399=LINE('',#2826,#601);
#400=LINE('',#2828,#602);
#401=LINE('',#2829,#603);
#402=LINE('',#2832,#604);
#403=LINE('',#2834,#605);
#404=LINE('',#2835,#606);
#405=LINE('',#2838,#607);
#406=LINE('',#2840,#608);
#407=LINE('',#2841,#609);
#408=LINE('',#2859,#610);
#409=LINE('',#2882,#611);
#410=LINE('',#2905,#612);
#411=LINE('',#2928,#613);
#412=LINE('',#2972,#614);
#413=LINE('',#2979,#615);
#414=LINE('',#2997,#616);
#415=LINE('',#3020,#617);
#416=LINE('',#3043,#618);
#417=LINE('',#3066,#619);
#418=LINE('',#3089,#620);
#419=LINE('',#3097,#621);
#420=LINE('',#3099,#622);
#421=LINE('',#3100,#623);
#422=LINE('',#3103,#624);
#423=LINE('',#3105,#625);
#424=LINE('',#3106,#626);
#425=LINE('',#3109,#627);
#426=LINE('',#3111,#628);
#427=LINE('',#3112,#629);
#428=LINE('',#3115,#630);
#429=LINE('',#3117,#631);
#430=LINE('',#3118,#632);
#431=LINE('',#3121,#633);
#432=LINE('',#3123,#634);
#433=LINE('',#3124,#635);
#434=LINE('',#3127,#636);
#435=LINE('',#3129,#637);
#436=LINE('',#3130,#638);
#437=LINE('',#3133,#639);
#438=LINE('',#3135,#640);
#439=LINE('',#3136,#641);
#440=LINE('',#3138,#642);
#441=LINE('',#3139,#643);
#442=LINE('',#3146,#644);
#443=LINE('',#3150,#645);
#444=LINE('',#3154,#646);
#445=LINE('',#3158,#647);
#446=LINE('',#3162,#648);
#447=LINE('',#3166,#649);
#448=LINE('',#3170,#650);
#449=LINE('',#3174,#651);
#450=LINE('',#3178,#652);
#451=LINE('',#3182,#653);
#452=LINE('',#3186,#654);
#453=LINE('',#3192,#655);
#454=LINE('',#3196,#656);
#455=LINE('',#3200,#657);
#456=LINE('',#3206,#658);
#457=LINE('',#3207,#659);
#458=LINE('',#3210,#660);
#459=LINE('',#3211,#661);
#460=LINE('',#3214,#662);
#461=LINE('',#3217,#663);
#462=LINE('',#3220,#664);
#463=LINE('',#3221,#665);
#464=LINE('',#3224,#666);
#465=LINE('',#3227,#667);
#466=LINE('',#3230,#668);
#467=LINE('',#3231,#669);
#468=LINE('',#3236,#670);
#469=LINE('',#3237,#671);
#470=LINE('',#3240,#672);
#471=LINE('',#3241,#673);
#472=LINE('',#3244,#674);
#473=LINE('',#3247,#675);
#474=LINE('',#3250,#676);
#475=LINE('',#3251,#677);
#476=LINE('',#3256,#678);
#477=LINE('',#3257,#679);
#478=LINE('',#3260,#680);
#479=LINE('',#3261,#681);
#480=LINE('',#3264,#682);
#481=LINE('',#3266,#683);
#482=LINE('',#3267,#684);
#483=LINE('',#3274,#685);
#484=LINE('',#3275,#686);
#485=LINE('',#3278,#687);
#486=LINE('',#3279,#688);
#487=LINE('',#3282,#689);
#488=LINE('',#3284,#690);
#489=LINE('',#3285,#691);
#490=LINE('',#3293,#692);
#491=LINE('',#3296,#693);
#492=LINE('',#3297,#694);
#493=LINE('',#3302,#695);
#494=LINE('',#3303,#696);
#495=LINE('',#3306,#697);
#496=LINE('',#3307,#698);
#497=LINE('',#3311,#699);
#498=LINE('',#3313,#700);
#499=LINE('',#3315,#701);
#500=LINE('',#3316,#702);
#501=LINE('',#3319,#703);
#502=LINE('',#3321,#704);
#503=LINE('',#3322,#705);
#504=LINE('',#3325,#706);
#505=LINE('',#3327,#707);
#506=LINE('',#3328,#708);
#507=LINE('',#3331,#709);
#508=LINE('',#3333,#710);
#509=LINE('',#3334,#711);
#510=LINE('',#3337,#712);
#511=LINE('',#3339,#713);
#512=LINE('',#3340,#714);
#513=LINE('',#3343,#715);
#514=LINE('',#3345,#716);
#515=LINE('',#3346,#717);
#516=LINE('',#3349,#718);
#517=LINE('',#3351,#719);
#518=LINE('',#3352,#720);
#519=LINE('',#3355,#721);
#520=LINE('',#3357,#722);
#521=LINE('',#3358,#723);
#522=LINE('',#3361,#724);
#523=LINE('',#3363,#725);
#524=LINE('',#3364,#726);
#525=LINE('',#3366,#727);
#526=LINE('',#3367,#728);
#527=LINE('',#3387,#729);
#528=LINE('',#3394,#730);
#529=LINE('',#3412,#731);
#530=LINE('',#3435,#732);
#531=LINE('',#3443,#733);
#532=LINE('',#3445,#734);
#533=LINE('',#3446,#735);
#534=LINE('',#3449,#736);
#535=LINE('',#3451,#737);
#536=LINE('',#3452,#738);
#537=LINE('',#3455,#739);
#538=LINE('',#3457,#740);
#539=LINE('',#3458,#741);
#540=LINE('',#3476,#742);
#541=LINE('',#3499,#743);
#542=LINE('',#3522,#744);
#543=LINE('',#3545,#745);
#544=LINE('',#3589,#746);
#545=LINE('',#3596,#747);
#546=LINE('',#3614,#748);
#547=LINE('',#3637,#749);
#548=LINE('',#3660,#750);
#549=LINE('',#3683,#751);
#550=LINE('',#3706,#752);
#551=LINE('',#3714,#753);
#552=LINE('',#3716,#754);
#553=LINE('',#3717,#755);
#554=LINE('',#3720,#756);
#555=LINE('',#3722,#757);
#556=LINE('',#3723,#758);
#557=LINE('',#3726,#759);
#558=LINE('',#3728,#760);
#559=LINE('',#3729,#761);
#560=LINE('',#3732,#762);
#561=LINE('',#3734,#763);
#562=LINE('',#3735,#764);
#563=LINE('',#3738,#765);
#564=LINE('',#3740,#766);
#565=LINE('',#3741,#767);
#566=LINE('',#3744,#768);
#567=LINE('',#3746,#769);
#568=LINE('',#3747,#770);
#569=LINE('',#3750,#771);
#570=LINE('',#3752,#772);
#571=LINE('',#3753,#773);
#572=LINE('',#3755,#774);
#573=LINE('',#3756,#775);
#574=LINE('',#3761,#776);
#575=LINE('',#3765,#777);
#576=LINE('',#3769,#778);
#577=LINE('',#3773,#779);
#578=LINE('',#3779,#780);
#579=LINE('',#3788,#781);
#580=LINE('',#3796,#782);
#581=LINE('',#3804,#783);
#582=LINE('',#3809,#784);
#583=LINE('',#3812,#785);
#584=LINE('',#3815,#786);
#585=LINE('',#3816,#787);
#586=LINE('',#3819,#788);
#587=LINE('',#3823,#789);
#588=LINE('',#3824,#790);
#589=LINE('',#3828,#791);
#590=LINE('',#3829,#792);
#591=LINE('',#3833,#793);
#592=LINE('',#3836,#794);
#593=LINE('',#3837,#795);
#594=LINE('',#3843,#796);
#595=LINE('',#3846,#797);
#596=LINE('',#3847,#798);
#597=VECTOR('',#2273,10.);
#598=VECTOR('',#2274,10.);
#599=VECTOR('',#2275,10.);
#600=VECTOR('',#2276,10.);
#601=VECTOR('',#2279,10.);
#602=VECTOR('',#2280,10.);
#603=VECTOR('',#2281,10.);
#604=VECTOR('',#2284,10.);
#605=VECTOR('',#2285,10.);
#606=VECTOR('',#2286,10.);
#607=VECTOR('',#2289,10.);
#608=VECTOR('',#2290,10.);
#609=VECTOR('',#2291,10.);
#610=VECTOR('',#2292,10.);
#611=VECTOR('',#2293,10.);
#612=VECTOR('',#2294,10.);
#613=VECTOR('',#2295,10.);
#614=VECTOR('',#2296,10.);
#615=VECTOR('',#2297,10.);
#616=VECTOR('',#2298,10.);
#617=VECTOR('',#2299,10.);
#618=VECTOR('',#2300,10.);
#619=VECTOR('',#2301,10.);
#620=VECTOR('',#2302,10.);
#621=VECTOR('',#2305,10.);
#622=VECTOR('',#2306,10.);
#623=VECTOR('',#2307,10.);
#624=VECTOR('',#2310,10.);
#625=VECTOR('',#2311,10.);
#626=VECTOR('',#2312,10.);
#627=VECTOR('',#2315,10.);
#628=VECTOR('',#2316,10.);
#629=VECTOR('',#2317,10.);
#630=VECTOR('',#2320,10.);
#631=VECTOR('',#2321,10.);
#632=VECTOR('',#2322,10.);
#633=VECTOR('',#2325,10.);
#634=VECTOR('',#2326,10.);
#635=VECTOR('',#2327,10.);
#636=VECTOR('',#2330,10.);
#637=VECTOR('',#2331,10.);
#638=VECTOR('',#2332,10.);
#639=VECTOR('',#2335,10.);
#640=VECTOR('',#2336,10.);
#641=VECTOR('',#2337,10.);
#642=VECTOR('',#2340,10.);
#643=VECTOR('',#2341,10.);
#644=VECTOR('',#2348,10.);
#645=VECTOR('',#2351,10.);
#646=VECTOR('',#2354,10.);
#647=VECTOR('',#2357,10.);
#648=VECTOR('',#2360,10.);
#649=VECTOR('',#2363,10.);
#650=VECTOR('',#2366,10.);
#651=VECTOR('',#2369,10.);
#652=VECTOR('',#2372,10.);
#653=VECTOR('',#2375,10.);
#654=VECTOR('',#2378,10.);
#655=VECTOR('',#2383,10.);
#656=VECTOR('',#2386,10.);
#657=VECTOR('',#2389,10.);
#658=VECTOR('',#2396,0.5);
#659=VECTOR('',#2397,0.5);
#660=VECTOR('',#2400,10.);
#661=VECTOR('',#2401,10.);
#662=VECTOR('',#2404,0.5);
#663=VECTOR('',#2407,0.5);
#664=VECTOR('',#2410,10.);
#665=VECTOR('',#2411,10.);
#666=VECTOR('',#2414,10.);
#667=VECTOR('',#2417,10.);
#668=VECTOR('',#2420,10.);
#669=VECTOR('',#2421,10.);
#670=VECTOR('',#2426,10.);
#671=VECTOR('',#2427,10.);
#672=VECTOR('',#2430,10.);
#673=VECTOR('',#2431,10.);
#674=VECTOR('',#2434,10.);
#675=VECTOR('',#2437,10.);
#676=VECTOR('',#2440,10.);
#677=VECTOR('',#2441,10.);
#678=VECTOR('',#2446,10.);
#679=VECTOR('',#2447,10.);
#680=VECTOR('',#2450,10.);
#681=VECTOR('',#2451,10.);
#682=VECTOR('',#2454,10.);
#683=VECTOR('',#2455,10.);
#684=VECTOR('',#2456,10.);
#685=VECTOR('',#2467,10.);
#686=VECTOR('',#2468,10.);
#687=VECTOR('',#2471,10.);
#688=VECTOR('',#2472,10.);
#689=VECTOR('',#2475,10.);
#690=VECTOR('',#2476,10.);
#691=VECTOR('',#2477,10.);
#692=VECTOR('',#2490,10.);
#693=VECTOR('',#2493,10.);
#694=VECTOR('',#2494,10.);
#695=VECTOR('',#2501,10.);
#696=VECTOR('',#2502,10.);
#697=VECTOR('',#2505,10.);
#698=VECTOR('',#2506,10.);
#699=VECTOR('',#2509,10.);
#700=VECTOR('',#2510,10.);
#701=VECTOR('',#2511,10.);
#702=VECTOR('',#2512,10.);
#703=VECTOR('',#2515,10.);
#704=VECTOR('',#2516,10.);
#705=VECTOR('',#2517,10.);
#706=VECTOR('',#2520,10.);
#707=VECTOR('',#2521,10.);
#708=VECTOR('',#2522,10.);
#709=VECTOR('',#2525,10.);
#710=VECTOR('',#2526,10.);
#711=VECTOR('',#2527,10.);
#712=VECTOR('',#2530,10.);
#713=VECTOR('',#2531,10.);
#714=VECTOR('',#2532,10.);
#715=VECTOR('',#2535,10.);
#716=VECTOR('',#2536,10.);
#717=VECTOR('',#2537,10.);
#718=VECTOR('',#2540,10.);
#719=VECTOR('',#2541,10.);
#720=VECTOR('',#2542,10.);
#721=VECTOR('',#2545,10.);
#722=VECTOR('',#2546,10.);
#723=VECTOR('',#2547,10.);
#724=VECTOR('',#2550,10.);
#725=VECTOR('',#2551,10.);
#726=VECTOR('',#2552,10.);
#727=VECTOR('',#2555,10.);
#728=VECTOR('',#2556,10.);
#729=VECTOR('',#2559,10.);
#730=VECTOR('',#2560,10.);
#731=VECTOR('',#2561,10.);
#732=VECTOR('',#2562,10.);
#733=VECTOR('',#2565,10.);
#734=VECTOR('',#2566,10.);
#735=VECTOR('',#2567,10.);
#736=VECTOR('',#2570,10.);
#737=VECTOR('',#2571,10.);
#738=VECTOR('',#2572,10.);
#739=VECTOR('',#2575,10.);
#740=VECTOR('',#2576,10.);
#741=VECTOR('',#2577,10.);
#742=VECTOR('',#2578,10.);
#743=VECTOR('',#2579,10.);
#744=VECTOR('',#2580,10.);
#745=VECTOR('',#2581,10.);
#746=VECTOR('',#2582,10.);
#747=VECTOR('',#2583,10.);
#748=VECTOR('',#2584,10.);
#749=VECTOR('',#2585,10.);
#750=VECTOR('',#2586,10.);
#751=VECTOR('',#2587,10.);
#752=VECTOR('',#2588,10.);
#753=VECTOR('',#2591,10.);
#754=VECTOR('',#2592,10.);
#755=VECTOR('',#2593,10.);
#756=VECTOR('',#2596,10.);
#757=VECTOR('',#2597,10.);
#758=VECTOR('',#2598,10.);
#759=VECTOR('',#2601,10.);
#760=VECTOR('',#2602,10.);
#761=VECTOR('',#2603,10.);
#762=VECTOR('',#2606,10.);
#763=VECTOR('',#2607,10.);
#764=VECTOR('',#2608,10.);
#765=VECTOR('',#2611,10.);
#766=VECTOR('',#2612,10.);
#767=VECTOR('',#2613,10.);
#768=VECTOR('',#2616,10.);
#769=VECTOR('',#2617,10.);
#770=VECTOR('',#2618,10.);
#771=VECTOR('',#2621,10.);
#772=VECTOR('',#2622,10.);
#773=VECTOR('',#2623,10.);
#774=VECTOR('',#2626,10.);
#775=VECTOR('',#2627,10.);
#776=VECTOR('',#2632,10.);
#777=VECTOR('',#2635,10.);
#778=VECTOR('',#2638,10.);
#779=VECTOR('',#2641,10.);
#780=VECTOR('',#2648,10.);
#781=VECTOR('',#2661,10.);
#782=VECTOR('',#2672,10.);
#783=VECTOR('',#2683,10.);
#784=VECTOR('',#2690,10.);
#785=VECTOR('',#2693,10.);
#786=VECTOR('',#2696,10.);
#787=VECTOR('',#2697,10.);
#788=VECTOR('',#2700,10.);
#789=VECTOR('',#2705,10.);
#790=VECTOR('',#2706,10.);
#791=VECTOR('',#2711,10.);
#792=VECTOR('',#2712,10.);
#793=VECTOR('',#2717,10.);
#794=VECTOR('',#2720,10.);
#795=VECTOR('',#2721,10.);
#796=VECTOR('',#2730,10.);
#797=VECTOR('',#2733,10.);
#798=VECTOR('',#2734,10.);
#799=B_SPLINE_CURVE_WITH_KNOTS('',3,(#2764,#2765,#2766,#2767,#2768),
 .UNSPECIFIED.,.F.,.F.,(4,1,4),(0.,0.00590077311583491,0.011605080956264),
 .UNSPECIFIED.);
#800=B_SPLINE_CURVE_WITH_KNOTS('',3,(#2772,#2773,#2774,#2775,#2776),
 .UNSPECIFIED.,.F.,.F.,(4,1,4),(0.,0.00590077311583491,0.011605080956264),
 .UNSPECIFIED.);
#801=B_SPLINE_CURVE_WITH_KNOTS('',3,(#2789,#2790,#2791,#2792,#2793),
 .UNSPECIFIED.,.F.,.F.,(4,1,4),(0.,0.00705511494184449,0.0136779102935661),
 .UNSPECIFIED.);
#802=B_SPLINE_CURVE_WITH_KNOTS('',3,(#2796,#2797,#2798,#2799,#2800),
 .UNSPECIFIED.,.F.,.F.,(4,1,4),(0.,0.00705511494184449,0.0136779102935661),
 .UNSPECIFIED.);
#803=B_SPLINE_CURVE_WITH_KNOTS('',3,(#2812,#2813,#2814,#2815,#2816),
 .UNSPECIFIED.,.F.,.F.,(4,1,4),(0.,0.00969296505385445,0.0178587061304133),
 .UNSPECIFIED.);
#804=B_SPLINE_CURVE_WITH_KNOTS('',3,(#2819,#2820,#2821,#2822,#2823),
 .UNSPECIFIED.,.F.,.F.,(4,1,4),(0.,0.00969296505385445,0.0178587061304133),
 .UNSPECIFIED.);
#805=B_SPLINE_CURVE_WITH_KNOTS('',3,(#2853,#2854,#2855,#2856,#2857),
 .UNSPECIFIED.,.F.,.F.,(4,1,4),(0.,0.00649338032103155,0.0143857238685603),
 .UNSPECIFIED.);
#806=B_SPLINE_CURVE_WITH_KNOTS('',3,(#2860,#2861,#2862,#2863,#2864),
 .UNSPECIFIED.,.F.,.F.,(4,1,4),(0.,0.00649338032103155,0.0143857238685603),
 .UNSPECIFIED.);
#807=B_SPLINE_CURVE_WITH_KNOTS('',3,(#2876,#2877,#2878,#2879,#2880),
 .UNSPECIFIED.,.F.,.F.,(4,1,4),(0.,0.00523507546490966,0.0108162606927682),
 .UNSPECIFIED.);
#808=B_SPLINE_CURVE_WITH_KNOTS('',3,(#2883,#2884,#2885,#2886,#2887),
 .UNSPECIFIED.,.F.,.F.,(4,1,4),(0.,0.00523507546490966,0.0108162606927682),
 .UNSPECIFIED.);
#809=B_SPLINE_CURVE_WITH_KNOTS('',3,(#2899,#2900,#2901,#2902,#2903),
 .UNSPECIFIED.,.F.,.F.,(4,1,4),(0.,0.00616462239110608,0.01294358136461),
 .UNSPECIFIED.);
#810=B_SPLINE_CURVE_WITH_KNOTS('',3,(#2906,#2907,#2908,#2909,#2910),
 .UNSPECIFIED.,.F.,.F.,(4,1,4),(0.,0.00616462239110608,0.01294358136461),
 .UNSPECIFIED.);
#811=B_SPLINE_CURVE_WITH_KNOTS('',3,(#2922,#2923,#2924,#2925,#2926),
 .UNSPECIFIED.,.F.,.F.,(4,1,4),(0.,0.00703846540851625,0.0133801626204862),
 .UNSPECIFIED.);
#812=B_SPLINE_CURVE_WITH_KNOTS('',3,(#2929,#2930,#2931,#2932,#2933),
 .UNSPECIFIED.,.F.,.F.,(4,1,4),(0.,0.00703846540851625,0.0133801626204862),
 .UNSPECIFIED.);
#813=B_SPLINE_CURVE_WITH_KNOTS('',3,(#2944,#2945,#2946,#2947,#2948),
 .UNSPECIFIED.,.F.,.F.,(4,1,4),(0.,0.00629616022110011,0.0139748361233635),
 .UNSPECIFIED.);
#814=B_SPLINE_CURVE_WITH_KNOTS('',3,(#2949,#2950,#2951,#2952,#2953),
 .UNSPECIFIED.,.F.,.F.,(4,1,4),(0.,0.00629616022110011,0.0139748361233635),
 .UNSPECIFIED.);
#815=B_SPLINE_CURVE_WITH_KNOTS('',3,(#2966,#2967,#2968,#2969,#2970),
 .UNSPECIFIED.,.F.,.F.,(4,1,4),(0.,0.0176382774376502,0.0361105961533192),
 .UNSPECIFIED.);
#816=B_SPLINE_CURVE_WITH_KNOTS('',3,(#2974,#2975,#2976,#2977,#2978),
 .UNSPECIFIED.,.F.,.F.,(4,1,4),(0.,0.0176382774376502,0.0361105961533192),
 .UNSPECIFIED.);
#817=B_SPLINE_CURVE_WITH_KNOTS('',3,(#2991,#2992,#2993,#2994,#2995),
 .UNSPECIFIED.,.F.,.F.,(4,1,4),(0.,0.0209626163322048,0.0391685498142141),
 .UNSPECIFIED.);
#818=B_SPLINE_CURVE_WITH_KNOTS('',3,(#2998,#2999,#3000,#3001,#3002),
 .UNSPECIFIED.,.F.,.F.,(4,1,4),(0.,0.0209626163322048,0.0391685498142141),
 .UNSPECIFIED.);
#819=B_SPLINE_CURVE_WITH_KNOTS('',3,(#3014,#3015,#3016,#3017,#3018),
 .UNSPECIFIED.,.F.,.F.,(4,1,4),(0.,0.0128734453502513,0.0277826035845781),
 .UNSPECIFIED.);
#820=B_SPLINE_CURVE_WITH_KNOTS('',3,(#3021,#3022,#3023,#3024,#3025),
 .UNSPECIFIED.,.F.,.F.,(4,1,4),(0.,0.0128734453502513,0.0277826035845781),
 .UNSPECIFIED.);
#821=B_SPLINE_CURVE_WITH_KNOTS('',3,(#3037,#3038,#3039,#3040,#3041),
 .UNSPECIFIED.,.F.,.F.,(4,1,4),(0.,0.0123817707633451,0.0245319775447403),
 .UNSPECIFIED.);
#822=B_SPLINE_CURVE_WITH_KNOTS('',3,(#3044,#3045,#3046,#3047,#3048),
 .UNSPECIFIED.,.F.,.F.,(4,1,4),(0.,0.0123817707633451,0.0245319775447403),
 .UNSPECIFIED.);
#823=B_SPLINE_CURVE_WITH_KNOTS('',3,(#3060,#3061,#3062,#3063,#3064),
 .UNSPECIFIED.,.F.,.F.,(4,1,4),(0.,0.0123121435087972,0.0245437015883033),
 .UNSPECIFIED.);
#824=B_SPLINE_CURVE_WITH_KNOTS('',3,(#3067,#3068,#3069,#3070,#3071),
 .UNSPECIFIED.,.F.,.F.,(4,1,4),(0.,0.0123121435087972,0.0245437015883033),
 .UNSPECIFIED.);
#825=B_SPLINE_CURVE_WITH_KNOTS('',3,(#3083,#3084,#3085,#3086,#3087),
 .UNSPECIFIED.,.F.,.F.,(4,1,4),(0.,0.0155896133354457,0.0291118925713887),
 .UNSPECIFIED.);
#826=B_SPLINE_CURVE_WITH_KNOTS('',3,(#3090,#3091,#3092,#3093,#3094),
 .UNSPECIFIED.,.F.,.F.,(4,1,4),(0.,0.0155896133354457,0.0291118925713887),
 .UNSPECIFIED.);
#827=B_SPLINE_CURVE_WITH_KNOTS('',3,(#3381,#3382,#3383,#3384,#3385),
 .UNSPECIFIED.,.F.,.F.,(4,1,4),(0.,0.00958507869831152,0.0182674023954897),
 .UNSPECIFIED.);
#828=B_SPLINE_CURVE_WITH_KNOTS('',3,(#3389,#3390,#3391,#3392,#3393),
 .UNSPECIFIED.,.F.,.F.,(4,1,4),(0.,0.00958507869831152,0.0182674023954897),
 .UNSPECIFIED.);
#829=B_SPLINE_CURVE_WITH_KNOTS('',3,(#3406,#3407,#3408,#3409,#3410),
 .UNSPECIFIED.,.F.,.F.,(4,1,4),(0.,0.0118624963311067,0.0227087778562838),
 .UNSPECIFIED.);
#830=B_SPLINE_CURVE_WITH_KNOTS('',3,(#3413,#3414,#3415,#3416,#3417),
 .UNSPECIFIED.,.F.,.F.,(4,1,4),(0.,0.0118624963311067,0.0227087778562838),
 .UNSPECIFIED.);
#831=B_SPLINE_CURVE_WITH_KNOTS('',3,(#3429,#3430,#3431,#3432,#3433),
 .UNSPECIFIED.,.F.,.F.,(4,1,4),(0.,0.0170308791672769,0.0310994479012642),
 .UNSPECIFIED.);
#832=B_SPLINE_CURVE_WITH_KNOTS('',3,(#3436,#3437,#3438,#3439,#3440),
 .UNSPECIFIED.,.F.,.F.,(4,1,4),(0.,0.0170308791672769,0.0310994479012642),
 .UNSPECIFIED.);
#833=B_SPLINE_CURVE_WITH_KNOTS('',3,(#3470,#3471,#3472,#3473,#3474),
 .UNSPECIFIED.,.F.,.F.,(4,1,4),(0.,0.0113454421304752,0.0243923016825341),
 .UNSPECIFIED.);
#834=B_SPLINE_CURVE_WITH_KNOTS('',3,(#3477,#3478,#3479,#3480,#3481),
 .UNSPECIFIED.,.F.,.F.,(4,1,4),(0.,0.0113454421304752,0.0243923016825341),
 .UNSPECIFIED.);
#835=B_SPLINE_CURVE_WITH_KNOTS('',3,(#3493,#3494,#3495,#3496,#3497),
 .UNSPECIFIED.,.F.,.F.,(4,1,4),(0.,0.00889889296795259,0.0188112156108917),
 .UNSPECIFIED.);
#836=B_SPLINE_CURVE_WITH_KNOTS('',3,(#3500,#3501,#3502,#3503,#3504),
 .UNSPECIFIED.,.F.,.F.,(4,1,4),(0.,0.00889889296795259,0.0188112156108917),
 .UNSPECIFIED.);
#837=B_SPLINE_CURVE_WITH_KNOTS('',3,(#3516,#3517,#3518,#3519,#3520),
 .UNSPECIFIED.,.F.,.F.,(4,1,4),(0.,0.00956673364042498,0.0206436479430357),
 .UNSPECIFIED.);
#838=B_SPLINE_CURVE_WITH_KNOTS('',3,(#3523,#3524,#3525,#3526,#3527),
 .UNSPECIFIED.,.F.,.F.,(4,1,4),(0.,0.00956673364042498,0.0206436479430357),
 .UNSPECIFIED.);
#839=B_SPLINE_CURVE_WITH_KNOTS('',3,(#3539,#3540,#3541,#3542,#3543),
 .UNSPECIFIED.,.F.,.F.,(4,1,4),(0.,0.010540698749335,0.0200626321420092),
 .UNSPECIFIED.);
#840=B_SPLINE_CURVE_WITH_KNOTS('',3,(#3546,#3547,#3548,#3549,#3550),
 .UNSPECIFIED.,.F.,.F.,(4,1,4),(0.,0.010540698749335,0.0200626321420092),
 .UNSPECIFIED.);
#841=B_SPLINE_CURVE_WITH_KNOTS('',3,(#3561,#3562,#3563,#3564,#3565),
 .UNSPECIFIED.,.F.,.F.,(4,1,4),(0.,0.00927130944479826,0.0207179725603273),
 .UNSPECIFIED.);
#842=B_SPLINE_CURVE_WITH_KNOTS('',3,(#3566,#3567,#3568,#3569,#3570),
 .UNSPECIFIED.,.F.,.F.,(4,1,4),(0.,0.00927130944479826,0.0207179725603273),
 .UNSPECIFIED.);
#843=B_SPLINE_CURVE_WITH_KNOTS('',3,(#3583,#3584,#3585,#3586,#3587),
 .UNSPECIFIED.,.F.,.F.,(4,1,4),(0.,0.0268035695460438,0.0565695878074153),
 .UNSPECIFIED.);
#844=B_SPLINE_CURVE_WITH_KNOTS('',3,(#3591,#3592,#3593,#3594,#3595),
 .UNSPECIFIED.,.F.,.F.,(4,1,4),(0.,0.0268035695460438,0.0565695878074153),
 .UNSPECIFIED.);
#845=B_SPLINE_CURVE_WITH_KNOTS('',3,(#3608,#3609,#3610,#3611,#3612),
 .UNSPECIFIED.,.F.,.F.,(4,1,4),(0.,0.0304163207553602,0.05707875698072),
 .UNSPECIFIED.);
#846=B_SPLINE_CURVE_WITH_KNOTS('',3,(#3615,#3616,#3617,#3618,#3619),
 .UNSPECIFIED.,.F.,.F.,(4,1,4),(0.,0.0304163207553602,0.05707875698072),
 .UNSPECIFIED.);
#847=B_SPLINE_CURVE_WITH_KNOTS('',3,(#3631,#3632,#3633,#3634,#3635),
 .UNSPECIFIED.,.F.,.F.,(4,1,4),(0.,0.0195452948576862,0.0418226005984724),
 .UNSPECIFIED.);
#848=B_SPLINE_CURVE_WITH_KNOTS('',3,(#3638,#3639,#3640,#3641,#3642),
 .UNSPECIFIED.,.F.,.F.,(4,1,4),(0.,0.0195452948576862,0.0418226005984724),
 .UNSPECIFIED.);
#849=B_SPLINE_CURVE_WITH_KNOTS('',3,(#3654,#3655,#3656,#3657,#3658),
 .UNSPECIFIED.,.F.,.F.,(4,1,4),(0.,0.0190854536198438,0.0377485514657101),
 .UNSPECIFIED.);
#850=B_SPLINE_CURVE_WITH_KNOTS('',3,(#3661,#3662,#3663,#3664,#3665),
 .UNSPECIFIED.,.F.,.F.,(4,1,4),(0.,0.0190854536198438,0.0377485514657101),
 .UNSPECIFIED.);
#851=B_SPLINE_CURVE_WITH_KNOTS('',3,(#3677,#3678,#3679,#3680,#3681),
 .UNSPECIFIED.,.F.,.F.,(4,1,4),(0.,0.0191436067739497,0.0383607644855938),
 .UNSPECIFIED.);
#852=B_SPLINE_CURVE_WITH_KNOTS('',3,(#3684,#3685,#3686,#3687,#3688),
 .UNSPECIFIED.,.F.,.F.,(4,1,4),(0.,0.0191436067739497,0.0383607644855938),
 .UNSPECIFIED.);
#853=B_SPLINE_CURVE_WITH_KNOTS('',3,(#3700,#3701,#3702,#3703,#3704),
 .UNSPECIFIED.,.F.,.F.,(4,1,4),(0.,0.0247429059896087,0.0458688730775619),
 .UNSPECIFIED.);
#854=B_SPLINE_CURVE_WITH_KNOTS('',3,(#3707,#3708,#3709,#3710,#3711),
 .UNSPECIFIED.,.F.,.F.,(4,1,4),(0.,0.0247429059896087,0.0458688730775619),
 .UNSPECIFIED.);
#855=VERTEX_POINT('',#2762);
#856=VERTEX_POINT('',#2763);
#857=VERTEX_POINT('',#2769);
#858=VERTEX_POINT('',#2771);
#859=VERTEX_POINT('',#2788);
#860=VERTEX_POINT('',#2794);
#861=VERTEX_POINT('',#2811);
#862=VERTEX_POINT('',#2817);
#863=VERTEX_POINT('',#2825);
#864=VERTEX_POINT('',#2827);
#865=VERTEX_POINT('',#2831);
#866=VERTEX_POINT('',#2833);
#867=VERTEX_POINT('',#2837);
#868=VERTEX_POINT('',#2839);
#869=VERTEX_POINT('',#2852);
#870=VERTEX_POINT('',#2858);
#871=VERTEX_POINT('',#2875);
#872=VERTEX_POINT('',#2881);
#873=VERTEX_POINT('',#2898);
#874=VERTEX_POINT('',#2904);
#875=VERTEX_POINT('',#2921);
#876=VERTEX_POINT('',#2927);
#877=VERTEX_POINT('',#2964);
#878=VERTEX_POINT('',#2965);
#879=VERTEX_POINT('',#2971);
#880=VERTEX_POINT('',#2973);
#881=VERTEX_POINT('',#2990);
#882=VERTEX_POINT('',#2996);
#883=VERTEX_POINT('',#3013);
#884=VERTEX_POINT('',#3019);
#885=VERTEX_POINT('',#3036);
#886=VERTEX_POINT('',#3042);
#887=VERTEX_POINT('',#3059);
#888=VERTEX_POINT('',#3065);
#889=VERTEX_POINT('',#3082);
#890=VERTEX_POINT('',#3088);
#891=VERTEX_POINT('',#3096);
#892=VERTEX_POINT('',#3098);
#893=VERTEX_POINT('',#3102);
#894=VERTEX_POINT('',#3104);
#895=VERTEX_POINT('',#3108);
#896=VERTEX_POINT('',#3110);
#897=VERTEX_POINT('',#3114);
#898=VERTEX_POINT('',#3116);
#899=VERTEX_POINT('',#3120);
#900=VERTEX_POINT('',#3122);
#901=VERTEX_POINT('',#3126);
#902=VERTEX_POINT('',#3128);
#903=VERTEX_POINT('',#3132);
#904=VERTEX_POINT('',#3134);
#905=VERTEX_POINT('',#3142);
#906=VERTEX_POINT('',#3143);
#907=VERTEX_POINT('',#3145);
#908=VERTEX_POINT('',#3147);
#909=VERTEX_POINT('',#3149);
#910=VERTEX_POINT('',#3151);
#911=VERTEX_POINT('',#3153);
#912=VERTEX_POINT('',#3155);
#913=VERTEX_POINT('',#3157);
#914=VERTEX_POINT('',#3159);
#915=VERTEX_POINT('',#3161);
#916=VERTEX_POINT('',#3163);
#917=VERTEX_POINT('',#3165);
#918=VERTEX_POINT('',#3167);
#919=VERTEX_POINT('',#3169);
#920=VERTEX_POINT('',#3171);
#921=VERTEX_POINT('',#3173);
#922=VERTEX_POINT('',#3175);
#923=VERTEX_POINT('',#3177);
#924=VERTEX_POINT('',#3179);
#925=VERTEX_POINT('',#3181);
#926=VERTEX_POINT('',#3183);
#927=VERTEX_POINT('',#3185);
#928=VERTEX_POINT('',#3187);
#929=VERTEX_POINT('',#3189);
#930=VERTEX_POINT('',#3191);
#931=VERTEX_POINT('',#3193);
#932=VERTEX_POINT('',#3195);
#933=VERTEX_POINT('',#3197);
#934=VERTEX_POINT('',#3199);
#935=VERTEX_POINT('',#3203);
#936=VERTEX_POINT('',#3204);
#937=VERTEX_POINT('',#3209);
#938=VERTEX_POINT('',#3213);
#939=VERTEX_POINT('',#3215);
#940=VERTEX_POINT('',#3219);
#941=VERTEX_POINT('',#3223);
#942=VERTEX_POINT('',#3225);
#943=VERTEX_POINT('',#3229);
#944=VERTEX_POINT('',#3233);
#945=VERTEX_POINT('',#3234);
#946=VERTEX_POINT('',#3239);
#947=VERTEX_POINT('',#3243);
#948=VERTEX_POINT('',#3245);
#949=VERTEX_POINT('',#3249);
#950=VERTEX_POINT('',#3253);
#951=VERTEX_POINT('',#3254);
#952=VERTEX_POINT('',#3259);
#953=VERTEX_POINT('',#3263);
#954=VERTEX_POINT('',#3265);
#955=VERTEX_POINT('',#3273);
#956=VERTEX_POINT('',#3277);
#957=VERTEX_POINT('',#3281);
#958=VERTEX_POINT('',#3283);
#959=VERTEX_POINT('',#3291);
#960=VERTEX_POINT('',#3295);
#961=VERTEX_POINT('',#3301);
#962=VERTEX_POINT('',#3305);
#963=VERTEX_POINT('',#3309);
#964=VERTEX_POINT('',#3310);
#965=VERTEX_POINT('',#3312);
#966=VERTEX_POINT('',#3314);
#967=VERTEX_POINT('',#3318);
#968=VERTEX_POINT('',#3320);
#969=VERTEX_POINT('',#3324);
#970=VERTEX_POINT('',#3326);
#971=VERTEX_POINT('',#3330);
#972=VERTEX_POINT('',#3332);
#973=VERTEX_POINT('',#3336);
#974=VERTEX_POINT('',#3338);
#975=VERTEX_POINT('',#3342);
#976=VERTEX_POINT('',#3344);
#977=VERTEX_POINT('',#3348);
#978=VERTEX_POINT('',#3350);
#979=VERTEX_POINT('',#3354);
#980=VERTEX_POINT('',#3356);
#981=VERTEX_POINT('',#3360);
#982=VERTEX_POINT('',#3362);
#983=VERTEX_POINT('',#3379);
#984=VERTEX_POINT('',#3380);
#985=VERTEX_POINT('',#3386);
#986=VERTEX_POINT('',#3388);
#987=VERTEX_POINT('',#3405);
#988=VERTEX_POINT('',#3411);
#989=VERTEX_POINT('',#3428);
#990=VERTEX_POINT('',#3434);
#991=VERTEX_POINT('',#3442);
#992=VERTEX_POINT('',#3444);
#993=VERTEX_POINT('',#3448);
#994=VERTEX_POINT('',#3450);
#995=VERTEX_POINT('',#3454);
#996=VERTEX_POINT('',#3456);
#997=VERTEX_POINT('',#3469);
#998=VERTEX_POINT('',#3475);
#999=VERTEX_POINT('',#3492);
#1000=VERTEX_POINT('',#3498);
#1001=VERTEX_POINT('',#3515);
#1002=VERTEX_POINT('',#3521);
#1003=VERTEX_POINT('',#3538);
#1004=VERTEX_POINT('',#3544);
#1005=VERTEX_POINT('',#3581);
#1006=VERTEX_POINT('',#3582);
#1007=VERTEX_POINT('',#3588);
#1008=VERTEX_POINT('',#3590);
#1009=VERTEX_POINT('',#3607);
#1010=VERTEX_POINT('',#3613);
#1011=VERTEX_POINT('',#3630);
#1012=VERTEX_POINT('',#3636);
#1013=VERTEX_POINT('',#3653);
#1014=VERTEX_POINT('',#3659);
#1015=VERTEX_POINT('',#3676);
#1016=VERTEX_POINT('',#3682);
#1017=VERTEX_POINT('',#3699);
#1018=VERTEX_POINT('',#3705);
#1019=VERTEX_POINT('',#3713);
#1020=VERTEX_POINT('',#3715);
#1021=VERTEX_POINT('',#3719);
#1022=VERTEX_POINT('',#3721);
#1023=VERTEX_POINT('',#3725);
#1024=VERTEX_POINT('',#3727);
#1025=VERTEX_POINT('',#3731);
#1026=VERTEX_POINT('',#3733);
#1027=VERTEX_POINT('',#3737);
#1028=VERTEX_POINT('',#3739);
#1029=VERTEX_POINT('',#3743);
#1030=VERTEX_POINT('',#3745);
#1031=VERTEX_POINT('',#3749);
#1032=VERTEX_POINT('',#3751);
#1033=VERTEX_POINT('',#3759);
#1034=VERTEX_POINT('',#3760);
#1035=VERTEX_POINT('',#3762);
#1036=VERTEX_POINT('',#3764);
#1037=VERTEX_POINT('',#3766);
#1038=VERTEX_POINT('',#3768);
#1039=VERTEX_POINT('',#3770);
#1040=VERTEX_POINT('',#3772);
#1041=VERTEX_POINT('',#3776);
#1042=VERTEX_POINT('',#3778);
#1043=VERTEX_POINT('',#3782);
#1044=VERTEX_POINT('',#3786);
#1045=VERTEX_POINT('',#3790);
#1046=VERTEX_POINT('',#3794);
#1047=VERTEX_POINT('',#3798);
#1048=VERTEX_POINT('',#3802);
#1049=VERTEX_POINT('',#3808);
#1050=VERTEX_POINT('',#3810);
#1051=VERTEX_POINT('',#3814);
#1052=VERTEX_POINT('',#3818);
#1053=VERTEX_POINT('',#3822);
#1054=VERTEX_POINT('',#3827);
#1055=VERTEX_POINT('',#3831);
#1056=VERTEX_POINT('',#3835);
#1057=VERTEX_POINT('',#3841);
#1058=VERTEX_POINT('',#3845);
#1059=EDGE_CURVE('',#855,#856,#799,.T.);
#1060=EDGE_CURVE('',#855,#857,#395,.T.);
#1061=EDGE_CURVE('',#857,#858,#800,.T.);
#1062=EDGE_CURVE('',#856,#858,#396,.T.);
#1063=EDGE_CURVE('',#859,#855,#801,.T.);
#1064=EDGE_CURVE('',#859,#860,#397,.T.);
#1065=EDGE_CURVE('',#860,#857,#802,.T.);
#1066=EDGE_CURVE('',#861,#859,#803,.T.);
#1067=EDGE_CURVE('',#861,#862,#398,.T.);
#1068=EDGE_CURVE('',#862,#860,#804,.T.);
#1069=EDGE_CURVE('',#863,#861,#399,.T.);
#1070=EDGE_CURVE('',#863,#864,#400,.T.);
#1071=EDGE_CURVE('',#864,#862,#401,.T.);
#1072=EDGE_CURVE('',#865,#863,#402,.T.);
#1073=EDGE_CURVE('',#865,#866,#403,.T.);
#1074=EDGE_CURVE('',#866,#864,#404,.T.);
#1075=EDGE_CURVE('',#867,#865,#405,.T.);
#1076=EDGE_CURVE('',#867,#868,#406,.T.);
#1077=EDGE_CURVE('',#868,#866,#407,.T.);
#1078=EDGE_CURVE('',#869,#867,#805,.T.);
#1079=EDGE_CURVE('',#869,#870,#408,.T.);
#1080=EDGE_CURVE('',#870,#868,#806,.T.);
#1081=EDGE_CURVE('',#871,#869,#807,.T.);
#1082=EDGE_CURVE('',#871,#872,#409,.T.);
#1083=EDGE_CURVE('',#872,#870,#808,.T.);
#1084=EDGE_CURVE('',#873,#871,#809,.T.);
#1085=EDGE_CURVE('',#873,#874,#410,.T.);
#1086=EDGE_CURVE('',#874,#872,#810,.T.);
#1087=EDGE_CURVE('',#875,#873,#811,.T.);
#1088=EDGE_CURVE('',#875,#876,#411,.T.);
#1089=EDGE_CURVE('',#876,#874,#812,.T.);
#1090=EDGE_CURVE('',#856,#875,#813,.T.);
#1091=EDGE_CURVE('',#858,#876,#814,.T.);
#1092=EDGE_CURVE('',#877,#878,#815,.T.);
#1093=EDGE_CURVE('',#877,#879,#412,.T.);
#1094=EDGE_CURVE('',#879,#880,#816,.T.);
#1095=EDGE_CURVE('',#878,#880,#413,.T.);
#1096=EDGE_CURVE('',#881,#877,#817,.T.);
#1097=EDGE_CURVE('',#881,#882,#414,.T.);
#1098=EDGE_CURVE('',#882,#879,#818,.T.);
#1099=EDGE_CURVE('',#883,#881,#819,.T.);
#1100=EDGE_CURVE('',#883,#884,#415,.T.);
#1101=EDGE_CURVE('',#884,#882,#820,.T.);
#1102=EDGE_CURVE('',#885,#883,#821,.T.);
#1103=EDGE_CURVE('',#885,#886,#416,.T.);
#1104=EDGE_CURVE('',#886,#884,#822,.T.);
#1105=EDGE_CURVE('',#887,#885,#823,.T.);
#1106=EDGE_CURVE('',#887,#888,#417,.T.);
#1107=EDGE_CURVE('',#888,#886,#824,.T.);
#1108=EDGE_CURVE('',#889,#887,#825,.T.);
#1109=EDGE_CURVE('',#889,#890,#418,.T.);
#1110=EDGE_CURVE('',#890,#888,#826,.T.);
#1111=EDGE_CURVE('',#891,#889,#419,.T.);
#1112=EDGE_CURVE('',#891,#892,#420,.T.);
#1113=EDGE_CURVE('',#892,#890,#421,.T.);
#1114=EDGE_CURVE('',#893,#891,#422,.T.);
#1115=EDGE_CURVE('',#893,#894,#423,.T.);
#1116=EDGE_CURVE('',#894,#892,#424,.T.);
#1117=EDGE_CURVE('',#895,#893,#425,.T.);
#1118=EDGE_CURVE('',#895,#896,#426,.T.);
#1119=EDGE_CURVE('',#896,#894,#427,.T.);
#1120=EDGE_CURVE('',#897,#895,#428,.T.);
#1121=EDGE_CURVE('',#897,#898,#429,.T.);
#1122=EDGE_CURVE('',#898,#896,#430,.T.);
#1123=EDGE_CURVE('',#899,#897,#431,.T.);
#1124=EDGE_CURVE('',#899,#900,#432,.T.);
#1125=EDGE_CURVE('',#900,#898,#433,.T.);
#1126=EDGE_CURVE('',#901,#899,#434,.T.);
#1127=EDGE_CURVE('',#901,#902,#435,.T.);
#1128=EDGE_CURVE('',#902,#900,#436,.T.);
#1129=EDGE_CURVE('',#903,#901,#437,.T.);
#1130=EDGE_CURVE('',#903,#904,#438,.T.);
#1131=EDGE_CURVE('',#904,#902,#439,.T.);
#1132=EDGE_CURVE('',#878,#903,#440,.T.);
#1133=EDGE_CURVE('',#880,#904,#441,.T.);
#1134=EDGE_CURVE('',#905,#906,#45,.T.);
#1135=EDGE_CURVE('',#906,#907,#442,.T.);
#1136=EDGE_CURVE('',#908,#907,#46,.T.);
#1137=EDGE_CURVE('',#909,#908,#443,.T.);
#1138=EDGE_CURVE('',#909,#910,#47,.T.);
#1139=EDGE_CURVE('',#911,#910,#444,.T.);
#1140=EDGE_CURVE('',#911,#912,#48,.T.);
#1141=EDGE_CURVE('',#913,#912,#445,.T.);
#1142=EDGE_CURVE('',#914,#913,#49,.T.);
#1143=EDGE_CURVE('',#914,#915,#446,.T.);
#1144=EDGE_CURVE('',#915,#916,#50,.T.);
#1145=EDGE_CURVE('',#916,#917,#447,.T.);
#1146=EDGE_CURVE('',#917,#918,#51,.T.);
#1147=EDGE_CURVE('',#918,#919,#448,.T.);
#1148=EDGE_CURVE('',#920,#919,#52,.T.);
#1149=EDGE_CURVE('',#920,#921,#449,.T.);
#1150=EDGE_CURVE('',#921,#922,#53,.T.);
#1151=EDGE_CURVE('',#922,#923,#450,.T.);
#1152=EDGE_CURVE('',#923,#924,#54,.T.);
#1153=EDGE_CURVE('',#924,#925,#451,.T.);
#1154=EDGE_CURVE('',#926,#925,#55,.T.);
#1155=EDGE_CURVE('',#926,#927,#452,.T.);
#1156=EDGE_CURVE('',#927,#928,#56,.T.);
#1157=EDGE_CURVE('',#929,#928,#57,.T.);
#1158=EDGE_CURVE('',#929,#930,#453,.T.);
#1159=EDGE_CURVE('',#930,#931,#58,.T.);
#1160=EDGE_CURVE('',#931,#932,#454,.T.);
#1161=EDGE_CURVE('',#932,#933,#59,.T.);
#1162=EDGE_CURVE('',#933,#934,#455,.T.);
#1163=EDGE_CURVE('',#934,#905,#60,.F.);
#1164=EDGE_CURVE('',#935,#936,#61,.T.);
#1165=EDGE_CURVE('',#936,#905,#456,.T.);
#1166=EDGE_CURVE('',#934,#935,#457,.T.);
#1167=EDGE_CURVE('',#933,#937,#458,.T.);
#1168=EDGE_CURVE('',#935,#937,#459,.T.);
#1169=EDGE_CURVE('',#928,#938,#460,.T.);
#1170=EDGE_CURVE('',#939,#938,#62,.F.);
#1171=EDGE_CURVE('',#939,#929,#461,.T.);
#1172=EDGE_CURVE('',#940,#939,#462,.T.);
#1173=EDGE_CURVE('',#930,#940,#463,.T.);
#1174=EDGE_CURVE('',#925,#941,#464,.T.);
#1175=EDGE_CURVE('',#941,#942,#63,.T.);
#1176=EDGE_CURVE('',#942,#926,#465,.T.);
#1177=EDGE_CURVE('',#924,#943,#466,.T.);
#1178=EDGE_CURVE('',#941,#943,#467,.T.);
#1179=EDGE_CURVE('',#944,#945,#64,.T.);
#1180=EDGE_CURVE('',#945,#920,#468,.T.);
#1181=EDGE_CURVE('',#919,#944,#469,.T.);
#1182=EDGE_CURVE('',#946,#945,#470,.T.);
#1183=EDGE_CURVE('',#921,#946,#471,.T.);
#1184=EDGE_CURVE('',#913,#947,#472,.T.);
#1185=EDGE_CURVE('',#947,#948,#65,.T.);
#1186=EDGE_CURVE('',#948,#914,#473,.T.);
#1187=EDGE_CURVE('',#912,#949,#474,.T.);
#1188=EDGE_CURVE('',#947,#949,#475,.T.);
#1189=EDGE_CURVE('',#950,#951,#66,.T.);
#1190=EDGE_CURVE('',#951,#908,#476,.T.);
#1191=EDGE_CURVE('',#907,#950,#477,.T.);
#1192=EDGE_CURVE('',#952,#951,#478,.T.);
#1193=EDGE_CURVE('',#909,#952,#479,.T.);
#1194=EDGE_CURVE('',#922,#953,#480,.T.);
#1195=EDGE_CURVE('',#954,#953,#481,.T.);
#1196=EDGE_CURVE('',#923,#954,#482,.T.);
#1197=EDGE_CURVE('',#943,#954,#67,.T.);
#1198=EDGE_CURVE('',#953,#946,#68,.T.);
#1199=EDGE_CURVE('',#955,#942,#483,.T.);
#1200=EDGE_CURVE('',#927,#955,#484,.T.);
#1201=EDGE_CURVE('',#918,#956,#485,.T.);
#1202=EDGE_CURVE('',#944,#956,#486,.T.);
#1203=EDGE_CURVE('',#931,#957,#487,.T.);
#1204=EDGE_CURVE('',#958,#957,#488,.T.);
#1205=EDGE_CURVE('',#932,#958,#489,.T.);
#1206=EDGE_CURVE('',#937,#958,#69,.T.);
#1207=EDGE_CURVE('',#957,#940,#70,.T.);
#1208=EDGE_CURVE('',#959,#952,#71,.T.);
#1209=EDGE_CURVE('',#910,#959,#490,.T.);
#1210=EDGE_CURVE('',#960,#959,#491,.T.);
#1211=EDGE_CURVE('',#911,#960,#492,.T.);
#1212=EDGE_CURVE('',#949,#960,#72,.T.);
#1213=EDGE_CURVE('',#961,#948,#493,.T.);
#1214=EDGE_CURVE('',#915,#961,#494,.T.);
#1215=EDGE_CURVE('',#906,#962,#495,.T.);
#1216=EDGE_CURVE('',#950,#962,#496,.T.);
#1217=EDGE_CURVE('',#963,#964,#497,.T.);
#1218=EDGE_CURVE('',#963,#965,#498,.T.);
#1219=EDGE_CURVE('',#965,#966,#499,.T.);
#1220=EDGE_CURVE('',#964,#966,#500,.T.);
#1221=EDGE_CURVE('',#967,#963,#501,.T.);
#1222=EDGE_CURVE('',#967,#968,#502,.T.);
#1223=EDGE_CURVE('',#968,#965,#503,.T.);
#1224=EDGE_CURVE('',#969,#967,#504,.T.);
#1225=EDGE_CURVE('',#969,#970,#505,.T.);
#1226=EDGE_CURVE('',#970,#968,#506,.T.);
#1227=EDGE_CURVE('',#971,#969,#507,.T.);
#1228=EDGE_CURVE('',#971,#972,#508,.T.);
#1229=EDGE_CURVE('',#972,#970,#509,.T.);
#1230=EDGE_CURVE('',#973,#971,#510,.T.);
#1231=EDGE_CURVE('',#973,#974,#511,.T.);
#1232=EDGE_CURVE('',#974,#972,#512,.T.);
#1233=EDGE_CURVE('',#975,#973,#513,.T.);
#1234=EDGE_CURVE('',#975,#976,#514,.T.);
#1235=EDGE_CURVE('',#976,#974,#515,.T.);
#1236=EDGE_CURVE('',#977,#975,#516,.T.);
#1237=EDGE_CURVE('',#977,#978,#517,.T.);
#1238=EDGE_CURVE('',#978,#976,#518,.T.);
#1239=EDGE_CURVE('',#979,#977,#519,.T.);
#1240=EDGE_CURVE('',#979,#980,#520,.T.);
#1241=EDGE_CURVE('',#980,#978,#521,.T.);
#1242=EDGE_CURVE('',#981,#979,#522,.T.);
#1243=EDGE_CURVE('',#981,#982,#523,.T.);
#1244=EDGE_CURVE('',#982,#980,#524,.T.);
#1245=EDGE_CURVE('',#964,#981,#525,.T.);
#1246=EDGE_CURVE('',#966,#982,#526,.T.);
#1247=EDGE_CURVE('',#983,#984,#827,.T.);
#1248=EDGE_CURVE('',#983,#985,#527,.T.);
#1249=EDGE_CURVE('',#985,#986,#828,.T.);
#1250=EDGE_CURVE('',#984,#986,#528,.T.);
#1251=EDGE_CURVE('',#987,#983,#829,.T.);
#1252=EDGE_CURVE('',#987,#988,#529,.T.);
#1253=EDGE_CURVE('',#988,#985,#830,.T.);
#1254=EDGE_CURVE('',#989,#987,#831,.T.);
#1255=EDGE_CURVE('',#989,#990,#530,.T.);
#1256=EDGE_CURVE('',#990,#988,#832,.T.);
#1257=EDGE_CURVE('',#991,#989,#531,.T.);
#1258=EDGE_CURVE('',#991,#992,#532,.T.);
#1259=EDGE_CURVE('',#992,#990,#533,.T.);
#1260=EDGE_CURVE('',#993,#991,#534,.T.);
#1261=EDGE_CURVE('',#993,#994,#535,.T.);
#1262=EDGE_CURVE('',#994,#992,#536,.T.);
#1263=EDGE_CURVE('',#995,#993,#537,.T.);
#1264=EDGE_CURVE('',#995,#996,#538,.T.);
#1265=EDGE_CURVE('',#996,#994,#539,.T.);
#1266=EDGE_CURVE('',#997,#995,#833,.T.);
#1267=EDGE_CURVE('',#997,#998,#540,.T.);
#1268=EDGE_CURVE('',#998,#996,#834,.T.);
#1269=EDGE_CURVE('',#999,#997,#835,.T.);
#1270=EDGE_CURVE('',#999,#1000,#541,.T.);
#1271=EDGE_CURVE('',#1000,#998,#836,.T.);
#1272=EDGE_CURVE('',#1001,#999,#837,.T.);
#1273=EDGE_CURVE('',#1001,#1002,#542,.T.);
#1274=EDGE_CURVE('',#1002,#1000,#838,.T.);
#1275=EDGE_CURVE('',#1003,#1001,#839,.T.);
#1276=EDGE_CURVE('',#1003,#1004,#543,.T.);
#1277=EDGE_CURVE('',#1004,#1002,#840,.T.);
#1278=EDGE_CURVE('',#984,#1003,#841,.T.);
#1279=EDGE_CURVE('',#986,#1004,#842,.T.);
#1280=EDGE_CURVE('',#1005,#1006,#843,.T.);
#1281=EDGE_CURVE('',#1005,#1007,#544,.T.);
#1282=EDGE_CURVE('',#1007,#1008,#844,.T.);
#1283=EDGE_CURVE('',#1006,#1008,#545,.T.);
#1284=EDGE_CURVE('',#1009,#1005,#845,.T.);
#1285=EDGE_CURVE('',#1009,#1010,#546,.T.);
#1286=EDGE_CURVE('',#1010,#1007,#846,.T.);
#1287=EDGE_CURVE('',#1011,#1009,#847,.T.);
#1288=EDGE_CURVE('',#1011,#1012,#547,.T.);
#1289=EDGE_CURVE('',#1012,#1010,#848,.T.);
#1290=EDGE_CURVE('',#1013,#1011,#849,.T.);
#1291=EDGE_CURVE('',#1013,#1014,#548,.T.);
#1292=EDGE_CURVE('',#1014,#1012,#850,.T.);
#1293=EDGE_CURVE('',#1015,#1013,#851,.T.);
#1294=EDGE_CURVE('',#1015,#1016,#549,.T.);
#1295=EDGE_CURVE('',#1016,#1014,#852,.T.);
#1296=EDGE_CURVE('',#1017,#1015,#853,.T.);
#1297=EDGE_CURVE('',#1017,#1018,#550,.T.);
#1298=EDGE_CURVE('',#1018,#1016,#854,.T.);
#1299=EDGE_CURVE('',#1019,#1017,#551,.T.);
#1300=EDGE_CURVE('',#1019,#1020,#552,.T.);
#1301=EDGE_CURVE('',#1020,#1018,#553,.T.);
#1302=EDGE_CURVE('',#1021,#1019,#554,.T.);
#1303=EDGE_CURVE('',#1021,#1022,#555,.T.);
#1304=EDGE_CURVE('',#1022,#1020,#556,.T.);
#1305=EDGE_CURVE('',#1023,#1021,#557,.T.);
#1306=EDGE_CURVE('',#1023,#1024,#558,.T.);
#1307=EDGE_CURVE('',#1024,#1022,#559,.T.);
#1308=EDGE_CURVE('',#1025,#1023,#560,.T.);
#1309=EDGE_CURVE('',#1025,#1026,#561,.T.);
#1310=EDGE_CURVE('',#1026,#1024,#562,.T.);
#1311=EDGE_CURVE('',#1027,#1025,#563,.T.);
#1312=EDGE_CURVE('',#1027,#1028,#564,.T.);
#1313=EDGE_CURVE('',#1028,#1026,#565,.T.);
#1314=EDGE_CURVE('',#1029,#1027,#566,.T.);
#1315=EDGE_CURVE('',#1029,#1030,#567,.T.);
#1316=EDGE_CURVE('',#1030,#1028,#568,.T.);
#1317=EDGE_CURVE('',#1031,#1029,#569,.T.);
#1318=EDGE_CURVE('',#1031,#1032,#570,.T.);
#1319=EDGE_CURVE('',#1032,#1030,#571,.T.);
#1320=EDGE_CURVE('',#1006,#1031,#572,.T.);
#1321=EDGE_CURVE('',#1008,#1032,#573,.T.);
#1322=EDGE_CURVE('',#1033,#1034,#574,.T.);
#1323=EDGE_CURVE('',#1035,#1033,#73,.T.);
#1324=EDGE_CURVE('',#1036,#1035,#575,.T.);
#1325=EDGE_CURVE('',#1037,#1036,#74,.T.);
#1326=EDGE_CURVE('',#1038,#1037,#576,.T.);
#1327=EDGE_CURVE('',#1039,#1038,#75,.T.);
#1328=EDGE_CURVE('',#1040,#1039,#577,.T.);
#1329=EDGE_CURVE('',#1034,#1040,#76,.T.);
#1330=EDGE_CURVE('',#1034,#1041,#77,.T.);
#1331=EDGE_CURVE('',#1041,#1042,#578,.T.);
#1332=EDGE_CURVE('',#1042,#1033,#78,.T.);
#1333=EDGE_CURVE('',#1043,#1035,#79,.T.);
#1334=EDGE_CURVE('',#1042,#1043,#80,.T.);
#1335=EDGE_CURVE('',#1044,#1036,#81,.T.);
#1336=EDGE_CURVE('',#1043,#1044,#579,.T.);
#1337=EDGE_CURVE('',#1045,#1037,#82,.T.);
#1338=EDGE_CURVE('',#1044,#1045,#83,.T.);
#1339=EDGE_CURVE('',#1046,#1038,#84,.T.);
#1340=EDGE_CURVE('',#1045,#1046,#580,.T.);
#1341=EDGE_CURVE('',#1047,#1039,#85,.T.);
#1342=EDGE_CURVE('',#1046,#1047,#86,.T.);
#1343=EDGE_CURVE('',#1048,#1040,#87,.T.);
#1344=EDGE_CURVE('',#1047,#1048,#581,.T.);
#1345=EDGE_CURVE('',#1048,#1041,#88,.T.);
#1346=EDGE_CURVE('',#1049,#1044,#582,.T.);
#1347=EDGE_CURVE('',#1050,#1049,#89,.T.);
#1348=EDGE_CURVE('',#1050,#1045,#583,.T.);
#1349=EDGE_CURVE('',#1051,#1043,#584,.T.);
#1350=EDGE_CURVE('',#1049,#1051,#585,.T.);
#1351=EDGE_CURVE('',#1052,#1042,#586,.T.);
#1352=EDGE_CURVE('',#1051,#1052,#90,.T.);
#1353=EDGE_CURVE('',#1053,#1041,#587,.T.);
#1354=EDGE_CURVE('',#1052,#1053,#588,.T.);
#1355=EDGE_CURVE('',#1054,#1050,#589,.T.);
#1356=EDGE_CURVE('',#1054,#1046,#590,.T.);
#1357=EDGE_CURVE('',#1055,#1054,#91,.T.);
#1358=EDGE_CURVE('',#1055,#1047,#591,.T.);
#1359=EDGE_CURVE('',#1056,#1055,#592,.T.);
#1360=EDGE_CURVE('',#1048,#1056,#593,.T.);
#1361=EDGE_CURVE('',#1053,#1056,#92,.T.);
#1362=EDGE_CURVE('',#1057,#961,#93,.T.);
#1363=EDGE_CURVE('',#916,#1057,#594,.T.);
#1364=EDGE_CURVE('',#1058,#1057,#595,.T.);
#1365=EDGE_CURVE('',#917,#1058,#596,.T.);
#1366=EDGE_CURVE('',#956,#1058,#94,.T.);
#1367=EDGE_CURVE('',#938,#955,#95,.T.);
#1368=EDGE_CURVE('',#962,#936,#96,.T.);
#1369=ORIENTED_EDGE('',*,*,#1059,.F.);
#1370=ORIENTED_EDGE('',*,*,#1060,.T.);
#1371=ORIENTED_EDGE('',*,*,#1061,.T.);
#1372=ORIENTED_EDGE('',*,*,#1062,.F.);
#1373=ORIENTED_EDGE('',*,*,#1063,.F.);
#1374=ORIENTED_EDGE('',*,*,#1064,.T.);
#1375=ORIENTED_EDGE('',*,*,#1065,.T.);
#1376=ORIENTED_EDGE('',*,*,#1060,.F.);
#1377=ORIENTED_EDGE('',*,*,#1066,.F.);
#1378=ORIENTED_EDGE('',*,*,#1067,.T.);
#1379=ORIENTED_EDGE('',*,*,#1068,.T.);
#1380=ORIENTED_EDGE('',*,*,#1064,.F.);
#1381=ORIENTED_EDGE('',*,*,#1069,.F.);
#1382=ORIENTED_EDGE('',*,*,#1070,.T.);
#1383=ORIENTED_EDGE('',*,*,#1071,.T.);
#1384=ORIENTED_EDGE('',*,*,#1067,.F.);
#1385=ORIENTED_EDGE('',*,*,#1072,.F.);
#1386=ORIENTED_EDGE('',*,*,#1073,.T.);
#1387=ORIENTED_EDGE('',*,*,#1074,.T.);
#1388=ORIENTED_EDGE('',*,*,#1070,.F.);
#1389=ORIENTED_EDGE('',*,*,#1075,.F.);
#1390=ORIENTED_EDGE('',*,*,#1076,.T.);
#1391=ORIENTED_EDGE('',*,*,#1077,.T.);
#1392=ORIENTED_EDGE('',*,*,#1073,.F.);
#1393=ORIENTED_EDGE('',*,*,#1078,.F.);
#1394=ORIENTED_EDGE('',*,*,#1079,.T.);
#1395=ORIENTED_EDGE('',*,*,#1080,.T.);
#1396=ORIENTED_EDGE('',*,*,#1076,.F.);
#1397=ORIENTED_EDGE('',*,*,#1081,.F.);
#1398=ORIENTED_EDGE('',*,*,#1082,.T.);
#1399=ORIENTED_EDGE('',*,*,#1083,.T.);
#1400=ORIENTED_EDGE('',*,*,#1079,.F.);
#1401=ORIENTED_EDGE('',*,*,#1084,.F.);
#1402=ORIENTED_EDGE('',*,*,#1085,.T.);
#1403=ORIENTED_EDGE('',*,*,#1086,.T.);
#1404=ORIENTED_EDGE('',*,*,#1082,.F.);
#1405=ORIENTED_EDGE('',*,*,#1087,.F.);
#1406=ORIENTED_EDGE('',*,*,#1088,.T.);
#1407=ORIENTED_EDGE('',*,*,#1089,.T.);
#1408=ORIENTED_EDGE('',*,*,#1085,.F.);
#1409=ORIENTED_EDGE('',*,*,#1090,.F.);
#1410=ORIENTED_EDGE('',*,*,#1062,.T.);
#1411=ORIENTED_EDGE('',*,*,#1091,.T.);
#1412=ORIENTED_EDGE('',*,*,#1088,.F.);
#1413=ORIENTED_EDGE('',*,*,#1092,.F.);
#1414=ORIENTED_EDGE('',*,*,#1093,.T.);
#1415=ORIENTED_EDGE('',*,*,#1094,.T.);
#1416=ORIENTED_EDGE('',*,*,#1095,.F.);
#1417=ORIENTED_EDGE('',*,*,#1096,.F.);
#1418=ORIENTED_EDGE('',*,*,#1097,.T.);
#1419=ORIENTED_EDGE('',*,*,#1098,.T.);
#1420=ORIENTED_EDGE('',*,*,#1093,.F.);
#1421=ORIENTED_EDGE('',*,*,#1099,.F.);
#1422=ORIENTED_EDGE('',*,*,#1100,.T.);
#1423=ORIENTED_EDGE('',*,*,#1101,.T.);
#1424=ORIENTED_EDGE('',*,*,#1097,.F.);
#1425=ORIENTED_EDGE('',*,*,#1102,.F.);
#1426=ORIENTED_EDGE('',*,*,#1103,.T.);
#1427=ORIENTED_EDGE('',*,*,#1104,.T.);
#1428=ORIENTED_EDGE('',*,*,#1100,.F.);
#1429=ORIENTED_EDGE('',*,*,#1105,.F.);
#1430=ORIENTED_EDGE('',*,*,#1106,.T.);
#1431=ORIENTED_EDGE('',*,*,#1107,.T.);
#1432=ORIENTED_EDGE('',*,*,#1103,.F.);
#1433=ORIENTED_EDGE('',*,*,#1108,.F.);
#1434=ORIENTED_EDGE('',*,*,#1109,.T.);
#1435=ORIENTED_EDGE('',*,*,#1110,.T.);
#1436=ORIENTED_EDGE('',*,*,#1106,.F.);
#1437=ORIENTED_EDGE('',*,*,#1111,.F.);
#1438=ORIENTED_EDGE('',*,*,#1112,.T.);
#1439=ORIENTED_EDGE('',*,*,#1113,.T.);
#1440=ORIENTED_EDGE('',*,*,#1109,.F.);
#1441=ORIENTED_EDGE('',*,*,#1114,.F.);
#1442=ORIENTED_EDGE('',*,*,#1115,.T.);
#1443=ORIENTED_EDGE('',*,*,#1116,.T.);
#1444=ORIENTED_EDGE('',*,*,#1112,.F.);
#1445=ORIENTED_EDGE('',*,*,#1117,.F.);
#1446=ORIENTED_EDGE('',*,*,#1118,.T.);
#1447=ORIENTED_EDGE('',*,*,#1119,.T.);
#1448=ORIENTED_EDGE('',*,*,#1115,.F.);
#1449=ORIENTED_EDGE('',*,*,#1120,.F.);
#1450=ORIENTED_EDGE('',*,*,#1121,.T.);
#1451=ORIENTED_EDGE('',*,*,#1122,.T.);
#1452=ORIENTED_EDGE('',*,*,#1118,.F.);
#1453=ORIENTED_EDGE('',*,*,#1123,.F.);
#1454=ORIENTED_EDGE('',*,*,#1124,.T.);
#1455=ORIENTED_EDGE('',*,*,#1125,.T.);
#1456=ORIENTED_EDGE('',*,*,#1121,.F.);
#1457=ORIENTED_EDGE('',*,*,#1126,.F.);
#1458=ORIENTED_EDGE('',*,*,#1127,.T.);
#1459=ORIENTED_EDGE('',*,*,#1128,.T.);
#1460=ORIENTED_EDGE('',*,*,#1124,.F.);
#1461=ORIENTED_EDGE('',*,*,#1129,.F.);
#1462=ORIENTED_EDGE('',*,*,#1130,.T.);
#1463=ORIENTED_EDGE('',*,*,#1131,.T.);
#1464=ORIENTED_EDGE('',*,*,#1127,.F.);
#1465=ORIENTED_EDGE('',*,*,#1132,.F.);
#1466=ORIENTED_EDGE('',*,*,#1095,.T.);
#1467=ORIENTED_EDGE('',*,*,#1133,.T.);
#1468=ORIENTED_EDGE('',*,*,#1130,.F.);
#1469=ORIENTED_EDGE('',*,*,#1133,.F.);
#1470=ORIENTED_EDGE('',*,*,#1094,.F.);
#1471=ORIENTED_EDGE('',*,*,#1098,.F.);
#1472=ORIENTED_EDGE('',*,*,#1101,.F.);
#1473=ORIENTED_EDGE('',*,*,#1104,.F.);
#1474=ORIENTED_EDGE('',*,*,#1107,.F.);
#1475=ORIENTED_EDGE('',*,*,#1110,.F.);
#1476=ORIENTED_EDGE('',*,*,#1113,.F.);
#1477=ORIENTED_EDGE('',*,*,#1116,.F.);
#1478=ORIENTED_EDGE('',*,*,#1119,.F.);
#1479=ORIENTED_EDGE('',*,*,#1122,.F.);
#1480=ORIENTED_EDGE('',*,*,#1125,.F.);
#1481=ORIENTED_EDGE('',*,*,#1128,.F.);
#1482=ORIENTED_EDGE('',*,*,#1131,.F.);
#1483=ORIENTED_EDGE('',*,*,#1091,.F.);
#1484=ORIENTED_EDGE('',*,*,#1061,.F.);
#1485=ORIENTED_EDGE('',*,*,#1065,.F.);
#1486=ORIENTED_EDGE('',*,*,#1068,.F.);
#1487=ORIENTED_EDGE('',*,*,#1071,.F.);
#1488=ORIENTED_EDGE('',*,*,#1074,.F.);
#1489=ORIENTED_EDGE('',*,*,#1077,.F.);
#1490=ORIENTED_EDGE('',*,*,#1080,.F.);
#1491=ORIENTED_EDGE('',*,*,#1083,.F.);
#1492=ORIENTED_EDGE('',*,*,#1086,.F.);
#1493=ORIENTED_EDGE('',*,*,#1089,.F.);
#1494=ORIENTED_EDGE('',*,*,#1134,.T.);
#1495=ORIENTED_EDGE('',*,*,#1135,.T.);
#1496=ORIENTED_EDGE('',*,*,#1136,.F.);
#1497=ORIENTED_EDGE('',*,*,#1137,.F.);
#1498=ORIENTED_EDGE('',*,*,#1138,.T.);
#1499=ORIENTED_EDGE('',*,*,#1139,.F.);
#1500=ORIENTED_EDGE('',*,*,#1140,.T.);
#1501=ORIENTED_EDGE('',*,*,#1141,.F.);
#1502=ORIENTED_EDGE('',*,*,#1142,.F.);
#1503=ORIENTED_EDGE('',*,*,#1143,.T.);
#1504=ORIENTED_EDGE('',*,*,#1144,.T.);
#1505=ORIENTED_EDGE('',*,*,#1145,.T.);
#1506=ORIENTED_EDGE('',*,*,#1146,.T.);
#1507=ORIENTED_EDGE('',*,*,#1147,.T.);
#1508=ORIENTED_EDGE('',*,*,#1148,.F.);
#1509=ORIENTED_EDGE('',*,*,#1149,.T.);
#1510=ORIENTED_EDGE('',*,*,#1150,.T.);
#1511=ORIENTED_EDGE('',*,*,#1151,.T.);
#1512=ORIENTED_EDGE('',*,*,#1152,.T.);
#1513=ORIENTED_EDGE('',*,*,#1153,.T.);
#1514=ORIENTED_EDGE('',*,*,#1154,.F.);
#1515=ORIENTED_EDGE('',*,*,#1155,.T.);
#1516=ORIENTED_EDGE('',*,*,#1156,.T.);
#1517=ORIENTED_EDGE('',*,*,#1157,.F.);
#1518=ORIENTED_EDGE('',*,*,#1158,.T.);
#1519=ORIENTED_EDGE('',*,*,#1159,.T.);
#1520=ORIENTED_EDGE('',*,*,#1160,.T.);
#1521=ORIENTED_EDGE('',*,*,#1161,.T.);
#1522=ORIENTED_EDGE('',*,*,#1162,.T.);
#1523=ORIENTED_EDGE('',*,*,#1163,.T.);
#1524=ORIENTED_EDGE('',*,*,#1092,.T.);
#1525=ORIENTED_EDGE('',*,*,#1132,.T.);
#1526=ORIENTED_EDGE('',*,*,#1129,.T.);
#1527=ORIENTED_EDGE('',*,*,#1126,.T.);
#1528=ORIENTED_EDGE('',*,*,#1123,.T.);
#1529=ORIENTED_EDGE('',*,*,#1120,.T.);
#1530=ORIENTED_EDGE('',*,*,#1117,.T.);
#1531=ORIENTED_EDGE('',*,*,#1114,.T.);
#1532=ORIENTED_EDGE('',*,*,#1111,.T.);
#1533=ORIENTED_EDGE('',*,*,#1108,.T.);
#1534=ORIENTED_EDGE('',*,*,#1105,.T.);
#1535=ORIENTED_EDGE('',*,*,#1102,.T.);
#1536=ORIENTED_EDGE('',*,*,#1099,.T.);
#1537=ORIENTED_EDGE('',*,*,#1096,.T.);
#1538=ORIENTED_EDGE('',*,*,#1164,.T.);
#1539=ORIENTED_EDGE('',*,*,#1165,.T.);
#1540=ORIENTED_EDGE('',*,*,#1163,.F.);
#1541=ORIENTED_EDGE('',*,*,#1166,.T.);
#1542=ORIENTED_EDGE('',*,*,#1166,.F.);
#1543=ORIENTED_EDGE('',*,*,#1162,.F.);
#1544=ORIENTED_EDGE('',*,*,#1167,.T.);
#1545=ORIENTED_EDGE('',*,*,#1168,.F.);
#1546=ORIENTED_EDGE('',*,*,#1157,.T.);
#1547=ORIENTED_EDGE('',*,*,#1169,.T.);
#1548=ORIENTED_EDGE('',*,*,#1170,.F.);
#1549=ORIENTED_EDGE('',*,*,#1171,.T.);
#1550=ORIENTED_EDGE('',*,*,#1171,.F.);
#1551=ORIENTED_EDGE('',*,*,#1172,.F.);
#1552=ORIENTED_EDGE('',*,*,#1173,.F.);
#1553=ORIENTED_EDGE('',*,*,#1158,.F.);
#1554=ORIENTED_EDGE('',*,*,#1154,.T.);
#1555=ORIENTED_EDGE('',*,*,#1174,.T.);
#1556=ORIENTED_EDGE('',*,*,#1175,.T.);
#1557=ORIENTED_EDGE('',*,*,#1176,.T.);
#1558=ORIENTED_EDGE('',*,*,#1174,.F.);
#1559=ORIENTED_EDGE('',*,*,#1153,.F.);
#1560=ORIENTED_EDGE('',*,*,#1177,.T.);
#1561=ORIENTED_EDGE('',*,*,#1178,.F.);
#1562=ORIENTED_EDGE('',*,*,#1179,.T.);
#1563=ORIENTED_EDGE('',*,*,#1180,.T.);
#1564=ORIENTED_EDGE('',*,*,#1148,.T.);
#1565=ORIENTED_EDGE('',*,*,#1181,.T.);
#1566=ORIENTED_EDGE('',*,*,#1180,.F.);
#1567=ORIENTED_EDGE('',*,*,#1182,.F.);
#1568=ORIENTED_EDGE('',*,*,#1183,.F.);
#1569=ORIENTED_EDGE('',*,*,#1149,.F.);
#1570=ORIENTED_EDGE('',*,*,#1142,.T.);
#1571=ORIENTED_EDGE('',*,*,#1184,.T.);
#1572=ORIENTED_EDGE('',*,*,#1185,.T.);
#1573=ORIENTED_EDGE('',*,*,#1186,.T.);
#1574=ORIENTED_EDGE('',*,*,#1184,.F.);
#1575=ORIENTED_EDGE('',*,*,#1141,.T.);
#1576=ORIENTED_EDGE('',*,*,#1187,.T.);
#1577=ORIENTED_EDGE('',*,*,#1188,.F.);
#1578=ORIENTED_EDGE('',*,*,#1189,.T.);
#1579=ORIENTED_EDGE('',*,*,#1190,.T.);
#1580=ORIENTED_EDGE('',*,*,#1136,.T.);
#1581=ORIENTED_EDGE('',*,*,#1191,.T.);
#1582=ORIENTED_EDGE('',*,*,#1190,.F.);
#1583=ORIENTED_EDGE('',*,*,#1192,.F.);
#1584=ORIENTED_EDGE('',*,*,#1193,.F.);
#1585=ORIENTED_EDGE('',*,*,#1137,.T.);
#1586=ORIENTED_EDGE('',*,*,#1151,.F.);
#1587=ORIENTED_EDGE('',*,*,#1194,.T.);
#1588=ORIENTED_EDGE('',*,*,#1195,.F.);
#1589=ORIENTED_EDGE('',*,*,#1196,.F.);
#1590=ORIENTED_EDGE('',*,*,#1152,.F.);
#1591=ORIENTED_EDGE('',*,*,#1196,.T.);
#1592=ORIENTED_EDGE('',*,*,#1197,.F.);
#1593=ORIENTED_EDGE('',*,*,#1177,.F.);
#1594=ORIENTED_EDGE('',*,*,#1150,.F.);
#1595=ORIENTED_EDGE('',*,*,#1183,.T.);
#1596=ORIENTED_EDGE('',*,*,#1198,.F.);
#1597=ORIENTED_EDGE('',*,*,#1194,.F.);
#1598=ORIENTED_EDGE('',*,*,#1176,.F.);
#1599=ORIENTED_EDGE('',*,*,#1199,.F.);
#1600=ORIENTED_EDGE('',*,*,#1200,.F.);
#1601=ORIENTED_EDGE('',*,*,#1155,.F.);
#1602=ORIENTED_EDGE('',*,*,#1181,.F.);
#1603=ORIENTED_EDGE('',*,*,#1147,.F.);
#1604=ORIENTED_EDGE('',*,*,#1201,.T.);
#1605=ORIENTED_EDGE('',*,*,#1202,.F.);
#1606=ORIENTED_EDGE('',*,*,#1160,.F.);
#1607=ORIENTED_EDGE('',*,*,#1203,.T.);
#1608=ORIENTED_EDGE('',*,*,#1204,.F.);
#1609=ORIENTED_EDGE('',*,*,#1205,.F.);
#1610=ORIENTED_EDGE('',*,*,#1161,.F.);
#1611=ORIENTED_EDGE('',*,*,#1205,.T.);
#1612=ORIENTED_EDGE('',*,*,#1206,.F.);
#1613=ORIENTED_EDGE('',*,*,#1167,.F.);
#1614=ORIENTED_EDGE('',*,*,#1159,.F.);
#1615=ORIENTED_EDGE('',*,*,#1173,.T.);
#1616=ORIENTED_EDGE('',*,*,#1207,.F.);
#1617=ORIENTED_EDGE('',*,*,#1203,.F.);
#1618=ORIENTED_EDGE('',*,*,#1138,.F.);
#1619=ORIENTED_EDGE('',*,*,#1193,.T.);
#1620=ORIENTED_EDGE('',*,*,#1208,.F.);
#1621=ORIENTED_EDGE('',*,*,#1209,.F.);
#1622=ORIENTED_EDGE('',*,*,#1139,.T.);
#1623=ORIENTED_EDGE('',*,*,#1209,.T.);
#1624=ORIENTED_EDGE('',*,*,#1210,.F.);
#1625=ORIENTED_EDGE('',*,*,#1211,.F.);
#1626=ORIENTED_EDGE('',*,*,#1140,.F.);
#1627=ORIENTED_EDGE('',*,*,#1211,.T.);
#1628=ORIENTED_EDGE('',*,*,#1212,.F.);
#1629=ORIENTED_EDGE('',*,*,#1187,.F.);
#1630=ORIENTED_EDGE('',*,*,#1186,.F.);
#1631=ORIENTED_EDGE('',*,*,#1213,.F.);
#1632=ORIENTED_EDGE('',*,*,#1214,.F.);
#1633=ORIENTED_EDGE('',*,*,#1143,.F.);
#1634=ORIENTED_EDGE('',*,*,#1191,.F.);
#1635=ORIENTED_EDGE('',*,*,#1135,.F.);
#1636=ORIENTED_EDGE('',*,*,#1215,.T.);
#1637=ORIENTED_EDGE('',*,*,#1216,.F.);
#1638=ORIENTED_EDGE('',*,*,#1217,.F.);
#1639=ORIENTED_EDGE('',*,*,#1218,.T.);
#1640=ORIENTED_EDGE('',*,*,#1219,.T.);
#1641=ORIENTED_EDGE('',*,*,#1220,.F.);
#1642=ORIENTED_EDGE('',*,*,#1221,.F.);
#1643=ORIENTED_EDGE('',*,*,#1222,.T.);
#1644=ORIENTED_EDGE('',*,*,#1223,.T.);
#1645=ORIENTED_EDGE('',*,*,#1218,.F.);
#1646=ORIENTED_EDGE('',*,*,#1224,.F.);
#1647=ORIENTED_EDGE('',*,*,#1225,.T.);
#1648=ORIENTED_EDGE('',*,*,#1226,.T.);
#1649=ORIENTED_EDGE('',*,*,#1222,.F.);
#1650=ORIENTED_EDGE('',*,*,#1227,.F.);
#1651=ORIENTED_EDGE('',*,*,#1228,.T.);
#1652=ORIENTED_EDGE('',*,*,#1229,.T.);
#1653=ORIENTED_EDGE('',*,*,#1225,.F.);
#1654=ORIENTED_EDGE('',*,*,#1230,.F.);
#1655=ORIENTED_EDGE('',*,*,#1231,.T.);
#1656=ORIENTED_EDGE('',*,*,#1232,.T.);
#1657=ORIENTED_EDGE('',*,*,#1228,.F.);
#1658=ORIENTED_EDGE('',*,*,#1233,.F.);
#1659=ORIENTED_EDGE('',*,*,#1234,.T.);
#1660=ORIENTED_EDGE('',*,*,#1235,.T.);
#1661=ORIENTED_EDGE('',*,*,#1231,.F.);
#1662=ORIENTED_EDGE('',*,*,#1236,.F.);
#1663=ORIENTED_EDGE('',*,*,#1237,.T.);
#1664=ORIENTED_EDGE('',*,*,#1238,.T.);
#1665=ORIENTED_EDGE('',*,*,#1234,.F.);
#1666=ORIENTED_EDGE('',*,*,#1239,.F.);
#1667=ORIENTED_EDGE('',*,*,#1240,.T.);
#1668=ORIENTED_EDGE('',*,*,#1241,.T.);
#1669=ORIENTED_EDGE('',*,*,#1237,.F.);
#1670=ORIENTED_EDGE('',*,*,#1242,.F.);
#1671=ORIENTED_EDGE('',*,*,#1243,.T.);
#1672=ORIENTED_EDGE('',*,*,#1244,.T.);
#1673=ORIENTED_EDGE('',*,*,#1240,.F.);
#1674=ORIENTED_EDGE('',*,*,#1245,.F.);
#1675=ORIENTED_EDGE('',*,*,#1220,.T.);
#1676=ORIENTED_EDGE('',*,*,#1246,.T.);
#1677=ORIENTED_EDGE('',*,*,#1243,.F.);
#1678=ORIENTED_EDGE('',*,*,#1246,.F.);
#1679=ORIENTED_EDGE('',*,*,#1219,.F.);
#1680=ORIENTED_EDGE('',*,*,#1223,.F.);
#1681=ORIENTED_EDGE('',*,*,#1226,.F.);
#1682=ORIENTED_EDGE('',*,*,#1229,.F.);
#1683=ORIENTED_EDGE('',*,*,#1232,.F.);
#1684=ORIENTED_EDGE('',*,*,#1235,.F.);
#1685=ORIENTED_EDGE('',*,*,#1238,.F.);
#1686=ORIENTED_EDGE('',*,*,#1241,.F.);
#1687=ORIENTED_EDGE('',*,*,#1244,.F.);
#1688=ORIENTED_EDGE('',*,*,#1247,.F.);
#1689=ORIENTED_EDGE('',*,*,#1248,.T.);
#1690=ORIENTED_EDGE('',*,*,#1249,.T.);
#1691=ORIENTED_EDGE('',*,*,#1250,.F.);
#1692=ORIENTED_EDGE('',*,*,#1251,.F.);
#1693=ORIENTED_EDGE('',*,*,#1252,.T.);
#1694=ORIENTED_EDGE('',*,*,#1253,.T.);
#1695=ORIENTED_EDGE('',*,*,#1248,.F.);
#1696=ORIENTED_EDGE('',*,*,#1254,.F.);
#1697=ORIENTED_EDGE('',*,*,#1255,.T.);
#1698=ORIENTED_EDGE('',*,*,#1256,.T.);
#1699=ORIENTED_EDGE('',*,*,#1252,.F.);
#1700=ORIENTED_EDGE('',*,*,#1257,.F.);
#1701=ORIENTED_EDGE('',*,*,#1258,.T.);
#1702=ORIENTED_EDGE('',*,*,#1259,.T.);
#1703=ORIENTED_EDGE('',*,*,#1255,.F.);
#1704=ORIENTED_EDGE('',*,*,#1260,.F.);
#1705=ORIENTED_EDGE('',*,*,#1261,.T.);
#1706=ORIENTED_EDGE('',*,*,#1262,.T.);
#1707=ORIENTED_EDGE('',*,*,#1258,.F.);
#1708=ORIENTED_EDGE('',*,*,#1263,.F.);
#1709=ORIENTED_EDGE('',*,*,#1264,.T.);
#1710=ORIENTED_EDGE('',*,*,#1265,.T.);
#1711=ORIENTED_EDGE('',*,*,#1261,.F.);
#1712=ORIENTED_EDGE('',*,*,#1266,.F.);
#1713=ORIENTED_EDGE('',*,*,#1267,.T.);
#1714=ORIENTED_EDGE('',*,*,#1268,.T.);
#1715=ORIENTED_EDGE('',*,*,#1264,.F.);
#1716=ORIENTED_EDGE('',*,*,#1269,.F.);
#1717=ORIENTED_EDGE('',*,*,#1270,.T.);
#1718=ORIENTED_EDGE('',*,*,#1271,.T.);
#1719=ORIENTED_EDGE('',*,*,#1267,.F.);
#1720=ORIENTED_EDGE('',*,*,#1272,.F.);
#1721=ORIENTED_EDGE('',*,*,#1273,.T.);
#1722=ORIENTED_EDGE('',*,*,#1274,.T.);
#1723=ORIENTED_EDGE('',*,*,#1270,.F.);
#1724=ORIENTED_EDGE('',*,*,#1275,.F.);
#1725=ORIENTED_EDGE('',*,*,#1276,.T.);
#1726=ORIENTED_EDGE('',*,*,#1277,.T.);
#1727=ORIENTED_EDGE('',*,*,#1273,.F.);
#1728=ORIENTED_EDGE('',*,*,#1278,.F.);
#1729=ORIENTED_EDGE('',*,*,#1250,.T.);
#1730=ORIENTED_EDGE('',*,*,#1279,.T.);
#1731=ORIENTED_EDGE('',*,*,#1276,.F.);
#1732=ORIENTED_EDGE('',*,*,#1280,.F.);
#1733=ORIENTED_EDGE('',*,*,#1281,.T.);
#1734=ORIENTED_EDGE('',*,*,#1282,.T.);
#1735=ORIENTED_EDGE('',*,*,#1283,.F.);
#1736=ORIENTED_EDGE('',*,*,#1284,.F.);
#1737=ORIENTED_EDGE('',*,*,#1285,.T.);
#1738=ORIENTED_EDGE('',*,*,#1286,.T.);
#1739=ORIENTED_EDGE('',*,*,#1281,.F.);
#1740=ORIENTED_EDGE('',*,*,#1287,.F.);
#1741=ORIENTED_EDGE('',*,*,#1288,.T.);
#1742=ORIENTED_EDGE('',*,*,#1289,.T.);
#1743=ORIENTED_EDGE('',*,*,#1285,.F.);
#1744=ORIENTED_EDGE('',*,*,#1290,.F.);
#1745=ORIENTED_EDGE('',*,*,#1291,.T.);
#1746=ORIENTED_EDGE('',*,*,#1292,.T.);
#1747=ORIENTED_EDGE('',*,*,#1288,.F.);
#1748=ORIENTED_EDGE('',*,*,#1293,.F.);
#1749=ORIENTED_EDGE('',*,*,#1294,.T.);
#1750=ORIENTED_EDGE('',*,*,#1295,.T.);
#1751=ORIENTED_EDGE('',*,*,#1291,.F.);
#1752=ORIENTED_EDGE('',*,*,#1296,.F.);
#1753=ORIENTED_EDGE('',*,*,#1297,.T.);
#1754=ORIENTED_EDGE('',*,*,#1298,.T.);
#1755=ORIENTED_EDGE('',*,*,#1294,.F.);
#1756=ORIENTED_EDGE('',*,*,#1299,.F.);
#1757=ORIENTED_EDGE('',*,*,#1300,.T.);
#1758=ORIENTED_EDGE('',*,*,#1301,.T.);
#1759=ORIENTED_EDGE('',*,*,#1297,.F.);
#1760=ORIENTED_EDGE('',*,*,#1302,.F.);
#1761=ORIENTED_EDGE('',*,*,#1303,.T.);
#1762=ORIENTED_EDGE('',*,*,#1304,.T.);
#1763=ORIENTED_EDGE('',*,*,#1300,.F.);
#1764=ORIENTED_EDGE('',*,*,#1305,.F.);
#1765=ORIENTED_EDGE('',*,*,#1306,.T.);
#1766=ORIENTED_EDGE('',*,*,#1307,.T.);
#1767=ORIENTED_EDGE('',*,*,#1303,.F.);
#1768=ORIENTED_EDGE('',*,*,#1308,.F.);
#1769=ORIENTED_EDGE('',*,*,#1309,.T.);
#1770=ORIENTED_EDGE('',*,*,#1310,.T.);
#1771=ORIENTED_EDGE('',*,*,#1306,.F.);
#1772=ORIENTED_EDGE('',*,*,#1311,.F.);
#1773=ORIENTED_EDGE('',*,*,#1312,.T.);
#1774=ORIENTED_EDGE('',*,*,#1313,.T.);
#1775=ORIENTED_EDGE('',*,*,#1309,.F.);
#1776=ORIENTED_EDGE('',*,*,#1314,.F.);
#1777=ORIENTED_EDGE('',*,*,#1315,.T.);
#1778=ORIENTED_EDGE('',*,*,#1316,.T.);
#1779=ORIENTED_EDGE('',*,*,#1312,.F.);
#1780=ORIENTED_EDGE('',*,*,#1317,.F.);
#1781=ORIENTED_EDGE('',*,*,#1318,.T.);
#1782=ORIENTED_EDGE('',*,*,#1319,.T.);
#1783=ORIENTED_EDGE('',*,*,#1315,.F.);
#1784=ORIENTED_EDGE('',*,*,#1320,.F.);
#1785=ORIENTED_EDGE('',*,*,#1283,.T.);
#1786=ORIENTED_EDGE('',*,*,#1321,.T.);
#1787=ORIENTED_EDGE('',*,*,#1318,.F.);
#1788=ORIENTED_EDGE('',*,*,#1321,.F.);
#1789=ORIENTED_EDGE('',*,*,#1282,.F.);
#1790=ORIENTED_EDGE('',*,*,#1286,.F.);
#1791=ORIENTED_EDGE('',*,*,#1289,.F.);
#1792=ORIENTED_EDGE('',*,*,#1292,.F.);
#1793=ORIENTED_EDGE('',*,*,#1295,.F.);
#1794=ORIENTED_EDGE('',*,*,#1298,.F.);
#1795=ORIENTED_EDGE('',*,*,#1301,.F.);
#1796=ORIENTED_EDGE('',*,*,#1304,.F.);
#1797=ORIENTED_EDGE('',*,*,#1307,.F.);
#1798=ORIENTED_EDGE('',*,*,#1310,.F.);
#1799=ORIENTED_EDGE('',*,*,#1313,.F.);
#1800=ORIENTED_EDGE('',*,*,#1316,.F.);
#1801=ORIENTED_EDGE('',*,*,#1319,.F.);
#1802=ORIENTED_EDGE('',*,*,#1279,.F.);
#1803=ORIENTED_EDGE('',*,*,#1249,.F.);
#1804=ORIENTED_EDGE('',*,*,#1253,.F.);
#1805=ORIENTED_EDGE('',*,*,#1256,.F.);
#1806=ORIENTED_EDGE('',*,*,#1259,.F.);
#1807=ORIENTED_EDGE('',*,*,#1262,.F.);
#1808=ORIENTED_EDGE('',*,*,#1265,.F.);
#1809=ORIENTED_EDGE('',*,*,#1268,.F.);
#1810=ORIENTED_EDGE('',*,*,#1271,.F.);
#1811=ORIENTED_EDGE('',*,*,#1274,.F.);
#1812=ORIENTED_EDGE('',*,*,#1277,.F.);
#1813=ORIENTED_EDGE('',*,*,#1322,.F.);
#1814=ORIENTED_EDGE('',*,*,#1323,.F.);
#1815=ORIENTED_EDGE('',*,*,#1324,.F.);
#1816=ORIENTED_EDGE('',*,*,#1325,.F.);
#1817=ORIENTED_EDGE('',*,*,#1326,.F.);
#1818=ORIENTED_EDGE('',*,*,#1327,.F.);
#1819=ORIENTED_EDGE('',*,*,#1328,.F.);
#1820=ORIENTED_EDGE('',*,*,#1329,.F.);
#1821=ORIENTED_EDGE('',*,*,#1280,.T.);
#1822=ORIENTED_EDGE('',*,*,#1320,.T.);
#1823=ORIENTED_EDGE('',*,*,#1317,.T.);
#1824=ORIENTED_EDGE('',*,*,#1314,.T.);
#1825=ORIENTED_EDGE('',*,*,#1311,.T.);
#1826=ORIENTED_EDGE('',*,*,#1308,.T.);
#1827=ORIENTED_EDGE('',*,*,#1305,.T.);
#1828=ORIENTED_EDGE('',*,*,#1302,.T.);
#1829=ORIENTED_EDGE('',*,*,#1299,.T.);
#1830=ORIENTED_EDGE('',*,*,#1296,.T.);
#1831=ORIENTED_EDGE('',*,*,#1293,.T.);
#1832=ORIENTED_EDGE('',*,*,#1290,.T.);
#1833=ORIENTED_EDGE('',*,*,#1287,.T.);
#1834=ORIENTED_EDGE('',*,*,#1284,.T.);
#1835=ORIENTED_EDGE('',*,*,#1217,.T.);
#1836=ORIENTED_EDGE('',*,*,#1245,.T.);
#1837=ORIENTED_EDGE('',*,*,#1242,.T.);
#1838=ORIENTED_EDGE('',*,*,#1239,.T.);
#1839=ORIENTED_EDGE('',*,*,#1236,.T.);
#1840=ORIENTED_EDGE('',*,*,#1233,.T.);
#1841=ORIENTED_EDGE('',*,*,#1230,.T.);
#1842=ORIENTED_EDGE('',*,*,#1227,.T.);
#1843=ORIENTED_EDGE('',*,*,#1224,.T.);
#1844=ORIENTED_EDGE('',*,*,#1221,.T.);
#1845=ORIENTED_EDGE('',*,*,#1330,.T.);
#1846=ORIENTED_EDGE('',*,*,#1331,.T.);
#1847=ORIENTED_EDGE('',*,*,#1332,.T.);
#1848=ORIENTED_EDGE('',*,*,#1322,.T.);
#1849=ORIENTED_EDGE('',*,*,#1333,.T.);
#1850=ORIENTED_EDGE('',*,*,#1323,.T.);
#1851=ORIENTED_EDGE('',*,*,#1332,.F.);
#1852=ORIENTED_EDGE('',*,*,#1334,.T.);
#1853=ORIENTED_EDGE('',*,*,#1335,.T.);
#1854=ORIENTED_EDGE('',*,*,#1324,.T.);
#1855=ORIENTED_EDGE('',*,*,#1333,.F.);
#1856=ORIENTED_EDGE('',*,*,#1336,.T.);
#1857=ORIENTED_EDGE('',*,*,#1337,.T.);
#1858=ORIENTED_EDGE('',*,*,#1325,.T.);
#1859=ORIENTED_EDGE('',*,*,#1335,.F.);
#1860=ORIENTED_EDGE('',*,*,#1338,.T.);
#1861=ORIENTED_EDGE('',*,*,#1339,.T.);
#1862=ORIENTED_EDGE('',*,*,#1326,.T.);
#1863=ORIENTED_EDGE('',*,*,#1337,.F.);
#1864=ORIENTED_EDGE('',*,*,#1340,.T.);
#1865=ORIENTED_EDGE('',*,*,#1341,.T.);
#1866=ORIENTED_EDGE('',*,*,#1327,.T.);
#1867=ORIENTED_EDGE('',*,*,#1339,.F.);
#1868=ORIENTED_EDGE('',*,*,#1342,.T.);
#1869=ORIENTED_EDGE('',*,*,#1343,.T.);
#1870=ORIENTED_EDGE('',*,*,#1328,.T.);
#1871=ORIENTED_EDGE('',*,*,#1341,.F.);
#1872=ORIENTED_EDGE('',*,*,#1344,.T.);
#1873=ORIENTED_EDGE('',*,*,#1330,.F.);
#1874=ORIENTED_EDGE('',*,*,#1329,.T.);
#1875=ORIENTED_EDGE('',*,*,#1343,.F.);
#1876=ORIENTED_EDGE('',*,*,#1345,.T.);
#1877=ORIENTED_EDGE('',*,*,#1338,.F.);
#1878=ORIENTED_EDGE('',*,*,#1346,.F.);
#1879=ORIENTED_EDGE('',*,*,#1347,.F.);
#1880=ORIENTED_EDGE('',*,*,#1348,.T.);
#1881=ORIENTED_EDGE('',*,*,#1336,.F.);
#1882=ORIENTED_EDGE('',*,*,#1349,.F.);
#1883=ORIENTED_EDGE('',*,*,#1350,.F.);
#1884=ORIENTED_EDGE('',*,*,#1346,.T.);
#1885=ORIENTED_EDGE('',*,*,#1334,.F.);
#1886=ORIENTED_EDGE('',*,*,#1351,.F.);
#1887=ORIENTED_EDGE('',*,*,#1352,.F.);
#1888=ORIENTED_EDGE('',*,*,#1349,.T.);
#1889=ORIENTED_EDGE('',*,*,#1331,.F.);
#1890=ORIENTED_EDGE('',*,*,#1353,.F.);
#1891=ORIENTED_EDGE('',*,*,#1354,.F.);
#1892=ORIENTED_EDGE('',*,*,#1351,.T.);
#1893=ORIENTED_EDGE('',*,*,#1247,.T.);
#1894=ORIENTED_EDGE('',*,*,#1278,.T.);
#1895=ORIENTED_EDGE('',*,*,#1275,.T.);
#1896=ORIENTED_EDGE('',*,*,#1272,.T.);
#1897=ORIENTED_EDGE('',*,*,#1269,.T.);
#1898=ORIENTED_EDGE('',*,*,#1266,.T.);
#1899=ORIENTED_EDGE('',*,*,#1263,.T.);
#1900=ORIENTED_EDGE('',*,*,#1260,.T.);
#1901=ORIENTED_EDGE('',*,*,#1257,.T.);
#1902=ORIENTED_EDGE('',*,*,#1254,.T.);
#1903=ORIENTED_EDGE('',*,*,#1251,.T.);
#1904=ORIENTED_EDGE('',*,*,#1340,.F.);
#1905=ORIENTED_EDGE('',*,*,#1348,.F.);
#1906=ORIENTED_EDGE('',*,*,#1355,.F.);
#1907=ORIENTED_EDGE('',*,*,#1356,.T.);
#1908=ORIENTED_EDGE('',*,*,#1342,.F.);
#1909=ORIENTED_EDGE('',*,*,#1356,.F.);
#1910=ORIENTED_EDGE('',*,*,#1357,.F.);
#1911=ORIENTED_EDGE('',*,*,#1358,.T.);
#1912=ORIENTED_EDGE('',*,*,#1344,.F.);
#1913=ORIENTED_EDGE('',*,*,#1358,.F.);
#1914=ORIENTED_EDGE('',*,*,#1359,.F.);
#1915=ORIENTED_EDGE('',*,*,#1360,.F.);
#1916=ORIENTED_EDGE('',*,*,#1345,.F.);
#1917=ORIENTED_EDGE('',*,*,#1360,.T.);
#1918=ORIENTED_EDGE('',*,*,#1361,.F.);
#1919=ORIENTED_EDGE('',*,*,#1353,.T.);
#1920=ORIENTED_EDGE('',*,*,#1144,.F.);
#1921=ORIENTED_EDGE('',*,*,#1214,.T.);
#1922=ORIENTED_EDGE('',*,*,#1362,.F.);
#1923=ORIENTED_EDGE('',*,*,#1363,.F.);
#1924=ORIENTED_EDGE('',*,*,#1145,.F.);
#1925=ORIENTED_EDGE('',*,*,#1363,.T.);
#1926=ORIENTED_EDGE('',*,*,#1364,.F.);
#1927=ORIENTED_EDGE('',*,*,#1365,.F.);
#1928=ORIENTED_EDGE('',*,*,#1146,.F.);
#1929=ORIENTED_EDGE('',*,*,#1365,.T.);
#1930=ORIENTED_EDGE('',*,*,#1366,.F.);
#1931=ORIENTED_EDGE('',*,*,#1201,.F.);
#1932=ORIENTED_EDGE('',*,*,#1169,.F.);
#1933=ORIENTED_EDGE('',*,*,#1156,.F.);
#1934=ORIENTED_EDGE('',*,*,#1200,.T.);
#1935=ORIENTED_EDGE('',*,*,#1367,.F.);
#1936=ORIENTED_EDGE('',*,*,#1165,.F.);
#1937=ORIENTED_EDGE('',*,*,#1368,.F.);
#1938=ORIENTED_EDGE('',*,*,#1215,.F.);
#1939=ORIENTED_EDGE('',*,*,#1134,.F.);
#1940=ORIENTED_EDGE('',*,*,#1059,.T.);
#1941=ORIENTED_EDGE('',*,*,#1090,.T.);
#1942=ORIENTED_EDGE('',*,*,#1087,.T.);
#1943=ORIENTED_EDGE('',*,*,#1084,.T.);
#1944=ORIENTED_EDGE('',*,*,#1081,.T.);
#1945=ORIENTED_EDGE('',*,*,#1078,.T.);
#1946=ORIENTED_EDGE('',*,*,#1075,.T.);
#1947=ORIENTED_EDGE('',*,*,#1072,.T.);
#1948=ORIENTED_EDGE('',*,*,#1069,.T.);
#1949=ORIENTED_EDGE('',*,*,#1066,.T.);
#1950=ORIENTED_EDGE('',*,*,#1063,.T.);
#1951=ORIENTED_EDGE('',*,*,#1368,.T.);
#1952=ORIENTED_EDGE('',*,*,#1164,.F.);
#1953=ORIENTED_EDGE('',*,*,#1168,.T.);
#1954=ORIENTED_EDGE('',*,*,#1206,.T.);
#1955=ORIENTED_EDGE('',*,*,#1204,.T.);
#1956=ORIENTED_EDGE('',*,*,#1207,.T.);
#1957=ORIENTED_EDGE('',*,*,#1172,.T.);
#1958=ORIENTED_EDGE('',*,*,#1170,.T.);
#1959=ORIENTED_EDGE('',*,*,#1367,.T.);
#1960=ORIENTED_EDGE('',*,*,#1199,.T.);
#1961=ORIENTED_EDGE('',*,*,#1175,.F.);
#1962=ORIENTED_EDGE('',*,*,#1178,.T.);
#1963=ORIENTED_EDGE('',*,*,#1197,.T.);
#1964=ORIENTED_EDGE('',*,*,#1195,.T.);
#1965=ORIENTED_EDGE('',*,*,#1198,.T.);
#1966=ORIENTED_EDGE('',*,*,#1182,.T.);
#1967=ORIENTED_EDGE('',*,*,#1179,.F.);
#1968=ORIENTED_EDGE('',*,*,#1202,.T.);
#1969=ORIENTED_EDGE('',*,*,#1366,.T.);
#1970=ORIENTED_EDGE('',*,*,#1364,.T.);
#1971=ORIENTED_EDGE('',*,*,#1362,.T.);
#1972=ORIENTED_EDGE('',*,*,#1213,.T.);
#1973=ORIENTED_EDGE('',*,*,#1185,.F.);
#1974=ORIENTED_EDGE('',*,*,#1188,.T.);
#1975=ORIENTED_EDGE('',*,*,#1212,.T.);
#1976=ORIENTED_EDGE('',*,*,#1210,.T.);
#1977=ORIENTED_EDGE('',*,*,#1208,.T.);
#1978=ORIENTED_EDGE('',*,*,#1192,.T.);
#1979=ORIENTED_EDGE('',*,*,#1189,.F.);
#1980=ORIENTED_EDGE('',*,*,#1216,.T.);
#1981=ORIENTED_EDGE('',*,*,#1354,.T.);
#1982=ORIENTED_EDGE('',*,*,#1361,.T.);
#1983=ORIENTED_EDGE('',*,*,#1359,.T.);
#1984=ORIENTED_EDGE('',*,*,#1357,.T.);
#1985=ORIENTED_EDGE('',*,*,#1355,.T.);
#1986=ORIENTED_EDGE('',*,*,#1347,.T.);
#1987=ORIENTED_EDGE('',*,*,#1350,.T.);
#1988=ORIENTED_EDGE('',*,*,#1352,.T.);
#1989=B_SPLINE_SURFACE_WITH_KNOTS('',3,1,((#2752,#2753),(#2754,#2755),(#2756,
#2757),(#2758,#2759),(#2760,#2761)),.UNSPECIFIED.,.F.,.F.,.F.,(4,1,4),(2,
2),(0.,0.00590077311583491,0.011605080956264),(0.,0.05),.UNSPECIFIED.);
#1990=B_SPLINE_SURFACE_WITH_KNOTS('',3,1,((#2778,#2779),(#2780,#2781),(#2782,
#2783),(#2784,#2785),(#2786,#2787)),.UNSPECIFIED.,.F.,.F.,.F.,(4,1,4),(2,
2),(0.,0.00705511494184449,0.0136779102935661),(0.,0.05),.UNSPECIFIED.);
#1991=B_SPLINE_SURFACE_WITH_KNOTS('',3,1,((#2801,#2802),(#2803,#2804),(#2805,
#2806),(#2807,#2808),(#2809,#2810)),.UNSPECIFIED.,.F.,.F.,.F.,(4,1,4),(2,
2),(0.,0.00969296505385445,0.0178587061304133),(0.,0.05),.UNSPECIFIED.);
#1992=B_SPLINE_SURFACE_WITH_KNOTS('',3,1,((#2842,#2843),(#2844,#2845),(#2846,
#2847),(#2848,#2849),(#2850,#2851)),.UNSPECIFIED.,.F.,.F.,.F.,(4,1,4),(2,
2),(0.,0.00649338032103155,0.0143857238685603),(0.,0.05),.UNSPECIFIED.);
#1993=B_SPLINE_SURFACE_WITH_KNOTS('',3,1,((#2865,#2866),(#2867,#2868),(#2869,
#2870),(#2871,#2872),(#2873,#2874)),.UNSPECIFIED.,.F.,.F.,.F.,(4,1,4),(2,
2),(0.,0.00523507546490966,0.0108162606927682),(0.,0.05),.UNSPECIFIED.);
#1994=B_SPLINE_SURFACE_WITH_KNOTS('',3,1,((#2888,#2889),(#2890,#2891),(#2892,
#2893),(#2894,#2895),(#2896,#2897)),.UNSPECIFIED.,.F.,.F.,.F.,(4,1,4),(2,
2),(0.,0.00616462239110608,0.01294358136461),(0.,0.05),.UNSPECIFIED.);
#1995=B_SPLINE_SURFACE_WITH_KNOTS('',3,1,((#2911,#2912),(#2913,#2914),(#2915,
#2916),(#2917,#2918),(#2919,#2920)),.UNSPECIFIED.,.F.,.F.,.F.,(4,1,4),(2,
2),(0.,0.00703846540851625,0.0133801626204862),(0.,0.05),.UNSPECIFIED.);
#1996=B_SPLINE_SURFACE_WITH_KNOTS('',3,1,((#2934,#2935),(#2936,#2937),(#2938,
#2939),(#2940,#2941),(#2942,#2943)),.UNSPECIFIED.,.F.,.F.,.F.,(4,1,4),(2,
2),(0.,0.00629616022110011,0.0139748361233635),(0.,0.05),.UNSPECIFIED.);
#1997=B_SPLINE_SURFACE_WITH_KNOTS('',3,1,((#2954,#2955),(#2956,#2957),(#2958,
#2959),(#2960,#2961),(#2962,#2963)),.UNSPECIFIED.,.F.,.F.,.F.,(4,1,4),(2,
2),(0.,0.0176382774376502,0.0361105961533192),(0.,0.05),.UNSPECIFIED.);
#1998=B_SPLINE_SURFACE_WITH_KNOTS('',3,1,((#2980,#2981),(#2982,#2983),(#2984,
#2985),(#2986,#2987),(#2988,#2989)),.UNSPECIFIED.,.F.,.F.,.F.,(4,1,4),(2,
2),(0.,0.0209626163322048,0.0391685498142141),(0.,0.05),.UNSPECIFIED.);
#1999=B_SPLINE_SURFACE_WITH_KNOTS('',3,1,((#3003,#3004),(#3005,#3006),(#3007,
#3008),(#3009,#3010),(#3011,#3012)),.UNSPECIFIED.,.F.,.F.,.F.,(4,1,4),(2,
2),(0.,0.0128734453502513,0.0277826035845781),(0.,0.05),.UNSPECIFIED.);
#2000=B_SPLINE_SURFACE_WITH_KNOTS('',3,1,((#3026,#3027),(#3028,#3029),(#3030,
#3031),(#3032,#3033),(#3034,#3035)),.UNSPECIFIED.,.F.,.F.,.F.,(4,1,4),(2,
2),(0.,0.0123817707633451,0.0245319775447403),(0.,0.05),.UNSPECIFIED.);
#2001=B_SPLINE_SURFACE_WITH_KNOTS('',3,1,((#3049,#3050),(#3051,#3052),(#3053,
#3054),(#3055,#3056),(#3057,#3058)),.UNSPECIFIED.,.F.,.F.,.F.,(4,1,4),(2,
2),(0.,0.0123121435087972,0.0245437015883033),(0.,0.05),.UNSPECIFIED.);
#2002=B_SPLINE_SURFACE_WITH_KNOTS('',3,1,((#3072,#3073),(#3074,#3075),(#3076,
#3077),(#3078,#3079),(#3080,#3081)),.UNSPECIFIED.,.F.,.F.,.F.,(4,1,4),(2,
2),(0.,0.0155896133354457,0.0291118925713887),(0.,0.05),.UNSPECIFIED.);
#2003=B_SPLINE_SURFACE_WITH_KNOTS('',3,1,((#3369,#3370),(#3371,#3372),(#3373,
#3374),(#3375,#3376),(#3377,#3378)),.UNSPECIFIED.,.F.,.F.,.F.,(4,1,4),(2,
2),(0.,0.00958507869831152,0.0182674023954897),(0.,0.05),.UNSPECIFIED.);
#2004=B_SPLINE_SURFACE_WITH_KNOTS('',3,1,((#3395,#3396),(#3397,#3398),(#3399,
#3400),(#3401,#3402),(#3403,#3404)),.UNSPECIFIED.,.F.,.F.,.F.,(4,1,4),(2,
2),(0.,0.0118624963311067,0.0227087778562838),(0.,0.05),.UNSPECIFIED.);
#2005=B_SPLINE_SURFACE_WITH_KNOTS('',3,1,((#3418,#3419),(#3420,#3421),(#3422,
#3423),(#3424,#3425),(#3426,#3427)),.UNSPECIFIED.,.F.,.F.,.F.,(4,1,4),(2,
2),(0.,0.0170308791672769,0.0310994479012642),(0.,0.05),.UNSPECIFIED.);
#2006=B_SPLINE_SURFACE_WITH_KNOTS('',3,1,((#3459,#3460),(#3461,#3462),(#3463,
#3464),(#3465,#3466),(#3467,#3468)),.UNSPECIFIED.,.F.,.F.,.F.,(4,1,4),(2,
2),(0.,0.0113454421304752,0.0243923016825341),(0.,0.05),.UNSPECIFIED.);
#2007=B_SPLINE_SURFACE_WITH_KNOTS('',3,1,((#3482,#3483),(#3484,#3485),(#3486,
#3487),(#3488,#3489),(#3490,#3491)),.UNSPECIFIED.,.F.,.F.,.F.,(4,1,4),(2,
2),(0.,0.00889889296795259,0.0188112156108917),(0.,0.05),.UNSPECIFIED.);
#2008=B_SPLINE_SURFACE_WITH_KNOTS('',3,1,((#3505,#3506),(#3507,#3508),(#3509,
#3510),(#3511,#3512),(#3513,#3514)),.UNSPECIFIED.,.F.,.F.,.F.,(4,1,4),(2,
2),(0.,0.00956673364042498,0.0206436479430357),(0.,0.05),.UNSPECIFIED.);
#2009=B_SPLINE_SURFACE_WITH_KNOTS('',3,1,((#3528,#3529),(#3530,#3531),(#3532,
#3533),(#3534,#3535),(#3536,#3537)),.UNSPECIFIED.,.F.,.F.,.F.,(4,1,4),(2,
2),(0.,0.010540698749335,0.0200626321420092),(0.,0.05),.UNSPECIFIED.);
#2010=B_SPLINE_SURFACE_WITH_KNOTS('',3,1,((#3551,#3552),(#3553,#3554),(#3555,
#3556),(#3557,#3558),(#3559,#3560)),.UNSPECIFIED.,.F.,.F.,.F.,(4,1,4),(2,
2),(0.,0.00927130944479826,0.0207179725603273),(0.,0.05),.UNSPECIFIED.);
#2011=B_SPLINE_SURFACE_WITH_KNOTS('',3,1,((#3571,#3572),(#3573,#3574),(#3575,
#3576),(#3577,#3578),(#3579,#3580)),.UNSPECIFIED.,.F.,.F.,.F.,(4,1,4),(2,
2),(0.,0.0268035695460438,0.0565695878074153),(0.,0.05),.UNSPECIFIED.);
#2012=B_SPLINE_SURFACE_WITH_KNOTS('',3,1,((#3597,#3598),(#3599,#3600),(#3601,
#3602),(#3603,#3604),(#3605,#3606)),.UNSPECIFIED.,.F.,.F.,.F.,(4,1,4),(2,
2),(0.,0.0304163207553602,0.05707875698072),(0.,0.05),.UNSPECIFIED.);
#2013=B_SPLINE_SURFACE_WITH_KNOTS('',3,1,((#3620,#3621),(#3622,#3623),(#3624,
#3625),(#3626,#3627),(#3628,#3629)),.UNSPECIFIED.,.F.,.F.,.F.,(4,1,4),(2,
2),(0.,0.0195452948576862,0.0418226005984724),(0.,0.05),.UNSPECIFIED.);
#2014=B_SPLINE_SURFACE_WITH_KNOTS('',3,1,((#3643,#3644),(#3645,#3646),(#3647,
#3648),(#3649,#3650),(#3651,#3652)),.UNSPECIFIED.,.F.,.F.,.F.,(4,1,4),(2,
2),(0.,0.0190854536198438,0.0377485514657101),(0.,0.05),.UNSPECIFIED.);
#2015=B_SPLINE_SURFACE_WITH_KNOTS('',3,1,((#3666,#3667),(#3668,#3669),(#3670,
#3671),(#3672,#3673),(#3674,#3675)),.UNSPECIFIED.,.F.,.F.,.F.,(4,1,4),(2,
2),(0.,0.0191436067739497,0.0383607644855938),(0.,0.05),.UNSPECIFIED.);
#2016=B_SPLINE_SURFACE_WITH_KNOTS('',3,1,((#3689,#3690),(#3691,#3692),(#3693,
#3694),(#3695,#3696),(#3697,#3698)),.UNSPECIFIED.,.F.,.F.,.F.,(4,1,4),(2,
2),(0.,0.0247429059896087,0.0458688730775619),(0.,0.05),.UNSPECIFIED.);
#2017=ADVANCED_FACE('',(#161),#1989,.F.);
#2018=ADVANCED_FACE('',(#162),#1990,.F.);
#2019=ADVANCED_FACE('',(#163),#1991,.F.);
#2020=ADVANCED_FACE('',(#164),#103,.F.);
#2021=ADVANCED_FACE('',(#165),#104,.F.);
#2022=ADVANCED_FACE('',(#166),#105,.F.);
#2023=ADVANCED_FACE('',(#167),#1992,.F.);
#2024=ADVANCED_FACE('',(#168),#1993,.F.);
#2025=ADVANCED_FACE('',(#169),#1994,.F.);
#2026=ADVANCED_FACE('',(#170),#1995,.F.);
#2027=ADVANCED_FACE('',(#171),#1996,.F.);
#2028=ADVANCED_FACE('',(#172),#1997,.F.);
#2029=ADVANCED_FACE('',(#173),#1998,.F.);
#2030=ADVANCED_FACE('',(#174),#1999,.F.);
#2031=ADVANCED_FACE('',(#175),#2000,.F.);
#2032=ADVANCED_FACE('',(#176),#2001,.F.);
#2033=ADVANCED_FACE('',(#177),#2002,.F.);
#2034=ADVANCED_FACE('',(#178),#106,.F.);
#2035=ADVANCED_FACE('',(#179),#107,.F.);
#2036=ADVANCED_FACE('',(#180),#108,.F.);
#2037=ADVANCED_FACE('',(#181),#109,.F.);
#2038=ADVANCED_FACE('',(#182),#110,.F.);
#2039=ADVANCED_FACE('',(#183),#111,.F.);
#2040=ADVANCED_FACE('',(#184),#112,.F.);
#2041=ADVANCED_FACE('',(#185),#113,.F.);
#2042=ADVANCED_FACE('',(#186,#97),#114,.T.);
#2043=ADVANCED_FACE('',(#187,#98),#115,.T.);
#2044=ADVANCED_FACE('',(#188),#21,.F.);
#2045=ADVANCED_FACE('',(#189),#116,.T.);
#2046=ADVANCED_FACE('',(#190),#22,.F.);
#2047=ADVANCED_FACE('',(#191),#117,.T.);
#2048=ADVANCED_FACE('',(#192),#23,.F.);
#2049=ADVANCED_FACE('',(#193),#118,.T.);
#2050=ADVANCED_FACE('',(#194),#24,.F.);
#2051=ADVANCED_FACE('',(#195),#119,.T.);
#2052=ADVANCED_FACE('',(#196),#25,.F.);
#2053=ADVANCED_FACE('',(#197),#120,.T.);
#2054=ADVANCED_FACE('',(#198),#26,.F.);
#2055=ADVANCED_FACE('',(#199),#121,.T.);
#2056=ADVANCED_FACE('',(#200),#122,.T.);
#2057=ADVANCED_FACE('',(#201),#27,.T.);
#2058=ADVANCED_FACE('',(#202),#28,.T.);
#2059=ADVANCED_FACE('',(#203),#123,.T.);
#2060=ADVANCED_FACE('',(#204),#124,.T.);
#2061=ADVANCED_FACE('',(#205),#125,.T.);
#2062=ADVANCED_FACE('',(#206),#29,.T.);
#2063=ADVANCED_FACE('',(#207),#30,.T.);
#2064=ADVANCED_FACE('',(#208),#31,.T.);
#2065=ADVANCED_FACE('',(#209),#126,.T.);
#2066=ADVANCED_FACE('',(#210),#32,.T.);
#2067=ADVANCED_FACE('',(#211),#127,.T.);
#2068=ADVANCED_FACE('',(#212),#128,.T.);
#2069=ADVANCED_FACE('',(#213),#129,.F.);
#2070=ADVANCED_FACE('',(#214),#130,.F.);
#2071=ADVANCED_FACE('',(#215),#131,.F.);
#2072=ADVANCED_FACE('',(#216),#132,.F.);
#2073=ADVANCED_FACE('',(#217),#133,.F.);
#2074=ADVANCED_FACE('',(#218),#134,.F.);
#2075=ADVANCED_FACE('',(#219),#135,.F.);
#2076=ADVANCED_FACE('',(#220),#136,.F.);
#2077=ADVANCED_FACE('',(#221),#137,.F.);
#2078=ADVANCED_FACE('',(#222),#138,.F.);
#2079=ADVANCED_FACE('',(#223),#139,.F.);
#2080=ADVANCED_FACE('',(#224),#2003,.F.);
#2081=ADVANCED_FACE('',(#225),#2004,.F.);
#2082=ADVANCED_FACE('',(#226),#2005,.F.);
#2083=ADVANCED_FACE('',(#227),#140,.F.);
#2084=ADVANCED_FACE('',(#228),#141,.F.);
#2085=ADVANCED_FACE('',(#229),#142,.F.);
#2086=ADVANCED_FACE('',(#230),#2006,.F.);
#2087=ADVANCED_FACE('',(#231),#2007,.F.);
#2088=ADVANCED_FACE('',(#232),#2008,.F.);
#2089=ADVANCED_FACE('',(#233),#2009,.F.);
#2090=ADVANCED_FACE('',(#234),#2010,.F.);
#2091=ADVANCED_FACE('',(#235),#2011,.F.);
#2092=ADVANCED_FACE('',(#236),#2012,.F.);
#2093=ADVANCED_FACE('',(#237),#2013,.F.);
#2094=ADVANCED_FACE('',(#238),#2014,.F.);
#2095=ADVANCED_FACE('',(#239),#2015,.F.);
#2096=ADVANCED_FACE('',(#240),#2016,.F.);
#2097=ADVANCED_FACE('',(#241),#143,.F.);
#2098=ADVANCED_FACE('',(#242),#144,.F.);
#2099=ADVANCED_FACE('',(#243),#145,.F.);
#2100=ADVANCED_FACE('',(#244),#146,.F.);
#2101=ADVANCED_FACE('',(#245),#147,.F.);
#2102=ADVANCED_FACE('',(#246),#148,.F.);
#2103=ADVANCED_FACE('',(#247),#149,.F.);
#2104=ADVANCED_FACE('',(#248),#150,.F.);
#2105=ADVANCED_FACE('',(#249,#99),#151,.T.);
#2106=ADVANCED_FACE('',(#250,#100,#101),#152,.T.);
#2107=ADVANCED_FACE('',(#251),#33,.T.);
#2108=ADVANCED_FACE('',(#252),#14,.T.);
#2109=ADVANCED_FACE('',(#253),#34,.T.);
#2110=ADVANCED_FACE('',(#254),#15,.T.);
#2111=ADVANCED_FACE('',(#255),#35,.T.);
#2112=ADVANCED_FACE('',(#256),#16,.T.);
#2113=ADVANCED_FACE('',(#257),#36,.T.);
#2114=ADVANCED_FACE('',(#258),#17,.T.);
#2115=ADVANCED_FACE('',(#259),#37,.T.);
#2116=ADVANCED_FACE('',(#260),#153,.T.);
#2117=ADVANCED_FACE('',(#261),#38,.T.);
#2118=ADVANCED_FACE('',(#262),#154,.T.);
#2119=ADVANCED_FACE('',(#263),#155,.T.);
#2120=ADVANCED_FACE('',(#264),#156,.T.);
#2121=ADVANCED_FACE('',(#265),#39,.T.);
#2122=ADVANCED_FACE('',(#266),#157,.T.);
#2123=ADVANCED_FACE('',(#267),#40,.T.);
#2124=ADVANCED_FACE('',(#268),#41,.T.);
#2125=ADVANCED_FACE('',(#269),#158,.T.);
#2126=ADVANCED_FACE('',(#270),#42,.T.);
#2127=ADVANCED_FACE('',(#271),#43,.T.);
#2128=ADVANCED_FACE('',(#272),#44,.T.);
#2129=ADVANCED_FACE('',(#273),#159,.T.);
#2130=ADVANCED_FACE('',(#274,#102),#160,.F.);
#2131=CLOSED_SHELL('',(#2017,#2018,#2019,#2020,#2021,#2022,#2023,#2024,
#2025,#2026,#2027,#2028,#2029,#2030,#2031,#2032,#2033,#2034,#2035,#2036,
#2037,#2038,#2039,#2040,#2041,#2042,#2043,#2044,#2045,#2046,#2047,#2048,
#2049,#2050,#2051,#2052,#2053,#2054,#2055,#2056,#2057,#2058,#2059,#2060,
#2061,#2062,#2063,#2064,#2065,#2066,#2067,#2068,#2069,#2070,#2071,#2072,
#2073,#2074,#2075,#2076,#2077,#2078,#2079,#2080,#2081,#2082,#2083,#2084,
#2085,#2086,#2087,#2088,#2089,#2090,#2091,#2092,#2093,#2094,#2095,#2096,
#2097,#2098,#2099,#2100,#2101,#2102,#2103,#2104,#2105,#2106,#2107,#2108,
#2109,#2110,#2111,#2112,#2113,#2114,#2115,#2116,#2117,#2118,#2119,#2120,
#2121,#2122,#2123,#2124,#2125,#2126,#2127,#2128,#2129,#2130));
#2132=AXIS2_PLACEMENT_3D('',#2751,#2271,#2272);
#2133=AXIS2_PLACEMENT_3D('',#2824,#2277,#2278);
#2134=AXIS2_PLACEMENT_3D('',#2830,#2282,#2283);
#2135=AXIS2_PLACEMENT_3D('',#2836,#2287,#2288);
#2136=AXIS2_PLACEMENT_3D('',#3095,#2303,#2304);
#2137=AXIS2_PLACEMENT_3D('',#3101,#2308,#2309);
#2138=AXIS2_PLACEMENT_3D('',#3107,#2313,#2314);
#2139=AXIS2_PLACEMENT_3D('',#3113,#2318,#2319);
#2140=AXIS2_PLACEMENT_3D('',#3119,#2323,#2324);
#2141=AXIS2_PLACEMENT_3D('',#3125,#2328,#2329);
#2142=AXIS2_PLACEMENT_3D('',#3131,#2333,#2334);
#2143=AXIS2_PLACEMENT_3D('',#3137,#2338,#2339);
#2144=AXIS2_PLACEMENT_3D('',#3140,#2342,#2343);
#2145=AXIS2_PLACEMENT_3D('',#3141,#2344,#2345);
#2146=AXIS2_PLACEMENT_3D('',#3144,#2346,#2347);
#2147=AXIS2_PLACEMENT_3D('',#3148,#2349,#2350);
#2148=AXIS2_PLACEMENT_3D('',#3152,#2352,#2353);
#2149=AXIS2_PLACEMENT_3D('',#3156,#2355,#2356);
#2150=AXIS2_PLACEMENT_3D('',#3160,#2358,#2359);
#2151=AXIS2_PLACEMENT_3D('',#3164,#2361,#2362);
#2152=AXIS2_PLACEMENT_3D('',#3168,#2364,#2365);
#2153=AXIS2_PLACEMENT_3D('',#3172,#2367,#2368);
#2154=AXIS2_PLACEMENT_3D('',#3176,#2370,#2371);
#2155=AXIS2_PLACEMENT_3D('',#3180,#2373,#2374);
#2156=AXIS2_PLACEMENT_3D('',#3184,#2376,#2377);
#2157=AXIS2_PLACEMENT_3D('',#3188,#2379,#2380);
#2158=AXIS2_PLACEMENT_3D('',#3190,#2381,#2382);
#2159=AXIS2_PLACEMENT_3D('',#3194,#2384,#2385);
#2160=AXIS2_PLACEMENT_3D('',#3198,#2387,#2388);
#2161=AXIS2_PLACEMENT_3D('',#3201,#2390,#2391);
#2162=AXIS2_PLACEMENT_3D('',#3202,#2392,#2393);
#2163=AXIS2_PLACEMENT_3D('',#3205,#2394,#2395);
#2164=AXIS2_PLACEMENT_3D('',#3208,#2398,#2399);
#2165=AXIS2_PLACEMENT_3D('',#3212,#2402,#2403);
#2166=AXIS2_PLACEMENT_3D('',#3216,#2405,#2406);
#2167=AXIS2_PLACEMENT_3D('',#3218,#2408,#2409);
#2168=AXIS2_PLACEMENT_3D('',#3222,#2412,#2413);
#2169=AXIS2_PLACEMENT_3D('',#3226,#2415,#2416);
#2170=AXIS2_PLACEMENT_3D('',#3228,#2418,#2419);
#2171=AXIS2_PLACEMENT_3D('',#3232,#2422,#2423);
#2172=AXIS2_PLACEMENT_3D('',#3235,#2424,#2425);
#2173=AXIS2_PLACEMENT_3D('',#3238,#2428,#2429);
#2174=AXIS2_PLACEMENT_3D('',#3242,#2432,#2433);
#2175=AXIS2_PLACEMENT_3D('',#3246,#2435,#2436);
#2176=AXIS2_PLACEMENT_3D('',#3248,#2438,#2439);
#2177=AXIS2_PLACEMENT_3D('',#3252,#2442,#2443);
#2178=AXIS2_PLACEMENT_3D('',#3255,#2444,#2445);
#2179=AXIS2_PLACEMENT_3D('',#3258,#2448,#2449);
#2180=AXIS2_PLACEMENT_3D('',#3262,#2452,#2453);
#2181=AXIS2_PLACEMENT_3D('',#3268,#2457,#2458);
#2182=AXIS2_PLACEMENT_3D('',#3269,#2459,#2460);
#2183=AXIS2_PLACEMENT_3D('',#3270,#2461,#2462);
#2184=AXIS2_PLACEMENT_3D('',#3271,#2463,#2464);
#2185=AXIS2_PLACEMENT_3D('',#3272,#2465,#2466);
#2186=AXIS2_PLACEMENT_3D('',#3276,#2469,#2470);
#2187=AXIS2_PLACEMENT_3D('',#3280,#2473,#2474);
#2188=AXIS2_PLACEMENT_3D('',#3286,#2478,#2479);
#2189=AXIS2_PLACEMENT_3D('',#3287,#2480,#2481);
#2190=AXIS2_PLACEMENT_3D('',#3288,#2482,#2483);
#2191=AXIS2_PLACEMENT_3D('',#3289,#2484,#2485);
#2192=AXIS2_PLACEMENT_3D('',#3290,#2486,#2487);
#2193=AXIS2_PLACEMENT_3D('',#3292,#2488,#2489);
#2194=AXIS2_PLACEMENT_3D('',#3294,#2491,#2492);
#2195=AXIS2_PLACEMENT_3D('',#3298,#2495,#2496);
#2196=AXIS2_PLACEMENT_3D('',#3299,#2497,#2498);
#2197=AXIS2_PLACEMENT_3D('',#3300,#2499,#2500);
#2198=AXIS2_PLACEMENT_3D('',#3304,#2503,#2504);
#2199=AXIS2_PLACEMENT_3D('',#3308,#2507,#2508);
#2200=AXIS2_PLACEMENT_3D('',#3317,#2513,#2514);
#2201=AXIS2_PLACEMENT_3D('',#3323,#2518,#2519);
#2202=AXIS2_PLACEMENT_3D('',#3329,#2523,#2524);
#2203=AXIS2_PLACEMENT_3D('',#3335,#2528,#2529);
#2204=AXIS2_PLACEMENT_3D('',#3341,#2533,#2534);
#2205=AXIS2_PLACEMENT_3D('',#3347,#2538,#2539);
#2206=AXIS2_PLACEMENT_3D('',#3353,#2543,#2544);
#2207=AXIS2_PLACEMENT_3D('',#3359,#2548,#2549);
#2208=AXIS2_PLACEMENT_3D('',#3365,#2553,#2554);
#2209=AXIS2_PLACEMENT_3D('',#3368,#2557,#2558);
#2210=AXIS2_PLACEMENT_3D('',#3441,#2563,#2564);
#2211=AXIS2_PLACEMENT_3D('',#3447,#2568,#2569);
#2212=AXIS2_PLACEMENT_3D('',#3453,#2573,#2574);
#2213=AXIS2_PLACEMENT_3D('',#3712,#2589,#2590);
#2214=AXIS2_PLACEMENT_3D('',#3718,#2594,#2595);
#2215=AXIS2_PLACEMENT_3D('',#3724,#2599,#2600);
#2216=AXIS2_PLACEMENT_3D('',#3730,#2604,#2605);
#2217=AXIS2_PLACEMENT_3D('',#3736,#2609,#2610);
#2218=AXIS2_PLACEMENT_3D('',#3742,#2614,#2615);
#2219=AXIS2_PLACEMENT_3D('',#3748,#2619,#2620);
#2220=AXIS2_PLACEMENT_3D('',#3754,#2624,#2625);
#2221=AXIS2_PLACEMENT_3D('',#3757,#2628,#2629);
#2222=AXIS2_PLACEMENT_3D('',#3758,#2630,#2631);
#2223=AXIS2_PLACEMENT_3D('',#3763,#2633,#2634);
#2224=AXIS2_PLACEMENT_3D('',#3767,#2636,#2637);
#2225=AXIS2_PLACEMENT_3D('',#3771,#2639,#2640);
#2226=AXIS2_PLACEMENT_3D('',#3774,#2642,#2643);
#2227=AXIS2_PLACEMENT_3D('',#3775,#2644,#2645);
#2228=AXIS2_PLACEMENT_3D('',#3777,#2646,#2647);
#2229=AXIS2_PLACEMENT_3D('',#3780,#2649,#2650);
#2230=AXIS2_PLACEMENT_3D('',#3781,#2651,#2652);
#2231=AXIS2_PLACEMENT_3D('',#3783,#2653,#2654);
#2232=AXIS2_PLACEMENT_3D('',#3784,#2655,#2656);
#2233=AXIS2_PLACEMENT_3D('',#3785,#2657,#2658);
#2234=AXIS2_PLACEMENT_3D('',#3787,#2659,#2660);
#2235=AXIS2_PLACEMENT_3D('',#3789,#2662,#2663);
#2236=AXIS2_PLACEMENT_3D('',#3791,#2664,#2665);
#2237=AXIS2_PLACEMENT_3D('',#3792,#2666,#2667);
#2238=AXIS2_PLACEMENT_3D('',#3793,#2668,#2669);
#2239=AXIS2_PLACEMENT_3D('',#3795,#2670,#2671);
#2240=AXIS2_PLACEMENT_3D('',#3797,#2673,#2674);
#2241=AXIS2_PLACEMENT_3D('',#3799,#2675,#2676);
#2242=AXIS2_PLACEMENT_3D('',#3800,#2677,#2678);
#2243=AXIS2_PLACEMENT_3D('',#3801,#2679,#2680);
#2244=AXIS2_PLACEMENT_3D('',#3803,#2681,#2682);
#2245=AXIS2_PLACEMENT_3D('',#3805,#2684,#2685);
#2246=AXIS2_PLACEMENT_3D('',#3806,#2686,#2687);
#2247=AXIS2_PLACEMENT_3D('',#3807,#2688,#2689);
#2248=AXIS2_PLACEMENT_3D('',#3811,#2691,#2692);
#2249=AXIS2_PLACEMENT_3D('',#3813,#2694,#2695);
#2250=AXIS2_PLACEMENT_3D('',#3817,#2698,#2699);
#2251=AXIS2_PLACEMENT_3D('',#3820,#2701,#2702);
#2252=AXIS2_PLACEMENT_3D('',#3821,#2703,#2704);
#2253=AXIS2_PLACEMENT_3D('',#3825,#2707,#2708);
#2254=AXIS2_PLACEMENT_3D('',#3826,#2709,#2710);
#2255=AXIS2_PLACEMENT_3D('',#3830,#2713,#2714);
#2256=AXIS2_PLACEMENT_3D('',#3832,#2715,#2716);
#2257=AXIS2_PLACEMENT_3D('',#3834,#2718,#2719);
#2258=AXIS2_PLACEMENT_3D('',#3838,#2722,#2723);
#2259=AXIS2_PLACEMENT_3D('',#3839,#2724,#2725);
#2260=AXIS2_PLACEMENT_3D('',#3840,#2726,#2727);
#2261=AXIS2_PLACEMENT_3D('',#3842,#2728,#2729);
#2262=AXIS2_PLACEMENT_3D('',#3844,#2731,#2732);
#2263=AXIS2_PLACEMENT_3D('',#3848,#2735,#2736);
#2264=AXIS2_PLACEMENT_3D('',#3849,#2737,#2738);
#2265=AXIS2_PLACEMENT_3D('',#3850,#2739,#2740);
#2266=AXIS2_PLACEMENT_3D('',#3851,#2741,#2742);
#2267=AXIS2_PLACEMENT_3D('',#3852,#2743,#2744);
#2268=AXIS2_PLACEMENT_3D('',#3853,#2745,#2746);
#2269=AXIS2_PLACEMENT_3D('',#3854,#2747,#2748);
#2270=AXIS2_PLACEMENT_3D('',#3855,#2749,#2750);
#2271=DIRECTION('axis',(0.,0.,1.));
#2272=DIRECTION('refdir',(1.,0.,0.));
#2273=DIRECTION('',(0.,0.,-1.));
#2274=DIRECTION('',(0.,0.,-1.));
#2275=DIRECTION('',(0.,0.,-1.));
#2276=DIRECTION('',(0.,0.,-1.));
#2277=DIRECTION('center_axis',(1.,2.41402108313767E-16,0.));
#2278=DIRECTION('ref_axis',(2.41402108313767E-16,-1.,0.));
#2279=DIRECTION('',(2.41402108313767E-16,-1.,0.));
#2280=DIRECTION('',(0.,0.,-1.));
#2281=DIRECTION('',(2.41402108313767E-16,-1.,0.));
#2282=DIRECTION('center_axis',(1.03062453703995E-15,-1.,0.));
#2283=DIRECTION('ref_axis',(-1.,-1.03062453703995E-15,0.));
#2284=DIRECTION('',(-1.,-1.03062453703995E-15,0.));
#2285=DIRECTION('',(0.,0.,-1.));
#2286=DIRECTION('',(-1.,-1.03062453703995E-15,0.));
#2287=DIRECTION('center_axis',(-1.,-2.06640233854247E-16,0.));
#2288=DIRECTION('ref_axis',(-2.06640233854247E-16,1.,0.));
#2289=DIRECTION('',(-2.06640233854247E-16,1.,0.));
#2290=DIRECTION('',(0.,0.,-1.));
#2291=DIRECTION('',(-2.06640233854247E-16,1.,0.));
#2292=DIRECTION('',(0.,0.,-1.));
#2293=DIRECTION('',(0.,0.,-1.));
#2294=DIRECTION('',(0.,0.,-1.));
#2295=DIRECTION('',(0.,0.,-1.));
#2296=DIRECTION('',(0.,0.,-1.));
#2297=DIRECTION('',(0.,0.,-1.));
#2298=DIRECTION('',(0.,0.,-1.));
#2299=DIRECTION('',(0.,0.,-1.));
#2300=DIRECTION('',(0.,0.,-1.));
#2301=DIRECTION('',(0.,0.,-1.));
#2302=DIRECTION('',(0.,0.,-1.));
#2303=DIRECTION('center_axis',(1.,3.4497536451673E-16,0.));
#2304=DIRECTION('ref_axis',(3.4497536451673E-16,-1.,0.));
#2305=DIRECTION('',(3.4497536451673E-16,-1.,0.));
#2306=DIRECTION('',(0.,0.,-1.));
#2307=DIRECTION('',(3.4497536451673E-16,-1.,0.));
#2308=DIRECTION('center_axis',(-1.11022300808154E-15,1.,0.));
#2309=DIRECTION('ref_axis',(1.,1.11022300808154E-15,0.));
#2310=DIRECTION('',(1.,1.11022300808154E-15,0.));
#2311=DIRECTION('',(0.,0.,-1.));
#2312=DIRECTION('',(1.,1.11022300808154E-15,0.));
#2313=DIRECTION('center_axis',(-1.,-5.55484606292295E-16,0.));
#2314=DIRECTION('ref_axis',(-5.55484606292295E-16,1.,0.));
#2315=DIRECTION('',(-5.55484606292295E-16,1.,0.));
#2316=DIRECTION('',(0.,0.,-1.));
#2317=DIRECTION('',(-5.55484606292295E-16,1.,0.));
#2318=DIRECTION('center_axis',(7.56923901542524E-16,-1.,0.));
#2319=DIRECTION('ref_axis',(-1.,-7.56923901542524E-16,0.));
#2320=DIRECTION('',(-1.,-7.56923901542524E-16,0.));
#2321=DIRECTION('',(0.,0.,-1.));
#2322=DIRECTION('',(-1.,-7.56923901542524E-16,0.));
#2323=DIRECTION('center_axis',(-1.,-3.8552268647101E-16,0.));
#2324=DIRECTION('ref_axis',(-3.8552268647101E-16,1.,0.));
#2325=DIRECTION('',(-3.8552268647101E-16,1.,0.));
#2326=DIRECTION('',(0.,0.,-1.));
#2327=DIRECTION('',(-3.8552268647101E-16,1.,0.));
#2328=DIRECTION('center_axis',(-0.605120213084256,0.796134114152173,0.));
#2329=DIRECTION('ref_axis',(0.796134114152173,0.605120213084256,0.));
#2330=DIRECTION('',(0.796134114152173,0.605120213084256,0.));
#2331=DIRECTION('',(0.,0.,-1.));
#2332=DIRECTION('',(0.796134114152173,0.605120213084256,0.));
#2333=DIRECTION('center_axis',(-1.,-4.53158419922858E-16,0.));
#2334=DIRECTION('ref_axis',(-4.53158419922858E-16,1.,0.));
#2335=DIRECTION('',(-4.53158419922858E-16,1.,0.));
#2336=DIRECTION('',(0.,0.,-1.));
#2337=DIRECTION('',(-4.53158419922858E-16,1.,0.));
#2338=DIRECTION('center_axis',(0.620607799195562,-0.784121138331088,0.));
#2339=DIRECTION('ref_axis',(-0.784121138331088,-0.620607799195562,0.));
#2340=DIRECTION('',(-0.784121138331088,-0.620607799195562,0.));
#2341=DIRECTION('',(-0.784121138331088,-0.620607799195562,0.));
#2342=DIRECTION('center_axis',(0.,0.,1.));
#2343=DIRECTION('ref_axis',(-1.,0.,0.));
#2344=DIRECTION('center_axis',(0.,0.,1.));
#2345=DIRECTION('ref_axis',(-1.,0.,0.));
#2346=DIRECTION('center_axis',(0.,0.,1.));
#2347=DIRECTION('ref_axis',(0.,1.,0.));
#2348=DIRECTION('',(0.,-1.,0.));
#2349=DIRECTION('center_axis',(0.,0.,1.));
#2350=DIRECTION('ref_axis',(0.707106781186549,-0.707106781186546,0.));
#2351=DIRECTION('',(1.,8.88178419700127E-16,0.));
#2352=DIRECTION('center_axis',(0.,0.,1.));
#2353=DIRECTION('ref_axis',(-4.44089209850064E-15,1.,0.));
#2354=DIRECTION('',(0.,1.,0.));
#2355=DIRECTION('center_axis',(0.,0.,1.));
#2356=DIRECTION('ref_axis',(-1.,-4.44089209850062E-15,0.));
#2357=DIRECTION('',(-1.,0.,0.));
#2358=DIRECTION('center_axis',(0.,0.,1.));
#2359=DIRECTION('ref_axis',(0.707106781186548,0.707106781186548,0.));
#2360=DIRECTION('',(0.,-1.,0.));
#2361=DIRECTION('center_axis',(0.,0.,1.));
#2362=DIRECTION('ref_axis',(-1.,0.,0.));
#2363=DIRECTION('',(1.,0.,0.));
#2364=DIRECTION('center_axis',(0.,0.,1.));
#2365=DIRECTION('ref_axis',(0.,-1.,0.));
#2366=DIRECTION('',(0.,1.,0.));
#2367=DIRECTION('center_axis',(0.,0.,1.));
#2368=DIRECTION('ref_axis',(-0.707106781186547,0.707106781186548,0.));
#2369=DIRECTION('',(1.,0.,0.));
#2370=DIRECTION('center_axis',(0.,0.,1.));
#2371=DIRECTION('ref_axis',(0.,-1.,0.));
#2372=DIRECTION('',(0.,1.,0.));
#2373=DIRECTION('center_axis',(0.,0.,1.));
#2374=DIRECTION('ref_axis',(1.,0.,0.));
#2375=DIRECTION('',(-1.,0.,0.));
#2376=DIRECTION('center_axis',(0.,0.,1.));
#2377=DIRECTION('ref_axis',(-0.707106781186547,-0.707106781186548,0.));
#2378=DIRECTION('',(0.,1.,0.));
#2379=DIRECTION('center_axis',(0.,0.,1.));
#2380=DIRECTION('ref_axis',(1.,0.,0.));
#2381=DIRECTION('center_axis',(0.,0.,1.));
#2382=DIRECTION('ref_axis',(1.,0.,0.));
#2383=DIRECTION('',(0.,1.,0.));
#2384=DIRECTION('center_axis',(0.,0.,1.));
#2385=DIRECTION('ref_axis',(1.,0.,0.));
#2386=DIRECTION('',(-1.,-1.38777878078145E-16,0.));
#2387=DIRECTION('center_axis',(0.,0.,1.));
#2388=DIRECTION('ref_axis',(0.,1.,0.));
#2389=DIRECTION('',(0.,-1.,0.));
#2390=DIRECTION('center_axis',(0.,0.,1.));
#2391=DIRECTION('ref_axis',(-1.,0.,0.));
#2392=DIRECTION('center_axis',(0.,0.,-1.));
#2393=DIRECTION('ref_axis',(-1.,0.,0.));
#2394=DIRECTION('center_axis',(0.,0.,-1.));
#2395=DIRECTION('ref_axis',(-1.,0.,0.));
#2396=DIRECTION('',(0.,0.,1.));
#2397=DIRECTION('',(0.,0.,-1.));
#2398=DIRECTION('center_axis',(-1.,0.,0.));
#2399=DIRECTION('ref_axis',(0.,1.,0.));
#2400=DIRECTION('',(0.,0.,-1.));
#2401=DIRECTION('',(0.,1.,0.));
#2402=DIRECTION('center_axis',(0.,0.,1.));
#2403=DIRECTION('ref_axis',(1.,0.,0.));
#2404=DIRECTION('',(0.,0.,-1.));
#2405=DIRECTION('center_axis',(0.,0.,-1.));
#2406=DIRECTION('ref_axis',(1.,0.,0.));
#2407=DIRECTION('',(0.,0.,1.));
#2408=DIRECTION('center_axis',(1.,0.,0.));
#2409=DIRECTION('ref_axis',(0.,-1.,0.));
#2410=DIRECTION('',(0.,-1.,0.));
#2411=DIRECTION('',(0.,0.,-1.));
#2412=DIRECTION('center_axis',(0.,0.,-1.));
#2413=DIRECTION('ref_axis',(-0.707106781186547,-0.707106781186548,0.));
#2414=DIRECTION('',(0.,0.,-1.));
#2415=DIRECTION('center_axis',(0.,0.,-1.));
#2416=DIRECTION('ref_axis',(-0.707106781186547,-0.707106781186548,0.));
#2417=DIRECTION('',(0.,0.,1.));
#2418=DIRECTION('center_axis',(0.,1.,0.));
#2419=DIRECTION('ref_axis',(1.,0.,0.));
#2420=DIRECTION('',(0.,0.,-1.));
#2421=DIRECTION('',(1.,0.,0.));
#2422=DIRECTION('center_axis',(0.,0.,1.));
#2423=DIRECTION('ref_axis',(-0.707106781186547,0.707106781186548,0.));
#2424=DIRECTION('center_axis',(0.,0.,-1.));
#2425=DIRECTION('ref_axis',(-0.707106781186547,0.707106781186548,0.));
#2426=DIRECTION('',(0.,0.,1.));
#2427=DIRECTION('',(0.,0.,-1.));
#2428=DIRECTION('center_axis',(0.,-1.,0.));
#2429=DIRECTION('ref_axis',(-1.,0.,0.));
#2430=DIRECTION('',(-1.,0.,0.));
#2431=DIRECTION('',(0.,0.,-1.));
#2432=DIRECTION('center_axis',(0.,0.,-1.));
#2433=DIRECTION('ref_axis',(0.707106781186548,0.707106781186548,0.));
#2434=DIRECTION('',(0.,0.,-1.));
#2435=DIRECTION('center_axis',(0.,0.,-1.));
#2436=DIRECTION('ref_axis',(0.707106781186548,0.707106781186548,0.));
#2437=DIRECTION('',(0.,0.,1.));
#2438=DIRECTION('center_axis',(0.,-1.,0.));
#2439=DIRECTION('ref_axis',(-1.,0.,0.));
#2440=DIRECTION('',(0.,0.,-1.));
#2441=DIRECTION('',(-1.,0.,0.));
#2442=DIRECTION('center_axis',(0.,0.,1.));
#2443=DIRECTION('ref_axis',(0.707106781186549,-0.707106781186546,0.));
#2444=DIRECTION('center_axis',(0.,0.,-1.));
#2445=DIRECTION('ref_axis',(0.707106781186549,-0.707106781186546,0.));
#2446=DIRECTION('',(0.,0.,1.));
#2447=DIRECTION('',(0.,0.,-1.));
#2448=DIRECTION('center_axis',(-8.88178419700127E-16,1.,0.));
#2449=DIRECTION('ref_axis',(1.,8.88178419700127E-16,0.));
#2450=DIRECTION('',(1.,8.88178419700127E-16,0.));
#2451=DIRECTION('',(0.,0.,-1.));
#2452=DIRECTION('center_axis',(1.,0.,0.));
#2453=DIRECTION('ref_axis',(0.,-1.,0.));
#2454=DIRECTION('',(0.,0.,-1.));
#2455=DIRECTION('',(0.,-1.,0.));
#2456=DIRECTION('',(0.,0.,-1.));
#2457=DIRECTION('center_axis',(0.,0.,-1.));
#2458=DIRECTION('ref_axis',(1.,0.,0.));
#2459=DIRECTION('center_axis',(0.,0.,-1.));
#2460=DIRECTION('ref_axis',(1.,0.,0.));
#2461=DIRECTION('center_axis',(0.,0.,-1.));
#2462=DIRECTION('ref_axis',(0.,-1.,0.));
#2463=DIRECTION('center_axis',(0.,0.,-1.));
#2464=DIRECTION('ref_axis',(0.,-1.,0.));
#2465=DIRECTION('center_axis',(1.,0.,0.));
#2466=DIRECTION('ref_axis',(0.,-1.,0.));
#2467=DIRECTION('',(0.,-1.,0.));
#2468=DIRECTION('',(0.,0.,-1.));
#2469=DIRECTION('center_axis',(1.,0.,0.));
#2470=DIRECTION('ref_axis',(0.,-1.,0.));
#2471=DIRECTION('',(0.,0.,-1.));
#2472=DIRECTION('',(0.,-1.,0.));
#2473=DIRECTION('center_axis',(-1.38777878078145E-16,1.,0.));
#2474=DIRECTION('ref_axis',(1.,1.38777878078145E-16,0.));
#2475=DIRECTION('',(0.,0.,-1.));
#2476=DIRECTION('',(1.,1.38777878078145E-16,0.));
#2477=DIRECTION('',(0.,0.,-1.));
#2478=DIRECTION('center_axis',(0.,0.,-1.));
#2479=DIRECTION('ref_axis',(0.,1.,0.));
#2480=DIRECTION('center_axis',(0.,0.,-1.));
#2481=DIRECTION('ref_axis',(0.,1.,0.));
#2482=DIRECTION('center_axis',(0.,0.,-1.));
#2483=DIRECTION('ref_axis',(1.,0.,0.));
#2484=DIRECTION('center_axis',(0.,0.,-1.));
#2485=DIRECTION('ref_axis',(1.,0.,0.));
#2486=DIRECTION('center_axis',(0.,0.,-1.));
#2487=DIRECTION('ref_axis',(-4.44089209850064E-15,1.,0.));
#2488=DIRECTION('center_axis',(0.,0.,-1.));
#2489=DIRECTION('ref_axis',(-4.44089209850064E-15,1.,0.));
#2490=DIRECTION('',(0.,0.,-1.));
#2491=DIRECTION('center_axis',(-1.,0.,0.));
#2492=DIRECTION('ref_axis',(0.,1.,0.));
#2493=DIRECTION('',(0.,1.,0.));
#2494=DIRECTION('',(0.,0.,-1.));
#2495=DIRECTION('center_axis',(0.,0.,-1.));
#2496=DIRECTION('ref_axis',(-1.,-4.44089209850062E-15,0.));
#2497=DIRECTION('center_axis',(0.,0.,-1.));
#2498=DIRECTION('ref_axis',(-1.,-4.44089209850062E-15,0.));
#2499=DIRECTION('center_axis',(-1.,0.,0.));
#2500=DIRECTION('ref_axis',(0.,1.,0.));
#2501=DIRECTION('',(0.,1.,0.));
#2502=DIRECTION('',(0.,0.,-1.));
#2503=DIRECTION('center_axis',(-1.,0.,0.));
#2504=DIRECTION('ref_axis',(0.,1.,0.));
#2505=DIRECTION('',(0.,0.,-1.));
#2506=DIRECTION('',(0.,1.,0.));
#2507=DIRECTION('center_axis',(1.,-5.63983639460399E-15,0.));
#2508=DIRECTION('ref_axis',(5.63983639460399E-15,1.,0.));
#2509=DIRECTION('',(5.63983639460399E-15,1.,0.));
#2510=DIRECTION('',(0.,0.,1.));
#2511=DIRECTION('',(5.63983639460399E-15,1.,0.));
#2512=DIRECTION('',(0.,0.,1.));
#2513=DIRECTION('center_axis',(-0.628843417210603,0.777531965021948,0.));
#2514=DIRECTION('ref_axis',(-0.777531965021948,-0.628843417210603,0.));
#2515=DIRECTION('',(-0.777531965021948,-0.628843417210603,0.));
#2516=DIRECTION('',(0.,0.,1.));
#2517=DIRECTION('',(-0.777531965021948,-0.628843417210603,0.));
#2518=DIRECTION('center_axis',(1.55222733190026E-14,1.,0.));
#2519=DIRECTION('ref_axis',(-1.,1.55222733190026E-14,0.));
#2520=DIRECTION('',(-1.,1.55222733190026E-14,0.));
#2521=DIRECTION('',(0.,0.,1.));
#2522=DIRECTION('',(-1.,1.55222733190026E-14,0.));
#2523=DIRECTION('center_axis',(1.,-7.5035320849055E-15,0.));
#2524=DIRECTION('ref_axis',(7.5035320849055E-15,1.,0.));
#2525=DIRECTION('',(7.5035320849055E-15,1.,0.));
#2526=DIRECTION('',(0.,0.,1.));
#2527=DIRECTION('',(7.5035320849055E-15,1.,0.));
#2528=DIRECTION('center_axis',(-1.53066850269376E-14,-1.,0.));
#2529=DIRECTION('ref_axis',(1.,-1.53066850269376E-14,0.));
#2530=DIRECTION('',(1.,-1.53066850269376E-14,0.));
#2531=DIRECTION('',(0.,0.,1.));
#2532=DIRECTION('',(1.,-1.53066850269376E-14,0.));
#2533=DIRECTION('center_axis',(-1.,6.24546895891646E-15,0.));
#2534=DIRECTION('ref_axis',(-6.24546895891646E-15,-1.,0.));
#2535=DIRECTION('',(-6.24546895891646E-15,-1.,0.));
#2536=DIRECTION('',(0.,0.,1.));
#2537=DIRECTION('',(-6.24546895891646E-15,-1.,0.));
#2538=DIRECTION('center_axis',(0.626879260204112,-0.779116418211005,0.));
#2539=DIRECTION('ref_axis',(0.779116418211005,0.626879260204112,0.));
#2540=DIRECTION('',(0.779116418211005,0.626879260204112,0.));
#2541=DIRECTION('',(0.,0.,1.));
#2542=DIRECTION('',(0.779116418211005,0.626879260204112,0.));
#2543=DIRECTION('center_axis',(-1.58004518087697E-14,-1.,0.));
#2544=DIRECTION('ref_axis',(1.,-1.58004518087697E-14,0.));
#2545=DIRECTION('',(1.,-1.58004518087697E-14,0.));
#2546=DIRECTION('',(0.,0.,1.));
#2547=DIRECTION('',(1.,-1.58004518087697E-14,0.));
#2548=DIRECTION('center_axis',(-1.,7.04768222341666E-15,0.));
#2549=DIRECTION('ref_axis',(-7.04768222341666E-15,-1.,0.));
#2550=DIRECTION('',(-7.04768222341666E-15,-1.,0.));
#2551=DIRECTION('',(0.,0.,1.));
#2552=DIRECTION('',(-7.04768222341666E-15,-1.,0.));
#2553=DIRECTION('center_axis',(1.53066810961274E-14,1.,0.));
#2554=DIRECTION('ref_axis',(-1.,1.53066810961274E-14,0.));
#2555=DIRECTION('',(-1.,1.53066810961274E-14,0.));
#2556=DIRECTION('',(-1.,1.53066810961274E-14,0.));
#2557=DIRECTION('center_axis',(0.,0.,1.));
#2558=DIRECTION('ref_axis',(1.,0.,0.));
#2559=DIRECTION('',(0.,0.,1.));
#2560=DIRECTION('',(0.,0.,1.));
#2561=DIRECTION('',(0.,0.,1.));
#2562=DIRECTION('',(0.,0.,1.));
#2563=DIRECTION('center_axis',(1.,0.,0.));
#2564=DIRECTION('ref_axis',(0.,1.,0.));
#2565=DIRECTION('',(0.,1.,0.));
#2566=DIRECTION('',(0.,0.,1.));
#2567=DIRECTION('',(0.,1.,0.));
#2568=DIRECTION('center_axis',(1.09933294088836E-14,1.,0.));
#2569=DIRECTION('ref_axis',(-1.,1.09933294088836E-14,0.));
#2570=DIRECTION('',(-1.,1.09933294088836E-14,0.));
#2571=DIRECTION('',(0.,0.,1.));
#2572=DIRECTION('',(-1.,1.09933294088836E-14,0.));
#2573=DIRECTION('center_axis',(-1.,0.,0.));
#2574=DIRECTION('ref_axis',(0.,-1.,0.));
#2575=DIRECTION('',(0.,-1.,0.));
#2576=DIRECTION('',(0.,0.,1.));
#2577=DIRECTION('',(0.,-1.,0.));
#2578=DIRECTION('',(0.,0.,1.));
#2579=DIRECTION('',(0.,0.,1.));
#2580=DIRECTION('',(0.,0.,1.));
#2581=DIRECTION('',(0.,0.,1.));
#2582=DIRECTION('',(0.,0.,1.));
#2583=DIRECTION('',(0.,0.,1.));
#2584=DIRECTION('',(0.,0.,1.));
#2585=DIRECTION('',(0.,0.,1.));
#2586=DIRECTION('',(0.,0.,1.));
#2587=DIRECTION('',(0.,0.,1.));
#2588=DIRECTION('',(0.,0.,1.));
#2589=DIRECTION('center_axis',(1.,-6.84522642099624E-15,0.));
#2590=DIRECTION('ref_axis',(6.84522642099624E-15,1.,0.));
#2591=DIRECTION('',(6.84522642099624E-15,1.,0.));
#2592=DIRECTION('',(0.,0.,1.));
#2593=DIRECTION('',(6.84522642099624E-15,1.,0.));
#2594=DIRECTION('center_axis',(-8.88178384407087E-15,-1.,0.));
#2595=DIRECTION('ref_axis',(1.,-8.88178384407087E-15,0.));
#2596=DIRECTION('',(1.,-8.88178384407087E-15,0.));
#2597=DIRECTION('',(0.,0.,1.));
#2598=DIRECTION('',(1.,-8.88178384407087E-15,0.));
#2599=DIRECTION('center_axis',(-1.,1.15401199973225E-14,0.));
#2600=DIRECTION('ref_axis',(-1.15401199973225E-14,-1.,0.));
#2601=DIRECTION('',(-1.15401199973225E-14,-1.,0.));
#2602=DIRECTION('',(0.,0.,1.));
#2603=DIRECTION('',(-1.15401199973225E-14,-1.,0.));
#2604=DIRECTION('center_axis',(8.07385604344569E-15,1.,0.));
#2605=DIRECTION('ref_axis',(-1.,8.07385604344569E-15,0.));
#2606=DIRECTION('',(-1.,8.07385604344569E-15,0.));
#2607=DIRECTION('',(0.,0.,1.));
#2608=DIRECTION('',(-1.,8.07385604344569E-15,0.));
#2609=DIRECTION('center_axis',(-1.,0.,0.));
#2610=DIRECTION('ref_axis',(0.,-1.,0.));
#2611=DIRECTION('',(0.,-1.,0.));
#2612=DIRECTION('',(0.,0.,1.));
#2613=DIRECTION('',(0.,-1.,0.));
#2614=DIRECTION('center_axis',(-0.595843990906114,-0.803100204520628,0.));
#2615=DIRECTION('ref_axis',(0.803100204520628,-0.595843990906114,0.));
#2616=DIRECTION('',(0.803100204520628,-0.595843990906114,0.));
#2617=DIRECTION('',(0.,0.,1.));
#2618=DIRECTION('',(0.803100204520628,-0.595843990906114,0.));
#2619=DIRECTION('center_axis',(-1.,9.39910122191262E-15,0.));
#2620=DIRECTION('ref_axis',(-9.39910122191262E-15,-1.,0.));
#2621=DIRECTION('',(-9.39910122191262E-15,-1.,0.));
#2622=DIRECTION('',(0.,0.,1.));
#2623=DIRECTION('',(-9.39910122191262E-15,-1.,0.));
#2624=DIRECTION('center_axis',(0.614539653262319,0.788885932545529,0.));
#2625=DIRECTION('ref_axis',(-0.788885932545529,0.614539653262319,0.));
#2626=DIRECTION('',(-0.788885932545529,0.614539653262319,0.));
#2627=DIRECTION('',(-0.788885932545529,0.614539653262319,0.));
#2628=DIRECTION('center_axis',(0.,0.,-1.));
#2629=DIRECTION('ref_axis',(1.,0.,0.));
#2630=DIRECTION('center_axis',(0.,0.,-1.));
#2631=DIRECTION('ref_axis',(1.,0.,0.));
#2632=DIRECTION('',(-1.,0.,0.));
#2633=DIRECTION('center_axis',(0.,0.,1.));
#2634=DIRECTION('ref_axis',(0.707106781186548,0.707106781186548,0.));
#2635=DIRECTION('',(0.,1.,0.));
#2636=DIRECTION('center_axis',(0.,0.,1.));
#2637=DIRECTION('ref_axis',(0.707106781186548,-0.707106781186548,0.));
#2638=DIRECTION('',(1.,0.,0.));
#2639=DIRECTION('center_axis',(0.,0.,1.));
#2640=DIRECTION('ref_axis',(-0.707106781186548,-0.707106781186548,0.));
#2641=DIRECTION('',(0.,-1.,0.));
#2642=DIRECTION('center_axis',(0.,0.,1.));
#2643=DIRECTION('ref_axis',(-0.707106781186548,0.707106781186548,0.));
#2644=DIRECTION('center_axis',(1.,0.,0.));
#2645=DIRECTION('ref_axis',(0.,0.70710678118654,-0.707106781186555));
#2646=DIRECTION('center_axis',(1.,0.,0.));
#2647=DIRECTION('ref_axis',(0.,0.,-1.));
#2648=DIRECTION('',(1.,0.,0.));
#2649=DIRECTION('center_axis',(-1.,0.,0.));
#2650=DIRECTION('ref_axis',(0.,1.,0.));
#2651=DIRECTION('center_axis',(0.,0.,-1.));
#2652=DIRECTION('ref_axis',(-1.,0.,0.));
#2653=DIRECTION('center_axis',(0.,1.,0.));
#2654=DIRECTION('ref_axis',(1.,0.,0.));
#2655=DIRECTION('center_axis',(0.,0.,-1.));
#2656=DIRECTION('ref_axis',(0.707106781186548,0.707106781186548,0.));
#2657=DIRECTION('center_axis',(0.,-1.,0.));
#2658=DIRECTION('ref_axis',(0.70710678118654,0.,-0.707106781186555));
#2659=DIRECTION('center_axis',(0.,1.,0.));
#2660=DIRECTION('ref_axis',(1.,0.,0.));
#2661=DIRECTION('',(0.,-1.,0.));
#2662=DIRECTION('center_axis',(0.,0.,-1.));
#2663=DIRECTION('ref_axis',(-1.,0.,0.));
#2664=DIRECTION('center_axis',(1.,0.,0.));
#2665=DIRECTION('ref_axis',(0.,-1.,0.));
#2666=DIRECTION('center_axis',(0.,0.,-1.));
#2667=DIRECTION('ref_axis',(0.707106781186548,-0.707106781186548,0.));
#2668=DIRECTION('center_axis',(-1.,0.,0.));
#2669=DIRECTION('ref_axis',(0.,-0.707106781186553,-0.707106781186543));
#2670=DIRECTION('center_axis',(1.,0.,0.));
#2671=DIRECTION('ref_axis',(0.,-1.,0.));
#2672=DIRECTION('',(-1.,0.,0.));
#2673=DIRECTION('center_axis',(0.,0.,-1.));
#2674=DIRECTION('ref_axis',(-1.,0.,0.));
#2675=DIRECTION('center_axis',(0.,-1.,0.));
#2676=DIRECTION('ref_axis',(-1.,0.,0.));
#2677=DIRECTION('center_axis',(0.,0.,-1.));
#2678=DIRECTION('ref_axis',(-0.707106781186548,-0.707106781186548,0.));
#2679=DIRECTION('center_axis',(0.,1.,0.));
#2680=DIRECTION('ref_axis',(-0.707106781186553,0.,-0.707106781186543));
#2681=DIRECTION('center_axis',(0.,-1.,0.));
#2682=DIRECTION('ref_axis',(-1.,0.,0.));
#2683=DIRECTION('',(0.,1.,0.));
#2684=DIRECTION('center_axis',(0.,0.,-1.));
#2685=DIRECTION('ref_axis',(-1.,0.,0.));
#2686=DIRECTION('center_axis',(0.,0.,-1.));
#2687=DIRECTION('ref_axis',(-0.707106781186548,0.707106781186548,0.));
#2688=DIRECTION('center_axis',(0.,0.,1.));
#2689=DIRECTION('ref_axis',(1.,0.,0.));
#2690=DIRECTION('',(0.,0.,-1.));
#2691=DIRECTION('center_axis',(0.,0.,1.));
#2692=DIRECTION('ref_axis',(1.,0.,0.));
#2693=DIRECTION('',(0.,0.,-1.));
#2694=DIRECTION('center_axis',(1.,0.,0.));
#2695=DIRECTION('ref_axis',(0.,1.,0.));
#2696=DIRECTION('',(0.,0.,-1.));
#2697=DIRECTION('',(0.,1.,0.));
#2698=DIRECTION('center_axis',(0.,0.,1.));
#2699=DIRECTION('ref_axis',(0.,1.,0.));
#2700=DIRECTION('',(0.,0.,-1.));
#2701=DIRECTION('center_axis',(0.,0.,1.));
#2702=DIRECTION('ref_axis',(0.,1.,0.));
#2703=DIRECTION('center_axis',(0.,1.,0.));
#2704=DIRECTION('ref_axis',(-1.,0.,0.));
#2705=DIRECTION('',(0.,0.,-1.));
#2706=DIRECTION('',(-1.,0.,0.));
#2707=DIRECTION('center_axis',(0.,0.,-1.));
#2708=DIRECTION('ref_axis',(1.,0.,0.));
#2709=DIRECTION('center_axis',(0.,-1.,0.));
#2710=DIRECTION('ref_axis',(1.,0.,0.));
#2711=DIRECTION('',(1.,0.,0.));
#2712=DIRECTION('',(0.,0.,-1.));
#2713=DIRECTION('center_axis',(0.,0.,1.));
#2714=DIRECTION('ref_axis',(0.,-1.,0.));
#2715=DIRECTION('center_axis',(0.,0.,1.));
#2716=DIRECTION('ref_axis',(0.,-1.,0.));
#2717=DIRECTION('',(0.,0.,-1.));
#2718=DIRECTION('center_axis',(-1.,0.,0.));
#2719=DIRECTION('ref_axis',(0.,-1.,0.));
#2720=DIRECTION('',(0.,-1.,0.));
#2721=DIRECTION('',(0.,0.,1.));
#2722=DIRECTION('center_axis',(0.,0.,1.));
#2723=DIRECTION('ref_axis',(-1.,0.,0.));
#2724=DIRECTION('center_axis',(0.,0.,1.));
#2725=DIRECTION('ref_axis',(-1.,0.,0.));
#2726=DIRECTION('center_axis',(0.,0.,-1.));
#2727=DIRECTION('ref_axis',(-1.,0.,0.));
#2728=DIRECTION('center_axis',(0.,0.,-1.));
#2729=DIRECTION('ref_axis',(-1.,0.,0.));
#2730=DIRECTION('',(0.,0.,-1.));
#2731=DIRECTION('center_axis',(0.,-1.,0.));
#2732=DIRECTION('ref_axis',(-1.,0.,0.));
#2733=DIRECTION('',(-1.,0.,0.));
#2734=DIRECTION('',(0.,0.,-1.));
#2735=DIRECTION('center_axis',(0.,0.,-1.));
#2736=DIRECTION('ref_axis',(0.,-1.,0.));
#2737=DIRECTION('center_axis',(0.,0.,-1.));
#2738=DIRECTION('ref_axis',(0.,-1.,0.));
#2739=DIRECTION('center_axis',(0.,0.,-1.));
#2740=DIRECTION('ref_axis',(1.,0.,0.));
#2741=DIRECTION('center_axis',(0.,0.,-1.));
#2742=DIRECTION('ref_axis',(1.,0.,0.));
#2743=DIRECTION('center_axis',(0.,0.,-1.));
#2744=DIRECTION('ref_axis',(0.,1.,0.));
#2745=DIRECTION('center_axis',(0.,0.,-1.));
#2746=DIRECTION('ref_axis',(0.,1.,0.));
#2747=DIRECTION('center_axis',(0.,0.,1.));
#2748=DIRECTION('ref_axis',(-1.,0.,0.));
#2749=DIRECTION('center_axis',(0.,0.,1.));
#2750=DIRECTION('ref_axis',(-1.,0.,0.));
#2751=CARTESIAN_POINT('',(0.,0.,0.));
#2752=CARTESIAN_POINT('Ctrl Pts',(-0.187797449210256,-4.16728448391841,
2.));
#2753=CARTESIAN_POINT('Ctrl Pts',(-0.187797449210256,-4.16728448391841,
1.5));
#2754=CARTESIAN_POINT('Ctrl Pts',(-0.174797984266161,-4.1822981236355,2.));
#2755=CARTESIAN_POINT('Ctrl Pts',(-0.174797984266161,-4.1822981236355,1.5));
#2756=CARTESIAN_POINT('Ctrl Pts',(-0.149231869436308,-4.21182552639184,
2.));
#2757=CARTESIAN_POINT('Ctrl Pts',(-0.149231869436308,-4.21182552639184,
1.5));
#2758=CARTESIAN_POINT('Ctrl Pts',(-0.114752132057867,-4.23014174353862,
2.));
#2759=CARTESIAN_POINT('Ctrl Pts',(-0.114752132057867,-4.23014174353862,
1.5));
#2760=CARTESIAN_POINT('Ctrl Pts',(-0.0978041213541925,-4.2391448122351,
2.));
#2761=CARTESIAN_POINT('Ctrl Pts',(-0.0978041213541925,-4.2391448122351,
1.5));
#2762=CARTESIAN_POINT('',(-0.187797449210256,-4.16728448391841,2.));
#2763=CARTESIAN_POINT('',(-0.0978041213541925,-4.2391448122351,2.));
#2764=CARTESIAN_POINT('Ctrl Pts',(-0.187797449210256,-4.16728448391841,
2.));
#2765=CARTESIAN_POINT('Ctrl Pts',(-0.174797984266161,-4.1822981236355,2.));
#2766=CARTESIAN_POINT('Ctrl Pts',(-0.149231869436308,-4.21182552639184,
2.));
#2767=CARTESIAN_POINT('Ctrl Pts',(-0.114752132057867,-4.23014174353862,
2.));
#2768=CARTESIAN_POINT('Ctrl Pts',(-0.0978041213541925,-4.2391448122351,
2.));
#2769=CARTESIAN_POINT('',(-0.187797449210256,-4.16728448391841,1.5));
#2770=CARTESIAN_POINT('',(-0.187797449210256,-4.16728448391841,2.));
#2771=CARTESIAN_POINT('',(-0.0978041213541925,-4.2391448122351,1.5));
#2772=CARTESIAN_POINT('Ctrl Pts',(-0.187797449210256,-4.16728448391841,
1.5));
#2773=CARTESIAN_POINT('Ctrl Pts',(-0.174797984266161,-4.1822981236355,1.5));
#2774=CARTESIAN_POINT('Ctrl Pts',(-0.149231869436308,-4.21182552639184,
1.5));
#2775=CARTESIAN_POINT('Ctrl Pts',(-0.114752132057867,-4.23014174353862,
1.5));
#2776=CARTESIAN_POINT('Ctrl Pts',(-0.0978041213541925,-4.2391448122351,
1.5));
#2777=CARTESIAN_POINT('',(-0.0978041213541925,-4.2391448122351,2.));
#2778=CARTESIAN_POINT('Ctrl Pts',(-0.242196373322576,-4.04304001749442,
2.));
#2779=CARTESIAN_POINT('Ctrl Pts',(-0.242196373322576,-4.04304001749442,
1.5));
#2780=CARTESIAN_POINT('Ctrl Pts',(-0.236970836599064,-4.06622942629636,
2.));
#2781=CARTESIAN_POINT('Ctrl Pts',(-0.236970836599064,-4.06622942629636,
1.5));
#2782=CARTESIAN_POINT('Ctrl Pts',(-0.226839970818832,-4.11118725561144,
2.));
#2783=CARTESIAN_POINT('Ctrl Pts',(-0.226839970818832,-4.11118725561144,
1.5));
#2784=CARTESIAN_POINT('Ctrl Pts',(-0.200534475949462,-4.14898361943776,
2.));
#2785=CARTESIAN_POINT('Ctrl Pts',(-0.200534475949462,-4.14898361943776,
1.5));
#2786=CARTESIAN_POINT('Ctrl Pts',(-0.187797449210256,-4.16728448391841,
2.));
#2787=CARTESIAN_POINT('Ctrl Pts',(-0.187797449210256,-4.16728448391841,
1.5));
#2788=CARTESIAN_POINT('',(-0.242196373322576,-4.04304001749442,2.));
#2789=CARTESIAN_POINT('Ctrl Pts',(-0.242196373322576,-4.04304001749442,
2.));
#2790=CARTESIAN_POINT('Ctrl Pts',(-0.236970836599064,-4.06622942629636,
2.));
#2791=CARTESIAN_POINT('Ctrl Pts',(-0.226839970818832,-4.11118725561144,
2.));
#2792=CARTESIAN_POINT('Ctrl Pts',(-0.200534475949462,-4.14898361943776,
2.));
#2793=CARTESIAN_POINT('Ctrl Pts',(-0.187797449210256,-4.16728448391841,
2.));
#2794=CARTESIAN_POINT('',(-0.242196373322576,-4.04304001749442,1.5));
#2795=CARTESIAN_POINT('',(-0.242196373322576,-4.04304001749442,2.));
#2796=CARTESIAN_POINT('Ctrl Pts',(-0.242196373322576,-4.04304001749442,
1.5));
#2797=CARTESIAN_POINT('Ctrl Pts',(-0.236970836599064,-4.06622942629636,
1.5));
#2798=CARTESIAN_POINT('Ctrl Pts',(-0.226839970818832,-4.11118725561144,
1.5));
#2799=CARTESIAN_POINT('Ctrl Pts',(-0.200534475949462,-4.14898361943776,
1.5));
#2800=CARTESIAN_POINT('Ctrl Pts',(-0.187797449210256,-4.16728448391841,
1.5));
#2801=CARTESIAN_POINT('Ctrl Pts',(-0.254956684687704,-3.86506822229312,
2.));
#2802=CARTESIAN_POINT('Ctrl Pts',(-0.254956684687704,-3.86506822229312,
1.5));
#2803=CARTESIAN_POINT('Ctrl Pts',(-0.254632406761836,-3.89741628140824,
2.));
#2804=CARTESIAN_POINT('Ctrl Pts',(-0.254632406761836,-3.89741628140824,
1.5));
#2805=CARTESIAN_POINT('Ctrl Pts',(-0.254034944153597,-3.95701563809801,
2.));
#2806=CARTESIAN_POINT('Ctrl Pts',(-0.254034944153597,-3.95701563809801,
1.5));
#2807=CARTESIAN_POINT('Ctrl Pts',(-0.245910984563069,-4.01604798178138,
2.));
#2808=CARTESIAN_POINT('Ctrl Pts',(-0.245910984563069,-4.01604798178138,
1.5));
#2809=CARTESIAN_POINT('Ctrl Pts',(-0.242196373322576,-4.04304001749442,
2.));
#2810=CARTESIAN_POINT('Ctrl Pts',(-0.242196373322576,-4.04304001749442,
1.5));
#2811=CARTESIAN_POINT('',(-0.254956684687704,-3.86506822229312,2.));
#2812=CARTESIAN_POINT('Ctrl Pts',(-0.254956684687704,-3.86506822229312,
2.));
#2813=CARTESIAN_POINT('Ctrl Pts',(-0.254632406761836,-3.89741628140824,
2.));
#2814=CARTESIAN_POINT('Ctrl Pts',(-0.254034944153597,-3.95701563809801,
2.));
#2815=CARTESIAN_POINT('Ctrl Pts',(-0.245910984563069,-4.01604798178138,
2.));
#2816=CARTESIAN_POINT('Ctrl Pts',(-0.242196373322576,-4.04304001749442,
2.));
#2817=CARTESIAN_POINT('',(-0.254956684687704,-3.86506822229312,1.5));
#2818=CARTESIAN_POINT('',(-0.254956684687704,-3.86506822229312,2.));
#2819=CARTESIAN_POINT('Ctrl Pts',(-0.254956684687704,-3.86506822229312,
1.5));
#2820=CARTESIAN_POINT('Ctrl Pts',(-0.254632406761836,-3.89741628140824,
1.5));
#2821=CARTESIAN_POINT('Ctrl Pts',(-0.254034944153597,-3.95701563809801,
1.5));
#2822=CARTESIAN_POINT('Ctrl Pts',(-0.245910984563069,-4.01604798178138,
1.5));
#2823=CARTESIAN_POINT('Ctrl Pts',(-0.242196373322576,-4.04304001749442,
1.5));
#2824=CARTESIAN_POINT('Origin',(-0.254956684687704,-3.72134756565974,2.));
#2825=CARTESIAN_POINT('',(-0.254956684687704,-3.72134756565974,2.));
#2826=CARTESIAN_POINT('',(-0.254956684687703,-6.06067378282987,2.));
#2827=CARTESIAN_POINT('',(-0.254956684687704,-3.72134756565974,1.5));
#2828=CARTESIAN_POINT('',(-0.254956684687704,-3.72134756565974,2.));
#2829=CARTESIAN_POINT('',(-0.254956684687704,-3.72134756565974,1.5));
#2830=CARTESIAN_POINT('Origin',(0.283659942767054,-3.72134756565974,2.));
#2831=CARTESIAN_POINT('',(0.283659942767054,-3.72134756565974,2.));
#2832=CARTESIAN_POINT('',(-0.661187923311182,-3.72134756565974,2.));
#2833=CARTESIAN_POINT('',(0.283659942767054,-3.72134756565974,1.5));
#2834=CARTESIAN_POINT('',(0.283659942767054,-3.72134756565974,2.));
#2835=CARTESIAN_POINT('',(0.283659942767054,-3.72134756565974,1.5));
#2836=CARTESIAN_POINT('Origin',(0.283659942767054,-3.88924550534175,2.));
#2837=CARTESIAN_POINT('',(0.283659942767054,-3.88924550534175,2.));
#2838=CARTESIAN_POINT('',(0.283659942767054,-6.14462275267087,2.));
#2839=CARTESIAN_POINT('',(0.283659942767054,-3.88924550534175,1.5));
#2840=CARTESIAN_POINT('',(0.283659942767054,-3.88924550534175,2.));
#2841=CARTESIAN_POINT('',(0.283659942767054,-3.88924550534175,1.5));
#2842=CARTESIAN_POINT('Ctrl Pts',(0.278287180087,-4.03296616197512,2.));
#2843=CARTESIAN_POINT('Ctrl Pts',(0.278287180087,-4.03296616197512,1.5));
#2844=CARTESIAN_POINT('Ctrl Pts',(0.279850376988339,-4.01137198561593,2.));
#2845=CARTESIAN_POINT('Ctrl Pts',(0.279850376988339,-4.01137198561593,1.5));
#2846=CARTESIAN_POINT('Ctrl Pts',(0.28331355300192,-3.96353128587033,2.));
#2847=CARTESIAN_POINT('Ctrl Pts',(0.28331355300192,-3.96353128587033,1.5));
#2848=CARTESIAN_POINT('Ctrl Pts',(0.283537228934803,-3.91556237069985,2.));
#2849=CARTESIAN_POINT('Ctrl Pts',(0.283537228934803,-3.91556237069985,1.5));
#2850=CARTESIAN_POINT('Ctrl Pts',(0.283659942767054,-3.88924550534175,2.));
#2851=CARTESIAN_POINT('Ctrl Pts',(0.283659942767054,-3.88924550534175,1.5));
#2852=CARTESIAN_POINT('',(0.278287180087,-4.03296616197512,2.));
#2853=CARTESIAN_POINT('Ctrl Pts',(0.278287180087,-4.03296616197512,2.));
#2854=CARTESIAN_POINT('Ctrl Pts',(0.279850376988339,-4.01137198561593,2.));
#2855=CARTESIAN_POINT('Ctrl Pts',(0.28331355300192,-3.96353128587033,2.));
#2856=CARTESIAN_POINT('Ctrl Pts',(0.283537228934803,-3.91556237069985,2.));
#2857=CARTESIAN_POINT('Ctrl Pts',(0.283659942767054,-3.88924550534175,2.));
#2858=CARTESIAN_POINT('',(0.278287180087,-4.03296616197512,1.5));
#2859=CARTESIAN_POINT('',(0.278287180087,-4.03296616197512,2.));
#2860=CARTESIAN_POINT('Ctrl Pts',(0.278287180087,-4.03296616197512,1.5));
#2861=CARTESIAN_POINT('Ctrl Pts',(0.279850376988339,-4.01137198561593,1.5));
#2862=CARTESIAN_POINT('Ctrl Pts',(0.28331355300192,-3.96353128587033,1.5));
#2863=CARTESIAN_POINT('Ctrl Pts',(0.283537228934803,-3.91556237069985,1.5));
#2864=CARTESIAN_POINT('Ctrl Pts',(0.283659942767054,-3.88924550534175,1.5));
#2865=CARTESIAN_POINT('Ctrl Pts',(0.252766706368357,-4.13773443818972,2.));
#2866=CARTESIAN_POINT('Ctrl Pts',(0.252766706368357,-4.13773443818972,1.5));
#2867=CARTESIAN_POINT('Ctrl Pts',(0.258892660741019,-4.12132643554418,2.));
#2868=CARTESIAN_POINT('Ctrl Pts',(0.258892660741019,-4.12132643554418,1.5));
#2869=CARTESIAN_POINT('Ctrl Pts',(0.271549578474269,-4.08742563788588,2.));
#2870=CARTESIAN_POINT('Ctrl Pts',(0.271549578474269,-4.08742563788588,1.5));
#2871=CARTESIAN_POINT('Ctrl Pts',(0.275993908148541,-4.05150248915323,2.));
#2872=CARTESIAN_POINT('Ctrl Pts',(0.275993908148541,-4.05150248915323,1.5));
#2873=CARTESIAN_POINT('Ctrl Pts',(0.278287180087,-4.03296616197512,2.));
#2874=CARTESIAN_POINT('Ctrl Pts',(0.278287180087,-4.03296616197512,1.5));
#2875=CARTESIAN_POINT('',(0.252766706368357,-4.13773443818972,2.));
#2876=CARTESIAN_POINT('Ctrl Pts',(0.252766706368357,-4.13773443818972,2.));
#2877=CARTESIAN_POINT('Ctrl Pts',(0.258892660741019,-4.12132643554418,2.));
#2878=CARTESIAN_POINT('Ctrl Pts',(0.271549578474269,-4.08742563788588,2.));
#2879=CARTESIAN_POINT('Ctrl Pts',(0.275993908148541,-4.05150248915323,2.));
#2880=CARTESIAN_POINT('Ctrl Pts',(0.278287180087,-4.03296616197512,2.));
#2881=CARTESIAN_POINT('',(0.252766706368357,-4.13773443818972,1.5));
#2882=CARTESIAN_POINT('',(0.252766706368357,-4.13773443818972,2.));
#2883=CARTESIAN_POINT('Ctrl Pts',(0.252766706368357,-4.13773443818972,1.5));
#2884=CARTESIAN_POINT('Ctrl Pts',(0.258892660741019,-4.12132643554418,1.5));
#2885=CARTESIAN_POINT('Ctrl Pts',(0.271549578474269,-4.08742563788588,1.5));
#2886=CARTESIAN_POINT('Ctrl Pts',(0.275993908148541,-4.05150248915323,1.5));
#2887=CARTESIAN_POINT('Ctrl Pts',(0.278287180087,-4.03296616197512,1.5));
#2888=CARTESIAN_POINT('Ctrl Pts',(0.168817736527354,-4.23377204955504,2.));
#2889=CARTESIAN_POINT('Ctrl Pts',(0.168817736527354,-4.23377204955504,1.5));
#2890=CARTESIAN_POINT('Ctrl Pts',(0.186123458067981,-4.22206088639678,2.));
#2891=CARTESIAN_POINT('Ctrl Pts',(0.186123458067981,-4.22206088639678,1.5));
#2892=CARTESIAN_POINT('Ctrl Pts',(0.222459506024066,-4.19747148195378,2.));
#2893=CARTESIAN_POINT('Ctrl Pts',(0.222459506024066,-4.19747148195378,1.5));
#2894=CARTESIAN_POINT('Ctrl Pts',(0.242349627015822,-4.15826703500193,2.));
#2895=CARTESIAN_POINT('Ctrl Pts',(0.242349627015822,-4.15826703500193,1.5));
#2896=CARTESIAN_POINT('Ctrl Pts',(0.252766706368357,-4.13773443818972,2.));
#2897=CARTESIAN_POINT('Ctrl Pts',(0.252766706368357,-4.13773443818972,1.5));
#2898=CARTESIAN_POINT('',(0.168817736527354,-4.23377204955504,2.));
#2899=CARTESIAN_POINT('Ctrl Pts',(0.168817736527354,-4.23377204955504,2.));
#2900=CARTESIAN_POINT('Ctrl Pts',(0.186123458067981,-4.22206088639678,2.));
#2901=CARTESIAN_POINT('Ctrl Pts',(0.222459506024066,-4.19747148195378,2.));
#2902=CARTESIAN_POINT('Ctrl Pts',(0.242349627015822,-4.15826703500193,2.));
#2903=CARTESIAN_POINT('Ctrl Pts',(0.252766706368357,-4.13773443818972,2.));
#2904=CARTESIAN_POINT('',(0.168817736527354,-4.23377204955504,1.5));
#2905=CARTESIAN_POINT('',(0.168817736527354,-4.23377204955504,2.));
#2906=CARTESIAN_POINT('Ctrl Pts',(0.168817736527354,-4.23377204955504,1.5));
#2907=CARTESIAN_POINT('Ctrl Pts',(0.186123458067981,-4.22206088639678,1.5));
#2908=CARTESIAN_POINT('Ctrl Pts',(0.222459506024066,-4.19747148195378,1.5));
#2909=CARTESIAN_POINT('Ctrl Pts',(0.242349627015822,-4.15826703500193,1.5));
#2910=CARTESIAN_POINT('Ctrl Pts',(0.252766706368357,-4.13773443818972,1.5));
#2911=CARTESIAN_POINT('Ctrl Pts',(0.0392005819291175,-4.26265049994872,
2.));
#2912=CARTESIAN_POINT('Ctrl Pts',(0.0392005819291175,-4.26265049994872,
1.5));
#2913=CARTESIAN_POINT('Ctrl Pts',(0.0628768824299158,-4.26171852420877,
2.));
#2914=CARTESIAN_POINT('Ctrl Pts',(0.0628768824299158,-4.26171852420877,
1.5));
#2915=CARTESIAN_POINT('Ctrl Pts',(0.107885663828326,-4.25994683304669,2.));
#2916=CARTESIAN_POINT('Ctrl Pts',(0.107885663828326,-4.25994683304669,1.5));
#2917=CARTESIAN_POINT('Ctrl Pts',(0.149224617073221,-4.24218872794659,2.));
#2918=CARTESIAN_POINT('Ctrl Pts',(0.149224617073221,-4.24218872794659,1.5));
#2919=CARTESIAN_POINT('Ctrl Pts',(0.168817736527354,-4.23377204955504,2.));
#2920=CARTESIAN_POINT('Ctrl Pts',(0.168817736527354,-4.23377204955504,1.5));
#2921=CARTESIAN_POINT('',(0.0392005819291175,-4.26265049994872,2.));
#2922=CARTESIAN_POINT('Ctrl Pts',(0.0392005819291175,-4.26265049994872,
2.));
#2923=CARTESIAN_POINT('Ctrl Pts',(0.0628768824299158,-4.26171852420877,
2.));
#2924=CARTESIAN_POINT('Ctrl Pts',(0.107885663828326,-4.25994683304669,2.));
#2925=CARTESIAN_POINT('Ctrl Pts',(0.149224617073221,-4.24218872794659,2.));
#2926=CARTESIAN_POINT('Ctrl Pts',(0.168817736527354,-4.23377204955504,2.));
#2927=CARTESIAN_POINT('',(0.0392005819291175,-4.26265049994872,1.5));
#2928=CARTESIAN_POINT('',(0.0392005819291175,-4.26265049994872,2.));
#2929=CARTESIAN_POINT('Ctrl Pts',(0.0392005819291175,-4.26265049994872,
1.5));
#2930=CARTESIAN_POINT('Ctrl Pts',(0.0628768824299158,-4.26171852420877,
1.5));
#2931=CARTESIAN_POINT('Ctrl Pts',(0.107885663828326,-4.25994683304669,1.5));
#2932=CARTESIAN_POINT('Ctrl Pts',(0.149224617073221,-4.24218872794659,1.5));
#2933=CARTESIAN_POINT('Ctrl Pts',(0.168817736527354,-4.23377204955504,1.5));
#2934=CARTESIAN_POINT('Ctrl Pts',(-0.0978041213541925,-4.2391448122351,
2.));
#2935=CARTESIAN_POINT('Ctrl Pts',(-0.0978041213541925,-4.2391448122351,
1.5));
#2936=CARTESIAN_POINT('Ctrl Pts',(-0.0778316554679351,-4.24598319290592,
2.));
#2937=CARTESIAN_POINT('Ctrl Pts',(-0.0778316554679351,-4.24598319290592,
1.5));
#2938=CARTESIAN_POINT('Ctrl Pts',(-0.0335011543468644,-4.26116153111015,
2.));
#2939=CARTESIAN_POINT('Ctrl Pts',(-0.0335011543468644,-4.26116153111015,
1.5));
#2940=CARTESIAN_POINT('Ctrl Pts',(0.0134194028883042,-4.26212248818202,
2.));
#2941=CARTESIAN_POINT('Ctrl Pts',(0.0134194028883042,-4.26212248818202,
1.5));
#2942=CARTESIAN_POINT('Ctrl Pts',(0.0392005819291175,-4.26265049994872,
2.));
#2943=CARTESIAN_POINT('Ctrl Pts',(0.0392005819291175,-4.26265049994872,
1.5));
#2944=CARTESIAN_POINT('Ctrl Pts',(-0.0978041213541925,-4.2391448122351,
2.));
#2945=CARTESIAN_POINT('Ctrl Pts',(-0.0778316554679351,-4.24598319290592,
2.));
#2946=CARTESIAN_POINT('Ctrl Pts',(-0.0335011543468644,-4.26116153111015,
2.));
#2947=CARTESIAN_POINT('Ctrl Pts',(0.0134194028883042,-4.26212248818202,
2.));
#2948=CARTESIAN_POINT('Ctrl Pts',(0.0392005819291175,-4.26265049994872,
2.));
#2949=CARTESIAN_POINT('Ctrl Pts',(-0.0978041213541925,-4.2391448122351,
1.5));
#2950=CARTESIAN_POINT('Ctrl Pts',(-0.0778316554679351,-4.24598319290592,
1.5));
#2951=CARTESIAN_POINT('Ctrl Pts',(-0.0335011543468644,-4.26116153111015,
1.5));
#2952=CARTESIAN_POINT('Ctrl Pts',(0.0134194028883042,-4.26212248818202,
1.5));
#2953=CARTESIAN_POINT('Ctrl Pts',(0.0392005819291175,-4.26265049994872,
1.5));
#2954=CARTESIAN_POINT('Ctrl Pts',(-0.270403228381246,-4.67500787497447,
2.));
#2955=CARTESIAN_POINT('Ctrl Pts',(-0.270403228381246,-4.67500787497447,
1.5));
#2956=CARTESIAN_POINT('Ctrl Pts',(-0.31596020815895,-4.63698265507037,2.));
#2957=CARTESIAN_POINT('Ctrl Pts',(-0.31596020815895,-4.63698265507037,1.5));
#2958=CARTESIAN_POINT('Ctrl Pts',(-0.409228369096596,-4.55913415969138,
2.));
#2959=CARTESIAN_POINT('Ctrl Pts',(-0.409228369096596,-4.55913415969138,
1.5));
#2960=CARTESIAN_POINT('Ctrl Pts',(-0.468005503908729,-4.45273857911478,
2.));
#2961=CARTESIAN_POINT('Ctrl Pts',(-0.468005503908729,-4.45273857911478,
1.5));
#2962=CARTESIAN_POINT('Ctrl Pts',(-0.498072854855627,-4.39831208706782,
2.));
#2963=CARTESIAN_POINT('Ctrl Pts',(-0.498072854855627,-4.39831208706782,
1.5));
#2964=CARTESIAN_POINT('',(-0.270403228381246,-4.67500787497447,2.));
#2965=CARTESIAN_POINT('',(-0.498072854855627,-4.39831208706782,2.));
#2966=CARTESIAN_POINT('Ctrl Pts',(-0.270403228381246,-4.67500787497447,
2.));
#2967=CARTESIAN_POINT('Ctrl Pts',(-0.31596020815895,-4.63698265507037,2.));
#2968=CARTESIAN_POINT('Ctrl Pts',(-0.409228369096596,-4.55913415969138,
2.));
#2969=CARTESIAN_POINT('Ctrl Pts',(-0.468005503908729,-4.45273857911478,
2.));
#2970=CARTESIAN_POINT('Ctrl Pts',(-0.498072854855627,-4.39831208706782,
2.));
#2971=CARTESIAN_POINT('',(-0.270403228381246,-4.67500787497447,1.5));
#2972=CARTESIAN_POINT('',(-0.270403228381246,-4.67500787497447,2.));
#2973=CARTESIAN_POINT('',(-0.498072854855627,-4.39831208706782,1.5));
#2974=CARTESIAN_POINT('Ctrl Pts',(-0.270403228381246,-4.67500787497447,
1.5));
#2975=CARTESIAN_POINT('Ctrl Pts',(-0.31596020815895,-4.63698265507037,1.5));
#2976=CARTESIAN_POINT('Ctrl Pts',(-0.409228369096596,-4.55913415969138,
1.5));
#2977=CARTESIAN_POINT('Ctrl Pts',(-0.468005503908729,-4.45273857911478,
1.5));
#2978=CARTESIAN_POINT('Ctrl Pts',(-0.498072854855627,-4.39831208706782,
1.5));
#2979=CARTESIAN_POINT('',(-0.498072854855627,-4.39831208706782,2.));
#2980=CARTESIAN_POINT('Ctrl Pts',(0.102330096384913,-4.77843296051906,2.));
#2981=CARTESIAN_POINT('Ctrl Pts',(0.102330096384913,-4.77843296051906,1.5));
#2982=CARTESIAN_POINT('Ctrl Pts',(0.0313490012309667,-4.7754744906117,2.));
#2983=CARTESIAN_POINT('Ctrl Pts',(0.0313490012309667,-4.7754744906117,1.5));
#2984=CARTESIAN_POINT('Ctrl Pts',(-0.10127884051098,-4.76994660353389,2.));
#2985=CARTESIAN_POINT('Ctrl Pts',(-0.10127884051098,-4.76994660353389,1.5));
#2986=CARTESIAN_POINT('Ctrl Pts',(-0.216737083104531,-4.70513360470166,
2.));
#2987=CARTESIAN_POINT('Ctrl Pts',(-0.216737083104531,-4.70513360470166,
1.5));
#2988=CARTESIAN_POINT('Ctrl Pts',(-0.270403228381246,-4.67500787497447,
2.));
#2989=CARTESIAN_POINT('Ctrl Pts',(-0.270403228381246,-4.67500787497447,
1.5));
#2990=CARTESIAN_POINT('',(0.102330096384913,-4.77843296051906,2.));
#2991=CARTESIAN_POINT('Ctrl Pts',(0.102330096384913,-4.77843296051906,2.));
#2992=CARTESIAN_POINT('Ctrl Pts',(0.0313490012309667,-4.7754744906117,2.));
#2993=CARTESIAN_POINT('Ctrl Pts',(-0.10127884051098,-4.76994660353389,2.));
#2994=CARTESIAN_POINT('Ctrl Pts',(-0.216737083104531,-4.70513360470166,
2.));
#2995=CARTESIAN_POINT('Ctrl Pts',(-0.270403228381246,-4.67500787497447,
2.));
#2996=CARTESIAN_POINT('',(0.102330096384913,-4.77843296051906,1.5));
#2997=CARTESIAN_POINT('',(0.102330096384913,-4.77843296051906,2.));
#2998=CARTESIAN_POINT('Ctrl Pts',(0.102330096384913,-4.77843296051906,1.5));
#2999=CARTESIAN_POINT('Ctrl Pts',(0.0313490012309667,-4.7754744906117,1.5));
#3000=CARTESIAN_POINT('Ctrl Pts',(-0.10127884051098,-4.76994660353389,1.5));
#3001=CARTESIAN_POINT('Ctrl Pts',(-0.216737083104531,-4.70513360470166,
1.5));
#3002=CARTESIAN_POINT('Ctrl Pts',(-0.270403228381246,-4.67500787497447,
1.5));
#3003=CARTESIAN_POINT('Ctrl Pts',(0.370295293948084,-4.71530329705165,2.));
#3004=CARTESIAN_POINT('Ctrl Pts',(0.370295293948084,-4.71530329705165,1.5));
#3005=CARTESIAN_POINT('Ctrl Pts',(0.331032497080193,-4.73368979899707,2.));
#3006=CARTESIAN_POINT('Ctrl Pts',(0.331032497080193,-4.73368979899707,1.5));
#3007=CARTESIAN_POINT('Ctrl Pts',(0.24629817061792,-4.77337031038765,2.));
#3008=CARTESIAN_POINT('Ctrl Pts',(0.24629817061792,-4.77337031038765,1.5));
#3009=CARTESIAN_POINT('Ctrl Pts',(0.152607777791838,-4.77666494138191,2.));
#3010=CARTESIAN_POINT('Ctrl Pts',(0.152607777791838,-4.77666494138191,1.5));
#3011=CARTESIAN_POINT('Ctrl Pts',(0.102330096384913,-4.77843296051906,2.));
#3012=CARTESIAN_POINT('Ctrl Pts',(0.102330096384913,-4.77843296051906,1.5));
#3013=CARTESIAN_POINT('',(0.370295293948084,-4.71530329705165,2.));
#3014=CARTESIAN_POINT('Ctrl Pts',(0.370295293948084,-4.71530329705165,2.));
#3015=CARTESIAN_POINT('Ctrl Pts',(0.331032497080193,-4.73368979899707,2.));
#3016=CARTESIAN_POINT('Ctrl Pts',(0.24629817061792,-4.77337031038765,2.));
#3017=CARTESIAN_POINT('Ctrl Pts',(0.152607777791838,-4.77666494138191,2.));
#3018=CARTESIAN_POINT('Ctrl Pts',(0.102330096384913,-4.77843296051906,2.));
#3019=CARTESIAN_POINT('',(0.370295293948084,-4.71530329705165,1.5));
#3020=CARTESIAN_POINT('',(0.370295293948084,-4.71530329705165,2.));
#3021=CARTESIAN_POINT('Ctrl Pts',(0.370295293948084,-4.71530329705165,1.5));
#3022=CARTESIAN_POINT('Ctrl Pts',(0.331032497080193,-4.73368979899707,1.5));
#3023=CARTESIAN_POINT('Ctrl Pts',(0.24629817061792,-4.77337031038765,1.5));
#3024=CARTESIAN_POINT('Ctrl Pts',(0.152607777791838,-4.77666494138191,1.5));
#3025=CARTESIAN_POINT('Ctrl Pts',(0.102330096384913,-4.77843296051906,1.5));
#3026=CARTESIAN_POINT('Ctrl Pts',(0.54423744263354,-4.54471897602961,2.));
#3027=CARTESIAN_POINT('Ctrl Pts',(0.54423744263354,-4.54471897602961,1.5));
#3028=CARTESIAN_POINT('Ctrl Pts',(0.520033047598102,-4.57858877906524,2.));
#3029=CARTESIAN_POINT('Ctrl Pts',(0.520033047598102,-4.57858877906524,1.5));
#3030=CARTESIAN_POINT('Ctrl Pts',(0.472076928328699,-4.64569495179253,2.));
#3031=CARTESIAN_POINT('Ctrl Pts',(0.472076928328699,-4.64569495179253,1.5));
#3032=CARTESIAN_POINT('Ctrl Pts',(0.404008332770359,-4.69224698772477,2.));
#3033=CARTESIAN_POINT('Ctrl Pts',(0.404008332770359,-4.69224698772477,1.5));
#3034=CARTESIAN_POINT('Ctrl Pts',(0.370295293948084,-4.71530329705165,2.));
#3035=CARTESIAN_POINT('Ctrl Pts',(0.370295293948084,-4.71530329705165,1.5));
#3036=CARTESIAN_POINT('',(0.54423744263354,-4.54471897602961,2.));
#3037=CARTESIAN_POINT('Ctrl Pts',(0.54423744263354,-4.54471897602961,2.));
#3038=CARTESIAN_POINT('Ctrl Pts',(0.520033047598102,-4.57858877906524,2.));
#3039=CARTESIAN_POINT('Ctrl Pts',(0.472076928328699,-4.64569495179253,2.));
#3040=CARTESIAN_POINT('Ctrl Pts',(0.404008332770359,-4.69224698772477,2.));
#3041=CARTESIAN_POINT('Ctrl Pts',(0.370295293948084,-4.71530329705165,2.));
#3042=CARTESIAN_POINT('',(0.54423744263354,-4.54471897602961,1.5));
#3043=CARTESIAN_POINT('',(0.54423744263354,-4.54471897602961,2.));
#3044=CARTESIAN_POINT('Ctrl Pts',(0.54423744263354,-4.54471897602961,1.5));
#3045=CARTESIAN_POINT('Ctrl Pts',(0.520033047598102,-4.57858877906524,1.5));
#3046=CARTESIAN_POINT('Ctrl Pts',(0.472076928328699,-4.64569495179253,1.5));
#3047=CARTESIAN_POINT('Ctrl Pts',(0.404008332770359,-4.69224698772477,1.5));
#3048=CARTESIAN_POINT('Ctrl Pts',(0.370295293948084,-4.71530329705165,1.5));
#3049=CARTESIAN_POINT('Ctrl Pts',(0.63087279381457,-4.31637775422023,2.));
#3050=CARTESIAN_POINT('Ctrl Pts',(0.63087279381457,-4.31637775422023,1.5));
#3051=CARTESIAN_POINT('Ctrl Pts',(0.622094373776739,-4.35672748180035,2.));
#3052=CARTESIAN_POINT('Ctrl Pts',(0.622094373776739,-4.35672748180035,1.5));
#3053=CARTESIAN_POINT('Ctrl Pts',(0.604594990207065,-4.43716283996428,2.));
#3054=CARTESIAN_POINT('Ctrl Pts',(0.604594990207065,-4.43716283996428,1.5));
#3055=CARTESIAN_POINT('Ctrl Pts',(0.564312538101277,-4.50894549306922,2.));
#3056=CARTESIAN_POINT('Ctrl Pts',(0.564312538101277,-4.50894549306922,1.5));
#3057=CARTESIAN_POINT('Ctrl Pts',(0.54423744263354,-4.54471897602961,2.));
#3058=CARTESIAN_POINT('Ctrl Pts',(0.54423744263354,-4.54471897602961,1.5));
#3059=CARTESIAN_POINT('',(0.63087279381457,-4.31637775422023,2.));
#3060=CARTESIAN_POINT('Ctrl Pts',(0.63087279381457,-4.31637775422023,2.));
#3061=CARTESIAN_POINT('Ctrl Pts',(0.622094373776739,-4.35672748180035,2.));
#3062=CARTESIAN_POINT('Ctrl Pts',(0.604594990207065,-4.43716283996428,2.));
#3063=CARTESIAN_POINT('Ctrl Pts',(0.564312538101277,-4.50894549306922,2.));
#3064=CARTESIAN_POINT('Ctrl Pts',(0.54423744263354,-4.54471897602961,2.));
#3065=CARTESIAN_POINT('',(0.63087279381457,-4.31637775422023,1.5));
#3066=CARTESIAN_POINT('',(0.63087279381457,-4.31637775422023,2.));
#3067=CARTESIAN_POINT('Ctrl Pts',(0.63087279381457,-4.31637775422023,1.5));
#3068=CARTESIAN_POINT('Ctrl Pts',(0.622094373776739,-4.35672748180035,1.5));
#3069=CARTESIAN_POINT('Ctrl Pts',(0.604594990207065,-4.43716283996428,1.5));
#3070=CARTESIAN_POINT('Ctrl Pts',(0.564312538101277,-4.50894549306922,1.5));
#3071=CARTESIAN_POINT('Ctrl Pts',(0.54423744263354,-4.54471897602961,1.5));
#3072=CARTESIAN_POINT('Ctrl Pts',(0.651692100188166,-4.02625028313086,2.));
#3073=CARTESIAN_POINT('Ctrl Pts',(0.651692100188166,-4.02625028313086,1.5));
#3074=CARTESIAN_POINT('Ctrl Pts',(0.651099291159377,-4.07827200841082,2.));
#3075=CARTESIAN_POINT('Ctrl Pts',(0.651099291159377,-4.07827200841082,1.5));
#3076=CARTESIAN_POINT('Ctrl Pts',(0.649992285335042,-4.17541687308076,2.));
#3077=CARTESIAN_POINT('Ctrl Pts',(0.649992285335042,-4.17541687308076,1.5));
#3078=CARTESIAN_POINT('Ctrl Pts',(0.636936922475435,-4.27166919497516,2.));
#3079=CARTESIAN_POINT('Ctrl Pts',(0.636936922475435,-4.27166919497516,1.5));
#3080=CARTESIAN_POINT('Ctrl Pts',(0.63087279381457,-4.31637775422023,2.));
#3081=CARTESIAN_POINT('Ctrl Pts',(0.63087279381457,-4.31637775422023,1.5));
#3082=CARTESIAN_POINT('',(0.651692100188166,-4.02625028313086,2.));
#3083=CARTESIAN_POINT('Ctrl Pts',(0.651692100188166,-4.02625028313086,2.));
#3084=CARTESIAN_POINT('Ctrl Pts',(0.651099291159377,-4.07827200841082,2.));
#3085=CARTESIAN_POINT('Ctrl Pts',(0.649992285335042,-4.17541687308076,2.));
#3086=CARTESIAN_POINT('Ctrl Pts',(0.636936922475435,-4.27166919497516,2.));
#3087=CARTESIAN_POINT('Ctrl Pts',(0.63087279381457,-4.31637775422023,2.));
#3088=CARTESIAN_POINT('',(0.651692100188166,-4.02625028313086,1.5));
#3089=CARTESIAN_POINT('',(0.651692100188166,-4.02625028313086,2.));
#3090=CARTESIAN_POINT('Ctrl Pts',(0.651692100188166,-4.02625028313086,1.5));
#3091=CARTESIAN_POINT('Ctrl Pts',(0.651099291159377,-4.07827200841082,1.5));
#3092=CARTESIAN_POINT('Ctrl Pts',(0.649992285335042,-4.17541687308076,1.5));
#3093=CARTESIAN_POINT('Ctrl Pts',(0.636936922475435,-4.27166919497516,1.5));
#3094=CARTESIAN_POINT('Ctrl Pts',(0.63087279381457,-4.31637775422023,1.5));
#3095=CARTESIAN_POINT('Origin',(0.651692100188166,-3.22168339312957,2.));
#3096=CARTESIAN_POINT('',(0.651692100188166,-3.22168339312957,2.));
#3097=CARTESIAN_POINT('',(0.651692100188166,-5.81084169656478,2.));
#3098=CARTESIAN_POINT('',(0.651692100188166,-3.22168339312957,1.5));
#3099=CARTESIAN_POINT('',(0.651692100188166,-3.22168339312957,2.));
#3100=CARTESIAN_POINT('',(0.651692100188166,-3.22168339312957,1.5));
#3101=CARTESIAN_POINT('Origin',(-1.34830792961416,-3.22168339312957,2.));
#3102=CARTESIAN_POINT('',(-1.34830792961416,-3.22168339312957,2.));
#3103=CARTESIAN_POINT('',(-1.47717185950179,-3.22168339312957,2.));
#3104=CARTESIAN_POINT('',(-1.34830792961416,-3.22168339312957,1.5));
#3105=CARTESIAN_POINT('',(-1.34830792961416,-3.22168339312957,2.));
#3106=CARTESIAN_POINT('',(-1.34830792961416,-3.22168339312957,1.5));
#3107=CARTESIAN_POINT('Origin',(-1.34830792961416,-3.72134756565974,2.));
#3108=CARTESIAN_POINT('',(-1.34830792961416,-3.72134756565974,2.));
#3109=CARTESIAN_POINT('',(-1.34830792961416,-6.06067378282987,2.));
#3110=CARTESIAN_POINT('',(-1.34830792961416,-3.72134756565974,1.5));
#3111=CARTESIAN_POINT('',(-1.34830792961416,-3.72134756565974,2.));
#3112=CARTESIAN_POINT('',(-1.34830792961416,-3.72134756565974,1.5));
#3113=CARTESIAN_POINT('Origin',(-0.614929698088735,-3.72134756565974,2.));
#3114=CARTESIAN_POINT('',(-0.614929698088735,-3.72134756565974,2.));
#3115=CARTESIAN_POINT('',(-1.11048274373908,-3.72134756565974,2.));
#3116=CARTESIAN_POINT('',(-0.614929698088735,-3.72134756565974,1.5));
#3117=CARTESIAN_POINT('',(-0.614929698088735,-3.72134756565974,2.));
#3118=CARTESIAN_POINT('',(-0.614929698088735,-3.72134756565974,1.5));
#3119=CARTESIAN_POINT('Origin',(-0.614929698088735,-3.90133422137187,2.));
#3120=CARTESIAN_POINT('',(-0.614929698088735,-3.90133422137187,2.));
#3121=CARTESIAN_POINT('',(-0.614929698088734,-6.15066711068593,2.));
#3122=CARTESIAN_POINT('',(-0.614929698088735,-3.90133422137187,1.5));
#3123=CARTESIAN_POINT('',(-0.614929698088735,-3.90133422137187,2.));
#3124=CARTESIAN_POINT('',(-0.614929698088735,-3.90133422137187,1.5));
#3125=CARTESIAN_POINT('Origin',(-1.34830792961416,-4.4587553691952,2.));
#3126=CARTESIAN_POINT('',(-1.34830792961416,-4.4587553691952,2.));
#3127=CARTESIAN_POINT('',(-2.37934648239413,-5.2424201533889,2.));
#3128=CARTESIAN_POINT('',(-1.34830792961416,-4.4587553691952,1.5));
#3129=CARTESIAN_POINT('',(-1.34830792961416,-4.4587553691952,2.));
#3130=CARTESIAN_POINT('',(-1.34830792961416,-4.4587553691952,1.5));
#3131=CARTESIAN_POINT('Origin',(-1.34830792961416,-5.07124703646586,2.));
#3132=CARTESIAN_POINT('',(-1.34830792961416,-5.07124703646586,2.));
#3133=CARTESIAN_POINT('',(-1.34830792961416,-6.73562351823293,2.));
#3134=CARTESIAN_POINT('',(-1.34830792961416,-5.07124703646586,1.5));
#3135=CARTESIAN_POINT('',(-1.34830792961416,-5.07124703646586,2.));
#3136=CARTESIAN_POINT('',(-1.34830792961416,-5.07124703646586,1.5));
#3137=CARTESIAN_POINT('Origin',(-0.498072854855627,-4.39831208706782,2.));
#3138=CARTESIAN_POINT('',(-1.81236020557504,-5.43853016099525,2.));
#3139=CARTESIAN_POINT('',(-0.498072854855627,-4.39831208706782,1.5));
#3140=CARTESIAN_POINT('Origin',(-0.348307914712996,-4.14646521479772,1.5));
#3141=CARTESIAN_POINT('Origin',(-1.60603578938941,-8.39999999999999,2.));
#3142=CARTESIAN_POINT('',(-2.80284430002771,-2.31049832559458,2.));
#3143=CARTESIAN_POINT('',(-4.45603578938941,-4.14999999999998,2.));
#3144=CARTESIAN_POINT('Origin',(-2.60603578938943,-4.14999999999998,2.));
#3145=CARTESIAN_POINT('',(-4.45603578938941,-7.14999999999999,2.));
#3146=CARTESIAN_POINT('',(-4.45603578938941,-4.14999999999998,2.));
#3147=CARTESIAN_POINT('',(-4.95603578938941,-7.64999999999999,2.));
#3148=CARTESIAN_POINT('Origin',(-4.95603578938941,-7.14999999999999,2.));
#3149=CARTESIAN_POINT('',(-5.70603578938941,-7.65,2.));
#3150=CARTESIAN_POINT('',(-5.70603578938941,-7.65,2.));
#3151=CARTESIAN_POINT('',(-5.95603578938941,-7.89999999999999,2.));
#3152=CARTESIAN_POINT('Origin',(-5.70603578938941,-7.89999999999999,2.));
#3153=CARTESIAN_POINT('',(-5.95603578938941,-8.9,2.));
#3154=CARTESIAN_POINT('',(-5.95603578938941,-8.9,2.));
#3155=CARTESIAN_POINT('',(-5.70603578938941,-9.14999999999999,2.));
#3156=CARTESIAN_POINT('Origin',(-5.70603578938941,-8.89999999999999,2.));
#3157=CARTESIAN_POINT('',(-4.95603578938941,-9.14999999999999,2.));
#3158=CARTESIAN_POINT('',(-4.45603578938941,-9.14999999999999,2.));
#3159=CARTESIAN_POINT('',(-4.45603578938941,-9.65,2.));
#3160=CARTESIAN_POINT('Origin',(-4.95603578938941,-9.65,2.));
#3161=CARTESIAN_POINT('',(-4.45603578938941,-12.65,2.));
#3162=CARTESIAN_POINT('',(-4.45603578938941,-4.14999999999998,2.));
#3163=CARTESIAN_POINT('',(-2.60603578938942,-14.5,2.));
#3164=CARTESIAN_POINT('Origin',(-2.60603578938942,-12.65,2.));
#3165=CARTESIAN_POINT('',(-0.606035789389407,-14.5,2.));
#3166=CARTESIAN_POINT('',(-2.60603578938942,-14.5,2.));
#3167=CARTESIAN_POINT('',(1.24396421061059,-12.65,2.));
#3168=CARTESIAN_POINT('Origin',(-0.606035789389407,-12.65,2.));
#3169=CARTESIAN_POINT('',(1.24396421061059,-9.64999999999999,2.));
#3170=CARTESIAN_POINT('',(1.24396421061059,-12.65,2.));
#3171=CARTESIAN_POINT('',(1.74396421061059,-9.14999999999999,2.));
#3172=CARTESIAN_POINT('Origin',(1.74396421061059,-9.64999999999999,2.));
#3173=CARTESIAN_POINT('',(2.49396421061059,-9.14999999999999,2.));
#3174=CARTESIAN_POINT('',(1.24396421061059,-9.14999999999999,2.));
#3175=CARTESIAN_POINT('',(2.74396421061059,-8.89999999999999,2.));
#3176=CARTESIAN_POINT('Origin',(2.49396421061059,-8.89999999999999,2.));
#3177=CARTESIAN_POINT('',(2.74396421061059,-7.89999999999999,2.));
#3178=CARTESIAN_POINT('',(2.74396421061059,-8.89999999999999,2.));
#3179=CARTESIAN_POINT('',(2.49396421061059,-7.64999999999999,2.));
#3180=CARTESIAN_POINT('Origin',(2.49396421061059,-7.89999999999999,2.));
#3181=CARTESIAN_POINT('',(1.74396421061059,-7.64999999999999,2.));
#3182=CARTESIAN_POINT('',(2.49396421061059,-7.64999999999999,2.));
#3183=CARTESIAN_POINT('',(1.24396421061059,-7.14999999999999,2.));
#3184=CARTESIAN_POINT('Origin',(1.74396421061059,-7.14999999999999,2.));
#3185=CARTESIAN_POINT('',(1.24396421061059,-4.14999999999999,2.));
#3186=CARTESIAN_POINT('',(1.24396421061059,-12.65,2.));
#3187=CARTESIAN_POINT('',(-0.409227278751107,-2.31049832559458,2.));
#3188=CARTESIAN_POINT('Origin',(-0.606035789389407,-4.14999999999999,2.));
#3189=CARTESIAN_POINT('',(-0.856035789389404,-1.81333571089041,2.));
#3190=CARTESIAN_POINT('Origin',(-0.356035789389404,-1.81333571089041,2.));
#3191=CARTESIAN_POINT('',(-0.856035789389404,-1.04999999999999,2.));
#3192=CARTESIAN_POINT('',(-0.856035789389404,-2.3,2.));
#3193=CARTESIAN_POINT('',(-1.1060357893894,-0.799999999999992,2.));
#3194=CARTESIAN_POINT('Origin',(-1.1060357893894,-1.04999999999999,2.));
#3195=CARTESIAN_POINT('',(-2.1060357893894,-0.799999999999993,2.));
#3196=CARTESIAN_POINT('',(-1.1060357893894,-0.799999999999992,2.));
#3197=CARTESIAN_POINT('',(-2.3560357893894,-1.04999999999999,2.));
#3198=CARTESIAN_POINT('Origin',(-2.1060357893894,-1.04999999999999,2.));
#3199=CARTESIAN_POINT('',(-2.3560357893894,-1.81333571089041,2.));
#3200=CARTESIAN_POINT('',(-2.3560357893894,-1.04999999999999,2.));
#3201=CARTESIAN_POINT('Origin',(-2.8560357893894,-1.81333571089041,2.));
#3202=CARTESIAN_POINT('Origin',(-2.8560357893894,-1.81333571089041,2.));
#3203=CARTESIAN_POINT('',(-2.3560357893894,-1.81333571089041,1.));
#3204=CARTESIAN_POINT('',(-2.80284430002771,-2.31049832559458,1.));
#3205=CARTESIAN_POINT('Origin',(-2.8560357893894,-1.81333571089041,1.));
#3206=CARTESIAN_POINT('',(-2.80284430002771,-2.31049832559458,2.));
#3207=CARTESIAN_POINT('',(-2.3560357893894,-1.81333571089041,2.));
#3208=CARTESIAN_POINT('Origin',(-2.3560357893894,-2.3,2.));
#3209=CARTESIAN_POINT('',(-2.3560357893894,-1.04999999999999,1.));
#3210=CARTESIAN_POINT('',(-2.3560357893894,-1.04999999999999,2.));
#3211=CARTESIAN_POINT('',(-2.3560357893894,-1.04999999999999,1.));
#3212=CARTESIAN_POINT('Origin',(-0.356035789389404,-1.81333571089041,2.));
#3213=CARTESIAN_POINT('',(-0.409227278751107,-2.31049832559458,1.));
#3214=CARTESIAN_POINT('',(-0.409227278751107,-2.31049832559458,2.));
#3215=CARTESIAN_POINT('',(-0.856035789389404,-1.81333571089041,1.));
#3216=CARTESIAN_POINT('Origin',(-0.356035789389404,-1.81333571089041,1.));
#3217=CARTESIAN_POINT('',(-0.856035789389404,-1.81333571089041,2.));
#3218=CARTESIAN_POINT('Origin',(-0.856035789389404,-1.04999999999999,2.));
#3219=CARTESIAN_POINT('',(-0.856035789389404,-1.04999999999999,1.));
#3220=CARTESIAN_POINT('',(-0.856035789389404,-2.3,1.));
#3221=CARTESIAN_POINT('',(-0.856035789389404,-1.04999999999999,2.));
#3222=CARTESIAN_POINT('Origin',(1.74396421061059,-7.14999999999999,2.));
#3223=CARTESIAN_POINT('',(1.74396421061059,-7.64999999999999,1.));
#3224=CARTESIAN_POINT('',(1.74396421061059,-7.64999999999999,2.));
#3225=CARTESIAN_POINT('',(1.24396421061059,-7.14999999999999,1.));
#3226=CARTESIAN_POINT('Origin',(1.74396421061059,-7.14999999999999,1.));
#3227=CARTESIAN_POINT('',(1.24396421061059,-7.14999999999999,2.));
#3228=CARTESIAN_POINT('Origin',(1.24396421061059,-7.64999999999999,2.));
#3229=CARTESIAN_POINT('',(2.49396421061059,-7.64999999999999,1.));
#3230=CARTESIAN_POINT('',(2.49396421061059,-7.64999999999999,2.));
#3231=CARTESIAN_POINT('',(2.49396421061059,-7.64999999999999,1.));
#3232=CARTESIAN_POINT('Origin',(1.74396421061059,-9.64999999999999,2.));
#3233=CARTESIAN_POINT('',(1.24396421061059,-9.64999999999999,1.));
#3234=CARTESIAN_POINT('',(1.74396421061059,-9.14999999999999,1.));
#3235=CARTESIAN_POINT('Origin',(1.74396421061059,-9.64999999999999,1.));
#3236=CARTESIAN_POINT('',(1.74396421061059,-9.14999999999999,2.));
#3237=CARTESIAN_POINT('',(1.24396421061059,-9.64999999999999,2.));
#3238=CARTESIAN_POINT('Origin',(2.49396421061059,-9.14999999999999,2.));
#3239=CARTESIAN_POINT('',(2.49396421061059,-9.14999999999999,1.));
#3240=CARTESIAN_POINT('',(1.24396421061059,-9.14999999999999,1.));
#3241=CARTESIAN_POINT('',(2.49396421061059,-9.14999999999999,2.));
#3242=CARTESIAN_POINT('Origin',(-4.95603578938941,-9.65,2.));
#3243=CARTESIAN_POINT('',(-4.95603578938941,-9.14999999999999,1.));
#3244=CARTESIAN_POINT('',(-4.95603578938941,-9.14999999999999,2.));
#3245=CARTESIAN_POINT('',(-4.45603578938941,-9.65,1.));
#3246=CARTESIAN_POINT('Origin',(-4.95603578938941,-9.65,1.));
#3247=CARTESIAN_POINT('',(-4.45603578938941,-9.65,2.));
#3248=CARTESIAN_POINT('Origin',(-4.45603578938941,-9.14999999999999,2.));
#3249=CARTESIAN_POINT('',(-5.70603578938941,-9.14999999999999,1.));
#3250=CARTESIAN_POINT('',(-5.70603578938941,-9.14999999999999,2.));
#3251=CARTESIAN_POINT('',(-4.45603578938941,-9.14999999999999,1.));
#3252=CARTESIAN_POINT('Origin',(-4.95603578938941,-7.14999999999999,2.));
#3253=CARTESIAN_POINT('',(-4.45603578938941,-7.14999999999999,1.));
#3254=CARTESIAN_POINT('',(-4.95603578938941,-7.64999999999999,1.));
#3255=CARTESIAN_POINT('Origin',(-4.95603578938941,-7.14999999999999,1.));
#3256=CARTESIAN_POINT('',(-4.95603578938941,-7.64999999999999,2.));
#3257=CARTESIAN_POINT('',(-4.45603578938941,-7.14999999999999,2.));
#3258=CARTESIAN_POINT('Origin',(-5.70603578938941,-7.65,2.));
#3259=CARTESIAN_POINT('',(-5.70603578938941,-7.65,1.));
#3260=CARTESIAN_POINT('',(-5.70603578938941,-7.65,1.));
#3261=CARTESIAN_POINT('',(-5.70603578938941,-7.65,2.));
#3262=CARTESIAN_POINT('Origin',(2.74396421061059,-7.89999999999999,2.));
#3263=CARTESIAN_POINT('',(2.74396421061059,-8.89999999999999,1.));
#3264=CARTESIAN_POINT('',(2.74396421061059,-8.89999999999999,2.));
#3265=CARTESIAN_POINT('',(2.74396421061059,-7.89999999999999,1.));
#3266=CARTESIAN_POINT('',(2.74396421061059,-8.89999999999999,1.));
#3267=CARTESIAN_POINT('',(2.74396421061059,-7.89999999999999,2.));
#3268=CARTESIAN_POINT('Origin',(2.49396421061059,-7.89999999999999,2.));
#3269=CARTESIAN_POINT('Origin',(2.49396421061059,-7.89999999999999,1.));
#3270=CARTESIAN_POINT('Origin',(2.49396421061059,-8.89999999999999,2.));
#3271=CARTESIAN_POINT('Origin',(2.49396421061059,-8.89999999999999,1.));
#3272=CARTESIAN_POINT('Origin',(1.24396421061059,-4.14999999999999,2.));
#3273=CARTESIAN_POINT('',(1.24396421061059,-4.14999999999999,1.));
#3274=CARTESIAN_POINT('',(1.24396421061059,-12.65,1.));
#3275=CARTESIAN_POINT('',(1.24396421061059,-4.14999999999999,2.));
#3276=CARTESIAN_POINT('Origin',(1.24396421061059,-4.14999999999999,2.));
#3277=CARTESIAN_POINT('',(1.24396421061059,-12.65,1.));
#3278=CARTESIAN_POINT('',(1.24396421061059,-12.65,2.));
#3279=CARTESIAN_POINT('',(1.24396421061059,-12.65,1.));
#3280=CARTESIAN_POINT('Origin',(-2.1060357893894,-0.799999999999993,2.));
#3281=CARTESIAN_POINT('',(-1.1060357893894,-0.799999999999992,1.));
#3282=CARTESIAN_POINT('',(-1.1060357893894,-0.799999999999992,2.));
#3283=CARTESIAN_POINT('',(-2.1060357893894,-0.799999999999993,1.));
#3284=CARTESIAN_POINT('',(-1.1060357893894,-0.799999999999992,1.));
#3285=CARTESIAN_POINT('',(-2.1060357893894,-0.799999999999993,2.));
#3286=CARTESIAN_POINT('Origin',(-2.1060357893894,-1.04999999999999,2.));
#3287=CARTESIAN_POINT('Origin',(-2.1060357893894,-1.04999999999999,1.));
#3288=CARTESIAN_POINT('Origin',(-1.1060357893894,-1.04999999999999,2.));
#3289=CARTESIAN_POINT('Origin',(-1.1060357893894,-1.04999999999999,1.));
#3290=CARTESIAN_POINT('Origin',(-5.70603578938941,-7.89999999999999,2.));
#3291=CARTESIAN_POINT('',(-5.95603578938941,-7.89999999999999,1.));
#3292=CARTESIAN_POINT('Origin',(-5.70603578938941,-7.89999999999999,1.));
#3293=CARTESIAN_POINT('',(-5.95603578938941,-7.89999999999999,2.));
#3294=CARTESIAN_POINT('Origin',(-5.95603578938941,-8.9,2.));
#3295=CARTESIAN_POINT('',(-5.95603578938941,-8.9,1.));
#3296=CARTESIAN_POINT('',(-5.95603578938941,-8.9,1.));
#3297=CARTESIAN_POINT('',(-5.95603578938941,-8.9,2.));
#3298=CARTESIAN_POINT('Origin',(-5.70603578938941,-8.89999999999999,2.));
#3299=CARTESIAN_POINT('Origin',(-5.70603578938941,-8.89999999999999,1.));
#3300=CARTESIAN_POINT('Origin',(-4.45603578938941,-12.65,2.));
#3301=CARTESIAN_POINT('',(-4.45603578938941,-12.65,1.));
#3302=CARTESIAN_POINT('',(-4.45603578938941,-4.14999999999998,1.));
#3303=CARTESIAN_POINT('',(-4.45603578938941,-12.65,2.));
#3304=CARTESIAN_POINT('Origin',(-4.45603578938941,-12.65,2.));
#3305=CARTESIAN_POINT('',(-4.45603578938941,-4.14999999999998,1.));
#3306=CARTESIAN_POINT('',(-4.45603578938941,-4.14999999999998,2.));
#3307=CARTESIAN_POINT('',(-4.45603578938941,-4.14999999999998,1.));
#3308=CARTESIAN_POINT('Origin',(-2.53444300029687,-7.16746059273549,-1.5));
#3309=CARTESIAN_POINT('',(-2.53444300029687,-7.16746059273549,-1.5));
#3310=CARTESIAN_POINT('',(-2.53444300029686,-5.59263047789403,-1.5));
#3311=CARTESIAN_POINT('',(-2.53444300029687,-7.78373029636774,-1.5));
#3312=CARTESIAN_POINT('',(-2.53444300029687,-7.16746059273549,-1.));
#3313=CARTESIAN_POINT('',(-2.53444300029687,-7.16746059273549,-1.5));
#3314=CARTESIAN_POINT('',(-2.53444300029686,-5.59263047789403,-1.));
#3315=CARTESIAN_POINT('',(-2.53444300029687,-7.16746059273549,-1.));
#3316=CARTESIAN_POINT('',(-2.53444300029686,-5.59263047789403,-1.5));
#3317=CARTESIAN_POINT('Origin',(-0.686894366483006,-5.67322132204841,-1.5));
#3318=CARTESIAN_POINT('',(-0.686894366483006,-5.67322132204841,-1.5));
#3319=CARTESIAN_POINT('',(-1.63135414754811,-6.43707071070498,-1.5));
#3320=CARTESIAN_POINT('',(-0.686894366483006,-5.67322132204841,-1.));
#3321=CARTESIAN_POINT('',(-0.686894366483006,-5.67322132204841,-1.5));
#3322=CARTESIAN_POINT('',(-0.686894366483006,-5.67322132204841,-1.));
#3323=CARTESIAN_POINT('Origin',(-0.114698270301137,-5.67322132204842,-1.5));
#3324=CARTESIAN_POINT('',(-0.114698270301128,-5.67322132204842,-1.5));
#3325=CARTESIAN_POINT('',(-0.860367029845257,-5.67322132204841,-1.5));
#3326=CARTESIAN_POINT('',(-0.114698270301128,-5.67322132204842,-1.));
#3327=CARTESIAN_POINT('',(-0.114698270301128,-5.67322132204842,-1.5));
#3328=CARTESIAN_POINT('',(-0.114698270301137,-5.67322132204842,-1.));
#3329=CARTESIAN_POINT('Origin',(-0.114698270301146,-8.04058221196007,-1.5));
#3330=CARTESIAN_POINT('',(-0.114698270301146,-8.04058221196007,-1.5));
#3331=CARTESIAN_POINT('',(-0.114698270301146,-8.22029110598004,-1.5));
#3332=CARTESIAN_POINT('',(-0.114698270301146,-8.04058221196007,-1.));
#3333=CARTESIAN_POINT('',(-0.114698270301146,-8.04058221196007,-1.5));
#3334=CARTESIAN_POINT('',(-0.114698270301146,-8.04058221196007,-1.));
#3335=CARTESIAN_POINT('Origin',(-0.694953510503096,-8.04058221196006,-1.5));
#3336=CARTESIAN_POINT('',(-0.694953510503096,-8.04058221196006,-1.5));
#3337=CARTESIAN_POINT('',(-1.15049464994625,-8.04058221196005,-1.5));
#3338=CARTESIAN_POINT('',(-0.694953510503096,-8.04058221196006,-1.));
#3339=CARTESIAN_POINT('',(-0.694953510503096,-8.04058221196006,-1.5));
#3340=CARTESIAN_POINT('',(-0.694953510503096,-8.04058221196006,-1.));
#3341=CARTESIAN_POINT('Origin',(-0.694953510503087,-6.61846575354407,-1.5));
#3342=CARTESIAN_POINT('',(-0.694953510503087,-6.61846575354407,-1.5));
#3343=CARTESIAN_POINT('',(-0.694953510503096,-7.50923287677203,-1.5));
#3344=CARTESIAN_POINT('',(-0.694953510503087,-6.61846575354407,-1.));
#3345=CARTESIAN_POINT('',(-0.694953510503087,-6.61846575354407,-1.5));
#3346=CARTESIAN_POINT('',(-0.694953510503087,-6.61846575354407,-1.));
#3347=CARTESIAN_POINT('Origin',(-2.55257622335367,-8.11311421011754,-1.5));
#3348=CARTESIAN_POINT('',(-2.55257622335367,-8.11311421011755,-1.5));
#3349=CARTESIAN_POINT('',(-2.33534982392837,-7.93833323851228,-1.5));
#3350=CARTESIAN_POINT('',(-2.55257622335367,-8.11311421011755,-1.));
#3351=CARTESIAN_POINT('',(-2.55257622335367,-8.11311421011755,-1.5));
#3352=CARTESIAN_POINT('',(-2.55257622335367,-8.11311421011754,-1.));
#3353=CARTESIAN_POINT('Origin',(-3.11469838951044,-8.11311421011754,-1.5));
#3354=CARTESIAN_POINT('',(-3.11469838951044,-8.11311421011754,-1.5));
#3355=CARTESIAN_POINT('',(-2.36036708944992,-8.11311421011755,-1.5));
#3356=CARTESIAN_POINT('',(-3.11469838951044,-8.11311421011754,-1.));
#3357=CARTESIAN_POINT('',(-3.11469838951044,-8.11311421011754,-1.5));
#3358=CARTESIAN_POINT('',(-3.11469838951044,-8.11311421011754,-1.));
#3359=CARTESIAN_POINT('Origin',(-3.11469838951042,-5.59263047789403,-1.5));
#3360=CARTESIAN_POINT('',(-3.11469838951042,-5.59263047789403,-1.5));
#3361=CARTESIAN_POINT('',(-3.11469838951044,-6.996315238947,-1.5));
#3362=CARTESIAN_POINT('',(-3.11469838951042,-5.59263047789403,-1.));
#3363=CARTESIAN_POINT('',(-3.11469838951042,-5.59263047789403,-1.5));
#3364=CARTESIAN_POINT('',(-3.11469838951042,-5.59263047789403,-1.));
#3365=CARTESIAN_POINT('Origin',(-2.53444300029686,-5.59263047789403,-1.5));
#3366=CARTESIAN_POINT('',(-2.07023939484312,-5.59263047789404,-1.5));
#3367=CARTESIAN_POINT('',(-2.53444300029686,-5.59263047789403,-1.));
#3368=CARTESIAN_POINT('Origin',(-1.6146983299058,-8.36596843813727,-1.));
#3369=CARTESIAN_POINT('Ctrl Pts',(-1.3739326689046,-9.6121069512255,-1.5));
#3370=CARTESIAN_POINT('Ctrl Pts',(-1.3739326689046,-9.6121069512255,-1.));
#3371=CARTESIAN_POINT('Ctrl Pts',(-1.35325186961605,-9.58739638616969,-1.5));
#3372=CARTESIAN_POINT('Ctrl Pts',(-1.35325186961605,-9.58739638616969,-1.));
#3373=CARTESIAN_POINT('Ctrl Pts',(-1.31383805838351,-9.54030258031768,-1.5));
#3374=CARTESIAN_POINT('Ctrl Pts',(-1.31383805838351,-9.54030258031768,-1.));
#3375=CARTESIAN_POINT('Ctrl Pts',(-1.26102309840257,-9.50908165241811,-1.5));
#3376=CARTESIAN_POINT('Ctrl Pts',(-1.26102309840257,-9.50908165241811,-1.));
#3377=CARTESIAN_POINT('Ctrl Pts',(-1.23592064712458,-9.49424264048408,-1.5));
#3378=CARTESIAN_POINT('Ctrl Pts',(-1.23592064712458,-9.49424264048408,-1.));
#3379=CARTESIAN_POINT('',(-1.3739326689046,-9.6121069512255,-1.5));
#3380=CARTESIAN_POINT('',(-1.23592064712458,-9.49424264048408,-1.5));
#3381=CARTESIAN_POINT('Ctrl Pts',(-1.3739326689046,-9.6121069512255,-1.5));
#3382=CARTESIAN_POINT('Ctrl Pts',(-1.35325186961605,-9.58739638616969,-1.5));
#3383=CARTESIAN_POINT('Ctrl Pts',(-1.31383805838351,-9.54030258031768,-1.5));
#3384=CARTESIAN_POINT('Ctrl Pts',(-1.26102309840257,-9.50908165241811,-1.5));
#3385=CARTESIAN_POINT('Ctrl Pts',(-1.23592064712458,-9.49424264048408,-1.5));
#3386=CARTESIAN_POINT('',(-1.3739326689046,-9.6121069512255,-1.));
#3387=CARTESIAN_POINT('',(-1.3739326689046,-9.6121069512255,-1.5));
#3388=CARTESIAN_POINT('',(-1.23592064712458,-9.49424264048408,-1.));
#3389=CARTESIAN_POINT('Ctrl Pts',(-1.3739326689046,-9.6121069512255,-1.));
#3390=CARTESIAN_POINT('Ctrl Pts',(-1.35325186961605,-9.58739638616969,-1.));
#3391=CARTESIAN_POINT('Ctrl Pts',(-1.31383805838351,-9.54030258031768,-1.));
#3392=CARTESIAN_POINT('Ctrl Pts',(-1.26102309840257,-9.50908165241811,-1.));
#3393=CARTESIAN_POINT('Ctrl Pts',(-1.23592064712458,-9.49424264048408,-1.));
#3394=CARTESIAN_POINT('',(-1.23592064712458,-9.49424264048408,-1.5));
#3395=CARTESIAN_POINT('Ctrl Pts',(-1.45653844807559,-9.8216436526663,-1.5));
#3396=CARTESIAN_POINT('Ctrl Pts',(-1.45653844807559,-9.8216436526663,-1.));
#3397=CARTESIAN_POINT('Ctrl Pts',(-1.44908116376991,-9.78238123973886,-1.5));
#3398=CARTESIAN_POINT('Ctrl Pts',(-1.44908116376991,-9.78238123973886,-1.));
#3399=CARTESIAN_POINT('Ctrl Pts',(-1.43480543225589,-9.70721987501554,-1.5));
#3400=CARTESIAN_POINT('Ctrl Pts',(-1.43480543225589,-9.70721987501554,-1.));
#3401=CARTESIAN_POINT('Ctrl Pts',(-1.39360907957692,-9.64285109434805,-1.5));
#3402=CARTESIAN_POINT('Ctrl Pts',(-1.39360907957692,-9.64285109434805,-1.));
#3403=CARTESIAN_POINT('Ctrl Pts',(-1.3739326689046,-9.6121069512255,-1.5));
#3404=CARTESIAN_POINT('Ctrl Pts',(-1.3739326689046,-9.6121069512255,-1.));
#3405=CARTESIAN_POINT('',(-1.45653844807559,-9.8216436526663,-1.5));
#3406=CARTESIAN_POINT('Ctrl Pts',(-1.45653844807559,-9.8216436526663,-1.5));
#3407=CARTESIAN_POINT('Ctrl Pts',(-1.44908116376991,-9.78238123973886,-1.5));
#3408=CARTESIAN_POINT('Ctrl Pts',(-1.43480543225589,-9.70721987501554,-1.5));
#3409=CARTESIAN_POINT('Ctrl Pts',(-1.39360907957692,-9.64285109434805,-1.5));
#3410=CARTESIAN_POINT('Ctrl Pts',(-1.3739326689046,-9.6121069512255,-1.5));
#3411=CARTESIAN_POINT('',(-1.45653844807559,-9.8216436526663,-1.));
#3412=CARTESIAN_POINT('',(-1.45653844807559,-9.8216436526663,-1.5));
#3413=CARTESIAN_POINT('Ctrl Pts',(-1.45653844807559,-9.8216436526663,-1.));
#3414=CARTESIAN_POINT('Ctrl Pts',(-1.44908116376991,-9.78238123973886,-1.));
#3415=CARTESIAN_POINT('Ctrl Pts',(-1.43480543225589,-9.70721987501554,-1.));
#3416=CARTESIAN_POINT('Ctrl Pts',(-1.39360907957692,-9.64285109434805,-1.));
#3417=CARTESIAN_POINT('Ctrl Pts',(-1.3739326689046,-9.6121069512255,-1.));
#3418=CARTESIAN_POINT('Ctrl Pts',(-1.47467152212077,-10.1319189093001,-1.5));
#3419=CARTESIAN_POINT('Ctrl Pts',(-1.47467152212077,-10.1319189093001,-1.));
#3420=CARTESIAN_POINT('Ctrl Pts',(-1.47424932951189,-10.0751021347525,-1.5));
#3421=CARTESIAN_POINT('Ctrl Pts',(-1.47424932951189,-10.0751021347525,-1.));
#3422=CARTESIAN_POINT('Ctrl Pts',(-1.47347837946784,-9.97135115967937,-1.5));
#3423=CARTESIAN_POINT('Ctrl Pts',(-1.47347837946784,-9.97135115967937,-1.));
#3424=CARTESIAN_POINT('Ctrl Pts',(-1.46181476098225,-9.86827333688324,-1.5));
#3425=CARTESIAN_POINT('Ctrl Pts',(-1.46181476098225,-9.86827333688324,-1.));
#3426=CARTESIAN_POINT('Ctrl Pts',(-1.45653844807559,-9.8216436526663,-1.5));
#3427=CARTESIAN_POINT('Ctrl Pts',(-1.45653844807559,-9.8216436526663,-1.));
#3428=CARTESIAN_POINT('',(-1.47467152212077,-10.1319189093001,-1.5));
#3429=CARTESIAN_POINT('Ctrl Pts',(-1.47467152212077,-10.1319189093001,-1.5));
#3430=CARTESIAN_POINT('Ctrl Pts',(-1.47424932951189,-10.0751021347525,-1.5));
#3431=CARTESIAN_POINT('Ctrl Pts',(-1.47347837946784,-9.97135115967937,-1.5));
#3432=CARTESIAN_POINT('Ctrl Pts',(-1.46181476098225,-9.86827333688324,-1.5));
#3433=CARTESIAN_POINT('Ctrl Pts',(-1.45653844807559,-9.8216436526663,-1.5));
#3434=CARTESIAN_POINT('',(-1.47467152212077,-10.1319189093001,-1.));
#3435=CARTESIAN_POINT('',(-1.47467152212077,-10.1319189093001,-1.5));
#3436=CARTESIAN_POINT('Ctrl Pts',(-1.47467152212077,-10.1319189093001,-1.));
#3437=CARTESIAN_POINT('Ctrl Pts',(-1.47424932951189,-10.0751021347525,-1.));
#3438=CARTESIAN_POINT('Ctrl Pts',(-1.47347837946784,-9.97135115967937,-1.));
#3439=CARTESIAN_POINT('Ctrl Pts',(-1.46181476098225,-9.86827333688324,-1.));
#3440=CARTESIAN_POINT('Ctrl Pts',(-1.45653844807559,-9.8216436526663,-1.));
#3441=CARTESIAN_POINT('Origin',(-1.47467152212077,-10.3696623912937,-1.5));
#3442=CARTESIAN_POINT('',(-1.47467152212077,-10.3696623912937,-1.5));
#3443=CARTESIAN_POINT('',(-1.47467152212078,-9.38483119564686,-1.5));
#3444=CARTESIAN_POINT('',(-1.47467152212077,-10.3696623912937,-1.));
#3445=CARTESIAN_POINT('',(-1.47467152212077,-10.3696623912937,-1.5));
#3446=CARTESIAN_POINT('',(-1.47467152212077,-10.3696623912937,-1.));
#3447=CARTESIAN_POINT('Origin',(-0.666746655444443,-10.3696623912937,-1.5));
#3448=CARTESIAN_POINT('',(-0.666746655444443,-10.3696623912937,-1.5));
#3449=CARTESIAN_POINT('',(-1.13639122241694,-10.3696623912937,-1.5));
#3450=CARTESIAN_POINT('',(-0.666746655444443,-10.3696623912937,-1.));
#3451=CARTESIAN_POINT('',(-0.666746655444443,-10.3696623912937,-1.5));
#3452=CARTESIAN_POINT('',(-0.666746655444443,-10.3696623912937,-1.));
#3453=CARTESIAN_POINT('Origin',(-0.666746655444443,-10.0896087012179,-1.5));
#3454=CARTESIAN_POINT('',(-0.666746655444443,-10.0896087012179,-1.5));
#3455=CARTESIAN_POINT('',(-0.666746655444452,-9.24480435060893,-1.5));
#3456=CARTESIAN_POINT('',(-0.666746655444443,-10.0896087012179,-1.));
#3457=CARTESIAN_POINT('',(-0.666746655444443,-10.0896087012179,-1.5));
#3458=CARTESIAN_POINT('',(-0.666746655444443,-10.0896087012179,-1.));
#3459=CARTESIAN_POINT('Ctrl Pts',(-0.673798331956208,-9.84582093571494,
-1.5));
#3460=CARTESIAN_POINT('Ctrl Pts',(-0.673798331956208,-9.84582093571494,
-1.));
#3461=CARTESIAN_POINT('Ctrl Pts',(-0.671744212185796,-9.88358920350656,
-1.5));
#3462=CARTESIAN_POINT('Ctrl Pts',(-0.671744212185796,-9.88358920350656,
-1.));
#3463=CARTESIAN_POINT('Ctrl Pts',(-0.667327926900869,-9.96478965135205,
-1.5));
#3464=CARTESIAN_POINT('Ctrl Pts',(-0.667327926900869,-9.96478965135205,
-1.));
#3465=CARTESIAN_POINT('Ctrl Pts',(-0.66694921786314,-10.0461115565352,-1.5));
#3466=CARTESIAN_POINT('Ctrl Pts',(-0.66694921786314,-10.0461115565352,-1.));
#3467=CARTESIAN_POINT('Ctrl Pts',(-0.666746655444443,-10.0896087012179,
-1.5));
#3468=CARTESIAN_POINT('Ctrl Pts',(-0.666746655444443,-10.0896087012179,
-1.));
#3469=CARTESIAN_POINT('',(-0.673798331956208,-9.84582093571494,-1.5));
#3470=CARTESIAN_POINT('Ctrl Pts',(-0.673798331956208,-9.84582093571494,
-1.5));
#3471=CARTESIAN_POINT('Ctrl Pts',(-0.671744212185796,-9.88358920350656,
-1.5));
#3472=CARTESIAN_POINT('Ctrl Pts',(-0.667327926900869,-9.96478965135205,
-1.5));
#3473=CARTESIAN_POINT('Ctrl Pts',(-0.66694921786314,-10.0461115565352,-1.5));
#3474=CARTESIAN_POINT('Ctrl Pts',(-0.666746655444443,-10.0896087012179,
-1.5));
#3475=CARTESIAN_POINT('',(-0.673798331956208,-9.84582093571494,-1.));
#3476=CARTESIAN_POINT('',(-0.673798331956208,-9.84582093571494,-1.5));
#3477=CARTESIAN_POINT('Ctrl Pts',(-0.673798331956208,-9.84582093571494,
-1.));
#3478=CARTESIAN_POINT('Ctrl Pts',(-0.671744212185796,-9.88358920350656,
-1.));
#3479=CARTESIAN_POINT('Ctrl Pts',(-0.667327926900869,-9.96478965135205,
-1.));
#3480=CARTESIAN_POINT('Ctrl Pts',(-0.66694921786314,-10.0461115565352,-1.));
#3481=CARTESIAN_POINT('Ctrl Pts',(-0.666746655444443,-10.0896087012179,
-1.));
#3482=CARTESIAN_POINT('Ctrl Pts',(-0.713086435536683,-9.66247630332778,
-1.5));
#3483=CARTESIAN_POINT('Ctrl Pts',(-0.713086435536683,-9.66247630332778,
-1.));
#3484=CARTESIAN_POINT('Ctrl Pts',(-0.703339261177627,-9.69061024064705,
-1.5));
#3485=CARTESIAN_POINT('Ctrl Pts',(-0.703339261177627,-9.69061024064705,
-1.));
#3486=CARTESIAN_POINT('Ctrl Pts',(-0.682734878236353,-9.75008208313375,
-1.5));
#3487=CARTESIAN_POINT('Ctrl Pts',(-0.682734878236353,-9.75008208313375,
-1.));
#3488=CARTESIAN_POINT('Ctrl Pts',(-0.676882281059541,-9.81278202568014,
-1.5));
#3489=CARTESIAN_POINT('Ctrl Pts',(-0.676882281059541,-9.81278202568014,
-1.));
#3490=CARTESIAN_POINT('Ctrl Pts',(-0.673798331956208,-9.84582093571494,
-1.5));
#3491=CARTESIAN_POINT('Ctrl Pts',(-0.673798331956208,-9.84582093571494,
-1.));
#3492=CARTESIAN_POINT('',(-0.713086435536683,-9.66247630332778,-1.5));
#3493=CARTESIAN_POINT('Ctrl Pts',(-0.713086435536683,-9.66247630332778,
-1.5));
#3494=CARTESIAN_POINT('Ctrl Pts',(-0.703339261177627,-9.69061024064705,
-1.5));
#3495=CARTESIAN_POINT('Ctrl Pts',(-0.682734878236353,-9.75008208313375,
-1.5));
#3496=CARTESIAN_POINT('Ctrl Pts',(-0.676882281059541,-9.81278202568014,
-1.5));
#3497=CARTESIAN_POINT('Ctrl Pts',(-0.673798331956208,-9.84582093571494,
-1.5));
#3498=CARTESIAN_POINT('',(-0.713086435536683,-9.66247630332778,-1.));
#3499=CARTESIAN_POINT('',(-0.713086435536683,-9.66247630332778,-1.5));
#3500=CARTESIAN_POINT('Ctrl Pts',(-0.713086435536683,-9.66247630332778,
-1.));
#3501=CARTESIAN_POINT('Ctrl Pts',(-0.703339261177627,-9.69061024064705,
-1.));
#3502=CARTESIAN_POINT('Ctrl Pts',(-0.682734878236353,-9.75008208313375,
-1.));
#3503=CARTESIAN_POINT('Ctrl Pts',(-0.676882281059541,-9.81278202568014,
-1.));
#3504=CARTESIAN_POINT('Ctrl Pts',(-0.673798331956208,-9.84582093571494,
-1.));
#3505=CARTESIAN_POINT('Ctrl Pts',(-0.840017357806495,-9.50330910300086,
-1.5));
#3506=CARTESIAN_POINT('Ctrl Pts',(-0.840017357806495,-9.50330910300086,
-1.));
#3507=CARTESIAN_POINT('Ctrl Pts',(-0.814107104353914,-9.52274175644132,
-1.5));
#3508=CARTESIAN_POINT('Ctrl Pts',(-0.814107104353914,-9.52274175644132,
-1.));
#3509=CARTESIAN_POINT('Ctrl Pts',(-0.758196469596646,-9.56467465342602,
-1.5));
#3510=CARTESIAN_POINT('Ctrl Pts',(-0.758196469596646,-9.56467465342602,
-1.));
#3511=CARTESIAN_POINT('Ctrl Pts',(-0.728838993060741,-9.62832367746238,
-1.5));
#3512=CARTESIAN_POINT('Ctrl Pts',(-0.728838993060741,-9.62832367746238,
-1.));
#3513=CARTESIAN_POINT('Ctrl Pts',(-0.713086435536683,-9.66247630332778,
-1.5));
#3514=CARTESIAN_POINT('Ctrl Pts',(-0.713086435536683,-9.66247630332778,
-1.));
#3515=CARTESIAN_POINT('',(-0.840017357806495,-9.50330910300086,-1.5));
#3516=CARTESIAN_POINT('Ctrl Pts',(-0.840017357806495,-9.50330910300086,
-1.5));
#3517=CARTESIAN_POINT('Ctrl Pts',(-0.814107104353914,-9.52274175644132,
-1.5));
#3518=CARTESIAN_POINT('Ctrl Pts',(-0.758196469596646,-9.56467465342602,
-1.5));
#3519=CARTESIAN_POINT('Ctrl Pts',(-0.728838993060741,-9.62832367746238,
-1.5));
#3520=CARTESIAN_POINT('Ctrl Pts',(-0.713086435536683,-9.66247630332778,
-1.5));
#3521=CARTESIAN_POINT('',(-0.840017357806495,-9.50330910300086,-1.));
#3522=CARTESIAN_POINT('',(-0.840017357806495,-9.50330910300086,-1.5));
#3523=CARTESIAN_POINT('Ctrl Pts',(-0.840017357806495,-9.50330910300086,
-1.));
#3524=CARTESIAN_POINT('Ctrl Pts',(-0.814107104353914,-9.52274175644132,
-1.));
#3525=CARTESIAN_POINT('Ctrl Pts',(-0.758196469596646,-9.56467465342602,
-1.));
#3526=CARTESIAN_POINT('Ctrl Pts',(-0.728838993060741,-9.62832367746238,
-1.));
#3527=CARTESIAN_POINT('Ctrl Pts',(-0.713086435536683,-9.66247630332778,
-1.));
#3528=CARTESIAN_POINT('Ctrl Pts',(-1.03343577120715,-9.45696932290862,-1.5));
#3529=CARTESIAN_POINT('Ctrl Pts',(-1.03343577120715,-9.45696932290862,-1.));
#3530=CARTESIAN_POINT('Ctrl Pts',(-0.997932087893902,-9.45847647441409,
-1.5));
#3531=CARTESIAN_POINT('Ctrl Pts',(-0.997932087893902,-9.45847647441409,
-1.));
#3532=CARTESIAN_POINT('Ctrl Pts',(-0.930356175239631,-9.46134511025652,
-1.5));
#3533=CARTESIAN_POINT('Ctrl Pts',(-0.930356175239631,-9.46134511025652,
-1.));
#3534=CARTESIAN_POINT('Ctrl Pts',(-0.869093336676725,-9.48980279197075,
-1.5));
#3535=CARTESIAN_POINT('Ctrl Pts',(-0.869093336676725,-9.48980279197075,
-1.));
#3536=CARTESIAN_POINT('Ctrl Pts',(-0.840017357806495,-9.50330910300086,
-1.5));
#3537=CARTESIAN_POINT('Ctrl Pts',(-0.840017357806495,-9.50330910300086,
-1.));
#3538=CARTESIAN_POINT('',(-1.03343577120715,-9.45696932290862,-1.5));
#3539=CARTESIAN_POINT('Ctrl Pts',(-1.03343577120715,-9.45696932290862,-1.5));
#3540=CARTESIAN_POINT('Ctrl Pts',(-0.997932087893902,-9.45847647441409,
-1.5));
#3541=CARTESIAN_POINT('Ctrl Pts',(-0.930356175239631,-9.46134511025652,
-1.5));
#3542=CARTESIAN_POINT('Ctrl Pts',(-0.869093336676725,-9.48980279197075,
-1.5));
#3543=CARTESIAN_POINT('Ctrl Pts',(-0.840017357806495,-9.50330910300086,
-1.5));
#3544=CARTESIAN_POINT('',(-1.03343577120715,-9.45696932290862,-1.));
#3545=CARTESIAN_POINT('',(-1.03343577120715,-9.45696932290862,-1.5));
#3546=CARTESIAN_POINT('Ctrl Pts',(-1.03343577120715,-9.45696932290862,-1.));
#3547=CARTESIAN_POINT('Ctrl Pts',(-0.997932087893902,-9.45847647441409,
-1.));
#3548=CARTESIAN_POINT('Ctrl Pts',(-0.930356175239631,-9.46134511025652,
-1.));
#3549=CARTESIAN_POINT('Ctrl Pts',(-0.869093336676725,-9.48980279197075,
-1.));
#3550=CARTESIAN_POINT('Ctrl Pts',(-0.840017357806495,-9.50330910300086,
-1.));
#3551=CARTESIAN_POINT('Ctrl Pts',(-1.23592064712458,-9.49424264048408,-1.5));
#3552=CARTESIAN_POINT('Ctrl Pts',(-1.23592064712458,-9.49424264048408,-1.));
#3553=CARTESIAN_POINT('Ctrl Pts',(-1.20675346678147,-9.483402228661,-1.5));
#3554=CARTESIAN_POINT('Ctrl Pts',(-1.20675346678147,-9.483402228661,-1.));
#3555=CARTESIAN_POINT('Ctrl Pts',(-1.14157552772026,-9.45917788839597,-1.5));
#3556=CARTESIAN_POINT('Ctrl Pts',(-1.14157552772026,-9.45917788839597,-1.));
#3557=CARTESIAN_POINT('Ctrl Pts',(-1.0719202538133,-9.45775530119101,-1.5));
#3558=CARTESIAN_POINT('Ctrl Pts',(-1.0719202538133,-9.45775530119101,-1.));
#3559=CARTESIAN_POINT('Ctrl Pts',(-1.03343577120715,-9.45696932290862,-1.5));
#3560=CARTESIAN_POINT('Ctrl Pts',(-1.03343577120715,-9.45696932290862,-1.));
#3561=CARTESIAN_POINT('Ctrl Pts',(-1.23592064712458,-9.49424264048408,-1.5));
#3562=CARTESIAN_POINT('Ctrl Pts',(-1.20675346678147,-9.483402228661,-1.5));
#3563=CARTESIAN_POINT('Ctrl Pts',(-1.14157552772026,-9.45917788839597,-1.5));
#3564=CARTESIAN_POINT('Ctrl Pts',(-1.0719202538133,-9.45775530119101,-1.5));
#3565=CARTESIAN_POINT('Ctrl Pts',(-1.03343577120715,-9.45696932290862,-1.5));
#3566=CARTESIAN_POINT('Ctrl Pts',(-1.23592064712458,-9.49424264048408,-1.));
#3567=CARTESIAN_POINT('Ctrl Pts',(-1.20675346678147,-9.483402228661,-1.));
#3568=CARTESIAN_POINT('Ctrl Pts',(-1.14157552772026,-9.45917788839597,-1.));
#3569=CARTESIAN_POINT('Ctrl Pts',(-1.0719202538133,-9.45775530119101,-1.));
#3570=CARTESIAN_POINT('Ctrl Pts',(-1.03343577120715,-9.45696932290862,-1.));
#3571=CARTESIAN_POINT('Ctrl Pts',(-1.48071573112421,-8.81123391007254,-1.5));
#3572=CARTESIAN_POINT('Ctrl Pts',(-1.48071573112421,-8.81123391007254,-1.));
#3573=CARTESIAN_POINT('Ctrl Pts',(-1.54870033135508,-8.87038653424463,-1.5));
#3574=CARTESIAN_POINT('Ctrl Pts',(-1.54870033135508,-8.87038653424463,-1.));
#3575=CARTESIAN_POINT('Ctrl Pts',(-1.69218348966,-8.9952295914872,-1.5));
#3576=CARTESIAN_POINT('Ctrl Pts',(-1.69218348966,-8.9952295914872,-1.));
#3577=CARTESIAN_POINT('Ctrl Pts',(-1.78200770038759,-9.16312070579071,-1.5));
#3578=CARTESIAN_POINT('Ctrl Pts',(-1.78200770038759,-9.16312070579071,-1.));
#3579=CARTESIAN_POINT('Ctrl Pts',(-1.82927177284174,-9.25146234248945,-1.5));
#3580=CARTESIAN_POINT('Ctrl Pts',(-1.82927177284174,-9.25146234248945,-1.));
#3581=CARTESIAN_POINT('',(-1.48071573112421,-8.81123391007254,-1.5));
#3582=CARTESIAN_POINT('',(-1.82927177284174,-9.25146234248945,-1.5));
#3583=CARTESIAN_POINT('Ctrl Pts',(-1.48071573112421,-8.81123391007254,-1.5));
#3584=CARTESIAN_POINT('Ctrl Pts',(-1.54870033135508,-8.87038653424463,-1.5));
#3585=CARTESIAN_POINT('Ctrl Pts',(-1.69218348966,-8.9952295914872,-1.5));
#3586=CARTESIAN_POINT('Ctrl Pts',(-1.78200770038759,-9.16312070579071,-1.5));
#3587=CARTESIAN_POINT('Ctrl Pts',(-1.82927177284174,-9.25146234248945,-1.5));
#3588=CARTESIAN_POINT('',(-1.48071573112421,-8.81123391007254,-1.));
#3589=CARTESIAN_POINT('',(-1.48071573112421,-8.81123391007254,-1.5));
#3590=CARTESIAN_POINT('',(-1.82927177284174,-9.25146234248945,-1.));
#3591=CARTESIAN_POINT('Ctrl Pts',(-1.48071573112421,-8.81123391007254,-1.));
#3592=CARTESIAN_POINT('Ctrl Pts',(-1.54870033135508,-8.87038653424463,-1.));
#3593=CARTESIAN_POINT('Ctrl Pts',(-1.69218348966,-8.9952295914872,-1.));
#3594=CARTESIAN_POINT('Ctrl Pts',(-1.78200770038759,-9.16312070579071,-1.));
#3595=CARTESIAN_POINT('Ctrl Pts',(-1.82927177284174,-9.25146234248945,-1.));
#3596=CARTESIAN_POINT('',(-1.82927177284174,-9.25146234248945,-1.5));
#3597=CARTESIAN_POINT('Ctrl Pts',(-0.938741276006034,-8.65710374926398,
-1.5));
#3598=CARTESIAN_POINT('Ctrl Pts',(-0.938741276006034,-8.65710374926398,
-1.));
#3599=CARTESIAN_POINT('Ctrl Pts',(-1.04176549956692,-8.66165804224873,-1.5));
#3600=CARTESIAN_POINT('Ctrl Pts',(-1.04176549956692,-8.66165804224873,-1.));
#3601=CARTESIAN_POINT('Ctrl Pts',(-1.23509902820296,-8.67020455201846,-1.5));
#3602=CARTESIAN_POINT('Ctrl Pts',(-1.23509902820296,-8.67020455201846,-1.));
#3603=CARTESIAN_POINT('Ctrl Pts',(-1.40251360112345,-8.76633144187189,-1.5));
#3604=CARTESIAN_POINT('Ctrl Pts',(-1.40251360112345,-8.76633144187189,-1.));
#3605=CARTESIAN_POINT('Ctrl Pts',(-1.48071573112421,-8.81123391007254,-1.5));
#3606=CARTESIAN_POINT('Ctrl Pts',(-1.48071573112421,-8.81123391007254,-1.));
#3607=CARTESIAN_POINT('',(-0.938741276006034,-8.65710374926398,-1.5));
#3608=CARTESIAN_POINT('Ctrl Pts',(-0.938741276006034,-8.65710374926398,
-1.5));
#3609=CARTESIAN_POINT('Ctrl Pts',(-1.04176549956692,-8.66165804224873,-1.5));
#3610=CARTESIAN_POINT('Ctrl Pts',(-1.23509902820296,-8.67020455201846,-1.5));
#3611=CARTESIAN_POINT('Ctrl Pts',(-1.40251360112345,-8.76633144187189,-1.5));
#3612=CARTESIAN_POINT('Ctrl Pts',(-1.48071573112421,-8.81123391007254,-1.5));
#3613=CARTESIAN_POINT('',(-0.938741276006034,-8.65710374926398,-1.));
#3614=CARTESIAN_POINT('',(-0.938741276006034,-8.65710374926398,-1.5));
#3615=CARTESIAN_POINT('Ctrl Pts',(-0.938741276006034,-8.65710374926398,
-1.));
#3616=CARTESIAN_POINT('Ctrl Pts',(-1.04176549956692,-8.66165804224873,-1.));
#3617=CARTESIAN_POINT('Ctrl Pts',(-1.23509902820296,-8.67020455201846,-1.));
#3618=CARTESIAN_POINT('Ctrl Pts',(-1.40251360112345,-8.76633144187189,-1.));
#3619=CARTESIAN_POINT('Ctrl Pts',(-1.48071573112421,-8.81123391007254,-1.));
#3620=CARTESIAN_POINT('Ctrl Pts',(-0.536793628672889,-8.75683483694861,
-1.5));
#3621=CARTESIAN_POINT('Ctrl Pts',(-0.536793628672889,-8.75683483694861,
-1.));
#3622=CARTESIAN_POINT('Ctrl Pts',(-0.59592177766894,-8.72777982132518,-1.5));
#3623=CARTESIAN_POINT('Ctrl Pts',(-0.59592177766894,-8.72777982132518,-1.));
#3624=CARTESIAN_POINT('Ctrl Pts',(-0.72244291626494,-8.66560852523323,-1.5));
#3625=CARTESIAN_POINT('Ctrl Pts',(-0.72244291626494,-8.66560852523323,-1.));
#3626=CARTESIAN_POINT('Ctrl Pts',(-0.863568862092041,-8.66005950232736,
-1.5));
#3627=CARTESIAN_POINT('Ctrl Pts',(-0.863568862092041,-8.66005950232736,
-1.));
#3628=CARTESIAN_POINT('Ctrl Pts',(-0.938741276006034,-8.65710374926398,
-1.5));
#3629=CARTESIAN_POINT('Ctrl Pts',(-0.938741276006034,-8.65710374926398,
-1.));
#3630=CARTESIAN_POINT('',(-0.536793628672889,-8.75683483694861,-1.5));
#3631=CARTESIAN_POINT('Ctrl Pts',(-0.536793628672889,-8.75683483694861,
-1.5));
#3632=CARTESIAN_POINT('Ctrl Pts',(-0.59592177766894,-8.72777982132518,-1.5));
#3633=CARTESIAN_POINT('Ctrl Pts',(-0.72244291626494,-8.66560852523323,-1.5));
#3634=CARTESIAN_POINT('Ctrl Pts',(-0.863568862092041,-8.66005950232736,
-1.5));
#3635=CARTESIAN_POINT('Ctrl Pts',(-0.938741276006034,-8.65710374926398,
-1.5));
#3636=CARTESIAN_POINT('',(-0.536793628672889,-8.75683483694861,-1.));
#3637=CARTESIAN_POINT('',(-0.536793628672889,-8.75683483694861,-1.5));
#3638=CARTESIAN_POINT('Ctrl Pts',(-0.536793628672889,-8.75683483694861,
-1.));
#3639=CARTESIAN_POINT('Ctrl Pts',(-0.59592177766894,-8.72777982132518,-1.));
#3640=CARTESIAN_POINT('Ctrl Pts',(-0.72244291626494,-8.66560852523323,-1.));
#3641=CARTESIAN_POINT('Ctrl Pts',(-0.863568862092041,-8.66005950232736,
-1.));
#3642=CARTESIAN_POINT('Ctrl Pts',(-0.938741276006034,-8.65710374926398,
-1.));
#3643=CARTESIAN_POINT('Ctrl Pts',(-0.275880256633094,-9.02580750202011,
-1.5));
#3644=CARTESIAN_POINT('Ctrl Pts',(-0.275880256633094,-9.02580750202011,
-1.));
#3645=CARTESIAN_POINT('Ctrl Pts',(-0.311631500705234,-8.97248088792232,
-1.5));
#3646=CARTESIAN_POINT('Ctrl Pts',(-0.311631500705234,-8.97248088792232,
-1.));
#3647=CARTESIAN_POINT('Ctrl Pts',(-0.382342823773678,-8.86700776284713,
-1.5));
#3648=CARTESIAN_POINT('Ctrl Pts',(-0.382342823773678,-8.86700776284713,
-1.));
#3649=CARTESIAN_POINT('Ctrl Pts',(-0.485695486367463,-8.79328418953983,
-1.5));
#3650=CARTESIAN_POINT('Ctrl Pts',(-0.485695486367463,-8.79328418953983,
-1.));
#3651=CARTESIAN_POINT('Ctrl Pts',(-0.536793628672889,-8.75683483694861,
-1.5));
#3652=CARTESIAN_POINT('Ctrl Pts',(-0.536793628672889,-8.75683483694861,
-1.));
#3653=CARTESIAN_POINT('',(-0.275880256633094,-9.02580750202011,-1.5));
#3654=CARTESIAN_POINT('Ctrl Pts',(-0.275880256633094,-9.02580750202011,
-1.5));
#3655=CARTESIAN_POINT('Ctrl Pts',(-0.311631500705234,-8.97248088792232,
-1.5));
#3656=CARTESIAN_POINT('Ctrl Pts',(-0.382342823773678,-8.86700776284713,
-1.5));
#3657=CARTESIAN_POINT('Ctrl Pts',(-0.485695486367463,-8.79328418953983,
-1.5));
#3658=CARTESIAN_POINT('Ctrl Pts',(-0.536793628672889,-8.75683483694861,
-1.5));
#3659=CARTESIAN_POINT('',(-0.275880256633094,-9.02580750202011,-1.));
#3660=CARTESIAN_POINT('',(-0.275880256633094,-9.02580750202011,-1.5));
#3661=CARTESIAN_POINT('Ctrl Pts',(-0.275880256633094,-9.02580750202011,
-1.));
#3662=CARTESIAN_POINT('Ctrl Pts',(-0.311631500705234,-8.97248088792232,
-1.));
#3663=CARTESIAN_POINT('Ctrl Pts',(-0.382342823773678,-8.86700776284713,
-1.));
#3664=CARTESIAN_POINT('Ctrl Pts',(-0.485695486367463,-8.79328418953983,
-1.));
#3665=CARTESIAN_POINT('Ctrl Pts',(-0.536793628672889,-8.75683483694861,
-1.));
#3666=CARTESIAN_POINT('Ctrl Pts',(-0.144919911364845,-9.38443747376274,
-1.5));
#3667=CARTESIAN_POINT('Ctrl Pts',(-0.144919911364845,-9.38443747376274,
-1.));
#3668=CARTESIAN_POINT('Ctrl Pts',(-0.157964092895542,-9.3215904434301,-1.5));
#3669=CARTESIAN_POINT('Ctrl Pts',(-0.157964092895542,-9.3215904434301,-1.));
#3670=CARTESIAN_POINT('Ctrl Pts',(-0.184102572520342,-9.19565492053323,
-1.5));
#3671=CARTESIAN_POINT('Ctrl Pts',(-0.184102572520342,-9.19565492053323,
-1.));
#3672=CARTESIAN_POINT('Ctrl Pts',(-0.245248615846156,-9.08249563010679,
-1.5));
#3673=CARTESIAN_POINT('Ctrl Pts',(-0.245248615846156,-9.08249563010679,
-1.));
#3674=CARTESIAN_POINT('Ctrl Pts',(-0.275880256633094,-9.02580750202011,
-1.5));
#3675=CARTESIAN_POINT('Ctrl Pts',(-0.275880256633094,-9.02580750202011,
-1.));
#3676=CARTESIAN_POINT('',(-0.144919911364845,-9.38443747376274,-1.5));
#3677=CARTESIAN_POINT('Ctrl Pts',(-0.144919911364845,-9.38443747376274,
-1.5));
#3678=CARTESIAN_POINT('Ctrl Pts',(-0.157964092895542,-9.3215904434301,-1.5));
#3679=CARTESIAN_POINT('Ctrl Pts',(-0.184102572520342,-9.19565492053323,
-1.5));
#3680=CARTESIAN_POINT('Ctrl Pts',(-0.245248615846156,-9.08249563010679,
-1.5));
#3681=CARTESIAN_POINT('Ctrl Pts',(-0.275880256633094,-9.02580750202011,
-1.5));
#3682=CARTESIAN_POINT('',(-0.144919911364845,-9.38443747376274,-1.));
#3683=CARTESIAN_POINT('',(-0.144919911364845,-9.38443747376274,-1.5));
#3684=CARTESIAN_POINT('Ctrl Pts',(-0.144919911364845,-9.38443747376274,
-1.));
#3685=CARTESIAN_POINT('Ctrl Pts',(-0.157964092895542,-9.3215904434301,-1.));
#3686=CARTESIAN_POINT('Ctrl Pts',(-0.184102572520342,-9.19565492053323,
-1.));
#3687=CARTESIAN_POINT('Ctrl Pts',(-0.245248615846156,-9.08249563010679,
-1.));
#3688=CARTESIAN_POINT('Ctrl Pts',(-0.275880256633094,-9.02580750202011,
-1.));
#3689=CARTESIAN_POINT('Ctrl Pts',(-0.114698270301163,-9.84179136370491,
-1.5));
#3690=CARTESIAN_POINT('Ctrl Pts',(-0.114698270301163,-9.84179136370491,
-1.));
#3691=CARTESIAN_POINT('Ctrl Pts',(-0.115509322385048,-9.75923543903129,
-1.5));
#3692=CARTESIAN_POINT('Ctrl Pts',(-0.115509322385048,-9.75923543903129,
-1.));
#3693=CARTESIAN_POINT('Ctrl Pts',(-0.117012866273987,-9.60619168450036,
-1.5));
#3694=CARTESIAN_POINT('Ctrl Pts',(-0.117012866273987,-9.60619168450036,
-1.));
#3695=CARTESIAN_POINT('Ctrl Pts',(-0.13611978116594,-9.4543648315426,-1.5));
#3696=CARTESIAN_POINT('Ctrl Pts',(-0.13611978116594,-9.4543648315426,-1.));
#3697=CARTESIAN_POINT('Ctrl Pts',(-0.144919911364845,-9.38443747376274,
-1.5));
#3698=CARTESIAN_POINT('Ctrl Pts',(-0.144919911364845,-9.38443747376274,
-1.));
#3699=CARTESIAN_POINT('',(-0.114698270301163,-9.84179136370491,-1.5));
#3700=CARTESIAN_POINT('Ctrl Pts',(-0.114698270301163,-9.84179136370491,
-1.5));
#3701=CARTESIAN_POINT('Ctrl Pts',(-0.115509322385048,-9.75923543903129,
-1.5));
#3702=CARTESIAN_POINT('Ctrl Pts',(-0.117012866273987,-9.60619168450036,
-1.5));
#3703=CARTESIAN_POINT('Ctrl Pts',(-0.13611978116594,-9.4543648315426,-1.5));
#3704=CARTESIAN_POINT('Ctrl Pts',(-0.144919911364845,-9.38443747376274,
-1.5));
#3705=CARTESIAN_POINT('',(-0.114698270301163,-9.84179136370491,-1.));
#3706=CARTESIAN_POINT('',(-0.114698270301163,-9.84179136370491,-1.5));
#3707=CARTESIAN_POINT('Ctrl Pts',(-0.114698270301163,-9.84179136370491,
-1.));
#3708=CARTESIAN_POINT('Ctrl Pts',(-0.115509322385048,-9.75923543903129,
-1.));
#3709=CARTESIAN_POINT('Ctrl Pts',(-0.117012866273987,-9.60619168450036,
-1.));
#3710=CARTESIAN_POINT('Ctrl Pts',(-0.13611978116594,-9.4543648315426,-1.));
#3711=CARTESIAN_POINT('Ctrl Pts',(-0.144919911364845,-9.38443747376274,
-1.));
#3712=CARTESIAN_POINT('Origin',(-0.114698270301172,-11.1393063983805,-1.5));
#3713=CARTESIAN_POINT('',(-0.114698270301172,-11.1393063983805,-1.5));
#3714=CARTESIAN_POINT('',(-0.114698270301163,-9.76965319919026,-1.5));
#3715=CARTESIAN_POINT('',(-0.114698270301172,-11.1393063983805,-1.));
#3716=CARTESIAN_POINT('',(-0.114698270301172,-11.1393063983805,-1.5));
#3717=CARTESIAN_POINT('',(-0.114698270301172,-11.1393063983805,-1.));
#3718=CARTESIAN_POINT('Origin',(-3.11469838951046,-11.1393063983805,-1.5));
#3719=CARTESIAN_POINT('',(-3.11469838951046,-11.1393063983805,-1.5));
#3720=CARTESIAN_POINT('',(-2.36036708944995,-11.1393063983805,-1.5));
#3721=CARTESIAN_POINT('',(-3.11469838951046,-11.1393063983805,-1.));
#3722=CARTESIAN_POINT('',(-3.11469838951046,-11.1393063983805,-1.5));
#3723=CARTESIAN_POINT('',(-3.11469838951046,-11.1393063983805,-1.));
#3724=CARTESIAN_POINT('Origin',(-3.11469838951045,-10.3696623912937,-1.5));
#3725=CARTESIAN_POINT('',(-3.11469838951045,-10.3696623912937,-1.5));
#3726=CARTESIAN_POINT('',(-3.11469838951044,-9.38483119564685,-1.5));
#3727=CARTESIAN_POINT('',(-3.11469838951045,-10.3696623912937,-1.));
#3728=CARTESIAN_POINT('',(-3.11469838951045,-10.3696623912937,-1.5));
#3729=CARTESIAN_POINT('',(-3.11469838951045,-10.3696623912937,-1.));
#3730=CARTESIAN_POINT('Origin',(-2.01463119123393,-10.3696623912937,-1.5));
#3731=CARTESIAN_POINT('',(-2.01463119123393,-10.3696623912937,-1.5));
#3732=CARTESIAN_POINT('',(-1.81033349031169,-10.3696623912937,-1.5));
#3733=CARTESIAN_POINT('',(-2.01463119123393,-10.3696623912937,-1.));
#3734=CARTESIAN_POINT('',(-2.01463119123393,-10.3696623912937,-1.5));
#3735=CARTESIAN_POINT('',(-2.01463119123393,-10.3696623912937,-1.));
#3736=CARTESIAN_POINT('Origin',(-2.01463119123393,-10.0112527332194,-1.5));
#3737=CARTESIAN_POINT('',(-2.01463119123393,-10.0112527332194,-1.5));
#3738=CARTESIAN_POINT('',(-2.01463119123394,-9.20562636660967,-1.5));
#3739=CARTESIAN_POINT('',(-2.01463119123393,-10.0112527332194,-1.));
#3740=CARTESIAN_POINT('',(-2.01463119123393,-10.0112527332194,-1.5));
#3741=CARTESIAN_POINT('',(-2.01463119123393,-10.0112527332194,-1.));
#3742=CARTESIAN_POINT('Origin',(-3.11469838951044,-9.19508007382222,-1.5));
#3743=CARTESIAN_POINT('',(-3.11469838951045,-9.19508007382222,-1.5));
#3744=CARTESIAN_POINT('',(-2.81840920216725,-9.41490585752288,-1.5));
#3745=CARTESIAN_POINT('',(-3.11469838951045,-9.19508007382222,-1.));
#3746=CARTESIAN_POINT('',(-3.11469838951045,-9.19508007382222,-1.5));
#3747=CARTESIAN_POINT('',(-3.11469838951044,-9.19508007382222,-1.));
#3748=CARTESIAN_POINT('Origin',(-3.11469838951044,-8.25011906241246,-1.5));
#3749=CARTESIAN_POINT('',(-3.11469838951044,-8.25011906241246,-1.5));
#3750=CARTESIAN_POINT('',(-3.11469838951044,-8.32505953120622,-1.5));
#3751=CARTESIAN_POINT('',(-3.11469838951044,-8.25011906241246,-1.));
#3752=CARTESIAN_POINT('',(-3.11469838951044,-8.25011906241246,-1.5));
#3753=CARTESIAN_POINT('',(-3.11469838951044,-8.25011906241246,-1.));
#3754=CARTESIAN_POINT('Origin',(-1.82927177284174,-9.25146234248945,-1.5));
#3755=CARTESIAN_POINT('',(-1.96620250884634,-9.14479373102911,-1.5));
#3756=CARTESIAN_POINT('',(-1.82927177284174,-9.25146234248945,-1.));
#3757=CARTESIAN_POINT('Origin',(-1.6146983299058,-8.36596843813727,-1.));
#3758=CARTESIAN_POINT('Origin',(-1.60603578938941,-8.39999999999999,-1.5));
#3759=CARTESIAN_POINT('',(-0.606035789389407,-3.44999999999999,-1.5));
#3760=CARTESIAN_POINT('',(-2.60603578938941,-3.44999999999999,-1.5));
#3761=CARTESIAN_POINT('',(-1.10603578938941,-3.44999999999999,-1.5));
#3762=CARTESIAN_POINT('',(0.0939642106105953,-4.14999999999999,-1.5));
#3763=CARTESIAN_POINT('Origin',(-0.606035789389407,-4.14999999999999,-1.5));
#3764=CARTESIAN_POINT('',(0.0939642106105953,-12.65,-1.5));
#3765=CARTESIAN_POINT('',(0.0939642106105953,-10.525,-1.5));
#3766=CARTESIAN_POINT('',(-0.606035789389407,-13.35,-1.5));
#3767=CARTESIAN_POINT('Origin',(-0.606035789389407,-12.65,-1.5));
#3768=CARTESIAN_POINT('',(-2.60603578938941,-13.35,-1.5));
#3769=CARTESIAN_POINT('',(-2.10603578938941,-13.35,-1.5));
#3770=CARTESIAN_POINT('',(-3.30603578938941,-12.65,-1.5));
#3771=CARTESIAN_POINT('Origin',(-2.60603578938941,-12.65,-1.5));
#3772=CARTESIAN_POINT('',(-3.30603578938941,-4.14999999999999,-1.5));
#3773=CARTESIAN_POINT('',(-3.30603578938941,-6.27499999999999,-1.5));
#3774=CARTESIAN_POINT('Origin',(-2.60603578938941,-4.14999999999999,-1.5));
#3775=CARTESIAN_POINT('Origin',(-1.10603578938941,-3.44999999999999,-1.));
#3776=CARTESIAN_POINT('',(-2.60603578938941,-2.94999999999999,-1.));
#3777=CARTESIAN_POINT('Origin',(-2.60603578938941,-3.44999999999999,-1.));
#3778=CARTESIAN_POINT('',(-0.606035789389407,-2.94999999999999,-1.));
#3779=CARTESIAN_POINT('',(-1.10603578938941,-2.94999999999999,-1.));
#3780=CARTESIAN_POINT('Origin',(-0.606035789389407,-3.44999999999999,-1.));
#3781=CARTESIAN_POINT('Origin',(-0.606035789389407,-4.14999999999999,-1.));
#3782=CARTESIAN_POINT('',(0.593964210610594,-4.14999999999999,-1.));
#3783=CARTESIAN_POINT('Origin',(0.0939642106105953,-4.14999999999999,-1.));
#3784=CARTESIAN_POINT('Origin',(-0.606035789389407,-4.14999999999999,-1.));
#3785=CARTESIAN_POINT('Origin',(0.0939642106105953,-10.525,-1.));
#3786=CARTESIAN_POINT('',(0.593964210610594,-12.65,-1.));
#3787=CARTESIAN_POINT('Origin',(0.0939642106105953,-12.65,-1.));
#3788=CARTESIAN_POINT('',(0.593964210610594,-10.525,-1.));
#3789=CARTESIAN_POINT('Origin',(-0.606035789389407,-12.65,-1.));
#3790=CARTESIAN_POINT('',(-0.606035789389407,-13.85,-1.));
#3791=CARTESIAN_POINT('Origin',(-0.606035789389407,-13.35,-1.));
#3792=CARTESIAN_POINT('Origin',(-0.606035789389407,-12.65,-1.));
#3793=CARTESIAN_POINT('Origin',(-2.10603578938941,-13.35,-1.));
#3794=CARTESIAN_POINT('',(-2.60603578938941,-13.85,-1.));
#3795=CARTESIAN_POINT('Origin',(-2.60603578938941,-13.35,-1.));
#3796=CARTESIAN_POINT('',(-2.10603578938941,-13.85,-1.));
#3797=CARTESIAN_POINT('Origin',(-2.60603578938941,-12.65,-1.));
#3798=CARTESIAN_POINT('',(-3.80603578938941,-12.65,-1.));
#3799=CARTESIAN_POINT('Origin',(-3.30603578938941,-12.65,-1.));
#3800=CARTESIAN_POINT('Origin',(-2.60603578938941,-12.65,-1.));
#3801=CARTESIAN_POINT('Origin',(-3.30603578938941,-6.27499999999999,-1.));
#3802=CARTESIAN_POINT('',(-3.80603578938941,-4.14999999999999,-1.));
#3803=CARTESIAN_POINT('Origin',(-3.30603578938941,-4.14999999999999,-1.));
#3804=CARTESIAN_POINT('',(-3.80603578938941,-6.27499999999999,-1.));
#3805=CARTESIAN_POINT('Origin',(-2.60603578938941,-4.14999999999999,-1.));
#3806=CARTESIAN_POINT('Origin',(-2.60603578938941,-4.14999999999999,-1.));
#3807=CARTESIAN_POINT('Origin',(-0.606035789389407,-12.65,0.));
#3808=CARTESIAN_POINT('',(0.593964210610594,-12.65,1.));
#3809=CARTESIAN_POINT('',(0.593964210610594,-12.65,0.));
#3810=CARTESIAN_POINT('',(-0.606035789389407,-13.85,1.));
#3811=CARTESIAN_POINT('Origin',(-0.606035789389407,-12.65,1.));
#3812=CARTESIAN_POINT('',(-0.606035789389407,-13.85,0.));
#3813=CARTESIAN_POINT('Origin',(0.593964210610594,-12.65,0.));
#3814=CARTESIAN_POINT('',(0.593964210610594,-4.14999999999999,1.));
#3815=CARTESIAN_POINT('',(0.593964210610594,-4.14999999999999,0.));
#3816=CARTESIAN_POINT('',(0.593964210610594,-10.525,1.));
#3817=CARTESIAN_POINT('Origin',(-0.606035789389407,-4.14999999999999,0.));
#3818=CARTESIAN_POINT('',(-0.606035789389407,-2.94999999999999,1.));
#3819=CARTESIAN_POINT('',(-0.606035789389407,-2.94999999999999,0.));
#3820=CARTESIAN_POINT('Origin',(-0.606035789389407,-4.14999999999999,1.));
#3821=CARTESIAN_POINT('Origin',(-0.606035789389407,-2.94999999999999,0.));
#3822=CARTESIAN_POINT('',(-2.60603578938941,-2.94999999999999,1.));
#3823=CARTESIAN_POINT('',(-2.60603578938941,-2.94999999999999,0.));
#3824=CARTESIAN_POINT('',(-1.10603578938941,-2.94999999999999,1.));
#3825=CARTESIAN_POINT('Origin',(-1.60603578938941,-8.39999999999999,-1.5));
#3826=CARTESIAN_POINT('Origin',(-2.60603578938941,-13.85,0.));
#3827=CARTESIAN_POINT('',(-2.60603578938941,-13.85,1.));
#3828=CARTESIAN_POINT('',(-2.10603578938941,-13.85,1.));
#3829=CARTESIAN_POINT('',(-2.60603578938941,-13.85,0.));
#3830=CARTESIAN_POINT('Origin',(-2.60603578938941,-12.65,0.));
#3831=CARTESIAN_POINT('',(-3.80603578938941,-12.65,1.));
#3832=CARTESIAN_POINT('Origin',(-2.60603578938941,-12.65,1.));
#3833=CARTESIAN_POINT('',(-3.80603578938941,-12.65,0.));
#3834=CARTESIAN_POINT('Origin',(-3.80603578938941,-4.14999999999999,0.));
#3835=CARTESIAN_POINT('',(-3.80603578938941,-4.14999999999999,1.));
#3836=CARTESIAN_POINT('',(-3.8060357893894,-6.27499999999999,1.));
#3837=CARTESIAN_POINT('',(-3.80603578938941,-4.14999999999999,0.));
#3838=CARTESIAN_POINT('Origin',(-2.60603578938941,-4.14999999999999,0.));
#3839=CARTESIAN_POINT('Origin',(-2.60603578938941,-4.14999999999999,1.));
#3840=CARTESIAN_POINT('Origin',(-2.60603578938942,-12.65,2.));
#3841=CARTESIAN_POINT('',(-2.60603578938942,-14.5,1.));
#3842=CARTESIAN_POINT('Origin',(-2.60603578938942,-12.65,1.));
#3843=CARTESIAN_POINT('',(-2.60603578938942,-14.5,2.));
#3844=CARTESIAN_POINT('Origin',(-0.606035789389407,-14.5,2.));
#3845=CARTESIAN_POINT('',(-0.606035789389407,-14.5,1.));
#3846=CARTESIAN_POINT('',(-2.60603578938942,-14.5,1.));
#3847=CARTESIAN_POINT('',(-0.606035789389407,-14.5,2.));
#3848=CARTESIAN_POINT('Origin',(-0.606035789389407,-12.65,2.));
#3849=CARTESIAN_POINT('Origin',(-0.606035789389407,-12.65,1.));
#3850=CARTESIAN_POINT('Origin',(-0.606035789389407,-4.14999999999999,2.));
#3851=CARTESIAN_POINT('Origin',(-0.606035789389407,-4.14999999999999,1.));
#3852=CARTESIAN_POINT('Origin',(-2.60603578938943,-4.14999999999998,2.));
#3853=CARTESIAN_POINT('Origin',(-2.60603578938943,-4.14999999999998,1.));
#3854=CARTESIAN_POINT('Origin',(-1.60603578938941,-8.39999999999999,2.));
#3855=CARTESIAN_POINT('Origin',(-1.60603578938941,-8.39999999999999,1.));
#3856=UNCERTAINTY_MEASURE_WITH_UNIT(LENGTH_MEASURE(0.01),#3860,
'DISTANCE_ACCURACY_VALUE',
'Maximum model space distance between geometric entities at asserted c
onnectivities');
#3857=UNCERTAINTY_MEASURE_WITH_UNIT(LENGTH_MEASURE(0.01),#3860,
'DISTANCE_ACCURACY_VALUE',
'Maximum model space distance between geometric entities at asserted c
onnectivities');
#3858=(
GEOMETRIC_REPRESENTATION_CONTEXT(3)
GLOBAL_UNCERTAINTY_ASSIGNED_CONTEXT((#3856))
GLOBAL_UNIT_ASSIGNED_CONTEXT((#3860,#3861,#3862))
REPRESENTATION_CONTEXT('','3D')
);
#3859=(
GEOMETRIC_REPRESENTATION_CONTEXT(3)
GLOBAL_UNCERTAINTY_ASSIGNED_CONTEXT((#3857))
GLOBAL_UNIT_ASSIGNED_CONTEXT((#3860,#3861,#3862))
REPRESENTATION_CONTEXT('','3D')
);
#3860=(
LENGTH_UNIT()
NAMED_UNIT(*)
SI_UNIT(.MILLI.,.METRE.)
);
#3861=(
NAMED_UNIT(*)
PLANE_ANGLE_UNIT()
SI_UNIT($,.RADIAN.)
);
#3862=(
NAMED_UNIT(*)
SI_UNIT($,.STERADIAN.)
SOLID_ANGLE_UNIT()
);
#3863=SHAPE_DEFINITION_REPRESENTATION(#3864,#3865);
#3864=PRODUCT_DEFINITION_SHAPE('',$,#3867);
#3865=SHAPE_REPRESENTATION('',(#2132),#3858);
#3866=PRODUCT_DEFINITION_CONTEXT('part definition',#3871,'design');
#3867=PRODUCT_DEFINITION('Xii-Boy Ultra','Xii-Boy Ultra v221',#3868,#3866);
#3868=PRODUCT_DEFINITION_FORMATION('',$,#3873);
#3869=PRODUCT_RELATED_PRODUCT_CATEGORY('Xii-Boy Ultra v221',
'Xii-Boy Ultra v221',(#3873));
#3870=APPLICATION_PROTOCOL_DEFINITION('international standard',
'automotive_design',2009,#3871);
#3871=APPLICATION_CONTEXT(
'Core Data for Automotive Mechanical Design Process');
#3872=PRODUCT_CONTEXT('part definition',#3871,'mechanical');
#3873=PRODUCT('Xii-Boy Ultra','Xii-Boy Ultra v221',$,(#3872));
#3874=PRESENTATION_STYLE_ASSIGNMENT((#3908));
#3875=PRESENTATION_STYLE_ASSIGNMENT((#3909));
#3876=PRESENTATION_STYLE_ASSIGNMENT((#3910));
#3877=PRESENTATION_STYLE_ASSIGNMENT((#3911));
#3878=PRESENTATION_STYLE_ASSIGNMENT((#3912));
#3879=PRESENTATION_STYLE_ASSIGNMENT((#3913));
#3880=PRESENTATION_STYLE_ASSIGNMENT((#3914));
#3881=PRESENTATION_STYLE_ASSIGNMENT((#3915));
#3882=PRESENTATION_STYLE_ASSIGNMENT((#3916));
#3883=PRESENTATION_STYLE_ASSIGNMENT((#3917));
#3884=PRESENTATION_STYLE_ASSIGNMENT((#3918));
#3885=PRESENTATION_STYLE_ASSIGNMENT((#3919));
#3886=PRESENTATION_STYLE_ASSIGNMENT((#3920));
#3887=PRESENTATION_STYLE_ASSIGNMENT((#3921));
#3888=PRESENTATION_STYLE_ASSIGNMENT((#3922));
#3889=PRESENTATION_STYLE_ASSIGNMENT((#3923));
#3890=PRESENTATION_STYLE_ASSIGNMENT((#3924));
#3891=PRESENTATION_STYLE_ASSIGNMENT((#3925));
#3892=PRESENTATION_STYLE_ASSIGNMENT((#3926));
#3893=PRESENTATION_STYLE_ASSIGNMENT((#3927));
#3894=PRESENTATION_STYLE_ASSIGNMENT((#3928));
#3895=PRESENTATION_STYLE_ASSIGNMENT((#3929));
#3896=PRESENTATION_STYLE_ASSIGNMENT((#3930));
#3897=PRESENTATION_STYLE_ASSIGNMENT((#3931));
#3898=PRESENTATION_STYLE_ASSIGNMENT((#3932));
#3899=PRESENTATION_STYLE_ASSIGNMENT((#3933));
#3900=PRESENTATION_STYLE_ASSIGNMENT((#3934));
#3901=PRESENTATION_STYLE_ASSIGNMENT((#3935));
#3902=PRESENTATION_STYLE_ASSIGNMENT((#3936));
#3903=PRESENTATION_STYLE_ASSIGNMENT((#3937));
#3904=PRESENTATION_STYLE_ASSIGNMENT((#3938));
#3905=PRESENTATION_STYLE_ASSIGNMENT((#3939));
#3906=PRESENTATION_STYLE_ASSIGNMENT((#3940));
#3907=PRESENTATION_STYLE_ASSIGNMENT((#3941));
#3908=SURFACE_STYLE_USAGE(.BOTH.,#3942);
#3909=SURFACE_STYLE_USAGE(.BOTH.,#3943);
#3910=SURFACE_STYLE_USAGE(.BOTH.,#3944);
#3911=SURFACE_STYLE_USAGE(.BOTH.,#3945);
#3912=SURFACE_STYLE_USAGE(.BOTH.,#3946);
#3913=SURFACE_STYLE_USAGE(.BOTH.,#3947);
#3914=SURFACE_STYLE_USAGE(.BOTH.,#3948);
#3915=SURFACE_STYLE_USAGE(.BOTH.,#3949);
#3916=SURFACE_STYLE_USAGE(.BOTH.,#3950);
#3917=SURFACE_STYLE_USAGE(.BOTH.,#3951);
#3918=SURFACE_STYLE_USAGE(.BOTH.,#3952);
#3919=SURFACE_STYLE_USAGE(.BOTH.,#3953);
#3920=SURFACE_STYLE_USAGE(.BOTH.,#3954);
#3921=SURFACE_STYLE_USAGE(.BOTH.,#3955);
#3922=SURFACE_STYLE_USAGE(.BOTH.,#3956);
#3923=SURFACE_STYLE_USAGE(.BOTH.,#3957);
#3924=SURFACE_STYLE_USAGE(.BOTH.,#3958);
#3925=SURFACE_STYLE_USAGE(.BOTH.,#3959);
#3926=SURFACE_STYLE_USAGE(.BOTH.,#3960);
#3927=SURFACE_STYLE_USAGE(.BOTH.,#3961);
#3928=SURFACE_STYLE_USAGE(.BOTH.,#3962);
#3929=SURFACE_STYLE_USAGE(.BOTH.,#3963);
#3930=SURFACE_STYLE_USAGE(.BOTH.,#3964);
#3931=SURFACE_STYLE_USAGE(.BOTH.,#3965);
#3932=SURFACE_STYLE_USAGE(.BOTH.,#3966);
#3933=SURFACE_STYLE_USAGE(.BOTH.,#3967);
#3934=SURFACE_STYLE_USAGE(.BOTH.,#3968);
#3935=SURFACE_STYLE_USAGE(.BOTH.,#3969);
#3936=SURFACE_STYLE_USAGE(.BOTH.,#3970);
#3937=SURFACE_STYLE_USAGE(.BOTH.,#3971);
#3938=SURFACE_STYLE_USAGE(.BOTH.,#3972);
#3939=SURFACE_STYLE_USAGE(.BOTH.,#3973);
#3940=SURFACE_STYLE_USAGE(.BOTH.,#3974);
#3941=SURFACE_STYLE_USAGE(.BOTH.,#3975);
#3942=SURFACE_SIDE_STYLE('',(#3976));
#3943=SURFACE_SIDE_STYLE('',(#3977));
#3944=SURFACE_SIDE_STYLE('',(#3978));
#3945=SURFACE_SIDE_STYLE('',(#3979));
#3946=SURFACE_SIDE_STYLE('',(#3980));
#3947=SURFACE_SIDE_STYLE('',(#3981));
#3948=SURFACE_SIDE_STYLE('',(#3982));
#3949=SURFACE_SIDE_STYLE('',(#3983));
#3950=SURFACE_SIDE_STYLE('',(#3984));
#3951=SURFACE_SIDE_STYLE('',(#3985));
#3952=SURFACE_SIDE_STYLE('',(#3986));
#3953=SURFACE_SIDE_STYLE('',(#3987));
#3954=SURFACE_SIDE_STYLE('',(#3988));
#3955=SURFACE_SIDE_STYLE('',(#3989));
#3956=SURFACE_SIDE_STYLE('',(#3990));
#3957=SURFACE_SIDE_STYLE('',(#3991));
#3958=SURFACE_SIDE_STYLE('',(#3992));
#3959=SURFACE_SIDE_STYLE('',(#3993));
#3960=SURFACE_SIDE_STYLE('',(#3994));
#3961=SURFACE_SIDE_STYLE('',(#3995));
#3962=SURFACE_SIDE_STYLE('',(#3996));
#3963=SURFACE_SIDE_STYLE('',(#3997));
#3964=SURFACE_SIDE_STYLE('',(#3998));
#3965=SURFACE_SIDE_STYLE('',(#3999));
#3966=SURFACE_SIDE_STYLE('',(#4000));
#3967=SURFACE_SIDE_STYLE('',(#4001));
#3968=SURFACE_SIDE_STYLE('',(#4002));
#3969=SURFACE_SIDE_STYLE('',(#4003));
#3970=SURFACE_SIDE_STYLE('',(#4004));
#3971=SURFACE_SIDE_STYLE('',(#4005));
#3972=SURFACE_SIDE_STYLE('',(#4006));
#3973=SURFACE_SIDE_STYLE('',(#4007));
#3974=SURFACE_SIDE_STYLE('',(#4008));
#3975=SURFACE_SIDE_STYLE('',(#4009));
#3976=SURFACE_STYLE_FILL_AREA(#4010);
#3977=SURFACE_STYLE_FILL_AREA(#4011);
#3978=SURFACE_STYLE_FILL_AREA(#4012);
#3979=SURFACE_STYLE_FILL_AREA(#4013);
#3980=SURFACE_STYLE_FILL_AREA(#4014);
#3981=SURFACE_STYLE_FILL_AREA(#4015);
#3982=SURFACE_STYLE_FILL_AREA(#4016);
#3983=SURFACE_STYLE_FILL_AREA(#4017);
#3984=SURFACE_STYLE_FILL_AREA(#4018);
#3985=SURFACE_STYLE_FILL_AREA(#4019);
#3986=SURFACE_STYLE_FILL_AREA(#4020);
#3987=SURFACE_STYLE_FILL_AREA(#4021);
#3988=SURFACE_STYLE_FILL_AREA(#4022);
#3989=SURFACE_STYLE_FILL_AREA(#4023);
#3990=SURFACE_STYLE_FILL_AREA(#4024);
#3991=SURFACE_STYLE_FILL_AREA(#4025);
#3992=SURFACE_STYLE_FILL_AREA(#4026);
#3993=SURFACE_STYLE_FILL_AREA(#4027);
#3994=SURFACE_STYLE_FILL_AREA(#4028);
#3995=SURFACE_STYLE_FILL_AREA(#4029);
#3996=SURFACE_STYLE_FILL_AREA(#4030);
#3997=SURFACE_STYLE_FILL_AREA(#4031);
#3998=SURFACE_STYLE_FILL_AREA(#4032);
#3999=SURFACE_STYLE_FILL_AREA(#4033);
#4000=SURFACE_STYLE_FILL_AREA(#4034);
#4001=SURFACE_STYLE_FILL_AREA(#4035);
#4002=SURFACE_STYLE_FILL_AREA(#4036);
#4003=SURFACE_STYLE_FILL_AREA(#4037);
#4004=SURFACE_STYLE_FILL_AREA(#4038);
#4005=SURFACE_STYLE_FILL_AREA(#4039);
#4006=SURFACE_STYLE_FILL_AREA(#4040);
#4007=SURFACE_STYLE_FILL_AREA(#4041);
#4008=SURFACE_STYLE_FILL_AREA(#4042);
#4009=SURFACE_STYLE_FILL_AREA(#4043);
#4010=FILL_AREA_STYLE('Opaque(80,124,105)',(#4044));
#4011=FILL_AREA_STYLE('Opaque(50,50,50)',(#4045));
#4012=FILL_AREA_STYLE('Opaque(218,205,0)',(#4046));
#4013=FILL_AREA_STYLE('Opaque(52,52,52)',(#4047));
#4014=FILL_AREA_STYLE('Opaque(191,191,191)',(#4048));
#4015=FILL_AREA_STYLE('Opaque(15,102,15)',(#4049));
#4016=FILL_AREA_STYLE('Opaque(202,209,238)',(#4050));
#4017=FILL_AREA_STYLE('Opaque(255,255,255)',(#4051));
#4018=FILL_AREA_STYLE('Opaque(152,170,175)',(#4052));
#4019=FILL_AREA_STYLE('Opaque(204,203,178)',(#4053));
#4020=FILL_AREA_STYLE('Opaque(234,234,234)',(#4054));
#4021=FILL_AREA_STYLE('Opaque(69,69,69)',(#4055));
#4022=FILL_AREA_STYLE('Opaque(64,64,64)',(#4056));
#4023=FILL_AREA_STYLE('Opaque(225,225,225)',(#4057));
#4024=FILL_AREA_STYLE('Opaque(25,25,25)',(#4058));
#4025=FILL_AREA_STYLE('Opaque(211,84,18)',(#4059));
#4026=FILL_AREA_STYLE('Opaque(70,70,70)',(#4060));
#4027=FILL_AREA_STYLE('Opaque(219,219,219)',(#4061));
#4028=FILL_AREA_STYLE('Opaque(204,204,204)',(#4062));
#4029=FILL_AREA_STYLE('Opaque(160,160,160)',(#4063));
#4030=FILL_AREA_STYLE('Opaque(220,220,220)',(#4064));
#4031=FILL_AREA_STYLE('Opaque(63,63,63)',(#4065));
#4032=FILL_AREA_STYLE('Opaque(176,176,176)',(#4066));
#4033=FILL_AREA_STYLE('Powder Coat - Rough (Dark Grey)',(#4067));
#4034=FILL_AREA_STYLE('Opaque(21,22,24)',(#4068));
#4035=FILL_AREA_STYLE('Aluminum - Polished',(#4069));
#4036=FILL_AREA_STYLE('Gold - Polished',(#4070));
#4037=FILL_AREA_STYLE('Steel - Satin',(#4071));
#4038=FILL_AREA_STYLE('Opaque(246,246,243)',(#4072));
#4039=FILL_AREA_STYLE('Plastic - Glossy (Black)',(#4073));
#4040=FILL_AREA_STYLE('Copper - Polished',(#4074));
#4041=FILL_AREA_STYLE('Aluminum - Anodized Rough (Red)',(#4075));
#4042=FILL_AREA_STYLE('Glass (Clear)',(#4076));
#4043=FILL_AREA_STYLE('Opaque(243,243,243)',(#4077));
#4044=FILL_AREA_STYLE_COLOUR('Opaque(80,124,105)',#4078);
#4045=FILL_AREA_STYLE_COLOUR('Opaque(50,50,50)',#4079);
#4046=FILL_AREA_STYLE_COLOUR('Opaque(218,205,0)',#4080);
#4047=FILL_AREA_STYLE_COLOUR('Opaque(52,52,52)',#4081);
#4048=FILL_AREA_STYLE_COLOUR('Opaque(191,191,191)',#4082);
#4049=FILL_AREA_STYLE_COLOUR('Opaque(15,102,15)',#4083);
#4050=FILL_AREA_STYLE_COLOUR('Opaque(202,209,238)',#4084);
#4051=FILL_AREA_STYLE_COLOUR('Opaque(255,255,255)',#4085);
#4052=FILL_AREA_STYLE_COLOUR('Opaque(152,170,175)',#4086);
#4053=FILL_AREA_STYLE_COLOUR('Opaque(204,203,178)',#4087);
#4054=FILL_AREA_STYLE_COLOUR('Opaque(234,234,234)',#4088);
#4055=FILL_AREA_STYLE_COLOUR('Opaque(69,69,69)',#4089);
#4056=FILL_AREA_STYLE_COLOUR('Opaque(64,64,64)',#4090);
#4057=FILL_AREA_STYLE_COLOUR('Opaque(225,225,225)',#4091);
#4058=FILL_AREA_STYLE_COLOUR('Opaque(25,25,25)',#4092);
#4059=FILL_AREA_STYLE_COLOUR('Opaque(211,84,18)',#4093);
#4060=FILL_AREA_STYLE_COLOUR('Opaque(70,70,70)',#4094);
#4061=FILL_AREA_STYLE_COLOUR('Opaque(219,219,219)',#4095);
#4062=FILL_AREA_STYLE_COLOUR('Opaque(204,204,204)',#4096);
#4063=FILL_AREA_STYLE_COLOUR('Opaque(160,160,160)',#4097);
#4064=FILL_AREA_STYLE_COLOUR('Opaque(220,220,220)',#4098);
#4065=FILL_AREA_STYLE_COLOUR('Opaque(63,63,63)',#4099);
#4066=FILL_AREA_STYLE_COLOUR('Opaque(176,176,176)',#4100);
#4067=FILL_AREA_STYLE_COLOUR('Powder Coat - Rough (Dark Grey)',#4101);
#4068=FILL_AREA_STYLE_COLOUR('Opaque(21,22,24)',#4102);
#4069=FILL_AREA_STYLE_COLOUR('Aluminum - Polished',#4103);
#4070=FILL_AREA_STYLE_COLOUR('Gold - Polished',#4104);
#4071=FILL_AREA_STYLE_COLOUR('Steel - Satin',#4105);
#4072=FILL_AREA_STYLE_COLOUR('Opaque(246,246,243)',#4106);
#4073=FILL_AREA_STYLE_COLOUR('Plastic - Glossy (Black)',#4107);
#4074=FILL_AREA_STYLE_COLOUR('Copper - Polished',#4108);
#4075=FILL_AREA_STYLE_COLOUR('Aluminum - Anodized Rough (Red)',#4109);
#4076=FILL_AREA_STYLE_COLOUR('Glass (Clear)',#4110);
#4077=FILL_AREA_STYLE_COLOUR('Opaque(243,243,243)',#4111);
#4078=COLOUR_RGB('Opaque(80,124,105)',0.313725490196078,0.486274509803922,
0.411764705882353);
#4079=COLOUR_RGB('Opaque(50,50,50)',0.196078431372549,0.196078431372549,
0.196078431372549);
#4080=COLOUR_RGB('Opaque(218,205,0)',0.854901960784314,0.803921568627451,
0.);
#4081=COLOUR_RGB('Opaque(52,52,52)',0.203921568627451,0.203921568627451,
0.203921568627451);
#4082=COLOUR_RGB('Opaque(191,191,191)',0.749019607843137,0.749019607843137,
0.749019607843137);
#4083=COLOUR_RGB('Opaque(15,102,15)',0.0588235294117647,0.4,0.0588235294117647);
#4084=COLOUR_RGB('Opaque(202,209,238)',0.792156862745098,0.819607843137255,
0.933333333333333);
#4085=COLOUR_RGB('Opaque(255,255,255)',1.,1.,1.);
#4086=COLOUR_RGB('Opaque(152,170,175)',0.596078431372549,0.666666666666667,
0.686274509803922);
#4087=COLOUR_RGB('Opaque(204,203,178)',0.8,0.796078431372549,0.698039215686274);
#4088=COLOUR_RGB('Opaque(234,234,234)',0.917647058823529,0.917647058823529,
0.917647058823529);
#4089=COLOUR_RGB('Opaque(69,69,69)',0.270588235294118,0.270588235294118,
0.270588235294118);
#4090=COLOUR_RGB('Opaque(64,64,64)',0.250980392156863,0.250980392156863,
0.250980392156863);
#4091=COLOUR_RGB('Opaque(225,225,225)',0.882352941176471,0.882352941176471,
0.882352941176471);
#4092=COLOUR_RGB('Opaque(25,25,25)',0.0980392156862745,0.0980392156862745,
0.0980392156862745);
#4093=COLOUR_RGB('Opaque(211,84,18)',0.827450980392157,0.329411764705882,
0.0705882352941176);
#4094=COLOUR_RGB('Opaque(70,70,70)',0.274509803921569,0.274509803921569,
0.274509803921569);
#4095=COLOUR_RGB('Opaque(219,219,219)',0.858823529411765,0.858823529411765,
0.858823529411765);
#4096=COLOUR_RGB('Opaque(204,204,204)',0.8,0.8,0.8);
#4097=COLOUR_RGB('Opaque(160,160,160)',0.627450980392157,0.627450980392157,
0.627450980392157);
#4098=COLOUR_RGB('Opaque(220,220,220)',0.862745098039216,0.862745098039216,
0.862745098039216);
#4099=COLOUR_RGB('Opaque(63,63,63)',0.250980392156863,0.250980392156863,
0.250980392156863);
#4100=COLOUR_RGB('Opaque(176,176,176)',0.690196078431373,0.690196078431373,
0.690196078431373);
#4101=COLOUR_RGB('Powder Coat - Rough (Dark Grey)',0.349019607843137,0.349019607843137,
0.349019607843137);
#4102=COLOUR_RGB('Opaque(21,22,24)',0.0823529411764706,0.0862745098039216,
0.0941176470588235);
#4103=COLOUR_RGB('Aluminum - Polished',0.96078431372549,0.96078431372549,
0.964705882352941);
#4104=COLOUR_RGB('Gold - Polished',0.956862745098039,0.898039215686275,
0.654901960784314);
#4105=COLOUR_RGB('Steel - Satin',0.627450980392157,0.627450980392157,0.627450980392157);
#4106=COLOUR_RGB('Opaque(246,246,243)',0.964705882352941,0.964705882352941,
0.952941176470588);
#4107=COLOUR_RGB('Plastic - Glossy (Black)',0.0980392156862745,0.0980392156862745,
0.0980392156862745);
#4108=COLOUR_RGB('Copper - Polished',0.929411764705882,0.807843137254902,
0.764705882352941);
#4109=COLOUR_RGB('Aluminum - Anodized Rough (Red)',0.854901960784314,0.349019607843137,
0.349019607843137);
#4110=COLOUR_RGB('Glass (Clear)',0.964705882352941,0.964705882352941,0.952941176470588);
#4111=COLOUR_RGB('Opaque(243,243,243)',0.952941176470588,0.952941176470588,
0.952941176470588);
ENDSEC;
END-ISO-10303-21;
