ISO-10303-21;
HEADER;
/* Generated by software containing ST-Developer
 * from STEP Tools, Inc. (www.steptools.com) 
 */

FILE_DESCRIPTION(
/* description */ (''),
/* implementation_level */ '2;1');

FILE_NAME(
/* name */ 'Xii-Boy Ultra Top.step',
/* time_stamp */ '2025-11-15T16:54:26+01:00',
/* author */ (''),
/* organization */ (''),
/* preprocessor_version */ 'ST-DEVELOPER v20.1',
/* originating_system */ 'Autodesk Translation Framework v14.21.0.0',
/* authorisation */ '');

FILE_SCHEMA (('AUTOMOTIVE_DESIGN { 1 0 10303 214 3 1 1 }'));
ENDSEC;

DATA;
#10=MECHANICAL_DESIGN_GEOMETRIC_PRESENTATION_REPRESENTATION('',(#13),#12731);
#11=SHAPE_REPRESENTATION_RELATIONSHIP('SRR','None',#12737,#12);
#12=ADVANCED_BREP_SHAPE_REPRESENTATION('',(#14),#12730);
#13=STYLED_ITEM('',(#12759),#14);
#14=MANIFOLD_SOLID_BREP('Xii-Boy Ultra Top',#7438);
#15=ELLIPSE('',#8001,3.53553390593274,2.50000000000001);
#16=ELLIPSE('',#8002,3.53553390593274,2.50000000000001);
#17=ELLIPSE('',#8007,3.53553390593272,2.50000000000001);
#18=ELLIPSE('',#8008,3.53553390593272,2.50000000000001);
#19=ELLIPSE('',#8013,3.53553390593273,2.5);
#20=ELLIPSE('',#8014,3.53553390593273,2.5);
#21=ELLIPSE('',#8019,3.53553390593269,2.49999999999999);
#22=ELLIPSE('',#8020,3.53553390593269,2.49999999999999);
#23=B_SPLINE_CURVE_WITH_KNOTS('',3,(#10908,#10909,#10910,#10911,#10912,
#10913,#10914,#10915,#10916,#10917,#10918,#10919,#10920,#10921),
 .UNSPECIFIED.,.F.,.F.,(4,2,2,2,2,2,4),(0.186534951622612,0.193278769570448,
0.222707904387325,0.252137039204203,0.28156617402108,0.310995308837957,
0.317739126785817),.UNSPECIFIED.);
#24=B_SPLINE_CURVE_WITH_KNOTS('',3,(#10927,#10928,#10929,#10930,#10931,
#10932,#10933,#10934,#10935,#10936,#10937,#10938,#10939,#10940),
 .UNSPECIFIED.,.F.,.F.,(4,2,2,2,2,2,4),(0.186534951622648,0.193278769570478,
0.222707904387361,0.252137039204244,0.281566174021127,0.31099530883801,
0.317739126785853),.UNSPECIFIED.);
#25=B_SPLINE_CURVE_WITH_KNOTS('',3,(#10946,#10947,#10948,#10949,#10950,
#10951,#10952,#10953,#10954,#10955,#10956,#10957,#10958,#10959),
 .UNSPECIFIED.,.F.,.F.,(4,2,2,2,2,2,4),(0.186534951622592,0.193278769570434,
0.222707904387308,0.252137039204182,0.281566174021057,0.310995308837931,
0.317739126785795),.UNSPECIFIED.);
#26=B_SPLINE_CURVE_WITH_KNOTS('',3,(#10965,#10966,#10967,#10968,#10969,
#10970,#10971,#10972,#10973,#10974,#10975,#10976,#10977,#10978),
 .UNSPECIFIED.,.F.,.F.,(4,2,2,2,2,2,4),(0.186534951622604,0.193278769570445,
0.222707904387322,0.2521370392042,0.281566174021077,0.310995308837954,0.317739126785809),
 .UNSPECIFIED.);
#27=B_SPLINE_CURVE_WITH_KNOTS('',3,(#10982,#10983,#10984,#10985),
 .UNSPECIFIED.,.F.,.F.,(4,4),(0.349874078822881,0.359945523675921),
 .UNSPECIFIED.);
#28=B_SPLINE_CURVE_WITH_KNOTS('',3,(#10988,#10989,#10990,#10991),
 .UNSPECIFIED.,.F.,.F.,(4,4),(0.33958922381919,0.349660668672229),
 .UNSPECIFIED.);
#29=B_SPLINE_CURVE_WITH_KNOTS('',3,(#10994,#10995,#10996,#10997),
 .UNSPECIFIED.,.F.,.F.,(4,4),(0.349660668672272,0.359732113525313),
 .UNSPECIFIED.);
#30=B_SPLINE_CURVE_WITH_KNOTS('',3,(#11000,#11001,#11002,#11003),
 .UNSPECIFIED.,.F.,.F.,(4,4),(0.339589223819219,0.34966066867226),
 .UNSPECIFIED.);
#31=B_SPLINE_CURVE_WITH_KNOTS('',3,(#11006,#11007,#11008,#11009),
 .UNSPECIFIED.,.F.,.F.,(4,4),(0.349660668672239,0.359732113525276),
 .UNSPECIFIED.);
#32=B_SPLINE_CURVE_WITH_KNOTS('',3,(#11012,#11013,#11014,#11015),
 .UNSPECIFIED.,.F.,.F.,(4,4),(0.339589223819225,0.349660668672267),
 .UNSPECIFIED.);
#33=B_SPLINE_CURVE_WITH_KNOTS('',3,(#11018,#11019,#11020,#11021),
 .UNSPECIFIED.,.F.,.F.,(4,4),(0.349660668672274,0.359732113525315),
 .UNSPECIFIED.);
#34=B_SPLINE_CURVE_WITH_KNOTS('',3,(#11024,#11025,#11026,#11027),
 .UNSPECIFIED.,.F.,.F.,(4,4),(0.339589223819222,0.349660668672264),
 .UNSPECIFIED.);
#35=SPHERICAL_SURFACE('',#7571,1.115);
#36=SPHERICAL_SURFACE('',#7574,1.115);
#37=SPHERICAL_SURFACE('',#7577,1.115);
#38=SPHERICAL_SURFACE('',#7580,1.115);
#39=TOROIDAL_SURFACE('',#7474,4.,2.);
#40=TOROIDAL_SURFACE('',#7480,20.5,2.);
#41=TOROIDAL_SURFACE('',#7486,20.5,2.);
#42=TOROIDAL_SURFACE('',#7492,4.,2.);
#43=FACE_BOUND('',#776,.T.);
#44=FACE_BOUND('',#778,.T.);
#45=FACE_BOUND('',#781,.T.);
#46=FACE_BOUND('',#784,.T.);
#47=FACE_BOUND('',#787,.T.);
#48=FACE_BOUND('',#802,.T.);
#49=FACE_BOUND('',#803,.T.);
#50=FACE_BOUND('',#804,.T.);
#51=FACE_BOUND('',#805,.T.);
#52=FACE_BOUND('',#806,.T.);
#53=FACE_BOUND('',#807,.T.);
#54=FACE_BOUND('',#808,.T.);
#55=FACE_BOUND('',#809,.T.);
#56=FACE_BOUND('',#810,.T.);
#57=FACE_BOUND('',#811,.T.);
#58=FACE_BOUND('',#812,.T.);
#59=FACE_BOUND('',#813,.T.);
#60=FACE_BOUND('',#814,.T.);
#61=FACE_BOUND('',#815,.T.);
#62=FACE_BOUND('',#816,.T.);
#63=FACE_BOUND('',#817,.T.);
#64=FACE_BOUND('',#818,.T.);
#65=FACE_BOUND('',#820,.T.);
#66=FACE_BOUND('',#821,.T.);
#67=FACE_BOUND('',#822,.T.);
#68=FACE_BOUND('',#824,.T.);
#69=FACE_BOUND('',#846,.T.);
#70=FACE_BOUND('',#867,.T.);
#71=FACE_BOUND('',#869,.T.);
#72=FACE_BOUND('',#870,.T.);
#73=FACE_BOUND('',#871,.T.);
#74=FACE_BOUND('',#872,.T.);
#75=FACE_BOUND('',#873,.T.);
#76=FACE_BOUND('',#874,.T.);
#77=FACE_BOUND('',#875,.T.);
#78=FACE_BOUND('',#876,.T.);
#79=FACE_BOUND('',#877,.T.);
#80=FACE_BOUND('',#878,.T.);
#81=FACE_BOUND('',#879,.T.);
#82=FACE_BOUND('',#880,.T.);
#83=FACE_BOUND('',#881,.T.);
#84=FACE_BOUND('',#882,.T.);
#85=FACE_BOUND('',#883,.T.);
#86=FACE_BOUND('',#884,.T.);
#87=FACE_BOUND('',#885,.T.);
#88=FACE_BOUND('',#886,.T.);
#89=FACE_BOUND('',#887,.T.);
#90=FACE_BOUND('',#888,.T.);
#91=FACE_BOUND('',#889,.T.);
#92=FACE_BOUND('',#890,.T.);
#93=FACE_BOUND('',#891,.T.);
#94=FACE_BOUND('',#892,.T.);
#95=FACE_BOUND('',#896,.T.);
#96=FACE_BOUND('',#906,.T.);
#97=FACE_BOUND('',#911,.T.);
#98=FACE_BOUND('',#916,.T.);
#99=FACE_BOUND('',#921,.T.);
#100=FACE_BOUND('',#926,.T.);
#101=FACE_BOUND('',#931,.T.);
#102=FACE_BOUND('',#936,.T.);
#103=FACE_BOUND('',#941,.T.);
#104=FACE_BOUND('',#946,.T.);
#105=FACE_BOUND('',#954,.T.);
#106=FACE_BOUND('',#965,.T.);
#107=FACE_BOUND('',#984,.T.);
#108=FACE_BOUND('',#985,.T.);
#109=FACE_BOUND('',#986,.T.);
#110=FACE_BOUND('',#987,.T.);
#111=FACE_BOUND('',#989,.T.);
#112=FACE_BOUND('',#990,.T.);
#113=FACE_BOUND('',#991,.T.);
#114=FACE_BOUND('',#992,.T.);
#115=FACE_BOUND('',#1028,.T.);
#116=FACE_BOUND('',#1044,.T.);
#117=FACE_BOUND('',#1049,.T.);
#118=FACE_BOUND('',#1054,.T.);
#119=FACE_BOUND('',#1093,.T.);
#120=FACE_BOUND('',#1127,.T.);
#121=FACE_BOUND('',#1130,.T.);
#122=FACE_BOUND('',#1133,.T.);
#123=FACE_BOUND('',#1136,.T.);
#124=FACE_BOUND('',#1139,.T.);
#125=FACE_BOUND('',#1158,.T.);
#126=FACE_BOUND('',#1164,.T.);
#127=FACE_BOUND('',#1211,.T.);
#128=FACE_BOUND('',#1221,.T.);
#129=FACE_BOUND('',#1222,.T.);
#130=FACE_BOUND('',#1223,.T.);
#131=FACE_BOUND('',#1224,.T.);
#132=FACE_BOUND('',#1225,.T.);
#133=PLANE('',#7452);
#134=PLANE('',#7455);
#135=PLANE('',#7458);
#136=PLANE('',#7459);
#137=PLANE('',#7462);
#138=PLANE('',#7463);
#139=PLANE('',#7466);
#140=PLANE('',#7467);
#141=PLANE('',#7470);
#142=PLANE('',#7497);
#143=PLANE('',#7500);
#144=PLANE('',#7501);
#145=PLANE('',#7549);
#146=PLANE('',#7560);
#147=PLANE('',#7568);
#148=PLANE('',#7570);
#149=PLANE('',#7589);
#150=PLANE('',#7593);
#151=PLANE('',#7594);
#152=PLANE('',#7595);
#153=PLANE('',#7596);
#154=PLANE('',#7597);
#155=PLANE('',#7599);
#156=PLANE('',#7603);
#157=PLANE('',#7606);
#158=PLANE('',#7607);
#159=PLANE('',#7608);
#160=PLANE('',#7609);
#161=PLANE('',#7610);
#162=PLANE('',#7611);
#163=PLANE('',#7612);
#164=PLANE('',#7613);
#165=PLANE('',#7614);
#166=PLANE('',#7615);
#167=PLANE('',#7616);
#168=PLANE('',#7617);
#169=PLANE('',#7618);
#170=PLANE('',#7619);
#171=PLANE('',#7620);
#172=PLANE('',#7621);
#173=PLANE('',#7628);
#174=PLANE('',#7629);
#175=PLANE('',#7676);
#176=PLANE('',#7677);
#177=PLANE('',#7678);
#178=PLANE('',#7680);
#179=PLANE('',#7688);
#180=PLANE('',#7689);
#181=PLANE('',#7695);
#182=PLANE('',#7696);
#183=PLANE('',#7702);
#184=PLANE('',#7703);
#185=PLANE('',#7709);
#186=PLANE('',#7710);
#187=PLANE('',#7716);
#188=PLANE('',#7717);
#189=PLANE('',#7723);
#190=PLANE('',#7724);
#191=PLANE('',#7730);
#192=PLANE('',#7731);
#193=PLANE('',#7737);
#194=PLANE('',#7738);
#195=PLANE('',#7744);
#196=PLANE('',#7745);
#197=PLANE('',#7749);
#198=PLANE('',#7755);
#199=PLANE('',#7756);
#200=PLANE('',#7757);
#201=PLANE('',#7760);
#202=PLANE('',#7766);
#203=PLANE('',#7769);
#204=PLANE('',#7770);
#205=PLANE('',#7774);
#206=PLANE('',#7779);
#207=PLANE('',#7780);
#208=PLANE('',#7784);
#209=PLANE('',#7788);
#210=PLANE('',#7792);
#211=PLANE('',#7793);
#212=PLANE('',#7810);
#213=PLANE('',#7827);
#214=PLANE('',#7829);
#215=PLANE('',#7831);
#216=PLANE('',#7833);
#217=PLANE('',#7835);
#218=PLANE('',#7837);
#219=PLANE('',#7839);
#220=PLANE('',#7841);
#221=PLANE('',#7844);
#222=PLANE('',#7846);
#223=PLANE('',#7848);
#224=PLANE('',#7850);
#225=PLANE('',#7852);
#226=PLANE('',#7854);
#227=PLANE('',#7855);
#228=PLANE('',#7857);
#229=PLANE('',#7864);
#230=PLANE('',#7865);
#231=PLANE('',#7866);
#232=PLANE('',#7867);
#233=PLANE('',#7868);
#234=PLANE('',#7869);
#235=PLANE('',#7870);
#236=PLANE('',#7871);
#237=PLANE('',#7872);
#238=PLANE('',#7873);
#239=PLANE('',#7874);
#240=PLANE('',#7875);
#241=PLANE('',#7876);
#242=PLANE('',#7882);
#243=PLANE('',#7883);
#244=PLANE('',#7889);
#245=PLANE('',#7890);
#246=PLANE('',#7896);
#247=PLANE('',#7897);
#248=PLANE('',#7898);
#249=PLANE('',#7899);
#250=PLANE('',#7900);
#251=PLANE('',#7901);
#252=PLANE('',#7902);
#253=PLANE('',#7903);
#254=PLANE('',#7904);
#255=PLANE('',#7905);
#256=PLANE('',#7906);
#257=PLANE('',#7907);
#258=PLANE('',#7908);
#259=PLANE('',#7909);
#260=PLANE('',#7934);
#261=PLANE('',#7935);
#262=PLANE('',#7939);
#263=PLANE('',#7940);
#264=PLANE('',#7941);
#265=PLANE('',#7945);
#266=PLANE('',#7946);
#267=PLANE('',#7947);
#268=PLANE('',#7951);
#269=PLANE('',#7952);
#270=PLANE('',#7953);
#271=PLANE('',#7957);
#272=PLANE('',#7958);
#273=PLANE('',#7959);
#274=PLANE('',#7960);
#275=PLANE('',#7962);
#276=PLANE('',#7963);
#277=PLANE('',#7965);
#278=PLANE('',#7966);
#279=PLANE('',#7968);
#280=PLANE('',#7969);
#281=PLANE('',#7971);
#282=PLANE('',#7972);
#283=PLANE('',#7973);
#284=PLANE('',#7975);
#285=PLANE('',#7976);
#286=PLANE('',#7977);
#287=PLANE('',#7979);
#288=PLANE('',#7981);
#289=PLANE('',#7982);
#290=PLANE('',#7983);
#291=PLANE('',#7985);
#292=PLANE('',#7986);
#293=PLANE('',#7987);
#294=PLANE('',#7990);
#295=PLANE('',#7993);
#296=PLANE('',#7996);
#297=PLANE('',#7999);
#298=PLANE('',#8000);
#299=PLANE('',#8003);
#300=PLANE('',#8006);
#301=PLANE('',#8009);
#302=PLANE('',#8012);
#303=PLANE('',#8015);
#304=PLANE('',#8018);
#305=PLANE('',#8021);
#306=PLANE('',#8030);
#307=PLANE('',#8034);
#308=PLANE('',#8038);
#309=PLANE('',#8043);
#310=PLANE('',#8044);
#311=PLANE('',#8045);
#312=PLANE('',#8046);
#313=PLANE('',#8047);
#314=PLANE('',#8048);
#315=PLANE('',#8049);
#316=PLANE('',#8050);
#317=PLANE('',#8051);
#318=PLANE('',#8052);
#319=PLANE('',#8053);
#320=PLANE('',#8054);
#321=PLANE('',#8055);
#322=PLANE('',#8056);
#323=PLANE('',#8057);
#324=PLANE('',#8058);
#325=PLANE('',#8074);
#326=PLANE('',#8084);
#327=PLANE('',#8100);
#328=PLANE('',#8110);
#329=PLANE('',#8126);
#330=PLANE('',#8136);
#331=PLANE('',#8152);
#332=PLANE('',#8162);
#333=PLANE('',#8179);
#334=PLANE('',#8190);
#335=PLANE('',#8192);
#336=PLANE('',#8194);
#337=PLANE('',#8196);
#338=PLANE('',#8198);
#339=PLANE('',#8201);
#340=PLANE('',#8203);
#341=PLANE('',#8205);
#342=PLANE('',#8207);
#343=PLANE('',#8209);
#344=PLANE('',#8211);
#345=PLANE('',#8212);
#346=PLANE('',#8214);
#347=PLANE('',#8216);
#348=PLANE('',#8218);
#349=PLANE('',#8220);
#350=PLANE('',#8222);
#351=PLANE('',#8224);
#352=PLANE('',#8226);
#353=PLANE('',#8228);
#354=PLANE('',#8229);
#355=PLANE('',#8231);
#356=PLANE('',#8232);
#357=FACE_OUTER_BOUND('',#771,.T.);
#358=FACE_OUTER_BOUND('',#772,.T.);
#359=FACE_OUTER_BOUND('',#773,.T.);
#360=FACE_OUTER_BOUND('',#774,.T.);
#361=FACE_OUTER_BOUND('',#775,.T.);
#362=FACE_OUTER_BOUND('',#777,.T.);
#363=FACE_OUTER_BOUND('',#779,.T.);
#364=FACE_OUTER_BOUND('',#780,.T.);
#365=FACE_OUTER_BOUND('',#782,.T.);
#366=FACE_OUTER_BOUND('',#783,.T.);
#367=FACE_OUTER_BOUND('',#785,.T.);
#368=FACE_OUTER_BOUND('',#786,.T.);
#369=FACE_OUTER_BOUND('',#788,.T.);
#370=FACE_OUTER_BOUND('',#789,.T.);
#371=FACE_OUTER_BOUND('',#790,.T.);
#372=FACE_OUTER_BOUND('',#791,.T.);
#373=FACE_OUTER_BOUND('',#792,.T.);
#374=FACE_OUTER_BOUND('',#793,.T.);
#375=FACE_OUTER_BOUND('',#794,.T.);
#376=FACE_OUTER_BOUND('',#795,.T.);
#377=FACE_OUTER_BOUND('',#796,.T.);
#378=FACE_OUTER_BOUND('',#797,.T.);
#379=FACE_OUTER_BOUND('',#798,.T.);
#380=FACE_OUTER_BOUND('',#799,.T.);
#381=FACE_OUTER_BOUND('',#800,.T.);
#382=FACE_OUTER_BOUND('',#801,.T.);
#383=FACE_OUTER_BOUND('',#819,.T.);
#384=FACE_OUTER_BOUND('',#823,.T.);
#385=FACE_OUTER_BOUND('',#825,.T.);
#386=FACE_OUTER_BOUND('',#826,.T.);
#387=FACE_OUTER_BOUND('',#827,.T.);
#388=FACE_OUTER_BOUND('',#828,.T.);
#389=FACE_OUTER_BOUND('',#829,.T.);
#390=FACE_OUTER_BOUND('',#830,.T.);
#391=FACE_OUTER_BOUND('',#831,.T.);
#392=FACE_OUTER_BOUND('',#832,.T.);
#393=FACE_OUTER_BOUND('',#833,.T.);
#394=FACE_OUTER_BOUND('',#834,.T.);
#395=FACE_OUTER_BOUND('',#835,.T.);
#396=FACE_OUTER_BOUND('',#836,.T.);
#397=FACE_OUTER_BOUND('',#837,.T.);
#398=FACE_OUTER_BOUND('',#838,.T.);
#399=FACE_OUTER_BOUND('',#839,.T.);
#400=FACE_OUTER_BOUND('',#840,.T.);
#401=FACE_OUTER_BOUND('',#841,.T.);
#402=FACE_OUTER_BOUND('',#842,.T.);
#403=FACE_OUTER_BOUND('',#843,.T.);
#404=FACE_OUTER_BOUND('',#844,.T.);
#405=FACE_OUTER_BOUND('',#845,.T.);
#406=FACE_OUTER_BOUND('',#847,.T.);
#407=FACE_OUTER_BOUND('',#848,.T.);
#408=FACE_OUTER_BOUND('',#849,.T.);
#409=FACE_OUTER_BOUND('',#850,.T.);
#410=FACE_OUTER_BOUND('',#851,.T.);
#411=FACE_OUTER_BOUND('',#852,.T.);
#412=FACE_OUTER_BOUND('',#853,.T.);
#413=FACE_OUTER_BOUND('',#854,.T.);
#414=FACE_OUTER_BOUND('',#855,.T.);
#415=FACE_OUTER_BOUND('',#856,.T.);
#416=FACE_OUTER_BOUND('',#857,.T.);
#417=FACE_OUTER_BOUND('',#858,.T.);
#418=FACE_OUTER_BOUND('',#859,.T.);
#419=FACE_OUTER_BOUND('',#860,.T.);
#420=FACE_OUTER_BOUND('',#861,.T.);
#421=FACE_OUTER_BOUND('',#862,.T.);
#422=FACE_OUTER_BOUND('',#863,.T.);
#423=FACE_OUTER_BOUND('',#864,.T.);
#424=FACE_OUTER_BOUND('',#865,.T.);
#425=FACE_OUTER_BOUND('',#866,.T.);
#426=FACE_OUTER_BOUND('',#868,.T.);
#427=FACE_OUTER_BOUND('',#893,.T.);
#428=FACE_OUTER_BOUND('',#894,.T.);
#429=FACE_OUTER_BOUND('',#895,.T.);
#430=FACE_OUTER_BOUND('',#897,.T.);
#431=FACE_OUTER_BOUND('',#898,.T.);
#432=FACE_OUTER_BOUND('',#899,.T.);
#433=FACE_OUTER_BOUND('',#900,.T.);
#434=FACE_OUTER_BOUND('',#901,.T.);
#435=FACE_OUTER_BOUND('',#902,.T.);
#436=FACE_OUTER_BOUND('',#903,.T.);
#437=FACE_OUTER_BOUND('',#904,.T.);
#438=FACE_OUTER_BOUND('',#905,.T.);
#439=FACE_OUTER_BOUND('',#907,.T.);
#440=FACE_OUTER_BOUND('',#908,.T.);
#441=FACE_OUTER_BOUND('',#909,.T.);
#442=FACE_OUTER_BOUND('',#910,.T.);
#443=FACE_OUTER_BOUND('',#912,.T.);
#444=FACE_OUTER_BOUND('',#913,.T.);
#445=FACE_OUTER_BOUND('',#914,.T.);
#446=FACE_OUTER_BOUND('',#915,.T.);
#447=FACE_OUTER_BOUND('',#917,.T.);
#448=FACE_OUTER_BOUND('',#918,.T.);
#449=FACE_OUTER_BOUND('',#919,.T.);
#450=FACE_OUTER_BOUND('',#920,.T.);
#451=FACE_OUTER_BOUND('',#922,.T.);
#452=FACE_OUTER_BOUND('',#923,.T.);
#453=FACE_OUTER_BOUND('',#924,.T.);
#454=FACE_OUTER_BOUND('',#925,.T.);
#455=FACE_OUTER_BOUND('',#927,.T.);
#456=FACE_OUTER_BOUND('',#928,.T.);
#457=FACE_OUTER_BOUND('',#929,.T.);
#458=FACE_OUTER_BOUND('',#930,.T.);
#459=FACE_OUTER_BOUND('',#932,.T.);
#460=FACE_OUTER_BOUND('',#933,.T.);
#461=FACE_OUTER_BOUND('',#934,.T.);
#462=FACE_OUTER_BOUND('',#935,.T.);
#463=FACE_OUTER_BOUND('',#937,.T.);
#464=FACE_OUTER_BOUND('',#938,.T.);
#465=FACE_OUTER_BOUND('',#939,.T.);
#466=FACE_OUTER_BOUND('',#940,.T.);
#467=FACE_OUTER_BOUND('',#942,.T.);
#468=FACE_OUTER_BOUND('',#943,.T.);
#469=FACE_OUTER_BOUND('',#944,.T.);
#470=FACE_OUTER_BOUND('',#945,.T.);
#471=FACE_OUTER_BOUND('',#947,.T.);
#472=FACE_OUTER_BOUND('',#948,.T.);
#473=FACE_OUTER_BOUND('',#949,.T.);
#474=FACE_OUTER_BOUND('',#950,.T.);
#475=FACE_OUTER_BOUND('',#951,.T.);
#476=FACE_OUTER_BOUND('',#952,.T.);
#477=FACE_OUTER_BOUND('',#953,.T.);
#478=FACE_OUTER_BOUND('',#955,.T.);
#479=FACE_OUTER_BOUND('',#956,.T.);
#480=FACE_OUTER_BOUND('',#957,.T.);
#481=FACE_OUTER_BOUND('',#958,.T.);
#482=FACE_OUTER_BOUND('',#959,.T.);
#483=FACE_OUTER_BOUND('',#960,.T.);
#484=FACE_OUTER_BOUND('',#961,.T.);
#485=FACE_OUTER_BOUND('',#962,.T.);
#486=FACE_OUTER_BOUND('',#963,.T.);
#487=FACE_OUTER_BOUND('',#964,.T.);
#488=FACE_OUTER_BOUND('',#966,.T.);
#489=FACE_OUTER_BOUND('',#967,.T.);
#490=FACE_OUTER_BOUND('',#968,.T.);
#491=FACE_OUTER_BOUND('',#969,.T.);
#492=FACE_OUTER_BOUND('',#970,.T.);
#493=FACE_OUTER_BOUND('',#971,.T.);
#494=FACE_OUTER_BOUND('',#972,.T.);
#495=FACE_OUTER_BOUND('',#973,.T.);
#496=FACE_OUTER_BOUND('',#974,.T.);
#497=FACE_OUTER_BOUND('',#975,.T.);
#498=FACE_OUTER_BOUND('',#976,.T.);
#499=FACE_OUTER_BOUND('',#977,.T.);
#500=FACE_OUTER_BOUND('',#978,.T.);
#501=FACE_OUTER_BOUND('',#979,.T.);
#502=FACE_OUTER_BOUND('',#980,.T.);
#503=FACE_OUTER_BOUND('',#981,.T.);
#504=FACE_OUTER_BOUND('',#982,.T.);
#505=FACE_OUTER_BOUND('',#983,.T.);
#506=FACE_OUTER_BOUND('',#988,.T.);
#507=FACE_OUTER_BOUND('',#993,.T.);
#508=FACE_OUTER_BOUND('',#994,.T.);
#509=FACE_OUTER_BOUND('',#995,.T.);
#510=FACE_OUTER_BOUND('',#996,.T.);
#511=FACE_OUTER_BOUND('',#997,.T.);
#512=FACE_OUTER_BOUND('',#998,.T.);
#513=FACE_OUTER_BOUND('',#999,.T.);
#514=FACE_OUTER_BOUND('',#1000,.T.);
#515=FACE_OUTER_BOUND('',#1001,.T.);
#516=FACE_OUTER_BOUND('',#1002,.T.);
#517=FACE_OUTER_BOUND('',#1003,.T.);
#518=FACE_OUTER_BOUND('',#1004,.T.);
#519=FACE_OUTER_BOUND('',#1005,.T.);
#520=FACE_OUTER_BOUND('',#1006,.T.);
#521=FACE_OUTER_BOUND('',#1007,.T.);
#522=FACE_OUTER_BOUND('',#1008,.T.);
#523=FACE_OUTER_BOUND('',#1009,.T.);
#524=FACE_OUTER_BOUND('',#1010,.T.);
#525=FACE_OUTER_BOUND('',#1011,.T.);
#526=FACE_OUTER_BOUND('',#1012,.T.);
#527=FACE_OUTER_BOUND('',#1013,.T.);
#528=FACE_OUTER_BOUND('',#1014,.T.);
#529=FACE_OUTER_BOUND('',#1015,.T.);
#530=FACE_OUTER_BOUND('',#1016,.T.);
#531=FACE_OUTER_BOUND('',#1017,.T.);
#532=FACE_OUTER_BOUND('',#1018,.T.);
#533=FACE_OUTER_BOUND('',#1019,.T.);
#534=FACE_OUTER_BOUND('',#1020,.T.);
#535=FACE_OUTER_BOUND('',#1021,.T.);
#536=FACE_OUTER_BOUND('',#1022,.T.);
#537=FACE_OUTER_BOUND('',#1023,.T.);
#538=FACE_OUTER_BOUND('',#1024,.T.);
#539=FACE_OUTER_BOUND('',#1025,.T.);
#540=FACE_OUTER_BOUND('',#1026,.T.);
#541=FACE_OUTER_BOUND('',#1027,.T.);
#542=FACE_OUTER_BOUND('',#1029,.T.);
#543=FACE_OUTER_BOUND('',#1030,.T.);
#544=FACE_OUTER_BOUND('',#1031,.T.);
#545=FACE_OUTER_BOUND('',#1032,.T.);
#546=FACE_OUTER_BOUND('',#1033,.T.);
#547=FACE_OUTER_BOUND('',#1034,.T.);
#548=FACE_OUTER_BOUND('',#1035,.T.);
#549=FACE_OUTER_BOUND('',#1036,.T.);
#550=FACE_OUTER_BOUND('',#1037,.T.);
#551=FACE_OUTER_BOUND('',#1038,.T.);
#552=FACE_OUTER_BOUND('',#1039,.T.);
#553=FACE_OUTER_BOUND('',#1040,.T.);
#554=FACE_OUTER_BOUND('',#1041,.T.);
#555=FACE_OUTER_BOUND('',#1042,.T.);
#556=FACE_OUTER_BOUND('',#1043,.T.);
#557=FACE_OUTER_BOUND('',#1045,.T.);
#558=FACE_OUTER_BOUND('',#1046,.T.);
#559=FACE_OUTER_BOUND('',#1047,.T.);
#560=FACE_OUTER_BOUND('',#1048,.T.);
#561=FACE_OUTER_BOUND('',#1050,.T.);
#562=FACE_OUTER_BOUND('',#1051,.T.);
#563=FACE_OUTER_BOUND('',#1052,.T.);
#564=FACE_OUTER_BOUND('',#1053,.T.);
#565=FACE_OUTER_BOUND('',#1055,.T.);
#566=FACE_OUTER_BOUND('',#1056,.T.);
#567=FACE_OUTER_BOUND('',#1057,.T.);
#568=FACE_OUTER_BOUND('',#1058,.T.);
#569=FACE_OUTER_BOUND('',#1059,.T.);
#570=FACE_OUTER_BOUND('',#1060,.T.);
#571=FACE_OUTER_BOUND('',#1061,.T.);
#572=FACE_OUTER_BOUND('',#1062,.T.);
#573=FACE_OUTER_BOUND('',#1063,.T.);
#574=FACE_OUTER_BOUND('',#1064,.T.);
#575=FACE_OUTER_BOUND('',#1065,.T.);
#576=FACE_OUTER_BOUND('',#1066,.T.);
#577=FACE_OUTER_BOUND('',#1067,.T.);
#578=FACE_OUTER_BOUND('',#1068,.T.);
#579=FACE_OUTER_BOUND('',#1069,.T.);
#580=FACE_OUTER_BOUND('',#1070,.T.);
#581=FACE_OUTER_BOUND('',#1071,.T.);
#582=FACE_OUTER_BOUND('',#1072,.T.);
#583=FACE_OUTER_BOUND('',#1073,.T.);
#584=FACE_OUTER_BOUND('',#1074,.T.);
#585=FACE_OUTER_BOUND('',#1075,.T.);
#586=FACE_OUTER_BOUND('',#1076,.T.);
#587=FACE_OUTER_BOUND('',#1077,.T.);
#588=FACE_OUTER_BOUND('',#1078,.T.);
#589=FACE_OUTER_BOUND('',#1079,.T.);
#590=FACE_OUTER_BOUND('',#1080,.T.);
#591=FACE_OUTER_BOUND('',#1081,.T.);
#592=FACE_OUTER_BOUND('',#1082,.T.);
#593=FACE_OUTER_BOUND('',#1083,.T.);
#594=FACE_OUTER_BOUND('',#1084,.T.);
#595=FACE_OUTER_BOUND('',#1085,.T.);
#596=FACE_OUTER_BOUND('',#1086,.T.);
#597=FACE_OUTER_BOUND('',#1087,.T.);
#598=FACE_OUTER_BOUND('',#1088,.T.);
#599=FACE_OUTER_BOUND('',#1089,.T.);
#600=FACE_OUTER_BOUND('',#1090,.T.);
#601=FACE_OUTER_BOUND('',#1091,.T.);
#602=FACE_OUTER_BOUND('',#1092,.T.);
#603=FACE_OUTER_BOUND('',#1094,.T.);
#604=FACE_OUTER_BOUND('',#1095,.T.);
#605=FACE_OUTER_BOUND('',#1096,.T.);
#606=FACE_OUTER_BOUND('',#1097,.T.);
#607=FACE_OUTER_BOUND('',#1098,.T.);
#608=FACE_OUTER_BOUND('',#1099,.T.);
#609=FACE_OUTER_BOUND('',#1100,.T.);
#610=FACE_OUTER_BOUND('',#1101,.T.);
#611=FACE_OUTER_BOUND('',#1102,.T.);
#612=FACE_OUTER_BOUND('',#1103,.T.);
#613=FACE_OUTER_BOUND('',#1104,.T.);
#614=FACE_OUTER_BOUND('',#1105,.T.);
#615=FACE_OUTER_BOUND('',#1106,.T.);
#616=FACE_OUTER_BOUND('',#1107,.T.);
#617=FACE_OUTER_BOUND('',#1108,.T.);
#618=FACE_OUTER_BOUND('',#1109,.T.);
#619=FACE_OUTER_BOUND('',#1110,.T.);
#620=FACE_OUTER_BOUND('',#1111,.T.);
#621=FACE_OUTER_BOUND('',#1112,.T.);
#622=FACE_OUTER_BOUND('',#1113,.T.);
#623=FACE_OUTER_BOUND('',#1114,.T.);
#624=FACE_OUTER_BOUND('',#1115,.T.);
#625=FACE_OUTER_BOUND('',#1116,.T.);
#626=FACE_OUTER_BOUND('',#1117,.T.);
#627=FACE_OUTER_BOUND('',#1118,.T.);
#628=FACE_OUTER_BOUND('',#1119,.T.);
#629=FACE_OUTER_BOUND('',#1120,.T.);
#630=FACE_OUTER_BOUND('',#1121,.T.);
#631=FACE_OUTER_BOUND('',#1122,.T.);
#632=FACE_OUTER_BOUND('',#1123,.T.);
#633=FACE_OUTER_BOUND('',#1124,.T.);
#634=FACE_OUTER_BOUND('',#1125,.T.);
#635=FACE_OUTER_BOUND('',#1126,.T.);
#636=FACE_OUTER_BOUND('',#1128,.T.);
#637=FACE_OUTER_BOUND('',#1129,.T.);
#638=FACE_OUTER_BOUND('',#1131,.T.);
#639=FACE_OUTER_BOUND('',#1132,.T.);
#640=FACE_OUTER_BOUND('',#1134,.T.);
#641=FACE_OUTER_BOUND('',#1135,.T.);
#642=FACE_OUTER_BOUND('',#1137,.T.);
#643=FACE_OUTER_BOUND('',#1138,.T.);
#644=FACE_OUTER_BOUND('',#1140,.T.);
#645=FACE_OUTER_BOUND('',#1141,.T.);
#646=FACE_OUTER_BOUND('',#1142,.T.);
#647=FACE_OUTER_BOUND('',#1143,.T.);
#648=FACE_OUTER_BOUND('',#1144,.T.);
#649=FACE_OUTER_BOUND('',#1145,.T.);
#650=FACE_OUTER_BOUND('',#1146,.T.);
#651=FACE_OUTER_BOUND('',#1147,.T.);
#652=FACE_OUTER_BOUND('',#1148,.T.);
#653=FACE_OUTER_BOUND('',#1149,.T.);
#654=FACE_OUTER_BOUND('',#1150,.T.);
#655=FACE_OUTER_BOUND('',#1151,.T.);
#656=FACE_OUTER_BOUND('',#1152,.T.);
#657=FACE_OUTER_BOUND('',#1153,.T.);
#658=FACE_OUTER_BOUND('',#1154,.T.);
#659=FACE_OUTER_BOUND('',#1155,.T.);
#660=FACE_OUTER_BOUND('',#1156,.T.);
#661=FACE_OUTER_BOUND('',#1157,.T.);
#662=FACE_OUTER_BOUND('',#1159,.T.);
#663=FACE_OUTER_BOUND('',#1160,.T.);
#664=FACE_OUTER_BOUND('',#1161,.T.);
#665=FACE_OUTER_BOUND('',#1162,.T.);
#666=FACE_OUTER_BOUND('',#1163,.T.);
#667=FACE_OUTER_BOUND('',#1165,.T.);
#668=FACE_OUTER_BOUND('',#1166,.T.);
#669=FACE_OUTER_BOUND('',#1167,.T.);
#670=FACE_OUTER_BOUND('',#1168,.T.);
#671=FACE_OUTER_BOUND('',#1169,.T.);
#672=FACE_OUTER_BOUND('',#1170,.T.);
#673=FACE_OUTER_BOUND('',#1171,.T.);
#674=FACE_OUTER_BOUND('',#1172,.T.);
#675=FACE_OUTER_BOUND('',#1173,.T.);
#676=FACE_OUTER_BOUND('',#1174,.T.);
#677=FACE_OUTER_BOUND('',#1175,.T.);
#678=FACE_OUTER_BOUND('',#1176,.T.);
#679=FACE_OUTER_BOUND('',#1177,.T.);
#680=FACE_OUTER_BOUND('',#1178,.T.);
#681=FACE_OUTER_BOUND('',#1179,.T.);
#682=FACE_OUTER_BOUND('',#1180,.T.);
#683=FACE_OUTER_BOUND('',#1181,.T.);
#684=FACE_OUTER_BOUND('',#1182,.T.);
#685=FACE_OUTER_BOUND('',#1183,.T.);
#686=FACE_OUTER_BOUND('',#1184,.T.);
#687=FACE_OUTER_BOUND('',#1185,.T.);
#688=FACE_OUTER_BOUND('',#1186,.T.);
#689=FACE_OUTER_BOUND('',#1187,.T.);
#690=FACE_OUTER_BOUND('',#1188,.T.);
#691=FACE_OUTER_BOUND('',#1189,.T.);
#692=FACE_OUTER_BOUND('',#1190,.T.);
#693=FACE_OUTER_BOUND('',#1191,.T.);
#694=FACE_OUTER_BOUND('',#1192,.T.);
#695=FACE_OUTER_BOUND('',#1193,.T.);
#696=FACE_OUTER_BOUND('',#1194,.T.);
#697=FACE_OUTER_BOUND('',#1195,.T.);
#698=FACE_OUTER_BOUND('',#1196,.T.);
#699=FACE_OUTER_BOUND('',#1197,.T.);
#700=FACE_OUTER_BOUND('',#1198,.T.);
#701=FACE_OUTER_BOUND('',#1199,.T.);
#702=FACE_OUTER_BOUND('',#1200,.T.);
#703=FACE_OUTER_BOUND('',#1201,.T.);
#704=FACE_OUTER_BOUND('',#1202,.T.);
#705=FACE_OUTER_BOUND('',#1203,.T.);
#706=FACE_OUTER_BOUND('',#1204,.T.);
#707=FACE_OUTER_BOUND('',#1205,.T.);
#708=FACE_OUTER_BOUND('',#1206,.T.);
#709=FACE_OUTER_BOUND('',#1207,.T.);
#710=FACE_OUTER_BOUND('',#1208,.T.);
#711=FACE_OUTER_BOUND('',#1209,.T.);
#712=FACE_OUTER_BOUND('',#1210,.T.);
#713=FACE_OUTER_BOUND('',#1212,.T.);
#714=FACE_OUTER_BOUND('',#1213,.T.);
#715=FACE_OUTER_BOUND('',#1214,.T.);
#716=FACE_OUTER_BOUND('',#1215,.T.);
#717=FACE_OUTER_BOUND('',#1216,.T.);
#718=FACE_OUTER_BOUND('',#1217,.T.);
#719=FACE_OUTER_BOUND('',#1218,.T.);
#720=FACE_OUTER_BOUND('',#1219,.T.);
#721=FACE_OUTER_BOUND('',#1220,.T.);
#722=FACE_OUTER_BOUND('',#1226,.T.);
#723=FACE_OUTER_BOUND('',#1227,.T.);
#724=FACE_OUTER_BOUND('',#1228,.T.);
#725=FACE_OUTER_BOUND('',#1229,.T.);
#726=FACE_OUTER_BOUND('',#1230,.T.);
#727=FACE_OUTER_BOUND('',#1231,.T.);
#728=FACE_OUTER_BOUND('',#1232,.T.);
#729=FACE_OUTER_BOUND('',#1233,.T.);
#730=FACE_OUTER_BOUND('',#1234,.T.);
#731=FACE_OUTER_BOUND('',#1235,.T.);
#732=FACE_OUTER_BOUND('',#1236,.T.);
#733=FACE_OUTER_BOUND('',#1237,.T.);
#734=FACE_OUTER_BOUND('',#1238,.T.);
#735=FACE_OUTER_BOUND('',#1239,.T.);
#736=FACE_OUTER_BOUND('',#1240,.T.);
#737=FACE_OUTER_BOUND('',#1241,.T.);
#738=FACE_OUTER_BOUND('',#1242,.T.);
#739=FACE_OUTER_BOUND('',#1243,.T.);
#740=FACE_OUTER_BOUND('',#1244,.T.);
#741=FACE_OUTER_BOUND('',#1245,.T.);
#742=FACE_OUTER_BOUND('',#1246,.T.);
#743=FACE_OUTER_BOUND('',#1247,.T.);
#744=FACE_OUTER_BOUND('',#1248,.T.);
#745=FACE_OUTER_BOUND('',#1249,.T.);
#746=FACE_OUTER_BOUND('',#1250,.T.);
#747=FACE_OUTER_BOUND('',#1251,.T.);
#748=FACE_OUTER_BOUND('',#1252,.T.);
#749=FACE_OUTER_BOUND('',#1253,.T.);
#750=FACE_OUTER_BOUND('',#1254,.T.);
#751=FACE_OUTER_BOUND('',#1255,.T.);
#752=FACE_OUTER_BOUND('',#1256,.T.);
#753=FACE_OUTER_BOUND('',#1257,.T.);
#754=FACE_OUTER_BOUND('',#1258,.T.);
#755=FACE_OUTER_BOUND('',#1259,.T.);
#756=FACE_OUTER_BOUND('',#1260,.T.);
#757=FACE_OUTER_BOUND('',#1261,.T.);
#758=FACE_OUTER_BOUND('',#1262,.T.);
#759=FACE_OUTER_BOUND('',#1263,.T.);
#760=FACE_OUTER_BOUND('',#1264,.T.);
#761=FACE_OUTER_BOUND('',#1265,.T.);
#762=FACE_OUTER_BOUND('',#1266,.T.);
#763=FACE_OUTER_BOUND('',#1267,.T.);
#764=FACE_OUTER_BOUND('',#1268,.T.);
#765=FACE_OUTER_BOUND('',#1269,.T.);
#766=FACE_OUTER_BOUND('',#1270,.T.);
#767=FACE_OUTER_BOUND('',#1271,.T.);
#768=FACE_OUTER_BOUND('',#1272,.T.);
#769=FACE_OUTER_BOUND('',#1273,.T.);
#770=FACE_OUTER_BOUND('',#1274,.T.);
#771=EDGE_LOOP('',(#4728,#4729,#4730,#4731));
#772=EDGE_LOOP('',(#4732,#4733,#4734,#4735));
#773=EDGE_LOOP('',(#4736,#4737,#4738,#4739));
#774=EDGE_LOOP('',(#4740,#4741,#4742,#4743));
#775=EDGE_LOOP('',(#4744));
#776=EDGE_LOOP('',(#4745));
#777=EDGE_LOOP('',(#4746,#4747));
#778=EDGE_LOOP('',(#4748));
#779=EDGE_LOOP('',(#4749,#4750,#4751,#4752));
#780=EDGE_LOOP('',(#4753,#4754));
#781=EDGE_LOOP('',(#4755));
#782=EDGE_LOOP('',(#4756,#4757,#4758,#4759));
#783=EDGE_LOOP('',(#4760,#4761));
#784=EDGE_LOOP('',(#4762));
#785=EDGE_LOOP('',(#4763,#4764,#4765,#4766));
#786=EDGE_LOOP('',(#4767,#4768));
#787=EDGE_LOOP('',(#4769));
#788=EDGE_LOOP('',(#4770,#4771,#4772,#4773,#4774,#4775));
#789=EDGE_LOOP('',(#4776,#4777,#4778,#4779));
#790=EDGE_LOOP('',(#4780,#4781,#4782,#4783));
#791=EDGE_LOOP('',(#4784,#4785,#4786,#4787));
#792=EDGE_LOOP('',(#4788,#4789,#4790,#4791));
#793=EDGE_LOOP('',(#4792,#4793,#4794,#4795));
#794=EDGE_LOOP('',(#4796,#4797,#4798,#4799));
#795=EDGE_LOOP('',(#4800,#4801,#4802,#4803));
#796=EDGE_LOOP('',(#4804,#4805,#4806,#4807));
#797=EDGE_LOOP('',(#4808,#4809,#4810,#4811));
#798=EDGE_LOOP('',(#4812,#4813,#4814,#4815));
#799=EDGE_LOOP('',(#4816,#4817,#4818,#4819));
#800=EDGE_LOOP('',(#4820,#4821,#4822,#4823));
#801=EDGE_LOOP('',(#4824,#4825,#4826,#4827,#4828,#4829,#4830,#4831));
#802=EDGE_LOOP('',(#4832,#4833,#4834,#4835,#4836,#4837,#4838,#4839));
#803=EDGE_LOOP('',(#4840,#4841,#4842,#4843,#4844,#4845,#4846,#4847));
#804=EDGE_LOOP('',(#4848,#4849,#4850,#4851,#4852,#4853,#4854,#4855));
#805=EDGE_LOOP('',(#4856,#4857,#4858,#4859,#4860,#4861,#4862,#4863));
#806=EDGE_LOOP('',(#4864,#4865,#4866,#4867,#4868,#4869,#4870,#4871));
#807=EDGE_LOOP('',(#4872,#4873,#4874,#4875,#4876,#4877,#4878,#4879));
#808=EDGE_LOOP('',(#4880,#4881,#4882,#4883,#4884,#4885,#4886,#4887));
#809=EDGE_LOOP('',(#4888,#4889,#4890,#4891,#4892,#4893,#4894,#4895));
#810=EDGE_LOOP('',(#4896));
#811=EDGE_LOOP('',(#4897));
#812=EDGE_LOOP('',(#4898));
#813=EDGE_LOOP('',(#4899));
#814=EDGE_LOOP('',(#4900));
#815=EDGE_LOOP('',(#4901));
#816=EDGE_LOOP('',(#4902,#4903,#4904,#4905,#4906,#4907,#4908,#4909,#4910,
#4911,#4912,#4913,#4914,#4915,#4916,#4917));
#817=EDGE_LOOP('',(#4918));
#818=EDGE_LOOP('',(#4919,#4920,#4921,#4922,#4923,#4924,#4925,#4926));
#819=EDGE_LOOP('',(#4927,#4928,#4929,#4930,#4931,#4932,#4933,#4934));
#820=EDGE_LOOP('',(#4935));
#821=EDGE_LOOP('',(#4936,#4937,#4938,#4939,#4940,#4941,#4942,#4943,#4944,
#4945,#4946,#4947,#4948,#4949,#4950,#4951));
#822=EDGE_LOOP('',(#4952));
#823=EDGE_LOOP('',(#4953,#4954,#4955,#4956,#4957,#4958,#4959,#4960));
#824=EDGE_LOOP('',(#4961,#4962,#4963,#4964,#4965,#4966,#4967,#4968));
#825=EDGE_LOOP('',(#4969,#4970,#4971,#4972));
#826=EDGE_LOOP('',(#4973,#4974,#4975,#4976));
#827=EDGE_LOOP('',(#4977,#4978,#4979,#4980));
#828=EDGE_LOOP('',(#4981,#4982,#4983,#4984));
#829=EDGE_LOOP('',(#4985,#4986,#4987,#4988));
#830=EDGE_LOOP('',(#4989,#4990,#4991,#4992));
#831=EDGE_LOOP('',(#4993,#4994,#4995,#4996));
#832=EDGE_LOOP('',(#4997,#4998,#4999,#5000));
#833=EDGE_LOOP('',(#5001,#5002,#5003,#5004,#5005,#5006));
#834=EDGE_LOOP('',(#5007,#5008,#5009,#5010,#5011,#5012));
#835=EDGE_LOOP('',(#5013,#5014,#5015,#5016,#5017,#5018));
#836=EDGE_LOOP('',(#5019,#5020,#5021,#5022,#5023,#5024));
#837=EDGE_LOOP('',(#5025,#5026,#5027,#5028,#5029,#5030));
#838=EDGE_LOOP('',(#5031,#5032,#5033,#5034));
#839=EDGE_LOOP('',(#5035,#5036,#5037,#5038,#5039,#5040,#5041));
#840=EDGE_LOOP('',(#5042,#5043,#5044,#5045));
#841=EDGE_LOOP('',(#5046,#5047,#5048,#5049,#5050));
#842=EDGE_LOOP('',(#5051,#5052,#5053,#5054));
#843=EDGE_LOOP('',(#5055,#5056,#5057,#5058,#5059));
#844=EDGE_LOOP('',(#5060,#5061,#5062,#5063,#5064,#5065));
#845=EDGE_LOOP('',(#5066,#5067,#5068,#5069,#5070,#5071));
#846=EDGE_LOOP('',(#5072));
#847=EDGE_LOOP('',(#5073,#5074,#5075,#5076,#5077,#5078,#5079,#5080,#5081,
#5082));
#848=EDGE_LOOP('',(#5083,#5084,#5085,#5086));
#849=EDGE_LOOP('',(#5087,#5088,#5089,#5090));
#850=EDGE_LOOP('',(#5091,#5092,#5093,#5094,#5095,#5096));
#851=EDGE_LOOP('',(#5097,#5098,#5099,#5100,#5101,#5102,#5103,#5104));
#852=EDGE_LOOP('',(#5105,#5106,#5107,#5108));
#853=EDGE_LOOP('',(#5109,#5110,#5111,#5112));
#854=EDGE_LOOP('',(#5113,#5114,#5115,#5116,#5117,#5118));
#855=EDGE_LOOP('',(#5119,#5120,#5121,#5122));
#856=EDGE_LOOP('',(#5123,#5124,#5125,#5126));
#857=EDGE_LOOP('',(#5127,#5128,#5129,#5130,#5131,#5132));
#858=EDGE_LOOP('',(#5133,#5134,#5135,#5136));
#859=EDGE_LOOP('',(#5137,#5138,#5139,#5140));
#860=EDGE_LOOP('',(#5141,#5142,#5143,#5144));
#861=EDGE_LOOP('',(#5145,#5146,#5147,#5148));
#862=EDGE_LOOP('',(#5149,#5150,#5151,#5152,#5153,#5154,#5155,#5156,#5157,
#5158));
#863=EDGE_LOOP('',(#5159,#5160,#5161,#5162,#5163,#5164,#5165,#5166,#5167,
#5168,#5169,#5170));
#864=EDGE_LOOP('',(#5171,#5172,#5173,#5174));
#865=EDGE_LOOP('',(#5175,#5176,#5177,#5178));
#866=EDGE_LOOP('',(#5179));
#867=EDGE_LOOP('',(#5180));
#868=EDGE_LOOP('',(#5181,#5182,#5183,#5184,#5185,#5186,#5187,#5188,#5189,
#5190,#5191,#5192,#5193,#5194,#5195,#5196,#5197,#5198,#5199,#5200,#5201,
#5202,#5203,#5204,#5205,#5206,#5207,#5208,#5209,#5210,#5211,#5212,#5213,
#5214,#5215,#5216,#5217));
#869=EDGE_LOOP('',(#5218,#5219,#5220,#5221));
#870=EDGE_LOOP('',(#5222));
#871=EDGE_LOOP('',(#5223));
#872=EDGE_LOOP('',(#5224));
#873=EDGE_LOOP('',(#5225));
#874=EDGE_LOOP('',(#5226));
#875=EDGE_LOOP('',(#5227));
#876=EDGE_LOOP('',(#5228));
#877=EDGE_LOOP('',(#5229));
#878=EDGE_LOOP('',(#5230,#5231,#5232,#5233,#5234,#5235,#5236,#5237));
#879=EDGE_LOOP('',(#5238,#5239,#5240,#5241,#5242,#5243,#5244,#5245));
#880=EDGE_LOOP('',(#5246,#5247,#5248,#5249,#5250,#5251,#5252,#5253));
#881=EDGE_LOOP('',(#5254,#5255,#5256,#5257,#5258,#5259,#5260,#5261));
#882=EDGE_LOOP('',(#5262));
#883=EDGE_LOOP('',(#5263));
#884=EDGE_LOOP('',(#5264,#5265,#5266,#5267,#5268,#5269,#5270,#5271));
#885=EDGE_LOOP('',(#5272,#5273));
#886=EDGE_LOOP('',(#5274));
#887=EDGE_LOOP('',(#5275));
#888=EDGE_LOOP('',(#5276));
#889=EDGE_LOOP('',(#5277));
#890=EDGE_LOOP('',(#5278));
#891=EDGE_LOOP('',(#5279));
#892=EDGE_LOOP('',(#5280));
#893=EDGE_LOOP('',(#5281,#5282,#5283,#5284));
#894=EDGE_LOOP('',(#5285,#5286,#5287,#5288));
#895=EDGE_LOOP('',(#5289));
#896=EDGE_LOOP('',(#5290));
#897=EDGE_LOOP('',(#5291));
#898=EDGE_LOOP('',(#5292,#5293,#5294,#5295));
#899=EDGE_LOOP('',(#5296,#5297,#5298,#5299));
#900=EDGE_LOOP('',(#5300,#5301,#5302,#5303));
#901=EDGE_LOOP('',(#5304,#5305,#5306,#5307));
#902=EDGE_LOOP('',(#5308,#5309,#5310,#5311));
#903=EDGE_LOOP('',(#5312,#5313,#5314,#5315));
#904=EDGE_LOOP('',(#5316,#5317,#5318,#5319));
#905=EDGE_LOOP('',(#5320));
#906=EDGE_LOOP('',(#5321));
#907=EDGE_LOOP('',(#5322));
#908=EDGE_LOOP('',(#5323,#5324,#5325,#5326));
#909=EDGE_LOOP('',(#5327,#5328,#5329,#5330));
#910=EDGE_LOOP('',(#5331));
#911=EDGE_LOOP('',(#5332));
#912=EDGE_LOOP('',(#5333));
#913=EDGE_LOOP('',(#5334,#5335,#5336,#5337));
#914=EDGE_LOOP('',(#5338,#5339,#5340,#5341));
#915=EDGE_LOOP('',(#5342));
#916=EDGE_LOOP('',(#5343));
#917=EDGE_LOOP('',(#5344));
#918=EDGE_LOOP('',(#5345,#5346,#5347,#5348));
#919=EDGE_LOOP('',(#5349,#5350,#5351,#5352));
#920=EDGE_LOOP('',(#5353));
#921=EDGE_LOOP('',(#5354));
#922=EDGE_LOOP('',(#5355));
#923=EDGE_LOOP('',(#5356,#5357,#5358,#5359));
#924=EDGE_LOOP('',(#5360,#5361,#5362,#5363));
#925=EDGE_LOOP('',(#5364));
#926=EDGE_LOOP('',(#5365));
#927=EDGE_LOOP('',(#5366));
#928=EDGE_LOOP('',(#5367,#5368,#5369,#5370));
#929=EDGE_LOOP('',(#5371,#5372,#5373,#5374));
#930=EDGE_LOOP('',(#5375));
#931=EDGE_LOOP('',(#5376));
#932=EDGE_LOOP('',(#5377));
#933=EDGE_LOOP('',(#5378,#5379,#5380,#5381));
#934=EDGE_LOOP('',(#5382,#5383,#5384,#5385));
#935=EDGE_LOOP('',(#5386));
#936=EDGE_LOOP('',(#5387));
#937=EDGE_LOOP('',(#5388));
#938=EDGE_LOOP('',(#5389,#5390,#5391,#5392));
#939=EDGE_LOOP('',(#5393,#5394,#5395,#5396));
#940=EDGE_LOOP('',(#5397));
#941=EDGE_LOOP('',(#5398));
#942=EDGE_LOOP('',(#5399));
#943=EDGE_LOOP('',(#5400,#5401,#5402,#5403));
#944=EDGE_LOOP('',(#5404,#5405,#5406,#5407));
#945=EDGE_LOOP('',(#5408));
#946=EDGE_LOOP('',(#5409));
#947=EDGE_LOOP('',(#5410));
#948=EDGE_LOOP('',(#5411,#5412,#5413,#5414));
#949=EDGE_LOOP('',(#5415,#5416,#5417,#5418));
#950=EDGE_LOOP('',(#5419));
#951=EDGE_LOOP('',(#5420,#5421,#5422,#5423));
#952=EDGE_LOOP('',(#5424,#5425,#5426,#5427));
#953=EDGE_LOOP('',(#5428));
#954=EDGE_LOOP('',(#5429));
#955=EDGE_LOOP('',(#5430));
#956=EDGE_LOOP('',(#5431,#5432,#5433,#5434,#5435));
#957=EDGE_LOOP('',(#5436,#5437,#5438,#5439));
#958=EDGE_LOOP('',(#5440,#5441,#5442,#5443,#5444));
#959=EDGE_LOOP('',(#5445,#5446,#5447,#5448,#5449));
#960=EDGE_LOOP('',(#5450,#5451,#5452,#5453));
#961=EDGE_LOOP('',(#5454,#5455,#5456,#5457,#5458,#5459));
#962=EDGE_LOOP('',(#5460,#5461,#5462,#5463));
#963=EDGE_LOOP('',(#5464,#5465,#5466,#5467));
#964=EDGE_LOOP('',(#5468,#5469,#5470,#5471,#5472,#5473));
#965=EDGE_LOOP('',(#5474));
#966=EDGE_LOOP('',(#5475,#5476,#5477,#5478));
#967=EDGE_LOOP('',(#5479,#5480,#5481,#5482));
#968=EDGE_LOOP('',(#5483,#5484,#5485,#5486));
#969=EDGE_LOOP('',(#5487,#5488,#5489,#5490));
#970=EDGE_LOOP('',(#5491,#5492,#5493,#5494));
#971=EDGE_LOOP('',(#5495,#5496,#5497,#5498));
#972=EDGE_LOOP('',(#5499,#5500,#5501,#5502,#5503,#5504));
#973=EDGE_LOOP('',(#5505));
#974=EDGE_LOOP('',(#5506,#5507,#5508,#5509));
#975=EDGE_LOOP('',(#5510,#5511,#5512,#5513));
#976=EDGE_LOOP('',(#5514));
#977=EDGE_LOOP('',(#5515,#5516,#5517,#5518));
#978=EDGE_LOOP('',(#5519,#5520,#5521,#5522));
#979=EDGE_LOOP('',(#5523));
#980=EDGE_LOOP('',(#5524,#5525,#5526,#5527));
#981=EDGE_LOOP('',(#5528,#5529,#5530,#5531));
#982=EDGE_LOOP('',(#5532));
#983=EDGE_LOOP('',(#5533,#5534,#5535,#5536));
#984=EDGE_LOOP('',(#5537,#5538,#5539,#5540,#5541,#5542,#5543,#5544));
#985=EDGE_LOOP('',(#5545,#5546,#5547,#5548,#5549,#5550,#5551,#5552));
#986=EDGE_LOOP('',(#5553,#5554,#5555,#5556,#5557,#5558,#5559,#5560));
#987=EDGE_LOOP('',(#5561,#5562,#5563,#5564,#5565,#5566,#5567,#5568));
#988=EDGE_LOOP('',(#5569,#5570,#5571,#5572));
#989=EDGE_LOOP('',(#5573,#5574,#5575,#5576,#5577,#5578,#5579,#5580));
#990=EDGE_LOOP('',(#5581,#5582,#5583,#5584,#5585,#5586,#5587,#5588));
#991=EDGE_LOOP('',(#5589,#5590,#5591,#5592,#5593,#5594,#5595,#5596));
#992=EDGE_LOOP('',(#5597,#5598,#5599,#5600,#5601,#5602,#5603,#5604));
#993=EDGE_LOOP('',(#5605,#5606,#5607,#5608));
#994=EDGE_LOOP('',(#5609,#5610,#5611,#5612));
#995=EDGE_LOOP('',(#5613,#5614,#5615,#5616));
#996=EDGE_LOOP('',(#5617,#5618,#5619,#5620));
#997=EDGE_LOOP('',(#5621,#5622,#5623,#5624));
#998=EDGE_LOOP('',(#5625,#5626,#5627,#5628));
#999=EDGE_LOOP('',(#5629,#5630,#5631,#5632));
#1000=EDGE_LOOP('',(#5633,#5634,#5635,#5636));
#1001=EDGE_LOOP('',(#5637,#5638,#5639,#5640));
#1002=EDGE_LOOP('',(#5641,#5642,#5643,#5644));
#1003=EDGE_LOOP('',(#5645,#5646,#5647,#5648));
#1004=EDGE_LOOP('',(#5649,#5650,#5651,#5652));
#1005=EDGE_LOOP('',(#5653,#5654,#5655,#5656));
#1006=EDGE_LOOP('',(#5657,#5658,#5659,#5660));
#1007=EDGE_LOOP('',(#5661,#5662,#5663,#5664));
#1008=EDGE_LOOP('',(#5665,#5666,#5667,#5668));
#1009=EDGE_LOOP('',(#5669,#5670,#5671,#5672));
#1010=EDGE_LOOP('',(#5673,#5674,#5675,#5676));
#1011=EDGE_LOOP('',(#5677,#5678,#5679,#5680));
#1012=EDGE_LOOP('',(#5681,#5682,#5683,#5684));
#1013=EDGE_LOOP('',(#5685,#5686,#5687,#5688));
#1014=EDGE_LOOP('',(#5689,#5690,#5691,#5692));
#1015=EDGE_LOOP('',(#5693,#5694,#5695,#5696));
#1016=EDGE_LOOP('',(#5697,#5698,#5699,#5700));
#1017=EDGE_LOOP('',(#5701,#5702,#5703,#5704));
#1018=EDGE_LOOP('',(#5705,#5706,#5707,#5708));
#1019=EDGE_LOOP('',(#5709,#5710,#5711,#5712));
#1020=EDGE_LOOP('',(#5713,#5714,#5715,#5716));
#1021=EDGE_LOOP('',(#5717,#5718,#5719,#5720));
#1022=EDGE_LOOP('',(#5721,#5722,#5723,#5724));
#1023=EDGE_LOOP('',(#5725,#5726,#5727,#5728));
#1024=EDGE_LOOP('',(#5729,#5730,#5731,#5732));
#1025=EDGE_LOOP('',(#5733,#5734,#5735,#5736));
#1026=EDGE_LOOP('',(#5737,#5738,#5739,#5740));
#1027=EDGE_LOOP('',(#5741));
#1028=EDGE_LOOP('',(#5742));
#1029=EDGE_LOOP('',(#5743));
#1030=EDGE_LOOP('',(#5744,#5745,#5746,#5747));
#1031=EDGE_LOOP('',(#5748,#5749,#5750,#5751));
#1032=EDGE_LOOP('',(#5752,#5753,#5754,#5755));
#1033=EDGE_LOOP('',(#5756,#5757,#5758,#5759));
#1034=EDGE_LOOP('',(#5760,#5761,#5762,#5763));
#1035=EDGE_LOOP('',(#5764,#5765,#5766,#5767));
#1036=EDGE_LOOP('',(#5768,#5769,#5770,#5771,#5772,#5773));
#1037=EDGE_LOOP('',(#5774,#5775,#5776,#5777));
#1038=EDGE_LOOP('',(#5778,#5779,#5780,#5781));
#1039=EDGE_LOOP('',(#5782,#5783,#5784,#5785,#5786,#5787));
#1040=EDGE_LOOP('',(#5788,#5789,#5790,#5791,#5792,#5793,#5794,#5795,#5796,
#5797));
#1041=EDGE_LOOP('',(#5798,#5799,#5800,#5801));
#1042=EDGE_LOOP('',(#5802,#5803,#5804,#5805));
#1043=EDGE_LOOP('',(#5806));
#1044=EDGE_LOOP('',(#5807));
#1045=EDGE_LOOP('',(#5808));
#1046=EDGE_LOOP('',(#5809,#5810,#5811,#5812));
#1047=EDGE_LOOP('',(#5813,#5814,#5815,#5816));
#1048=EDGE_LOOP('',(#5817));
#1049=EDGE_LOOP('',(#5818));
#1050=EDGE_LOOP('',(#5819));
#1051=EDGE_LOOP('',(#5820,#5821,#5822,#5823));
#1052=EDGE_LOOP('',(#5824,#5825,#5826,#5827));
#1053=EDGE_LOOP('',(#5828));
#1054=EDGE_LOOP('',(#5829));
#1055=EDGE_LOOP('',(#5830));
#1056=EDGE_LOOP('',(#5831,#5832,#5833,#5834));
#1057=EDGE_LOOP('',(#5835,#5836,#5837,#5838));
#1058=EDGE_LOOP('',(#5839,#5840,#5841,#5842));
#1059=EDGE_LOOP('',(#5843,#5844,#5845,#5846));
#1060=EDGE_LOOP('',(#5847,#5848,#5849,#5850));
#1061=EDGE_LOOP('',(#5851,#5852,#5853,#5854));
#1062=EDGE_LOOP('',(#5855,#5856,#5857,#5858,#5859,#5860));
#1063=EDGE_LOOP('',(#5861,#5862,#5863,#5864));
#1064=EDGE_LOOP('',(#5865,#5866,#5867,#5868));
#1065=EDGE_LOOP('',(#5869,#5870,#5871,#5872,#5873,#5874));
#1066=EDGE_LOOP('',(#5875,#5876,#5877,#5878,#5879,#5880,#5881,#5882,#5883,
#5884,#5885));
#1067=EDGE_LOOP('',(#5886));
#1068=EDGE_LOOP('',(#5887,#5888,#5889,#5890));
#1069=EDGE_LOOP('',(#5891,#5892,#5893,#5894));
#1070=EDGE_LOOP('',(#5895,#5896,#5897,#5898));
#1071=EDGE_LOOP('',(#5899,#5900,#5901,#5902));
#1072=EDGE_LOOP('',(#5903,#5904,#5905,#5906));
#1073=EDGE_LOOP('',(#5907,#5908,#5909,#5910));
#1074=EDGE_LOOP('',(#5911,#5912,#5913,#5914));
#1075=EDGE_LOOP('',(#5915,#5916,#5917,#5918));
#1076=EDGE_LOOP('',(#5919,#5920,#5921,#5922));
#1077=EDGE_LOOP('',(#5923,#5924,#5925,#5926));
#1078=EDGE_LOOP('',(#5927,#5928,#5929,#5930));
#1079=EDGE_LOOP('',(#5931,#5932,#5933,#5934));
#1080=EDGE_LOOP('',(#5935,#5936,#5937,#5938));
#1081=EDGE_LOOP('',(#5939,#5940,#5941,#5942));
#1082=EDGE_LOOP('',(#5943,#5944,#5945,#5946));
#1083=EDGE_LOOP('',(#5947,#5948,#5949,#5950));
#1084=EDGE_LOOP('',(#5951,#5952,#5953,#5954));
#1085=EDGE_LOOP('',(#5955,#5956,#5957,#5958));
#1086=EDGE_LOOP('',(#5959,#5960,#5961,#5962));
#1087=EDGE_LOOP('',(#5963,#5964,#5965,#5966));
#1088=EDGE_LOOP('',(#5967,#5968,#5969,#5970));
#1089=EDGE_LOOP('',(#5971,#5972,#5973,#5974));
#1090=EDGE_LOOP('',(#5975,#5976,#5977,#5978));
#1091=EDGE_LOOP('',(#5979,#5980,#5981,#5982));
#1092=EDGE_LOOP('',(#5983,#5984,#5985,#5986,#5987,#5988,#5989,#5990,#5991,
#5992,#5993,#5994,#5995,#5996,#5997,#5998));
#1093=EDGE_LOOP('',(#5999,#6000,#6001,#6002,#6003,#6004,#6005,#6006,#6007,
#6008,#6009,#6010,#6011,#6012,#6013,#6014,#6015,#6016,#6017,#6018,#6019,
#6020,#6021,#6022));
#1094=EDGE_LOOP('',(#6023,#6024));
#1095=EDGE_LOOP('',(#6025,#6026,#6027,#6028));
#1096=EDGE_LOOP('',(#6029,#6030));
#1097=EDGE_LOOP('',(#6031,#6032,#6033,#6034));
#1098=EDGE_LOOP('',(#6035,#6036));
#1099=EDGE_LOOP('',(#6037,#6038,#6039,#6040));
#1100=EDGE_LOOP('',(#6041,#6042));
#1101=EDGE_LOOP('',(#6043,#6044,#6045,#6046));
#1102=EDGE_LOOP('',(#6047,#6048,#6049,#6050,#6051,#6052));
#1103=EDGE_LOOP('',(#6053,#6054,#6055,#6056,#6057,#6058,#6059,#6060));
#1104=EDGE_LOOP('',(#6061,#6062,#6063,#6064,#6065,#6066));
#1105=EDGE_LOOP('',(#6067,#6068,#6069,#6070));
#1106=EDGE_LOOP('',(#6071,#6072,#6073,#6074,#6075,#6076));
#1107=EDGE_LOOP('',(#6077,#6078,#6079,#6080,#6081,#6082,#6083,#6084));
#1108=EDGE_LOOP('',(#6085,#6086,#6087,#6088,#6089,#6090));
#1109=EDGE_LOOP('',(#6091,#6092,#6093,#6094));
#1110=EDGE_LOOP('',(#6095,#6096,#6097,#6098,#6099,#6100));
#1111=EDGE_LOOP('',(#6101,#6102,#6103,#6104));
#1112=EDGE_LOOP('',(#6105,#6106,#6107,#6108,#6109,#6110));
#1113=EDGE_LOOP('',(#6111,#6112,#6113,#6114,#6115,#6116,#6117,#6118));
#1114=EDGE_LOOP('',(#6119,#6120,#6121,#6122,#6123,#6124));
#1115=EDGE_LOOP('',(#6125,#6126,#6127,#6128));
#1116=EDGE_LOOP('',(#6129,#6130,#6131,#6132,#6133,#6134));
#1117=EDGE_LOOP('',(#6135,#6136,#6137,#6138,#6139,#6140,#6141,#6142));
#1118=EDGE_LOOP('',(#6143,#6144,#6145,#6146));
#1119=EDGE_LOOP('',(#6147,#6148,#6149,#6150));
#1120=EDGE_LOOP('',(#6151,#6152,#6153,#6154));
#1121=EDGE_LOOP('',(#6155,#6156,#6157,#6158));
#1122=EDGE_LOOP('',(#6159,#6160,#6161,#6162));
#1123=EDGE_LOOP('',(#6163,#6164,#6165,#6166));
#1124=EDGE_LOOP('',(#6167,#6168,#6169,#6170));
#1125=EDGE_LOOP('',(#6171,#6172,#6173,#6174));
#1126=EDGE_LOOP('',(#6175,#6176,#6177,#6178,#6179,#6180,#6181,#6182));
#1127=EDGE_LOOP('',(#6183,#6184,#6185,#6186,#6187,#6188,#6189,#6190,#6191,
#6192,#6193,#6194,#6195,#6196,#6197,#6198));
#1128=EDGE_LOOP('',(#6199,#6200,#6201,#6202));
#1129=EDGE_LOOP('',(#6203,#6204));
#1130=EDGE_LOOP('',(#6205));
#1131=EDGE_LOOP('',(#6206,#6207,#6208,#6209));
#1132=EDGE_LOOP('',(#6210,#6211));
#1133=EDGE_LOOP('',(#6212));
#1134=EDGE_LOOP('',(#6213,#6214,#6215,#6216));
#1135=EDGE_LOOP('',(#6217,#6218));
#1136=EDGE_LOOP('',(#6219));
#1137=EDGE_LOOP('',(#6220,#6221,#6222,#6223));
#1138=EDGE_LOOP('',(#6224,#6225));
#1139=EDGE_LOOP('',(#6226));
#1140=EDGE_LOOP('',(#6227,#6228,#6229,#6230));
#1141=EDGE_LOOP('',(#6231,#6232,#6233,#6234,#6235,#6236));
#1142=EDGE_LOOP('',(#6237,#6238,#6239,#6240));
#1143=EDGE_LOOP('',(#6241,#6242,#6243,#6244,#6245,#6246));
#1144=EDGE_LOOP('',(#6247));
#1145=EDGE_LOOP('',(#6248,#6249,#6250,#6251));
#1146=EDGE_LOOP('',(#6252,#6253,#6254,#6255,#6256,#6257));
#1147=EDGE_LOOP('',(#6258));
#1148=EDGE_LOOP('',(#6259,#6260,#6261,#6262));
#1149=EDGE_LOOP('',(#6263,#6264,#6265,#6266,#6267,#6268));
#1150=EDGE_LOOP('',(#6269));
#1151=EDGE_LOOP('',(#6270,#6271,#6272,#6273));
#1152=EDGE_LOOP('',(#6274,#6275,#6276,#6277));
#1153=EDGE_LOOP('',(#6278,#6279,#6280,#6281));
#1154=EDGE_LOOP('',(#6282,#6283,#6284,#6285));
#1155=EDGE_LOOP('',(#6286,#6287,#6288,#6289,#6290,#6291,#6292,#6293));
#1156=EDGE_LOOP('',(#6294,#6295,#6296,#6297,#6298,#6299,#6300,#6301));
#1157=EDGE_LOOP('',(#6302,#6303,#6304,#6305));
#1158=EDGE_LOOP('',(#6306));
#1159=EDGE_LOOP('',(#6307,#6308,#6309,#6310,#6311,#6312,#6313,#6314));
#1160=EDGE_LOOP('',(#6315,#6316,#6317,#6318));
#1161=EDGE_LOOP('',(#6319,#6320,#6321,#6322));
#1162=EDGE_LOOP('',(#6323,#6324,#6325,#6326,#6327,#6328,#6329,#6330));
#1163=EDGE_LOOP('',(#6331,#6332,#6333,#6334));
#1164=EDGE_LOOP('',(#6335));
#1165=EDGE_LOOP('',(#6336,#6337,#6338,#6339));
#1166=EDGE_LOOP('',(#6340,#6341,#6342,#6343));
#1167=EDGE_LOOP('',(#6344,#6345,#6346,#6347));
#1168=EDGE_LOOP('',(#6348,#6349,#6350,#6351));
#1169=EDGE_LOOP('',(#6352,#6353,#6354,#6355));
#1170=EDGE_LOOP('',(#6356,#6357,#6358,#6359));
#1171=EDGE_LOOP('',(#6360,#6361,#6362,#6363));
#1172=EDGE_LOOP('',(#6364,#6365,#6366,#6367));
#1173=EDGE_LOOP('',(#6368,#6369,#6370,#6371));
#1174=EDGE_LOOP('',(#6372,#6373,#6374,#6375));
#1175=EDGE_LOOP('',(#6376,#6377,#6378,#6379));
#1176=EDGE_LOOP('',(#6380,#6381,#6382,#6383));
#1177=EDGE_LOOP('',(#6384,#6385,#6386,#6387));
#1178=EDGE_LOOP('',(#6388,#6389,#6390,#6391));
#1179=EDGE_LOOP('',(#6392,#6393,#6394,#6395));
#1180=EDGE_LOOP('',(#6396,#6397,#6398,#6399));
#1181=EDGE_LOOP('',(#6400,#6401,#6402,#6403));
#1182=EDGE_LOOP('',(#6404,#6405,#6406,#6407));
#1183=EDGE_LOOP('',(#6408,#6409,#6410,#6411));
#1184=EDGE_LOOP('',(#6412,#6413,#6414,#6415));
#1185=EDGE_LOOP('',(#6416,#6417,#6418,#6419));
#1186=EDGE_LOOP('',(#6420,#6421,#6422,#6423));
#1187=EDGE_LOOP('',(#6424,#6425,#6426,#6427));
#1188=EDGE_LOOP('',(#6428,#6429,#6430,#6431));
#1189=EDGE_LOOP('',(#6432,#6433,#6434,#6435));
#1190=EDGE_LOOP('',(#6436,#6437,#6438,#6439));
#1191=EDGE_LOOP('',(#6440,#6441,#6442,#6443));
#1192=EDGE_LOOP('',(#6444,#6445,#6446,#6447));
#1193=EDGE_LOOP('',(#6448,#6449,#6450,#6451));
#1194=EDGE_LOOP('',(#6452,#6453,#6454,#6455));
#1195=EDGE_LOOP('',(#6456,#6457,#6458,#6459));
#1196=EDGE_LOOP('',(#6460,#6461,#6462,#6463));
#1197=EDGE_LOOP('',(#6464,#6465,#6466,#6467));
#1198=EDGE_LOOP('',(#6468,#6469,#6470,#6471));
#1199=EDGE_LOOP('',(#6472,#6473,#6474,#6475));
#1200=EDGE_LOOP('',(#6476,#6477,#6478,#6479));
#1201=EDGE_LOOP('',(#6480,#6481,#6482,#6483));
#1202=EDGE_LOOP('',(#6484,#6485,#6486,#6487));
#1203=EDGE_LOOP('',(#6488,#6489,#6490,#6491));
#1204=EDGE_LOOP('',(#6492,#6493,#6494,#6495));
#1205=EDGE_LOOP('',(#6496,#6497,#6498,#6499));
#1206=EDGE_LOOP('',(#6500,#6501,#6502,#6503));
#1207=EDGE_LOOP('',(#6504,#6505,#6506,#6507));
#1208=EDGE_LOOP('',(#6508,#6509,#6510,#6511));
#1209=EDGE_LOOP('',(#6512,#6513,#6514,#6515));
#1210=EDGE_LOOP('',(#6516,#6517,#6518,#6519,#6520,#6521,#6522,#6523,#6524,
#6525,#6526,#6527,#6528,#6529,#6530,#6531,#6532,#6533,#6534,#6535,#6536,
#6537,#6538,#6539,#6540,#6541,#6542,#6543,#6544,#6545,#6546,#6547,#6548,
#6549,#6550,#6551,#6552,#6553,#6554,#6555));
#1211=EDGE_LOOP('',(#6556,#6557,#6558,#6559));
#1212=EDGE_LOOP('',(#6560,#6561,#6562,#6563));
#1213=EDGE_LOOP('',(#6564,#6565,#6566,#6567));
#1214=EDGE_LOOP('',(#6568,#6569,#6570,#6571));
#1215=EDGE_LOOP('',(#6572,#6573,#6574,#6575));
#1216=EDGE_LOOP('',(#6576,#6577,#6578,#6579));
#1217=EDGE_LOOP('',(#6580,#6581,#6582,#6583));
#1218=EDGE_LOOP('',(#6584,#6585,#6586,#6587));
#1219=EDGE_LOOP('',(#6588,#6589,#6590,#6591));
#1220=EDGE_LOOP('',(#6592,#6593,#6594,#6595,#6596,#6597,#6598,#6599));
#1221=EDGE_LOOP('',(#6600,#6601,#6602,#6603,#6604,#6605,#6606,#6607,#6608,
#6609,#6610,#6611,#6612,#6613,#6614,#6615,#6616,#6617,#6618,#6619,#6620,
#6621,#6622,#6623,#6624,#6625,#6626,#6627,#6628,#6629,#6630,#6631,#6632,
#6633,#6634,#6635,#6636,#6637,#6638,#6639));
#1222=EDGE_LOOP('',(#6640));
#1223=EDGE_LOOP('',(#6641));
#1224=EDGE_LOOP('',(#6642));
#1225=EDGE_LOOP('',(#6643));
#1226=EDGE_LOOP('',(#6644,#6645,#6646,#6647));
#1227=EDGE_LOOP('',(#6648,#6649,#6650,#6651));
#1228=EDGE_LOOP('',(#6652,#6653,#6654,#6655));
#1229=EDGE_LOOP('',(#6656,#6657,#6658,#6659));
#1230=EDGE_LOOP('',(#6660,#6661,#6662,#6663));
#1231=EDGE_LOOP('',(#6664,#6665,#6666,#6667));
#1232=EDGE_LOOP('',(#6668,#6669,#6670,#6671));
#1233=EDGE_LOOP('',(#6672,#6673,#6674,#6675));
#1234=EDGE_LOOP('',(#6676,#6677,#6678,#6679));
#1235=EDGE_LOOP('',(#6680,#6681,#6682,#6683));
#1236=EDGE_LOOP('',(#6684,#6685,#6686,#6687));
#1237=EDGE_LOOP('',(#6688,#6689,#6690,#6691));
#1238=EDGE_LOOP('',(#6692,#6693,#6694,#6695));
#1239=EDGE_LOOP('',(#6696,#6697,#6698,#6699));
#1240=EDGE_LOOP('',(#6700,#6701,#6702,#6703));
#1241=EDGE_LOOP('',(#6704,#6705,#6706,#6707));
#1242=EDGE_LOOP('',(#6708,#6709,#6710,#6711));
#1243=EDGE_LOOP('',(#6712,#6713,#6714,#6715));
#1244=EDGE_LOOP('',(#6716,#6717,#6718,#6719));
#1245=EDGE_LOOP('',(#6720,#6721,#6722,#6723));
#1246=EDGE_LOOP('',(#6724,#6725,#6726,#6727));
#1247=EDGE_LOOP('',(#6728,#6729,#6730,#6731));
#1248=EDGE_LOOP('',(#6732,#6733,#6734,#6735));
#1249=EDGE_LOOP('',(#6736,#6737,#6738,#6739));
#1250=EDGE_LOOP('',(#6740,#6741,#6742,#6743));
#1251=EDGE_LOOP('',(#6744,#6745,#6746,#6747));
#1252=EDGE_LOOP('',(#6748,#6749,#6750,#6751));
#1253=EDGE_LOOP('',(#6752,#6753,#6754,#6755));
#1254=EDGE_LOOP('',(#6756,#6757,#6758,#6759));
#1255=EDGE_LOOP('',(#6760,#6761,#6762,#6763));
#1256=EDGE_LOOP('',(#6764,#6765,#6766,#6767));
#1257=EDGE_LOOP('',(#6768,#6769,#6770,#6771));
#1258=EDGE_LOOP('',(#6772,#6773,#6774,#6775));
#1259=EDGE_LOOP('',(#6776,#6777,#6778,#6779));
#1260=EDGE_LOOP('',(#6780,#6781,#6782,#6783));
#1261=EDGE_LOOP('',(#6784,#6785,#6786,#6787));
#1262=EDGE_LOOP('',(#6788,#6789,#6790,#6791));
#1263=EDGE_LOOP('',(#6792,#6793,#6794,#6795));
#1264=EDGE_LOOP('',(#6796,#6797,#6798,#6799));
#1265=EDGE_LOOP('',(#6800,#6801,#6802,#6803));
#1266=EDGE_LOOP('',(#6804,#6805,#6806,#6807));
#1267=EDGE_LOOP('',(#6808,#6809,#6810,#6811,#6812,#6813,#6814));
#1268=EDGE_LOOP('',(#6815,#6816,#6817,#6818));
#1269=EDGE_LOOP('',(#6819,#6820,#6821,#6822,#6823,#6824));
#1270=EDGE_LOOP('',(#6825,#6826,#6827,#6828));
#1271=EDGE_LOOP('',(#6829,#6830,#6831,#6832));
#1272=EDGE_LOOP('',(#6833,#6834,#6835,#6836));
#1273=EDGE_LOOP('',(#6837,#6838,#6839,#6840));
#1274=EDGE_LOOP('',(#6841));
#1275=CIRCLE('',#7441,2.5);
#1276=CIRCLE('',#7442,2.5);
#1277=CIRCLE('',#7444,2.5);
#1278=CIRCLE('',#7445,2.5);
#1279=CIRCLE('',#7447,2.5);
#1280=CIRCLE('',#7448,2.5);
#1281=CIRCLE('',#7450,2.5);
#1282=CIRCLE('',#7451,2.5);
#1283=CIRCLE('',#7453,2.25000000000001);
#1284=CIRCLE('',#7454,0.699999999999994);
#1285=CIRCLE('',#7456,2.5);
#1286=CIRCLE('',#7457,0.700000000000003);
#1287=CIRCLE('',#7460,2.5);
#1288=CIRCLE('',#7461,0.700000000000003);
#1289=CIRCLE('',#7464,2.5);
#1290=CIRCLE('',#7465,0.700000000000003);
#1291=CIRCLE('',#7468,2.5);
#1292=CIRCLE('',#7469,0.700000000000003);
#1293=CIRCLE('',#7472,2.);
#1294=CIRCLE('',#7473,2.00000000000002);
#1295=CIRCLE('',#7475,2.00000000000003);
#1296=CIRCLE('',#7476,4.);
#1297=CIRCLE('',#7477,6.);
#1298=CIRCLE('',#7479,2.);
#1299=CIRCLE('',#7481,1.99999999999999);
#1300=CIRCLE('',#7482,20.5);
#1301=CIRCLE('',#7483,22.5);
#1302=CIRCLE('',#7485,1.99999999999999);
#1303=CIRCLE('',#7487,2.);
#1304=CIRCLE('',#7488,20.5);
#1305=CIRCLE('',#7489,22.5);
#1306=CIRCLE('',#7491,2.);
#1307=CIRCLE('',#7493,4.);
#1308=CIRCLE('',#7494,6.);
#1309=CIRCLE('',#7496,22.5);
#1310=CIRCLE('',#7499,6.);
#1311=CIRCLE('',#7502,1.00000000000004);
#1312=CIRCLE('',#7503,1.00000000000001);
#1313=CIRCLE('',#7504,1.00000000000009);
#1314=CIRCLE('',#7505,1.00000000000008);
#1315=CIRCLE('',#7506,1.00000000000001);
#1316=CIRCLE('',#7507,1.00000000000009);
#1317=CIRCLE('',#7508,1.00000000000008);
#1318=CIRCLE('',#7509,1.00000000000003);
#1319=CIRCLE('',#7510,1.00000000000002);
#1320=CIRCLE('',#7511,0.999999999999975);
#1321=CIRCLE('',#7512,1.00000000000003);
#1322=CIRCLE('',#7513,0.999999999999977);
#1323=CIRCLE('',#7514,0.999999999999977);
#1324=CIRCLE('',#7515,1.00000000000003);
#1325=CIRCLE('',#7516,0.999999999999977);
#1326=CIRCLE('',#7517,1.00000000000001);
#1327=CIRCLE('',#7518,1.00000000000004);
#1328=CIRCLE('',#7519,0.999999999999977);
#1329=CIRCLE('',#7520,1.00000000000001);
#1330=CIRCLE('',#7521,0.999999999999977);
#1331=CIRCLE('',#7522,0.999999999999977);
#1332=CIRCLE('',#7523,1.00000000000003);
#1333=CIRCLE('',#7524,0.999999999999977);
#1334=CIRCLE('',#7525,1.00000000000002);
#1335=CIRCLE('',#7526,1.00000000000003);
#1336=CIRCLE('',#7527,1.00000000000001);
#1337=CIRCLE('',#7528,1.00000000000009);
#1338=CIRCLE('',#7529,1.00000000000008);
#1339=CIRCLE('',#7530,1.00000000000009);
#1340=CIRCLE('',#7531,1.00000000000008);
#1341=CIRCLE('',#7532,1.00000000000004);
#1342=CIRCLE('',#7533,1.00000000000001);
#1343=CIRCLE('',#7534,3.8);
#1344=CIRCLE('',#7535,3.80000000000001);
#1345=CIRCLE('',#7536,3.80000000000001);
#1346=CIRCLE('',#7537,3.8);
#1347=CIRCLE('',#7538,7.5);
#1348=CIRCLE('',#7539,7.5);
#1349=CIRCLE('',#7540,0.399999999999991);
#1350=CIRCLE('',#7541,0.399999999999991);
#1351=CIRCLE('',#7542,0.399999999999991);
#1352=CIRCLE('',#7543,0.399999999999991);
#1353=CIRCLE('',#7544,3.1);
#1354=CIRCLE('',#7545,0.493178466683217);
#1355=CIRCLE('',#7546,0.493178466683216);
#1356=CIRCLE('',#7547,0.493178466683207);
#1357=CIRCLE('',#7548,0.493178466683207);
#1358=CIRCLE('',#7550,21.4999999999999);
#1359=CIRCLE('',#7551,21.5);
#1360=CIRCLE('',#7552,5.00000000000002);
#1361=CIRCLE('',#7553,5.00000000000001);
#1362=CIRCLE('',#7554,0.699999999999994);
#1363=CIRCLE('',#7555,2.24999999999998);
#1364=CIRCLE('',#7556,20.5000000000001);
#1365=CIRCLE('',#7557,20.5);
#1366=CIRCLE('',#7558,2.254);
#1367=CIRCLE('',#7559,0.700000000000001);
#1368=CIRCLE('',#7561,6.);
#1369=CIRCLE('',#7562,22.5);
#1370=CIRCLE('',#7563,21.4999999999999);
#1371=CIRCLE('',#7564,5.00000000000001);
#1372=CIRCLE('',#7565,5.00000000000002);
#1373=CIRCLE('',#7566,21.5);
#1374=CIRCLE('',#7572,1.115);
#1375=CIRCLE('',#7573,1.115);
#1376=CIRCLE('',#7575,1.115);
#1377=CIRCLE('',#7576,1.115);
#1378=CIRCLE('',#7578,1.115);
#1379=CIRCLE('',#7579,1.115);
#1380=CIRCLE('',#7581,1.115);
#1381=CIRCLE('',#7582,1.115);
#1382=CIRCLE('',#7588,1.00000000000001);
#1383=CIRCLE('',#7591,1.00000000000001);
#1384=CIRCLE('',#7592,1.00000000000001);
#1385=CIRCLE('',#7598,0.999999999999988);
#1386=CIRCLE('',#7600,2.24999999999998);
#1387=CIRCLE('',#7601,4.00000000000002);
#1388=CIRCLE('',#7602,0.699999999999994);
#1389=CIRCLE('',#7604,0.999999999999988);
#1390=CIRCLE('',#7605,1.00000000000001);
#1391=CIRCLE('',#7623,0.700000000000003);
#1392=CIRCLE('',#7624,0.700000000000003);
#1393=CIRCLE('',#7626,2.25);
#1394=CIRCLE('',#7627,2.25);
#1395=CIRCLE('',#7630,20.5000000000001);
#1396=CIRCLE('',#7631,2.5);
#1397=CIRCLE('',#7632,2.5);
#1398=CIRCLE('',#7633,4.00000000000002);
#1399=CIRCLE('',#7634,4.);
#1400=CIRCLE('',#7635,2.5);
#1401=CIRCLE('',#7636,2.5);
#1402=CIRCLE('',#7637,20.5);
#1403=CIRCLE('',#7638,2.25);
#1404=CIRCLE('',#7639,2.25);
#1405=CIRCLE('',#7640,2.25);
#1406=CIRCLE('',#7641,2.25);
#1407=CIRCLE('',#7642,2.25000000000001);
#1408=CIRCLE('',#7643,2.25000000000001);
#1409=CIRCLE('',#7644,2.25);
#1410=CIRCLE('',#7645,2.25);
#1411=CIRCLE('',#7646,5.50000000000002);
#1412=CIRCLE('',#7647,5.49999999999999);
#1413=CIRCLE('',#7648,5.50000000000001);
#1414=CIRCLE('',#7649,5.49999999999999);
#1415=CIRCLE('',#7650,2.49999999999999);
#1416=CIRCLE('',#7651,2.5);
#1417=CIRCLE('',#7652,2.50000000000001);
#1418=CIRCLE('',#7653,2.50000000000001);
#1419=CIRCLE('',#7654,0.999999999999992);
#1420=CIRCLE('',#7655,6.49999999999989);
#1421=CIRCLE('',#7656,1.00000000000014);
#1422=CIRCLE('',#7657,6.50000000000006);
#1423=CIRCLE('',#7658,1.00000000000012);
#1424=CIRCLE('',#7659,6.50000000000001);
#1425=CIRCLE('',#7660,1.00000000000005);
#1426=CIRCLE('',#7661,6.50000000000001);
#1427=CIRCLE('',#7662,2.25);
#1428=CIRCLE('',#7663,2.25);
#1429=CIRCLE('',#7664,4.);
#1430=CIRCLE('',#7665,2.25);
#1431=CIRCLE('',#7666,2.25000000000001);
#1432=CIRCLE('',#7667,2.25);
#1433=CIRCLE('',#7668,2.25000000000001);
#1434=CIRCLE('',#7669,2.25);
#1435=CIRCLE('',#7670,2.25);
#1436=CIRCLE('',#7672,0.700000000000003);
#1437=CIRCLE('',#7673,0.700000000000003);
#1438=CIRCLE('',#7675,2.25);
#1439=CIRCLE('',#7684,0.700000000000003);
#1440=CIRCLE('',#7685,0.700000000000003);
#1441=CIRCLE('',#7687,2.25);
#1442=CIRCLE('',#7691,0.700000000000003);
#1443=CIRCLE('',#7692,0.700000000000003);
#1444=CIRCLE('',#7694,2.25);
#1445=CIRCLE('',#7698,0.700000000000003);
#1446=CIRCLE('',#7699,0.700000000000003);
#1447=CIRCLE('',#7701,2.25);
#1448=CIRCLE('',#7705,0.700000000000003);
#1449=CIRCLE('',#7706,0.700000000000003);
#1450=CIRCLE('',#7708,2.25);
#1451=CIRCLE('',#7712,0.700000000000003);
#1452=CIRCLE('',#7713,0.700000000000003);
#1453=CIRCLE('',#7715,2.25000000000001);
#1454=CIRCLE('',#7719,0.700000000000003);
#1455=CIRCLE('',#7720,0.700000000000003);
#1456=CIRCLE('',#7722,2.25);
#1457=CIRCLE('',#7726,0.700000000000003);
#1458=CIRCLE('',#7727,0.700000000000003);
#1459=CIRCLE('',#7729,2.25);
#1460=CIRCLE('',#7733,0.699999999999994);
#1461=CIRCLE('',#7734,0.699999999999994);
#1462=CIRCLE('',#7736,2.25000000000001);
#1463=CIRCLE('',#7740,0.700000000000003);
#1464=CIRCLE('',#7741,0.700000000000003);
#1465=CIRCLE('',#7743,2.25000000000001);
#1466=CIRCLE('',#7747,0.699999999999994);
#1467=CIRCLE('',#7751,0.700000000000003);
#1468=CIRCLE('',#7752,0.700000000000003);
#1469=CIRCLE('',#7754,2.25);
#1470=CIRCLE('',#7759,4.);
#1471=CIRCLE('',#7761,3.1);
#1472=CIRCLE('',#7762,3.1);
#1473=CIRCLE('',#7765,0.700000000000001);
#1474=CIRCLE('',#7768,2.254);
#1475=CIRCLE('',#7771,4.);
#1476=CIRCLE('',#7777,0.700000000000003);
#1477=CIRCLE('',#7782,0.700000000000003);
#1478=CIRCLE('',#7786,0.700000000000003);
#1479=CIRCLE('',#7790,0.700000000000003);
#1480=CIRCLE('',#7794,1.00000000000001);
#1481=CIRCLE('',#7795,1.00000000000004);
#1482=CIRCLE('',#7796,1.00000000000008);
#1483=CIRCLE('',#7797,1.00000000000009);
#1484=CIRCLE('',#7798,1.00000000000008);
#1485=CIRCLE('',#7799,1.00000000000009);
#1486=CIRCLE('',#7800,1.00000000000001);
#1487=CIRCLE('',#7801,1.00000000000003);
#1488=CIRCLE('',#7802,1.00000000000003);
#1489=CIRCLE('',#7803,1.00000000000008);
#1490=CIRCLE('',#7804,1.00000000000009);
#1491=CIRCLE('',#7805,1.00000000000001);
#1492=CIRCLE('',#7806,1.00000000000008);
#1493=CIRCLE('',#7807,1.00000000000009);
#1494=CIRCLE('',#7808,1.00000000000001);
#1495=CIRCLE('',#7809,1.00000000000004);
#1496=CIRCLE('',#7811,0.999999999999977);
#1497=CIRCLE('',#7812,1.00000000000002);
#1498=CIRCLE('',#7813,0.999999999999977);
#1499=CIRCLE('',#7814,1.00000000000003);
#1500=CIRCLE('',#7815,1.00000000000004);
#1501=CIRCLE('',#7816,0.999999999999977);
#1502=CIRCLE('',#7817,1.00000000000001);
#1503=CIRCLE('',#7818,0.999999999999977);
#1504=CIRCLE('',#7819,0.999999999999977);
#1505=CIRCLE('',#7820,1.00000000000001);
#1506=CIRCLE('',#7821,0.999999999999977);
#1507=CIRCLE('',#7822,1.00000000000003);
#1508=CIRCLE('',#7823,0.999999999999977);
#1509=CIRCLE('',#7824,1.00000000000003);
#1510=CIRCLE('',#7825,0.999999999999975);
#1511=CIRCLE('',#7826,1.00000000000002);
#1512=CIRCLE('',#7860,0.700000000000003);
#1513=CIRCLE('',#7861,0.700000000000003);
#1514=CIRCLE('',#7863,2.25);
#1515=CIRCLE('',#7878,0.700000000000003);
#1516=CIRCLE('',#7879,0.700000000000003);
#1517=CIRCLE('',#7881,2.25);
#1518=CIRCLE('',#7885,0.700000000000003);
#1519=CIRCLE('',#7886,0.700000000000003);
#1520=CIRCLE('',#7888,2.25);
#1521=CIRCLE('',#7892,0.700000000000003);
#1522=CIRCLE('',#7893,0.700000000000003);
#1523=CIRCLE('',#7895,2.25);
#1524=CIRCLE('',#7911,2.79999999999999);
#1525=CIRCLE('',#7912,2.79999999999999);
#1526=CIRCLE('',#7914,7.00000000000001);
#1527=CIRCLE('',#7915,7.00000000000001);
#1528=CIRCLE('',#7917,2.79999999999999);
#1529=CIRCLE('',#7918,2.79999999999999);
#1530=CIRCLE('',#7920,6.99999999999999);
#1531=CIRCLE('',#7921,6.99999999999999);
#1532=CIRCLE('',#7923,2.79999999999999);
#1533=CIRCLE('',#7924,2.79999999999999);
#1534=CIRCLE('',#7926,6.99999999999999);
#1535=CIRCLE('',#7927,6.99999999999999);
#1536=CIRCLE('',#7929,2.79999999999999);
#1537=CIRCLE('',#7930,2.79999999999999);
#1538=CIRCLE('',#7932,6.99999999999999);
#1539=CIRCLE('',#7933,6.99999999999999);
#1540=CIRCLE('',#7937,4.62499999999998);
#1541=CIRCLE('',#7938,4.62499999999998);
#1542=CIRCLE('',#7943,4.62499999999999);
#1543=CIRCLE('',#7944,4.62499999999999);
#1544=CIRCLE('',#7949,4.625);
#1545=CIRCLE('',#7950,4.625);
#1546=CIRCLE('',#7955,4.625);
#1547=CIRCLE('',#7956,4.625);
#1548=CIRCLE('',#7961,0.399999999999991);
#1549=CIRCLE('',#7964,0.399999999999991);
#1550=CIRCLE('',#7967,0.399999999999991);
#1551=CIRCLE('',#7970,0.399999999999991);
#1552=CIRCLE('',#7989,5.50000000000001);
#1553=CIRCLE('',#7992,5.49999999999999);
#1554=CIRCLE('',#7995,5.49999999999999);
#1555=CIRCLE('',#7998,5.50000000000002);
#1556=CIRCLE('',#8004,2.50000000000001);
#1557=CIRCLE('',#8005,0.699999999999985);
#1558=CIRCLE('',#8010,2.50000000000001);
#1559=CIRCLE('',#8011,0.700000000000003);
#1560=CIRCLE('',#8016,2.5);
#1561=CIRCLE('',#8017,0.700000000000003);
#1562=CIRCLE('',#8022,2.49999999999999);
#1563=CIRCLE('',#8023,0.700000000000003);
#1564=CIRCLE('',#8025,0.700000000000003);
#1565=CIRCLE('',#8028,0.700000000000003);
#1566=CIRCLE('',#8032,0.700000000000003);
#1567=CIRCLE('',#8036,0.699999999999985);
#1568=CIRCLE('',#8040,7.5);
#1569=CIRCLE('',#8042,7.5);
#1570=CIRCLE('',#8060,0.399999999999995);
#1571=CIRCLE('',#8061,0.399999999999995);
#1572=CIRCLE('',#8063,5.62500000000011);
#1573=CIRCLE('',#8064,5.62500000000011);
#1574=CIRCLE('',#8066,1.49999999999999);
#1575=CIRCLE('',#8067,1.49999999999999);
#1576=CIRCLE('',#8069,5.62499999999993);
#1577=CIRCLE('',#8070,5.62499999999993);
#1578=CIRCLE('',#8072,0.400000000000002);
#1579=CIRCLE('',#8073,0.400000000000002);
#1580=CIRCLE('',#8076,0.399999999999995);
#1581=CIRCLE('',#8077,0.399999999999995);
#1582=CIRCLE('',#8079,4.62500000000001);
#1583=CIRCLE('',#8080,4.62500000000001);
#1584=CIRCLE('',#8082,0.399999999999989);
#1585=CIRCLE('',#8083,0.399999999999989);
#1586=CIRCLE('',#8086,0.400000000000012);
#1587=CIRCLE('',#8087,0.400000000000012);
#1588=CIRCLE('',#8089,5.62499999999993);
#1589=CIRCLE('',#8090,5.62499999999993);
#1590=CIRCLE('',#8092,1.49999999999999);
#1591=CIRCLE('',#8093,1.49999999999999);
#1592=CIRCLE('',#8095,5.62500000000002);
#1593=CIRCLE('',#8096,5.62500000000002);
#1594=CIRCLE('',#8098,0.400000000000002);
#1595=CIRCLE('',#8099,0.400000000000002);
#1596=CIRCLE('',#8102,0.399999999999996);
#1597=CIRCLE('',#8103,0.399999999999996);
#1598=CIRCLE('',#8105,4.62500000000002);
#1599=CIRCLE('',#8106,4.62500000000002);
#1600=CIRCLE('',#8108,0.399999999999995);
#1601=CIRCLE('',#8109,0.399999999999995);
#1602=CIRCLE('',#8112,0.400000000000005);
#1603=CIRCLE('',#8113,0.400000000000005);
#1604=CIRCLE('',#8115,5.625);
#1605=CIRCLE('',#8116,5.625);
#1606=CIRCLE('',#8118,1.50000000000001);
#1607=CIRCLE('',#8119,1.50000000000001);
#1608=CIRCLE('',#8121,5.62499999999987);
#1609=CIRCLE('',#8122,5.62499999999987);
#1610=CIRCLE('',#8124,0.399999999999995);
#1611=CIRCLE('',#8125,0.399999999999995);
#1612=CIRCLE('',#8128,0.400000000000006);
#1613=CIRCLE('',#8129,0.400000000000006);
#1614=CIRCLE('',#8131,4.62500000000001);
#1615=CIRCLE('',#8132,4.62500000000001);
#1616=CIRCLE('',#8134,0.400000000000008);
#1617=CIRCLE('',#8135,0.400000000000008);
#1618=CIRCLE('',#8138,0.400000000000009);
#1619=CIRCLE('',#8139,0.400000000000009);
#1620=CIRCLE('',#8141,5.62499999999989);
#1621=CIRCLE('',#8142,5.62499999999989);
#1622=CIRCLE('',#8144,1.50000000000012);
#1623=CIRCLE('',#8145,1.50000000000012);
#1624=CIRCLE('',#8147,5.62500000000011);
#1625=CIRCLE('',#8148,5.62500000000011);
#1626=CIRCLE('',#8150,0.399999999999995);
#1627=CIRCLE('',#8151,0.399999999999995);
#1628=CIRCLE('',#8154,0.399999999999987);
#1629=CIRCLE('',#8155,0.399999999999987);
#1630=CIRCLE('',#8157,4.625);
#1631=CIRCLE('',#8158,4.625);
#1632=CIRCLE('',#8160,0.400000000000027);
#1633=CIRCLE('',#8161,0.400000000000027);
#1634=CIRCLE('',#8164,1.00000000000012);
#1635=CIRCLE('',#8166,6.50000000000001);
#1636=CIRCLE('',#8168,1.00000000000005);
#1637=CIRCLE('',#8170,6.50000000000001);
#1638=CIRCLE('',#8172,0.999999999999992);
#1639=CIRCLE('',#8174,6.50000000000006);
#1640=CIRCLE('',#8176,1.00000000000014);
#1641=CIRCLE('',#8178,6.49999999999989);
#1642=CIRCLE('',#8180,3.8);
#1643=CIRCLE('',#8181,3.80000000000001);
#1644=CIRCLE('',#8182,3.80000000000001);
#1645=CIRCLE('',#8183,3.8);
#1646=LINE('',#10491,#2312);
#1647=LINE('',#10495,#2313);
#1648=LINE('',#10500,#2314);
#1649=LINE('',#10504,#2315);
#1650=LINE('',#10509,#2316);
#1651=LINE('',#10513,#2317);
#1652=LINE('',#10518,#2318);
#1653=LINE('',#10522,#2319);
#1654=LINE('',#10534,#2320);
#1655=LINE('',#10535,#2321);
#1656=LINE('',#10536,#2322);
#1657=LINE('',#10537,#2323);
#1658=LINE('',#10543,#2324);
#1659=LINE('',#10545,#2325);
#1660=LINE('',#10547,#2326);
#1661=LINE('',#10548,#2327);
#1662=LINE('',#10554,#2328);
#1663=LINE('',#10555,#2329);
#1664=LINE('',#10556,#2330);
#1665=LINE('',#10563,#2331);
#1666=LINE('',#10565,#2332);
#1667=LINE('',#10567,#2333);
#1668=LINE('',#10569,#2334);
#1669=LINE('',#10570,#2335);
#1670=LINE('',#10576,#2336);
#1671=LINE('',#10579,#2337);
#1672=LINE('',#10590,#2338);
#1673=LINE('',#10591,#2339);
#1674=LINE('',#10602,#2340);
#1675=LINE('',#10603,#2341);
#1676=LINE('',#10614,#2342);
#1677=LINE('',#10615,#2343);
#1678=LINE('',#10621,#2344);
#1679=LINE('',#10624,#2345);
#1680=LINE('',#10627,#2346);
#1681=LINE('',#10628,#2347);
#1682=LINE('',#10631,#2348);
#1683=LINE('',#10635,#2349);
#1684=LINE('',#10636,#2350);
#1685=LINE('',#10640,#2351);
#1686=LINE('',#10644,#2352);
#1687=LINE('',#10648,#2353);
#1688=LINE('',#10652,#2354);
#1689=LINE('',#10656,#2355);
#1690=LINE('',#10660,#2356);
#1691=LINE('',#10664,#2357);
#1692=LINE('',#10668,#2358);
#1693=LINE('',#10672,#2359);
#1694=LINE('',#10676,#2360);
#1695=LINE('',#10680,#2361);
#1696=LINE('',#10684,#2362);
#1697=LINE('',#10690,#2363);
#1698=LINE('',#10694,#2364);
#1699=LINE('',#10698,#2365);
#1700=LINE('',#10701,#2366);
#1701=LINE('',#10706,#2367);
#1702=LINE('',#10710,#2368);
#1703=LINE('',#10714,#2369);
#1704=LINE('',#10717,#2370);
#1705=LINE('',#10722,#2371);
#1706=LINE('',#10726,#2372);
#1707=LINE('',#10730,#2373);
#1708=LINE('',#10733,#2374);
#1709=LINE('',#10736,#2375);
#1710=LINE('',#10740,#2376);
#1711=LINE('',#10744,#2377);
#1712=LINE('',#10748,#2378);
#1713=LINE('',#10752,#2379);
#1714=LINE('',#10756,#2380);
#1715=LINE('',#10760,#2381);
#1716=LINE('',#10764,#2382);
#1717=LINE('',#10780,#2383);
#1718=LINE('',#10782,#2384);
#1719=LINE('',#10784,#2385);
#1720=LINE('',#10788,#2386);
#1721=LINE('',#10790,#2387);
#1722=LINE('',#10792,#2388);
#1723=LINE('',#10796,#2389);
#1724=LINE('',#10798,#2390);
#1725=LINE('',#10800,#2391);
#1726=LINE('',#10804,#2392);
#1727=LINE('',#10806,#2393);
#1728=LINE('',#10808,#2394);
#1729=LINE('',#10814,#2395);
#1730=LINE('',#10818,#2396);
#1731=LINE('',#10822,#2397);
#1732=LINE('',#10826,#2398);
#1733=LINE('',#10831,#2399);
#1734=LINE('',#10835,#2400);
#1735=LINE('',#10839,#2401);
#1736=LINE('',#10843,#2402);
#1737=LINE('',#10849,#2403);
#1738=LINE('',#10853,#2404);
#1739=LINE('',#10854,#2405);
#1740=LINE('',#10858,#2406);
#1741=LINE('',#10861,#2407);
#1742=LINE('',#10863,#2408);
#1743=LINE('',#10867,#2409);
#1744=LINE('',#10868,#2410);
#1745=LINE('',#10875,#2411);
#1746=LINE('',#10878,#2412);
#1747=LINE('',#10883,#2413);
#1748=LINE('',#10887,#2414);
#1749=LINE('',#10891,#2415);
#1750=LINE('',#10894,#2416);
#1751=LINE('',#10896,#2417);
#1752=LINE('',#10897,#2418);
#1753=LINE('',#10899,#2419);
#1754=LINE('',#10901,#2420);
#1755=LINE('',#10903,#2421);
#1756=LINE('',#10987,#2422);
#1757=LINE('',#10999,#2423);
#1758=LINE('',#11011,#2424);
#1759=LINE('',#11023,#2425);
#1760=LINE('',#11030,#2426);
#1761=LINE('',#11033,#2427);
#1762=LINE('',#11036,#2428);
#1763=LINE('',#11037,#2429);
#1764=LINE('',#11040,#2430);
#1765=LINE('',#11047,#2431);
#1766=LINE('',#11049,#2432);
#1767=LINE('',#11051,#2433);
#1768=LINE('',#11052,#2434);
#1769=LINE('',#11055,#2435);
#1770=LINE('',#11057,#2436);
#1771=LINE('',#11059,#2437);
#1772=LINE('',#11060,#2438);
#1773=LINE('',#11063,#2439);
#1774=LINE('',#11065,#2440);
#1775=LINE('',#11066,#2441);
#1776=LINE('',#11068,#2442);
#1777=LINE('',#11069,#2443);
#1778=LINE('',#11070,#2444);
#1779=LINE('',#11073,#2445);
#1780=LINE('',#11078,#2446);
#1781=LINE('',#11082,#2447);
#1782=LINE('',#11084,#2448);
#1783=LINE('',#11087,#2449);
#1784=LINE('',#11094,#2450);
#1785=LINE('',#11097,#2451);
#1786=LINE('',#11101,#2452);
#1787=LINE('',#11103,#2453);
#1788=LINE('',#11105,#2454);
#1789=LINE('',#11106,#2455);
#1790=LINE('',#11108,#2456);
#1791=LINE('',#11109,#2457);
#1792=LINE('',#11111,#2458);
#1793=LINE('',#11112,#2459);
#1794=LINE('',#11115,#2460);
#1795=LINE('',#11117,#2461);
#1796=LINE('',#11119,#2462);
#1797=LINE('',#11121,#2463);
#1798=LINE('',#11122,#2464);
#1799=LINE('',#11126,#2465);
#1800=LINE('',#11128,#2466);
#1801=LINE('',#11130,#2467);
#1802=LINE('',#11131,#2468);
#1803=LINE('',#11135,#2469);
#1804=LINE('',#11137,#2470);
#1805=LINE('',#11139,#2471);
#1806=LINE('',#11140,#2472);
#1807=LINE('',#11143,#2473);
#1808=LINE('',#11144,#2474);
#1809=LINE('',#11146,#2475);
#1810=LINE('',#11147,#2476);
#1811=LINE('',#11150,#2477);
#1812=LINE('',#11151,#2478);
#1813=LINE('',#11154,#2479);
#1814=LINE('',#11155,#2480);
#1815=LINE('',#11158,#2481);
#1816=LINE('',#11160,#2482);
#1817=LINE('',#11161,#2483);
#1818=LINE('',#11164,#2484);
#1819=LINE('',#11166,#2485);
#1820=LINE('',#11167,#2486);
#1821=LINE('',#11171,#2487);
#1822=LINE('',#11173,#2488);
#1823=LINE('',#11175,#2489);
#1824=LINE('',#11176,#2490);
#1825=LINE('',#11179,#2491);
#1826=LINE('',#11181,#2492);
#1827=LINE('',#11182,#2493);
#1828=LINE('',#11184,#2494);
#1829=LINE('',#11185,#2495);
#1830=LINE('',#11187,#2496);
#1831=LINE('',#11190,#2497);
#1832=LINE('',#11191,#2498);
#1833=LINE('',#11193,#2499);
#1834=LINE('',#11195,#2500);
#1835=LINE('',#11197,#2501);
#1836=LINE('',#11199,#2502);
#1837=LINE('',#11201,#2503);
#1838=LINE('',#11202,#2504);
#1839=LINE('',#11207,#2505);
#1840=LINE('',#11213,#2506);
#1841=LINE('',#11218,#2507);
#1842=LINE('',#11220,#2508);
#1843=LINE('',#11222,#2509);
#1844=LINE('',#11224,#2510);
#1845=LINE('',#11226,#2511);
#1846=LINE('',#11228,#2512);
#1847=LINE('',#11230,#2513);
#1848=LINE('',#11231,#2514);
#1849=LINE('',#11236,#2515);
#1850=LINE('',#11242,#2516);
#1851=LINE('',#11262,#2517);
#1852=LINE('',#11266,#2518);
#1853=LINE('',#11270,#2519);
#1854=LINE('',#11274,#2520);
#1855=LINE('',#11280,#2521);
#1856=LINE('',#11282,#2522);
#1857=LINE('',#11284,#2523);
#1858=LINE('',#11286,#2524);
#1859=LINE('',#11290,#2525);
#1860=LINE('',#11291,#2526);
#1861=LINE('',#11296,#2527);
#1862=LINE('',#11298,#2528);
#1863=LINE('',#11300,#2529);
#1864=LINE('',#11302,#2530);
#1865=LINE('',#11306,#2531);
#1866=LINE('',#11307,#2532);
#1867=LINE('',#11330,#2533);
#1868=LINE('',#11332,#2534);
#1869=LINE('',#11334,#2535);
#1870=LINE('',#11336,#2536);
#1871=LINE('',#11338,#2537);
#1872=LINE('',#11340,#2538);
#1873=LINE('',#11342,#2539);
#1874=LINE('',#11343,#2540);
#1875=LINE('',#11346,#2541);
#1876=LINE('',#11364,#2542);
#1877=LINE('',#11369,#2543);
#1878=LINE('',#11373,#2544);
#1879=LINE('',#11375,#2545);
#1880=LINE('',#11377,#2546);
#1881=LINE('',#11380,#2547);
#1882=LINE('',#11385,#2548);
#1883=LINE('',#11389,#2549);
#1884=LINE('',#11397,#2550);
#1885=LINE('',#11401,#2551);
#1886=LINE('',#11409,#2552);
#1887=LINE('',#11413,#2553);
#1888=LINE('',#11421,#2554);
#1889=LINE('',#11425,#2555);
#1890=LINE('',#11433,#2556);
#1891=LINE('',#11437,#2557);
#1892=LINE('',#11445,#2558);
#1893=LINE('',#11449,#2559);
#1894=LINE('',#11457,#2560);
#1895=LINE('',#11461,#2561);
#1896=LINE('',#11469,#2562);
#1897=LINE('',#11473,#2563);
#1898=LINE('',#11481,#2564);
#1899=LINE('',#11485,#2565);
#1900=LINE('',#11492,#2566);
#1901=LINE('',#11494,#2567);
#1902=LINE('',#11500,#2568);
#1903=LINE('',#11504,#2569);
#1904=LINE('',#11510,#2570);
#1905=LINE('',#11512,#2571);
#1906=LINE('',#11514,#2572);
#1907=LINE('',#11515,#2573);
#1908=LINE('',#11523,#2574);
#1909=LINE('',#11526,#2575);
#1910=LINE('',#11530,#2576);
#1911=LINE('',#11531,#2577);
#1912=LINE('',#11535,#2578);
#1913=LINE('',#11537,#2579);
#1914=LINE('',#11542,#2580);
#1915=LINE('',#11544,#2581);
#1916=LINE('',#11545,#2582);
#1917=LINE('',#11549,#2583);
#1918=LINE('',#11553,#2584);
#1919=LINE('',#11557,#2585);
#1920=LINE('',#11563,#2586);
#1921=LINE('',#11569,#2587);
#1922=LINE('',#11576,#2588);
#1923=LINE('',#11578,#2589);
#1924=LINE('',#11580,#2590);
#1925=LINE('',#11581,#2591);
#1926=LINE('',#11584,#2592);
#1927=LINE('',#11588,#2593);
#1928=LINE('',#11592,#2594);
#1929=LINE('',#11596,#2595);
#1930=LINE('',#11600,#2596);
#1931=LINE('',#11604,#2597);
#1932=LINE('',#11608,#2598);
#1933=LINE('',#11612,#2599);
#1934=LINE('',#11616,#2600);
#1935=LINE('',#11620,#2601);
#1936=LINE('',#11624,#2602);
#1937=LINE('',#11628,#2603);
#1938=LINE('',#11632,#2604);
#1939=LINE('',#11636,#2605);
#1940=LINE('',#11640,#2606);
#1941=LINE('',#11644,#2607);
#1942=LINE('',#11649,#2608);
#1943=LINE('',#11651,#2609);
#1944=LINE('',#11653,#2610);
#1945=LINE('',#11654,#2611);
#1946=LINE('',#11659,#2612);
#1947=LINE('',#11663,#2613);
#1948=LINE('',#11667,#2614);
#1949=LINE('',#11670,#2615);
#1950=LINE('',#11675,#2616);
#1951=LINE('',#11679,#2617);
#1952=LINE('',#11683,#2618);
#1953=LINE('',#11686,#2619);
#1954=LINE('',#11691,#2620);
#1955=LINE('',#11695,#2621);
#1956=LINE('',#11699,#2622);
#1957=LINE('',#11702,#2623);
#1958=LINE('',#11705,#2624);
#1959=LINE('',#11709,#2625);
#1960=LINE('',#11713,#2626);
#1961=LINE('',#11717,#2627);
#1962=LINE('',#11720,#2628);
#1963=LINE('',#11721,#2629);
#1964=LINE('',#11723,#2630);
#1965=LINE('',#11725,#2631);
#1966=LINE('',#11727,#2632);
#1967=LINE('',#11729,#2633);
#1968=LINE('',#11730,#2634);
#1969=LINE('',#11732,#2635);
#1970=LINE('',#11734,#2636);
#1971=LINE('',#11736,#2637);
#1972=LINE('',#11738,#2638);
#1973=LINE('',#11739,#2639);
#1974=LINE('',#11741,#2640);
#1975=LINE('',#11743,#2641);
#1976=LINE('',#11745,#2642);
#1977=LINE('',#11747,#2643);
#1978=LINE('',#11748,#2644);
#1979=LINE('',#11750,#2645);
#1980=LINE('',#11752,#2646);
#1981=LINE('',#11754,#2647);
#1982=LINE('',#11756,#2648);
#1983=LINE('',#11757,#2649);
#1984=LINE('',#11759,#2650);
#1985=LINE('',#11761,#2651);
#1986=LINE('',#11763,#2652);
#1987=LINE('',#11765,#2653);
#1988=LINE('',#11766,#2654);
#1989=LINE('',#11768,#2655);
#1990=LINE('',#11770,#2656);
#1991=LINE('',#11772,#2657);
#1992=LINE('',#11774,#2658);
#1993=LINE('',#11775,#2659);
#1994=LINE('',#11777,#2660);
#1995=LINE('',#11779,#2661);
#1996=LINE('',#11781,#2662);
#1997=LINE('',#11783,#2663);
#1998=LINE('',#11784,#2664);
#1999=LINE('',#11786,#2665);
#2000=LINE('',#11788,#2666);
#2001=LINE('',#11790,#2667);
#2002=LINE('',#11795,#2668);
#2003=LINE('',#11800,#2669);
#2004=LINE('',#11805,#2670);
#2005=LINE('',#11807,#2671);
#2006=LINE('',#11808,#2672);
#2007=LINE('',#11811,#2673);
#2008=LINE('',#11812,#2674);
#2009=LINE('',#11815,#2675);
#2010=LINE('',#11816,#2676);
#2011=LINE('',#11819,#2677);
#2012=LINE('',#11820,#2678);
#2013=LINE('',#11823,#2679);
#2014=LINE('',#11824,#2680);
#2015=LINE('',#11827,#2681);
#2016=LINE('',#11828,#2682);
#2017=LINE('',#11831,#2683);
#2018=LINE('',#11832,#2684);
#2019=LINE('',#11833,#2685);
#2020=LINE('',#11836,#2686);
#2021=LINE('',#11837,#2687);
#2022=LINE('',#11840,#2688);
#2023=LINE('',#11841,#2689);
#2024=LINE('',#11843,#2690);
#2025=LINE('',#11849,#2691);
#2026=LINE('',#11854,#2692);
#2027=LINE('',#11861,#2693);
#2028=LINE('',#11866,#2694);
#2029=LINE('',#11873,#2695);
#2030=LINE('',#11878,#2696);
#2031=LINE('',#11883,#2697);
#2032=LINE('',#11885,#2698);
#2033=LINE('',#11886,#2699);
#2034=LINE('',#11889,#2700);
#2035=LINE('',#11890,#2701);
#2036=LINE('',#11893,#2702);
#2037=LINE('',#11894,#2703);
#2038=LINE('',#11897,#2704);
#2039=LINE('',#11898,#2705);
#2040=LINE('',#11900,#2706);
#2041=LINE('',#11903,#2707);
#2042=LINE('',#11904,#2708);
#2043=LINE('',#11907,#2709);
#2044=LINE('',#11908,#2710);
#2045=LINE('',#11909,#2711);
#2046=LINE('',#11912,#2712);
#2047=LINE('',#11913,#2713);
#2048=LINE('',#11916,#2714);
#2049=LINE('',#11917,#2715);
#2050=LINE('',#11919,#2716);
#2051=LINE('',#11927,#2717);
#2052=LINE('',#11930,#2718);
#2053=LINE('',#11936,#2719);
#2054=LINE('',#11939,#2720);
#2055=LINE('',#11945,#2721);
#2056=LINE('',#11948,#2722);
#2057=LINE('',#11954,#2723);
#2058=LINE('',#11957,#2724);
#2059=LINE('',#11963,#2725);
#2060=LINE('',#11966,#2726);
#2061=LINE('',#11972,#2727);
#2062=LINE('',#11975,#2728);
#2063=LINE('',#11981,#2729);
#2064=LINE('',#11984,#2730);
#2065=LINE('',#11990,#2731);
#2066=LINE('',#11993,#2732);
#2067=LINE('',#11997,#2733);
#2068=LINE('',#11999,#2734);
#2069=LINE('',#12001,#2735);
#2070=LINE('',#12002,#2736);
#2071=LINE('',#12005,#2737);
#2072=LINE('',#12007,#2738);
#2073=LINE('',#12008,#2739);
#2074=LINE('',#12014,#2740);
#2075=LINE('',#12017,#2741);
#2076=LINE('',#12019,#2742);
#2077=LINE('',#12020,#2743);
#2078=LINE('',#12023,#2744);
#2079=LINE('',#12025,#2745);
#2080=LINE('',#12026,#2746);
#2081=LINE('',#12029,#2747);
#2082=LINE('',#12031,#2748);
#2083=LINE('',#12032,#2749);
#2084=LINE('',#12038,#2750);
#2085=LINE('',#12041,#2751);
#2086=LINE('',#12043,#2752);
#2087=LINE('',#12044,#2753);
#2088=LINE('',#12047,#2754);
#2089=LINE('',#12049,#2755);
#2090=LINE('',#12050,#2756);
#2091=LINE('',#12053,#2757);
#2092=LINE('',#12055,#2758);
#2093=LINE('',#12056,#2759);
#2094=LINE('',#12062,#2760);
#2095=LINE('',#12065,#2761);
#2096=LINE('',#12067,#2762);
#2097=LINE('',#12068,#2763);
#2098=LINE('',#12071,#2764);
#2099=LINE('',#12073,#2765);
#2100=LINE('',#12074,#2766);
#2101=LINE('',#12077,#2767);
#2102=LINE('',#12079,#2768);
#2103=LINE('',#12080,#2769);
#2104=LINE('',#12086,#2770);
#2105=LINE('',#12088,#2771);
#2106=LINE('',#12089,#2772);
#2107=LINE('',#12092,#2773);
#2108=LINE('',#12093,#2774);
#2109=LINE('',#12095,#2775);
#2110=LINE('',#12096,#2776);
#2111=LINE('',#12098,#2777);
#2112=LINE('',#12099,#2778);
#2113=LINE('',#12101,#2779);
#2114=LINE('',#12102,#2780);
#2115=LINE('',#12104,#2781);
#2116=LINE('',#12105,#2782);
#2117=LINE('',#12107,#2783);
#2118=LINE('',#12108,#2784);
#2119=LINE('',#12110,#2785);
#2120=LINE('',#12111,#2786);
#2121=LINE('',#12113,#2787);
#2122=LINE('',#12114,#2788);
#2123=LINE('',#12116,#2789);
#2124=LINE('',#12119,#2790);
#2125=LINE('',#12122,#2791);
#2126=LINE('',#12124,#2792);
#2127=LINE('',#12127,#2793);
#2128=LINE('',#12130,#2794);
#2129=LINE('',#12132,#2795);
#2130=LINE('',#12135,#2796);
#2131=LINE('',#12138,#2797);
#2132=LINE('',#12140,#2798);
#2133=LINE('',#12143,#2799);
#2134=LINE('',#12146,#2800);
#2135=LINE('',#12148,#2801);
#2136=LINE('',#12149,#2802);
#2137=LINE('',#12151,#2803);
#2138=LINE('',#12153,#2804);
#2139=LINE('',#12155,#2805);
#2140=LINE('',#12157,#2806);
#2141=LINE('',#12159,#2807);
#2142=LINE('',#12161,#2808);
#2143=LINE('',#12163,#2809);
#2144=LINE('',#12165,#2810);
#2145=LINE('',#12167,#2811);
#2146=LINE('',#12169,#2812);
#2147=LINE('',#12171,#2813);
#2148=LINE('',#12173,#2814);
#2149=LINE('',#12175,#2815);
#2150=LINE('',#12177,#2816);
#2151=LINE('',#12181,#2817);
#2152=LINE('',#12183,#2818);
#2153=LINE('',#12184,#2819);
#2154=LINE('',#12188,#2820);
#2155=LINE('',#12191,#2821);
#2156=LINE('',#12192,#2822);
#2157=LINE('',#12196,#2823);
#2158=LINE('',#12199,#2824);
#2159=LINE('',#12200,#2825);
#2160=LINE('',#12203,#2826);
#2161=LINE('',#12207,#2827);
#2162=LINE('',#12208,#2828);
#2163=LINE('',#12217,#2829);
#2164=LINE('',#12220,#2830);
#2165=LINE('',#12230,#2831);
#2166=LINE('',#12233,#2832);
#2167=LINE('',#12243,#2833);
#2168=LINE('',#12246,#2834);
#2169=LINE('',#12256,#2835);
#2170=LINE('',#12259,#2836);
#2171=LINE('',#12266,#2837);
#2172=LINE('',#12269,#2838);
#2173=LINE('',#12270,#2839);
#2174=LINE('',#12273,#2840);
#2175=LINE('',#12276,#2841);
#2176=LINE('',#12277,#2842);
#2177=LINE('',#12281,#2843);
#2178=LINE('',#12284,#2844);
#2179=LINE('',#12285,#2845);
#2180=LINE('',#12289,#2846);
#2181=LINE('',#12292,#2847);
#2182=LINE('',#12293,#2848);
#2183=LINE('',#12297,#2849);
#2184=LINE('',#12301,#2850);
#2185=LINE('',#12306,#2851);
#2186=LINE('',#12307,#2852);
#2187=LINE('',#12308,#2853);
#2188=LINE('',#12311,#2854);
#2189=LINE('',#12312,#2855);
#2190=LINE('',#12315,#2856);
#2191=LINE('',#12316,#2857);
#2192=LINE('',#12318,#2858);
#2193=LINE('',#12322,#2859);
#2194=LINE('',#12324,#2860);
#2195=LINE('',#12325,#2861);
#2196=LINE('',#12328,#2862);
#2197=LINE('',#12329,#2863);
#2198=LINE('',#12332,#2864);
#2199=LINE('',#12333,#2865);
#2200=LINE('',#12335,#2866);
#2201=LINE('',#12340,#2867);
#2202=LINE('',#12342,#2868);
#2203=LINE('',#12344,#2869);
#2204=LINE('',#12345,#2870);
#2205=LINE('',#12348,#2871);
#2206=LINE('',#12350,#2872);
#2207=LINE('',#12351,#2873);
#2208=LINE('',#12354,#2874);
#2209=LINE('',#12356,#2875);
#2210=LINE('',#12357,#2876);
#2211=LINE('',#12359,#2877);
#2212=LINE('',#12360,#2878);
#2213=LINE('',#12365,#2879);
#2214=LINE('',#12367,#2880);
#2215=LINE('',#12369,#2881);
#2216=LINE('',#12370,#2882);
#2217=LINE('',#12376,#2883);
#2218=LINE('',#12382,#2884);
#2219=LINE('',#12388,#2885);
#2220=LINE('',#12394,#2886);
#2221=LINE('',#12400,#2887);
#2222=LINE('',#12403,#2888);
#2223=LINE('',#12405,#2889);
#2224=LINE('',#12406,#2890);
#2225=LINE('',#12412,#2891);
#2226=LINE('',#12418,#2892);
#2227=LINE('',#12424,#2893);
#2228=LINE('',#12427,#2894);
#2229=LINE('',#12429,#2895);
#2230=LINE('',#12430,#2896);
#2231=LINE('',#12436,#2897);
#2232=LINE('',#12442,#2898);
#2233=LINE('',#12448,#2899);
#2234=LINE('',#12454,#2900);
#2235=LINE('',#12460,#2901);
#2236=LINE('',#12463,#2902);
#2237=LINE('',#12465,#2903);
#2238=LINE('',#12466,#2904);
#2239=LINE('',#12472,#2905);
#2240=LINE('',#12478,#2906);
#2241=LINE('',#12484,#2907);
#2242=LINE('',#12487,#2908);
#2243=LINE('',#12489,#2909);
#2244=LINE('',#12490,#2910);
#2245=LINE('',#12496,#2911);
#2246=LINE('',#12502,#2912);
#2247=LINE('',#12508,#2913);
#2248=LINE('',#12514,#2914);
#2249=LINE('',#12520,#2915);
#2250=LINE('',#12523,#2916);
#2251=LINE('',#12525,#2917);
#2252=LINE('',#12526,#2918);
#2253=LINE('',#12532,#2919);
#2254=LINE('',#12538,#2920);
#2255=LINE('',#12544,#2921);
#2256=LINE('',#12547,#2922);
#2257=LINE('',#12549,#2923);
#2258=LINE('',#12550,#2924);
#2259=LINE('',#12556,#2925);
#2260=LINE('',#12562,#2926);
#2261=LINE('',#12568,#2927);
#2262=LINE('',#12574,#2928);
#2263=LINE('',#12580,#2929);
#2264=LINE('',#12583,#2930);
#2265=LINE('',#12585,#2931);
#2266=LINE('',#12586,#2932);
#2267=LINE('',#12592,#2933);
#2268=LINE('',#12598,#2934);
#2269=LINE('',#12605,#2935);
#2270=LINE('',#12608,#2936);
#2271=LINE('',#12612,#2937);
#2272=LINE('',#12616,#2938);
#2273=LINE('',#12620,#2939);
#2274=LINE('',#12624,#2940);
#2275=LINE('',#12627,#2941);
#2276=LINE('',#12631,#2942);
#2277=LINE('',#12645,#2943);
#2278=LINE('',#12647,#2944);
#2279=LINE('',#12649,#2945);
#2280=LINE('',#12651,#2946);
#2281=LINE('',#12655,#2947);
#2282=LINE('',#12658,#2948);
#2283=LINE('',#12660,#2949);
#2284=LINE('',#12662,#2950);
#2285=LINE('',#12665,#2951);
#2286=LINE('',#12667,#2952);
#2287=LINE('',#12669,#2953);
#2288=LINE('',#12672,#2954);
#2289=LINE('',#12674,#2955);
#2290=LINE('',#12676,#2956);
#2291=LINE('',#12679,#2957);
#2292=LINE('',#12681,#2958);
#2293=LINE('',#12683,#2959);
#2294=LINE('',#12686,#2960);
#2295=LINE('',#12688,#2961);
#2296=LINE('',#12690,#2962);
#2297=LINE('',#12693,#2963);
#2298=LINE('',#12695,#2964);
#2299=LINE('',#12697,#2965);
#2300=LINE('',#12700,#2966);
#2301=LINE('',#12702,#2967);
#2302=LINE('',#12704,#2968);
#2303=LINE('',#12707,#2969);
#2304=LINE('',#12709,#2970);
#2305=LINE('',#12711,#2971);
#2306=LINE('',#12714,#2972);
#2307=LINE('',#12716,#2973);
#2308=LINE('',#12718,#2974);
#2309=LINE('',#12720,#2975);
#2310=LINE('',#12723,#2976);
#2311=LINE('',#12725,#2977);
#2312=VECTOR('',#8237,2.5);
#2313=VECTOR('',#8240,10.);
#2314=VECTOR('',#8245,2.5);
#2315=VECTOR('',#8248,10.);
#2316=VECTOR('',#8253,2.5);
#2317=VECTOR('',#8256,10.);
#2318=VECTOR('',#8261,2.5);
#2319=VECTOR('',#8264,10.);
#2320=VECTOR('',#8281,10.);
#2321=VECTOR('',#8282,10.);
#2322=VECTOR('',#8283,10.);
#2323=VECTOR('',#8284,10.);
#2324=VECTOR('',#8293,10.);
#2325=VECTOR('',#8294,10.);
#2326=VECTOR('',#8295,10.);
#2327=VECTOR('',#8296,10.);
#2328=VECTOR('',#8305,10.);
#2329=VECTOR('',#8306,10.);
#2330=VECTOR('',#8307,10.);
#2331=VECTOR('',#8316,10.);
#2332=VECTOR('',#8317,10.);
#2333=VECTOR('',#8318,10.);
#2334=VECTOR('',#8319,10.);
#2335=VECTOR('',#8320,10.);
#2336=VECTOR('',#8325,10.);
#2337=VECTOR('',#8328,10.);
#2338=VECTOR('',#8341,10.);
#2339=VECTOR('',#8342,10.);
#2340=VECTOR('',#8355,10.);
#2341=VECTOR('',#8356,10.);
#2342=VECTOR('',#8369,10.);
#2343=VECTOR('',#8370,10.);
#2344=VECTOR('',#8379,10.);
#2345=VECTOR('',#8382,10.);
#2346=VECTOR('',#8385,10.);
#2347=VECTOR('',#8386,10.);
#2348=VECTOR('',#8389,10.);
#2349=VECTOR('',#8394,10.);
#2350=VECTOR('',#8395,10.);
#2351=VECTOR('',#8398,10.);
#2352=VECTOR('',#8401,10.);
#2353=VECTOR('',#8404,10.);
#2354=VECTOR('',#8407,10.);
#2355=VECTOR('',#8410,10.);
#2356=VECTOR('',#8413,10.);
#2357=VECTOR('',#8416,10.);
#2358=VECTOR('',#8419,10.);
#2359=VECTOR('',#8422,10.);
#2360=VECTOR('',#8425,10.);
#2361=VECTOR('',#8428,10.);
#2362=VECTOR('',#8431,10.);
#2363=VECTOR('',#8436,10.);
#2364=VECTOR('',#8439,10.);
#2365=VECTOR('',#8442,10.);
#2366=VECTOR('',#8445,10.);
#2367=VECTOR('',#8448,10.);
#2368=VECTOR('',#8451,10.);
#2369=VECTOR('',#8454,10.);
#2370=VECTOR('',#8457,10.);
#2371=VECTOR('',#8460,10.);
#2372=VECTOR('',#8463,10.);
#2373=VECTOR('',#8466,10.);
#2374=VECTOR('',#8469,10.);
#2375=VECTOR('',#8470,10.);
#2376=VECTOR('',#8473,10.);
#2377=VECTOR('',#8476,10.);
#2378=VECTOR('',#8479,10.);
#2379=VECTOR('',#8482,10.);
#2380=VECTOR('',#8485,10.);
#2381=VECTOR('',#8488,10.);
#2382=VECTOR('',#8491,10.);
#2383=VECTOR('',#8506,10.);
#2384=VECTOR('',#8507,10.);
#2385=VECTOR('',#8508,10.);
#2386=VECTOR('',#8511,10.);
#2387=VECTOR('',#8512,10.);
#2388=VECTOR('',#8513,10.);
#2389=VECTOR('',#8516,10.);
#2390=VECTOR('',#8517,10.);
#2391=VECTOR('',#8518,10.);
#2392=VECTOR('',#8521,10.);
#2393=VECTOR('',#8522,10.);
#2394=VECTOR('',#8523,10.);
#2395=VECTOR('',#8528,10.);
#2396=VECTOR('',#8531,10.);
#2397=VECTOR('',#8534,10.);
#2398=VECTOR('',#8537,10.);
#2399=VECTOR('',#8542,10.);
#2400=VECTOR('',#8545,10.);
#2401=VECTOR('',#8548,10.);
#2402=VECTOR('',#8551,10.);
#2403=VECTOR('',#8556,10.);
#2404=VECTOR('',#8559,10.);
#2405=VECTOR('',#8560,10.);
#2406=VECTOR('',#8563,10.);
#2407=VECTOR('',#8566,10.);
#2408=VECTOR('',#8567,10.);
#2409=VECTOR('',#8570,10.);
#2410=VECTOR('',#8571,10.);
#2411=VECTOR('',#8578,10.);
#2412=VECTOR('',#8581,10.);
#2413=VECTOR('',#8584,10.);
#2414=VECTOR('',#8587,10.);
#2415=VECTOR('',#8590,10.);
#2416=VECTOR('',#8593,10.);
#2417=VECTOR('',#8596,10.);
#2418=VECTOR('',#8597,10.);
#2419=VECTOR('',#8600,10.);
#2420=VECTOR('',#8603,10.);
#2421=VECTOR('',#8606,10.);
#2422=VECTOR('',#8633,10.);
#2423=VECTOR('',#8636,10.);
#2424=VECTOR('',#8639,10.);
#2425=VECTOR('',#8642,10.);
#2426=VECTOR('',#8645,10.);
#2427=VECTOR('',#8648,10.);
#2428=VECTOR('',#8651,10.);
#2429=VECTOR('',#8652,10.);
#2430=VECTOR('',#8655,10.);
#2431=VECTOR('',#8662,10.);
#2432=VECTOR('',#8663,10.);
#2433=VECTOR('',#8664,10.);
#2434=VECTOR('',#8665,10.);
#2435=VECTOR('',#8668,10.);
#2436=VECTOR('',#8669,10.);
#2437=VECTOR('',#8670,10.);
#2438=VECTOR('',#8671,10.);
#2439=VECTOR('',#8674,10.);
#2440=VECTOR('',#8675,10.);
#2441=VECTOR('',#8676,10.);
#2442=VECTOR('',#8679,10.);
#2443=VECTOR('',#8680,10.);
#2444=VECTOR('',#8681,10.);
#2445=VECTOR('',#8684,10.);
#2446=VECTOR('',#8689,10.);
#2447=VECTOR('',#8692,10.);
#2448=VECTOR('',#8693,10.);
#2449=VECTOR('',#8696,10.);
#2450=VECTOR('',#8703,10.);
#2451=VECTOR('',#8706,10.);
#2452=VECTOR('',#8709,10.);
#2453=VECTOR('',#8710,10.);
#2454=VECTOR('',#8711,10.);
#2455=VECTOR('',#8712,10.);
#2456=VECTOR('',#8715,10.);
#2457=VECTOR('',#8716,10.);
#2458=VECTOR('',#8719,10.);
#2459=VECTOR('',#8720,10.);
#2460=VECTOR('',#8723,10.);
#2461=VECTOR('',#8724,10.);
#2462=VECTOR('',#8725,10.);
#2463=VECTOR('',#8726,10.);
#2464=VECTOR('',#8727,10.);
#2465=VECTOR('',#8730,10.);
#2466=VECTOR('',#8731,10.);
#2467=VECTOR('',#8732,10.);
#2468=VECTOR('',#8733,10.);
#2469=VECTOR('',#8736,10.);
#2470=VECTOR('',#8737,10.);
#2471=VECTOR('',#8738,10.);
#2472=VECTOR('',#8739,10.);
#2473=VECTOR('',#8742,10.);
#2474=VECTOR('',#8743,10.);
#2475=VECTOR('',#8744,10.);
#2476=VECTOR('',#8745,10.);
#2477=VECTOR('',#8748,10.);
#2478=VECTOR('',#8749,10.);
#2479=VECTOR('',#8752,10.);
#2480=VECTOR('',#8753,10.);
#2481=VECTOR('',#8756,10.);
#2482=VECTOR('',#8757,10.);
#2483=VECTOR('',#8758,10.);
#2484=VECTOR('',#8761,10.);
#2485=VECTOR('',#8762,10.);
#2486=VECTOR('',#8763,10.);
#2487=VECTOR('',#8766,10.);
#2488=VECTOR('',#8767,10.);
#2489=VECTOR('',#8768,10.);
#2490=VECTOR('',#8769,10.);
#2491=VECTOR('',#8772,10.);
#2492=VECTOR('',#8773,10.);
#2493=VECTOR('',#8774,10.);
#2494=VECTOR('',#8777,10.);
#2495=VECTOR('',#8778,10.);
#2496=VECTOR('',#8781,10.);
#2497=VECTOR('',#8784,10.);
#2498=VECTOR('',#8785,10.);
#2499=VECTOR('',#8786,10.);
#2500=VECTOR('',#8787,10.);
#2501=VECTOR('',#8788,10.);
#2502=VECTOR('',#8789,10.);
#2503=VECTOR('',#8790,10.);
#2504=VECTOR('',#8791,10.);
#2505=VECTOR('',#8796,0.700000000000003);
#2506=VECTOR('',#8803,2.25);
#2507=VECTOR('',#8810,10.);
#2508=VECTOR('',#8811,10.);
#2509=VECTOR('',#8812,10.);
#2510=VECTOR('',#8813,10.);
#2511=VECTOR('',#8814,10.);
#2512=VECTOR('',#8815,10.);
#2513=VECTOR('',#8816,10.);
#2514=VECTOR('',#8817,10.);
#2515=VECTOR('',#8824,10.);
#2516=VECTOR('',#8833,10.);
#2517=VECTOR('',#8852,10.);
#2518=VECTOR('',#8855,10.);
#2519=VECTOR('',#8858,10.);
#2520=VECTOR('',#8861,10.);
#2521=VECTOR('',#8866,10.);
#2522=VECTOR('',#8867,10.);
#2523=VECTOR('',#8868,10.);
#2524=VECTOR('',#8869,10.);
#2525=VECTOR('',#8872,10.);
#2526=VECTOR('',#8873,10.);
#2527=VECTOR('',#8876,10.);
#2528=VECTOR('',#8877,10.);
#2529=VECTOR('',#8878,10.);
#2530=VECTOR('',#8879,10.);
#2531=VECTOR('',#8882,10.);
#2532=VECTOR('',#8883,10.);
#2533=VECTOR('',#8904,10.);
#2534=VECTOR('',#8905,10.);
#2535=VECTOR('',#8906,10.);
#2536=VECTOR('',#8907,10.);
#2537=VECTOR('',#8908,10.);
#2538=VECTOR('',#8909,10.);
#2539=VECTOR('',#8910,10.);
#2540=VECTOR('',#8911,10.);
#2541=VECTOR('',#8912,10.);
#2542=VECTOR('',#8931,0.700000000000003);
#2543=VECTOR('',#8938,2.25);
#2544=VECTOR('',#8945,10.);
#2545=VECTOR('',#8948,10.);
#2546=VECTOR('',#8951,10.);
#2547=VECTOR('',#8956,10.);
#2548=VECTOR('',#8961,0.700000000000003);
#2549=VECTOR('',#8966,2.25);
#2550=VECTOR('',#8977,0.700000000000003);
#2551=VECTOR('',#8982,2.25);
#2552=VECTOR('',#8993,0.700000000000003);
#2553=VECTOR('',#8998,2.25);
#2554=VECTOR('',#9009,0.700000000000003);
#2555=VECTOR('',#9014,2.25);
#2556=VECTOR('',#9025,0.700000000000003);
#2557=VECTOR('',#9030,2.25000000000001);
#2558=VECTOR('',#9041,0.700000000000003);
#2559=VECTOR('',#9046,2.25);
#2560=VECTOR('',#9057,0.700000000000003);
#2561=VECTOR('',#9062,2.25);
#2562=VECTOR('',#9073,0.699999999999994);
#2563=VECTOR('',#9078,2.25000000000001);
#2564=VECTOR('',#9089,0.700000000000003);
#2565=VECTOR('',#9094,2.25000000000001);
#2566=VECTOR('',#9105,0.699999999999994);
#2567=VECTOR('',#9108,2.25000000000001);
#2568=VECTOR('',#9115,0.700000000000003);
#2569=VECTOR('',#9120,2.25);
#2570=VECTOR('',#9129,10.);
#2571=VECTOR('',#9130,10.);
#2572=VECTOR('',#9131,10.);
#2573=VECTOR('',#9132,10.);
#2574=VECTOR('',#9145,3.1);
#2575=VECTOR('',#9148,0.700000000000001);
#2576=VECTOR('',#9153,10.);
#2577=VECTOR('',#9154,10.);
#2578=VECTOR('',#9159,10.);
#2579=VECTOR('',#9162,10.);
#2580=VECTOR('',#9171,0.699999999999994);
#2581=VECTOR('',#9174,10.);
#2582=VECTOR('',#9175,10.);
#2583=VECTOR('',#9180,0.700000000000003);
#2584=VECTOR('',#9187,10.);
#2585=VECTOR('',#9192,0.700000000000003);
#2586=VECTOR('',#9201,0.700000000000003);
#2587=VECTOR('',#9210,0.700000000000003);
#2588=VECTOR('',#9219,10.);
#2589=VECTOR('',#9220,10.);
#2590=VECTOR('',#9221,10.);
#2591=VECTOR('',#9222,10.);
#2592=VECTOR('',#9223,10.);
#2593=VECTOR('',#9226,10.);
#2594=VECTOR('',#9229,10.);
#2595=VECTOR('',#9232,10.);
#2596=VECTOR('',#9235,10.);
#2597=VECTOR('',#9238,10.);
#2598=VECTOR('',#9241,10.);
#2599=VECTOR('',#9244,10.);
#2600=VECTOR('',#9247,10.);
#2601=VECTOR('',#9250,10.);
#2602=VECTOR('',#9253,10.);
#2603=VECTOR('',#9256,10.);
#2604=VECTOR('',#9259,10.);
#2605=VECTOR('',#9262,10.);
#2606=VECTOR('',#9265,10.);
#2607=VECTOR('',#9268,10.);
#2608=VECTOR('',#9273,10.);
#2609=VECTOR('',#9274,10.);
#2610=VECTOR('',#9275,10.);
#2611=VECTOR('',#9276,10.);
#2612=VECTOR('',#9279,10.);
#2613=VECTOR('',#9282,10.);
#2614=VECTOR('',#9285,10.);
#2615=VECTOR('',#9288,10.);
#2616=VECTOR('',#9291,10.);
#2617=VECTOR('',#9294,10.);
#2618=VECTOR('',#9297,10.);
#2619=VECTOR('',#9300,10.);
#2620=VECTOR('',#9303,10.);
#2621=VECTOR('',#9306,10.);
#2622=VECTOR('',#9309,10.);
#2623=VECTOR('',#9312,10.);
#2624=VECTOR('',#9313,10.);
#2625=VECTOR('',#9316,10.);
#2626=VECTOR('',#9319,10.);
#2627=VECTOR('',#9322,10.);
#2628=VECTOR('',#9327,10.);
#2629=VECTOR('',#9328,10.);
#2630=VECTOR('',#9331,10.);
#2631=VECTOR('',#9334,10.);
#2632=VECTOR('',#9337,10.);
#2633=VECTOR('',#9340,10.);
#2634=VECTOR('',#9341,10.);
#2635=VECTOR('',#9344,10.);
#2636=VECTOR('',#9347,10.);
#2637=VECTOR('',#9350,10.);
#2638=VECTOR('',#9353,10.);
#2639=VECTOR('',#9354,10.);
#2640=VECTOR('',#9357,10.);
#2641=VECTOR('',#9360,10.);
#2642=VECTOR('',#9363,10.);
#2643=VECTOR('',#9366,10.);
#2644=VECTOR('',#9367,10.);
#2645=VECTOR('',#9370,10.);
#2646=VECTOR('',#9373,10.);
#2647=VECTOR('',#9376,10.);
#2648=VECTOR('',#9379,10.);
#2649=VECTOR('',#9380,10.);
#2650=VECTOR('',#9383,10.);
#2651=VECTOR('',#9386,10.);
#2652=VECTOR('',#9389,10.);
#2653=VECTOR('',#9392,10.);
#2654=VECTOR('',#9393,10.);
#2655=VECTOR('',#9396,10.);
#2656=VECTOR('',#9399,10.);
#2657=VECTOR('',#9402,10.);
#2658=VECTOR('',#9405,10.);
#2659=VECTOR('',#9406,10.);
#2660=VECTOR('',#9409,10.);
#2661=VECTOR('',#9412,10.);
#2662=VECTOR('',#9415,10.);
#2663=VECTOR('',#9418,10.);
#2664=VECTOR('',#9419,10.);
#2665=VECTOR('',#9422,10.);
#2666=VECTOR('',#9425,10.);
#2667=VECTOR('',#9428,10.);
#2668=VECTOR('',#9433,0.700000000000003);
#2669=VECTOR('',#9440,2.25);
#2670=VECTOR('',#9447,10.);
#2671=VECTOR('',#9448,10.);
#2672=VECTOR('',#9449,10.);
#2673=VECTOR('',#9452,10.);
#2674=VECTOR('',#9453,10.);
#2675=VECTOR('',#9456,10.);
#2676=VECTOR('',#9457,10.);
#2677=VECTOR('',#9460,10.);
#2678=VECTOR('',#9461,10.);
#2679=VECTOR('',#9464,10.);
#2680=VECTOR('',#9465,10.);
#2681=VECTOR('',#9468,10.);
#2682=VECTOR('',#9469,10.);
#2683=VECTOR('',#9472,10.);
#2684=VECTOR('',#9473,10.);
#2685=VECTOR('',#9474,10.);
#2686=VECTOR('',#9477,10.);
#2687=VECTOR('',#9478,10.);
#2688=VECTOR('',#9481,10.);
#2689=VECTOR('',#9482,10.);
#2690=VECTOR('',#9485,10.);
#2691=VECTOR('',#9492,0.700000000000003);
#2692=VECTOR('',#9499,2.25);
#2693=VECTOR('',#9508,0.700000000000003);
#2694=VECTOR('',#9515,2.25);
#2695=VECTOR('',#9524,0.700000000000003);
#2696=VECTOR('',#9531,2.25);
#2697=VECTOR('',#9538,10.);
#2698=VECTOR('',#9539,10.);
#2699=VECTOR('',#9540,10.);
#2700=VECTOR('',#9543,10.);
#2701=VECTOR('',#9544,10.);
#2702=VECTOR('',#9547,10.);
#2703=VECTOR('',#9548,10.);
#2704=VECTOR('',#9551,10.);
#2705=VECTOR('',#9552,10.);
#2706=VECTOR('',#9555,10.);
#2707=VECTOR('',#9558,10.);
#2708=VECTOR('',#9559,10.);
#2709=VECTOR('',#9562,10.);
#2710=VECTOR('',#9563,10.);
#2711=VECTOR('',#9564,10.);
#2712=VECTOR('',#9567,10.);
#2713=VECTOR('',#9568,10.);
#2714=VECTOR('',#9571,10.);
#2715=VECTOR('',#9572,10.);
#2716=VECTOR('',#9575,10.);
#2717=VECTOR('',#9584,10.);
#2718=VECTOR('',#9587,10.);
#2719=VECTOR('',#9592,10.);
#2720=VECTOR('',#9595,10.);
#2721=VECTOR('',#9600,10.);
#2722=VECTOR('',#9603,10.);
#2723=VECTOR('',#9608,10.);
#2724=VECTOR('',#9611,10.);
#2725=VECTOR('',#9616,10.);
#2726=VECTOR('',#9619,10.);
#2727=VECTOR('',#9624,10.);
#2728=VECTOR('',#9627,10.);
#2729=VECTOR('',#9632,10.);
#2730=VECTOR('',#9635,10.);
#2731=VECTOR('',#9640,10.);
#2732=VECTOR('',#9643,10.);
#2733=VECTOR('',#9646,10.);
#2734=VECTOR('',#9647,10.);
#2735=VECTOR('',#9648,10.);
#2736=VECTOR('',#9649,10.);
#2737=VECTOR('',#9652,10.);
#2738=VECTOR('',#9653,10.);
#2739=VECTOR('',#9654,10.);
#2740=VECTOR('',#9661,10.);
#2741=VECTOR('',#9664,10.);
#2742=VECTOR('',#9665,10.);
#2743=VECTOR('',#9666,10.);
#2744=VECTOR('',#9669,10.);
#2745=VECTOR('',#9670,10.);
#2746=VECTOR('',#9671,10.);
#2747=VECTOR('',#9674,10.);
#2748=VECTOR('',#9675,10.);
#2749=VECTOR('',#9676,10.);
#2750=VECTOR('',#9683,10.);
#2751=VECTOR('',#9686,10.);
#2752=VECTOR('',#9687,10.);
#2753=VECTOR('',#9688,10.);
#2754=VECTOR('',#9691,10.);
#2755=VECTOR('',#9692,10.);
#2756=VECTOR('',#9693,10.);
#2757=VECTOR('',#9696,10.);
#2758=VECTOR('',#9697,10.);
#2759=VECTOR('',#9698,10.);
#2760=VECTOR('',#9705,10.);
#2761=VECTOR('',#9708,10.);
#2762=VECTOR('',#9709,10.);
#2763=VECTOR('',#9710,10.);
#2764=VECTOR('',#9713,10.);
#2765=VECTOR('',#9714,10.);
#2766=VECTOR('',#9715,10.);
#2767=VECTOR('',#9718,10.);
#2768=VECTOR('',#9719,10.);
#2769=VECTOR('',#9720,10.);
#2770=VECTOR('',#9727,10.);
#2771=VECTOR('',#9730,10.);
#2772=VECTOR('',#9731,10.);
#2773=VECTOR('',#9734,10.);
#2774=VECTOR('',#9735,10.);
#2775=VECTOR('',#9736,10.);
#2776=VECTOR('',#9737,10.);
#2777=VECTOR('',#9738,10.);
#2778=VECTOR('',#9739,10.);
#2779=VECTOR('',#9740,10.);
#2780=VECTOR('',#9741,10.);
#2781=VECTOR('',#9742,10.);
#2782=VECTOR('',#9743,10.);
#2783=VECTOR('',#9744,10.);
#2784=VECTOR('',#9745,10.);
#2785=VECTOR('',#9746,10.);
#2786=VECTOR('',#9747,10.);
#2787=VECTOR('',#9748,10.);
#2788=VECTOR('',#9749,10.);
#2789=VECTOR('',#9752,10.);
#2790=VECTOR('',#9755,10.);
#2791=VECTOR('',#9758,10.);
#2792=VECTOR('',#9761,10.);
#2793=VECTOR('',#9764,10.);
#2794=VECTOR('',#9767,10.);
#2795=VECTOR('',#9770,10.);
#2796=VECTOR('',#9773,10.);
#2797=VECTOR('',#9776,10.);
#2798=VECTOR('',#9779,10.);
#2799=VECTOR('',#9782,10.);
#2800=VECTOR('',#9785,10.);
#2801=VECTOR('',#9788,10.);
#2802=VECTOR('',#9789,10.);
#2803=VECTOR('',#9792,10.);
#2804=VECTOR('',#9795,10.);
#2805=VECTOR('',#9798,10.);
#2806=VECTOR('',#9801,10.);
#2807=VECTOR('',#9804,10.);
#2808=VECTOR('',#9807,10.);
#2809=VECTOR('',#9810,10.);
#2810=VECTOR('',#9813,10.);
#2811=VECTOR('',#9816,10.);
#2812=VECTOR('',#9819,10.);
#2813=VECTOR('',#9822,10.);
#2814=VECTOR('',#9825,10.);
#2815=VECTOR('',#9828,10.);
#2816=VECTOR('',#9831,10.);
#2817=VECTOR('',#9836,10.);
#2818=VECTOR('',#9837,10.);
#2819=VECTOR('',#9838,10.);
#2820=VECTOR('',#9843,10.);
#2821=VECTOR('',#9846,10.);
#2822=VECTOR('',#9847,10.);
#2823=VECTOR('',#9852,10.);
#2824=VECTOR('',#9855,10.);
#2825=VECTOR('',#9856,10.);
#2826=VECTOR('',#9859,10.);
#2827=VECTOR('',#9864,10.);
#2828=VECTOR('',#9865,10.);
#2829=VECTOR('',#9876,10.);
#2830=VECTOR('',#9879,10.);
#2831=VECTOR('',#9890,10.);
#2832=VECTOR('',#9893,10.);
#2833=VECTOR('',#9904,10.);
#2834=VECTOR('',#9907,10.);
#2835=VECTOR('',#9918,10.);
#2836=VECTOR('',#9921,10.);
#2837=VECTOR('',#9930,0.700000000000003);
#2838=VECTOR('',#9935,10.);
#2839=VECTOR('',#9936,10.);
#2840=VECTOR('',#9939,0.700000000000003);
#2841=VECTOR('',#9944,10.);
#2842=VECTOR('',#9945,10.);
#2843=VECTOR('',#9950,0.700000000000003);
#2844=VECTOR('',#9955,10.);
#2845=VECTOR('',#9956,10.);
#2846=VECTOR('',#9961,0.699999999999985);
#2847=VECTOR('',#9966,10.);
#2848=VECTOR('',#9967,10.);
#2849=VECTOR('',#9972,7.5);
#2850=VECTOR('',#9977,7.5);
#2851=VECTOR('',#9982,10.);
#2852=VECTOR('',#9983,10.);
#2853=VECTOR('',#9984,10.);
#2854=VECTOR('',#9987,10.);
#2855=VECTOR('',#9988,10.);
#2856=VECTOR('',#9991,10.);
#2857=VECTOR('',#9992,10.);
#2858=VECTOR('',#9995,10.);
#2859=VECTOR('',#10000,10.);
#2860=VECTOR('',#10001,10.);
#2861=VECTOR('',#10002,10.);
#2862=VECTOR('',#10005,10.);
#2863=VECTOR('',#10006,10.);
#2864=VECTOR('',#10009,10.);
#2865=VECTOR('',#10010,10.);
#2866=VECTOR('',#10013,10.);
#2867=VECTOR('',#10018,10.);
#2868=VECTOR('',#10019,10.);
#2869=VECTOR('',#10020,10.);
#2870=VECTOR('',#10021,10.);
#2871=VECTOR('',#10024,10.);
#2872=VECTOR('',#10025,10.);
#2873=VECTOR('',#10026,10.);
#2874=VECTOR('',#10029,10.);
#2875=VECTOR('',#10030,10.);
#2876=VECTOR('',#10031,10.);
#2877=VECTOR('',#10034,10.);
#2878=VECTOR('',#10035,10.);
#2879=VECTOR('',#10040,10.);
#2880=VECTOR('',#10041,10.);
#2881=VECTOR('',#10042,10.);
#2882=VECTOR('',#10043,10.);
#2883=VECTOR('',#10050,10.);
#2884=VECTOR('',#10057,10.);
#2885=VECTOR('',#10064,10.);
#2886=VECTOR('',#10071,10.);
#2887=VECTOR('',#10078,10.);
#2888=VECTOR('',#10081,10.);
#2889=VECTOR('',#10082,10.);
#2890=VECTOR('',#10083,10.);
#2891=VECTOR('',#10090,10.);
#2892=VECTOR('',#10097,10.);
#2893=VECTOR('',#10104,10.);
#2894=VECTOR('',#10107,10.);
#2895=VECTOR('',#10108,10.);
#2896=VECTOR('',#10109,10.);
#2897=VECTOR('',#10116,10.);
#2898=VECTOR('',#10123,10.);
#2899=VECTOR('',#10130,10.);
#2900=VECTOR('',#10137,10.);
#2901=VECTOR('',#10144,10.);
#2902=VECTOR('',#10147,10.);
#2903=VECTOR('',#10148,10.);
#2904=VECTOR('',#10149,10.);
#2905=VECTOR('',#10156,10.);
#2906=VECTOR('',#10163,10.);
#2907=VECTOR('',#10170,10.);
#2908=VECTOR('',#10173,10.);
#2909=VECTOR('',#10174,10.);
#2910=VECTOR('',#10175,10.);
#2911=VECTOR('',#10182,10.);
#2912=VECTOR('',#10189,10.);
#2913=VECTOR('',#10196,10.);
#2914=VECTOR('',#10203,10.);
#2915=VECTOR('',#10210,10.);
#2916=VECTOR('',#10213,10.);
#2917=VECTOR('',#10214,10.);
#2918=VECTOR('',#10215,10.);
#2919=VECTOR('',#10222,10.);
#2920=VECTOR('',#10229,10.);
#2921=VECTOR('',#10236,10.);
#2922=VECTOR('',#10239,10.);
#2923=VECTOR('',#10240,10.);
#2924=VECTOR('',#10241,10.);
#2925=VECTOR('',#10248,10.);
#2926=VECTOR('',#10255,10.);
#2927=VECTOR('',#10262,10.);
#2928=VECTOR('',#10269,10.);
#2929=VECTOR('',#10276,10.);
#2930=VECTOR('',#10279,10.);
#2931=VECTOR('',#10280,10.);
#2932=VECTOR('',#10281,10.);
#2933=VECTOR('',#10288,10.);
#2934=VECTOR('',#10295,10.);
#2935=VECTOR('',#10306,10.);
#2936=VECTOR('',#10309,10.);
#2937=VECTOR('',#10314,10.);
#2938=VECTOR('',#10319,10.);
#2939=VECTOR('',#10324,10.);
#2940=VECTOR('',#10329,10.);
#2941=VECTOR('',#10332,10.);
#2942=VECTOR('',#10337,10.);
#2943=VECTOR('',#10356,3.8);
#2944=VECTOR('',#10359,3.80000000000001);
#2945=VECTOR('',#10362,3.80000000000001);
#2946=VECTOR('',#10365,3.8);
#2947=VECTOR('',#10372,10.);
#2948=VECTOR('',#10377,10.);
#2949=VECTOR('',#10380,10.);
#2950=VECTOR('',#10383,10.);
#2951=VECTOR('',#10388,10.);
#2952=VECTOR('',#10391,10.);
#2953=VECTOR('',#10394,10.);
#2954=VECTOR('',#10399,10.);
#2955=VECTOR('',#10402,10.);
#2956=VECTOR('',#10405,10.);
#2957=VECTOR('',#10410,10.);
#2958=VECTOR('',#10413,10.);
#2959=VECTOR('',#10416,10.);
#2960=VECTOR('',#10421,10.);
#2961=VECTOR('',#10424,10.);
#2962=VECTOR('',#10427,10.);
#2963=VECTOR('',#10432,10.);
#2964=VECTOR('',#10435,10.);
#2965=VECTOR('',#10438,10.);
#2966=VECTOR('',#10443,10.);
#2967=VECTOR('',#10446,10.);
#2968=VECTOR('',#10449,10.);
#2969=VECTOR('',#10454,10.);
#2970=VECTOR('',#10457,10.);
#2971=VECTOR('',#10460,10.);
#2972=VECTOR('',#10465,10.);
#2973=VECTOR('',#10468,10.);
#2974=VECTOR('',#10471,10.);
#2975=VECTOR('',#10474,10.);
#2976=VECTOR('',#10479,10.);
#2977=VECTOR('',#10482,10.);
#2978=VERTEX_POINT('',#10489);
#2979=VERTEX_POINT('',#10490);
#2980=VERTEX_POINT('',#10492);
#2981=VERTEX_POINT('',#10494);
#2982=VERTEX_POINT('',#10498);
#2983=VERTEX_POINT('',#10499);
#2984=VERTEX_POINT('',#10501);
#2985=VERTEX_POINT('',#10503);
#2986=VERTEX_POINT('',#10507);
#2987=VERTEX_POINT('',#10508);
#2988=VERTEX_POINT('',#10510);
#2989=VERTEX_POINT('',#10512);
#2990=VERTEX_POINT('',#10516);
#2991=VERTEX_POINT('',#10517);
#2992=VERTEX_POINT('',#10519);
#2993=VERTEX_POINT('',#10521);
#2994=VERTEX_POINT('',#10525);
#2995=VERTEX_POINT('',#10527);
#2996=VERTEX_POINT('',#10531);
#2997=VERTEX_POINT('',#10540);
#2998=VERTEX_POINT('',#10544);
#2999=VERTEX_POINT('',#10546);
#3000=VERTEX_POINT('',#10551);
#3001=VERTEX_POINT('',#10559);
#3002=VERTEX_POINT('',#10562);
#3003=VERTEX_POINT('',#10564);
#3004=VERTEX_POINT('',#10566);
#3005=VERTEX_POINT('',#10568);
#3006=VERTEX_POINT('',#10572);
#3007=VERTEX_POINT('',#10573);
#3008=VERTEX_POINT('',#10575);
#3009=VERTEX_POINT('',#10577);
#3010=VERTEX_POINT('',#10581);
#3011=VERTEX_POINT('',#10582);
#3012=VERTEX_POINT('',#10587);
#3013=VERTEX_POINT('',#10588);
#3014=VERTEX_POINT('',#10593);
#3015=VERTEX_POINT('',#10594);
#3016=VERTEX_POINT('',#10599);
#3017=VERTEX_POINT('',#10600);
#3018=VERTEX_POINT('',#10605);
#3019=VERTEX_POINT('',#10606);
#3020=VERTEX_POINT('',#10611);
#3021=VERTEX_POINT('',#10612);
#3022=VERTEX_POINT('',#10620);
#3023=VERTEX_POINT('',#10622);
#3024=VERTEX_POINT('',#10626);
#3025=VERTEX_POINT('',#10630);
#3026=VERTEX_POINT('',#10634);
#3027=VERTEX_POINT('',#10638);
#3028=VERTEX_POINT('',#10639);
#3029=VERTEX_POINT('',#10641);
#3030=VERTEX_POINT('',#10643);
#3031=VERTEX_POINT('',#10645);
#3032=VERTEX_POINT('',#10647);
#3033=VERTEX_POINT('',#10649);
#3034=VERTEX_POINT('',#10651);
#3035=VERTEX_POINT('',#10654);
#3036=VERTEX_POINT('',#10655);
#3037=VERTEX_POINT('',#10657);
#3038=VERTEX_POINT('',#10659);
#3039=VERTEX_POINT('',#10661);
#3040=VERTEX_POINT('',#10663);
#3041=VERTEX_POINT('',#10665);
#3042=VERTEX_POINT('',#10667);
#3043=VERTEX_POINT('',#10670);
#3044=VERTEX_POINT('',#10671);
#3045=VERTEX_POINT('',#10673);
#3046=VERTEX_POINT('',#10675);
#3047=VERTEX_POINT('',#10677);
#3048=VERTEX_POINT('',#10679);
#3049=VERTEX_POINT('',#10681);
#3050=VERTEX_POINT('',#10683);
#3051=VERTEX_POINT('',#10686);
#3052=VERTEX_POINT('',#10687);
#3053=VERTEX_POINT('',#10689);
#3054=VERTEX_POINT('',#10691);
#3055=VERTEX_POINT('',#10693);
#3056=VERTEX_POINT('',#10695);
#3057=VERTEX_POINT('',#10697);
#3058=VERTEX_POINT('',#10699);
#3059=VERTEX_POINT('',#10702);
#3060=VERTEX_POINT('',#10703);
#3061=VERTEX_POINT('',#10705);
#3062=VERTEX_POINT('',#10707);
#3063=VERTEX_POINT('',#10709);
#3064=VERTEX_POINT('',#10711);
#3065=VERTEX_POINT('',#10713);
#3066=VERTEX_POINT('',#10715);
#3067=VERTEX_POINT('',#10718);
#3068=VERTEX_POINT('',#10719);
#3069=VERTEX_POINT('',#10721);
#3070=VERTEX_POINT('',#10723);
#3071=VERTEX_POINT('',#10725);
#3072=VERTEX_POINT('',#10727);
#3073=VERTEX_POINT('',#10729);
#3074=VERTEX_POINT('',#10731);
#3075=VERTEX_POINT('',#10734);
#3076=VERTEX_POINT('',#10735);
#3077=VERTEX_POINT('',#10737);
#3078=VERTEX_POINT('',#10739);
#3079=VERTEX_POINT('',#10741);
#3080=VERTEX_POINT('',#10743);
#3081=VERTEX_POINT('',#10745);
#3082=VERTEX_POINT('',#10747);
#3083=VERTEX_POINT('',#10750);
#3084=VERTEX_POINT('',#10751);
#3085=VERTEX_POINT('',#10753);
#3086=VERTEX_POINT('',#10755);
#3087=VERTEX_POINT('',#10757);
#3088=VERTEX_POINT('',#10759);
#3089=VERTEX_POINT('',#10761);
#3090=VERTEX_POINT('',#10763);
#3091=VERTEX_POINT('',#10766);
#3092=VERTEX_POINT('',#10768);
#3093=VERTEX_POINT('',#10770);
#3094=VERTEX_POINT('',#10772);
#3095=VERTEX_POINT('',#10774);
#3096=VERTEX_POINT('',#10776);
#3097=VERTEX_POINT('',#10778);
#3098=VERTEX_POINT('',#10779);
#3099=VERTEX_POINT('',#10781);
#3100=VERTEX_POINT('',#10783);
#3101=VERTEX_POINT('',#10785);
#3102=VERTEX_POINT('',#10787);
#3103=VERTEX_POINT('',#10789);
#3104=VERTEX_POINT('',#10791);
#3105=VERTEX_POINT('',#10793);
#3106=VERTEX_POINT('',#10795);
#3107=VERTEX_POINT('',#10797);
#3108=VERTEX_POINT('',#10799);
#3109=VERTEX_POINT('',#10801);
#3110=VERTEX_POINT('',#10803);
#3111=VERTEX_POINT('',#10805);
#3112=VERTEX_POINT('',#10807);
#3113=VERTEX_POINT('',#10810);
#3114=VERTEX_POINT('',#10812);
#3115=VERTEX_POINT('',#10813);
#3116=VERTEX_POINT('',#10815);
#3117=VERTEX_POINT('',#10817);
#3118=VERTEX_POINT('',#10819);
#3119=VERTEX_POINT('',#10821);
#3120=VERTEX_POINT('',#10823);
#3121=VERTEX_POINT('',#10825);
#3122=VERTEX_POINT('',#10829);
#3123=VERTEX_POINT('',#10830);
#3124=VERTEX_POINT('',#10832);
#3125=VERTEX_POINT('',#10834);
#3126=VERTEX_POINT('',#10836);
#3127=VERTEX_POINT('',#10838);
#3128=VERTEX_POINT('',#10840);
#3129=VERTEX_POINT('',#10842);
#3130=VERTEX_POINT('',#10845);
#3131=VERTEX_POINT('',#10847);
#3132=VERTEX_POINT('',#10848);
#3133=VERTEX_POINT('',#10850);
#3134=VERTEX_POINT('',#10852);
#3135=VERTEX_POINT('',#10855);
#3136=VERTEX_POINT('',#10857);
#3137=VERTEX_POINT('',#10859);
#3138=VERTEX_POINT('',#10862);
#3139=VERTEX_POINT('',#10864);
#3140=VERTEX_POINT('',#10866);
#3141=VERTEX_POINT('',#10869);
#3142=VERTEX_POINT('',#10872);
#3143=VERTEX_POINT('',#10874);
#3144=VERTEX_POINT('',#10876);
#3145=VERTEX_POINT('',#10879);
#3146=VERTEX_POINT('',#10880);
#3147=VERTEX_POINT('',#10882);
#3148=VERTEX_POINT('',#10884);
#3149=VERTEX_POINT('',#10886);
#3150=VERTEX_POINT('',#10888);
#3151=VERTEX_POINT('',#10890);
#3152=VERTEX_POINT('',#10892);
#3153=VERTEX_POINT('',#10905);
#3154=VERTEX_POINT('',#10907);
#3155=VERTEX_POINT('',#10924);
#3156=VERTEX_POINT('',#10926);
#3157=VERTEX_POINT('',#10943);
#3158=VERTEX_POINT('',#10945);
#3159=VERTEX_POINT('',#10962);
#3160=VERTEX_POINT('',#10964);
#3161=VERTEX_POINT('',#10981);
#3162=VERTEX_POINT('',#10986);
#3163=VERTEX_POINT('',#10993);
#3164=VERTEX_POINT('',#10998);
#3165=VERTEX_POINT('',#11005);
#3166=VERTEX_POINT('',#11010);
#3167=VERTEX_POINT('',#11017);
#3168=VERTEX_POINT('',#11022);
#3169=VERTEX_POINT('',#11029);
#3170=VERTEX_POINT('',#11031);
#3171=VERTEX_POINT('',#11035);
#3172=VERTEX_POINT('',#11039);
#3173=VERTEX_POINT('',#11041);
#3174=VERTEX_POINT('',#11045);
#3175=VERTEX_POINT('',#11046);
#3176=VERTEX_POINT('',#11048);
#3177=VERTEX_POINT('',#11050);
#3178=VERTEX_POINT('',#11054);
#3179=VERTEX_POINT('',#11056);
#3180=VERTEX_POINT('',#11058);
#3181=VERTEX_POINT('',#11062);
#3182=VERTEX_POINT('',#11064);
#3183=VERTEX_POINT('',#11072);
#3184=VERTEX_POINT('',#11076);
#3185=VERTEX_POINT('',#11077);
#3186=VERTEX_POINT('',#11079);
#3187=VERTEX_POINT('',#11081);
#3188=VERTEX_POINT('',#11083);
#3189=VERTEX_POINT('',#11085);
#3190=VERTEX_POINT('',#11088);
#3191=VERTEX_POINT('',#11091);
#3192=VERTEX_POINT('',#11093);
#3193=VERTEX_POINT('',#11095);
#3194=VERTEX_POINT('',#11099);
#3195=VERTEX_POINT('',#11100);
#3196=VERTEX_POINT('',#11102);
#3197=VERTEX_POINT('',#11104);
#3198=VERTEX_POINT('',#11114);
#3199=VERTEX_POINT('',#11116);
#3200=VERTEX_POINT('',#11118);
#3201=VERTEX_POINT('',#11120);
#3202=VERTEX_POINT('',#11124);
#3203=VERTEX_POINT('',#11125);
#3204=VERTEX_POINT('',#11127);
#3205=VERTEX_POINT('',#11129);
#3206=VERTEX_POINT('',#11133);
#3207=VERTEX_POINT('',#11134);
#3208=VERTEX_POINT('',#11136);
#3209=VERTEX_POINT('',#11138);
#3210=VERTEX_POINT('',#11142);
#3211=VERTEX_POINT('',#11145);
#3212=VERTEX_POINT('',#11149);
#3213=VERTEX_POINT('',#11153);
#3214=VERTEX_POINT('',#11157);
#3215=VERTEX_POINT('',#11159);
#3216=VERTEX_POINT('',#11163);
#3217=VERTEX_POINT('',#11165);
#3218=VERTEX_POINT('',#11169);
#3219=VERTEX_POINT('',#11170);
#3220=VERTEX_POINT('',#11172);
#3221=VERTEX_POINT('',#11174);
#3222=VERTEX_POINT('',#11178);
#3223=VERTEX_POINT('',#11180);
#3224=VERTEX_POINT('',#11189);
#3225=VERTEX_POINT('',#11192);
#3226=VERTEX_POINT('',#11194);
#3227=VERTEX_POINT('',#11196);
#3228=VERTEX_POINT('',#11198);
#3229=VERTEX_POINT('',#11200);
#3230=VERTEX_POINT('',#11204);
#3231=VERTEX_POINT('',#11206);
#3232=VERTEX_POINT('',#11210);
#3233=VERTEX_POINT('',#11212);
#3234=VERTEX_POINT('',#11217);
#3235=VERTEX_POINT('',#11219);
#3236=VERTEX_POINT('',#11221);
#3237=VERTEX_POINT('',#11223);
#3238=VERTEX_POINT('',#11225);
#3239=VERTEX_POINT('',#11227);
#3240=VERTEX_POINT('',#11229);
#3241=VERTEX_POINT('',#11235);
#3242=VERTEX_POINT('',#11241);
#3243=VERTEX_POINT('',#11244);
#3244=VERTEX_POINT('',#11246);
#3245=VERTEX_POINT('',#11248);
#3246=VERTEX_POINT('',#11250);
#3247=VERTEX_POINT('',#11252);
#3248=VERTEX_POINT('',#11254);
#3249=VERTEX_POINT('',#11256);
#3250=VERTEX_POINT('',#11258);
#3251=VERTEX_POINT('',#11260);
#3252=VERTEX_POINT('',#11261);
#3253=VERTEX_POINT('',#11263);
#3254=VERTEX_POINT('',#11265);
#3255=VERTEX_POINT('',#11267);
#3256=VERTEX_POINT('',#11269);
#3257=VERTEX_POINT('',#11271);
#3258=VERTEX_POINT('',#11273);
#3259=VERTEX_POINT('',#11276);
#3260=VERTEX_POINT('',#11277);
#3261=VERTEX_POINT('',#11279);
#3262=VERTEX_POINT('',#11281);
#3263=VERTEX_POINT('',#11283);
#3264=VERTEX_POINT('',#11285);
#3265=VERTEX_POINT('',#11287);
#3266=VERTEX_POINT('',#11289);
#3267=VERTEX_POINT('',#11292);
#3268=VERTEX_POINT('',#11293);
#3269=VERTEX_POINT('',#11295);
#3270=VERTEX_POINT('',#11297);
#3271=VERTEX_POINT('',#11299);
#3272=VERTEX_POINT('',#11301);
#3273=VERTEX_POINT('',#11303);
#3274=VERTEX_POINT('',#11305);
#3275=VERTEX_POINT('',#11308);
#3276=VERTEX_POINT('',#11309);
#3277=VERTEX_POINT('',#11311);
#3278=VERTEX_POINT('',#11313);
#3279=VERTEX_POINT('',#11315);
#3280=VERTEX_POINT('',#11317);
#3281=VERTEX_POINT('',#11319);
#3282=VERTEX_POINT('',#11321);
#3283=VERTEX_POINT('',#11324);
#3284=VERTEX_POINT('',#11326);
#3285=VERTEX_POINT('',#11328);
#3286=VERTEX_POINT('',#11329);
#3287=VERTEX_POINT('',#11331);
#3288=VERTEX_POINT('',#11333);
#3289=VERTEX_POINT('',#11335);
#3290=VERTEX_POINT('',#11337);
#3291=VERTEX_POINT('',#11339);
#3292=VERTEX_POINT('',#11341);
#3293=VERTEX_POINT('',#11344);
#3294=VERTEX_POINT('',#11345);
#3295=VERTEX_POINT('',#11348);
#3296=VERTEX_POINT('',#11350);
#3297=VERTEX_POINT('',#11352);
#3298=VERTEX_POINT('',#11354);
#3299=VERTEX_POINT('',#11356);
#3300=VERTEX_POINT('',#11358);
#3301=VERTEX_POINT('',#11361);
#3302=VERTEX_POINT('',#11363);
#3303=VERTEX_POINT('',#11367);
#3304=VERTEX_POINT('',#11382);
#3305=VERTEX_POINT('',#11384);
#3306=VERTEX_POINT('',#11388);
#3307=VERTEX_POINT('',#11394);
#3308=VERTEX_POINT('',#11396);
#3309=VERTEX_POINT('',#11400);
#3310=VERTEX_POINT('',#11406);
#3311=VERTEX_POINT('',#11408);
#3312=VERTEX_POINT('',#11412);
#3313=VERTEX_POINT('',#11418);
#3314=VERTEX_POINT('',#11420);
#3315=VERTEX_POINT('',#11424);
#3316=VERTEX_POINT('',#11430);
#3317=VERTEX_POINT('',#11432);
#3318=VERTEX_POINT('',#11436);
#3319=VERTEX_POINT('',#11442);
#3320=VERTEX_POINT('',#11444);
#3321=VERTEX_POINT('',#11448);
#3322=VERTEX_POINT('',#11454);
#3323=VERTEX_POINT('',#11456);
#3324=VERTEX_POINT('',#11460);
#3325=VERTEX_POINT('',#11466);
#3326=VERTEX_POINT('',#11468);
#3327=VERTEX_POINT('',#11472);
#3328=VERTEX_POINT('',#11478);
#3329=VERTEX_POINT('',#11480);
#3330=VERTEX_POINT('',#11484);
#3331=VERTEX_POINT('',#11490);
#3332=VERTEX_POINT('',#11497);
#3333=VERTEX_POINT('',#11499);
#3334=VERTEX_POINT('',#11503);
#3335=VERTEX_POINT('',#11509);
#3336=VERTEX_POINT('',#11511);
#3337=VERTEX_POINT('',#11513);
#3338=VERTEX_POINT('',#11519);
#3339=VERTEX_POINT('',#11525);
#3340=VERTEX_POINT('',#11529);
#3341=VERTEX_POINT('',#11533);
#3342=VERTEX_POINT('',#11548);
#3343=VERTEX_POINT('',#11556);
#3344=VERTEX_POINT('',#11562);
#3345=VERTEX_POINT('',#11568);
#3346=VERTEX_POINT('',#11574);
#3347=VERTEX_POINT('',#11575);
#3348=VERTEX_POINT('',#11577);
#3349=VERTEX_POINT('',#11579);
#3350=VERTEX_POINT('',#11582);
#3351=VERTEX_POINT('',#11583);
#3352=VERTEX_POINT('',#11585);
#3353=VERTEX_POINT('',#11587);
#3354=VERTEX_POINT('',#11589);
#3355=VERTEX_POINT('',#11591);
#3356=VERTEX_POINT('',#11593);
#3357=VERTEX_POINT('',#11595);
#3358=VERTEX_POINT('',#11598);
#3359=VERTEX_POINT('',#11599);
#3360=VERTEX_POINT('',#11601);
#3361=VERTEX_POINT('',#11603);
#3362=VERTEX_POINT('',#11605);
#3363=VERTEX_POINT('',#11607);
#3364=VERTEX_POINT('',#11609);
#3365=VERTEX_POINT('',#11611);
#3366=VERTEX_POINT('',#11614);
#3367=VERTEX_POINT('',#11615);
#3368=VERTEX_POINT('',#11617);
#3369=VERTEX_POINT('',#11619);
#3370=VERTEX_POINT('',#11621);
#3371=VERTEX_POINT('',#11623);
#3372=VERTEX_POINT('',#11625);
#3373=VERTEX_POINT('',#11627);
#3374=VERTEX_POINT('',#11630);
#3375=VERTEX_POINT('',#11631);
#3376=VERTEX_POINT('',#11633);
#3377=VERTEX_POINT('',#11635);
#3378=VERTEX_POINT('',#11637);
#3379=VERTEX_POINT('',#11639);
#3380=VERTEX_POINT('',#11641);
#3381=VERTEX_POINT('',#11643);
#3382=VERTEX_POINT('',#11647);
#3383=VERTEX_POINT('',#11648);
#3384=VERTEX_POINT('',#11650);
#3385=VERTEX_POINT('',#11652);
#3386=VERTEX_POINT('',#11655);
#3387=VERTEX_POINT('',#11656);
#3388=VERTEX_POINT('',#11658);
#3389=VERTEX_POINT('',#11660);
#3390=VERTEX_POINT('',#11662);
#3391=VERTEX_POINT('',#11664);
#3392=VERTEX_POINT('',#11666);
#3393=VERTEX_POINT('',#11668);
#3394=VERTEX_POINT('',#11671);
#3395=VERTEX_POINT('',#11672);
#3396=VERTEX_POINT('',#11674);
#3397=VERTEX_POINT('',#11676);
#3398=VERTEX_POINT('',#11678);
#3399=VERTEX_POINT('',#11680);
#3400=VERTEX_POINT('',#11682);
#3401=VERTEX_POINT('',#11684);
#3402=VERTEX_POINT('',#11687);
#3403=VERTEX_POINT('',#11688);
#3404=VERTEX_POINT('',#11690);
#3405=VERTEX_POINT('',#11692);
#3406=VERTEX_POINT('',#11694);
#3407=VERTEX_POINT('',#11696);
#3408=VERTEX_POINT('',#11698);
#3409=VERTEX_POINT('',#11700);
#3410=VERTEX_POINT('',#11703);
#3411=VERTEX_POINT('',#11704);
#3412=VERTEX_POINT('',#11706);
#3413=VERTEX_POINT('',#11708);
#3414=VERTEX_POINT('',#11710);
#3415=VERTEX_POINT('',#11712);
#3416=VERTEX_POINT('',#11714);
#3417=VERTEX_POINT('',#11716);
#3418=VERTEX_POINT('',#11792);
#3419=VERTEX_POINT('',#11794);
#3420=VERTEX_POINT('',#11798);
#3421=VERTEX_POINT('',#11804);
#3422=VERTEX_POINT('',#11806);
#3423=VERTEX_POINT('',#11810);
#3424=VERTEX_POINT('',#11814);
#3425=VERTEX_POINT('',#11818);
#3426=VERTEX_POINT('',#11822);
#3427=VERTEX_POINT('',#11826);
#3428=VERTEX_POINT('',#11830);
#3429=VERTEX_POINT('',#11835);
#3430=VERTEX_POINT('',#11839);
#3431=VERTEX_POINT('',#11846);
#3432=VERTEX_POINT('',#11848);
#3433=VERTEX_POINT('',#11852);
#3434=VERTEX_POINT('',#11858);
#3435=VERTEX_POINT('',#11860);
#3436=VERTEX_POINT('',#11864);
#3437=VERTEX_POINT('',#11870);
#3438=VERTEX_POINT('',#11872);
#3439=VERTEX_POINT('',#11876);
#3440=VERTEX_POINT('',#11882);
#3441=VERTEX_POINT('',#11884);
#3442=VERTEX_POINT('',#11888);
#3443=VERTEX_POINT('',#11892);
#3444=VERTEX_POINT('',#11896);
#3445=VERTEX_POINT('',#11902);
#3446=VERTEX_POINT('',#11906);
#3447=VERTEX_POINT('',#11911);
#3448=VERTEX_POINT('',#11915);
#3449=VERTEX_POINT('',#11923);
#3450=VERTEX_POINT('',#11924);
#3451=VERTEX_POINT('',#11926);
#3452=VERTEX_POINT('',#11928);
#3453=VERTEX_POINT('',#11932);
#3454=VERTEX_POINT('',#11933);
#3455=VERTEX_POINT('',#11935);
#3456=VERTEX_POINT('',#11937);
#3457=VERTEX_POINT('',#11941);
#3458=VERTEX_POINT('',#11942);
#3459=VERTEX_POINT('',#11944);
#3460=VERTEX_POINT('',#11946);
#3461=VERTEX_POINT('',#11950);
#3462=VERTEX_POINT('',#11951);
#3463=VERTEX_POINT('',#11953);
#3464=VERTEX_POINT('',#11955);
#3465=VERTEX_POINT('',#11959);
#3466=VERTEX_POINT('',#11960);
#3467=VERTEX_POINT('',#11962);
#3468=VERTEX_POINT('',#11964);
#3469=VERTEX_POINT('',#11968);
#3470=VERTEX_POINT('',#11969);
#3471=VERTEX_POINT('',#11971);
#3472=VERTEX_POINT('',#11973);
#3473=VERTEX_POINT('',#11977);
#3474=VERTEX_POINT('',#11978);
#3475=VERTEX_POINT('',#11980);
#3476=VERTEX_POINT('',#11982);
#3477=VERTEX_POINT('',#11986);
#3478=VERTEX_POINT('',#11987);
#3479=VERTEX_POINT('',#11989);
#3480=VERTEX_POINT('',#11991);
#3481=VERTEX_POINT('',#11995);
#3482=VERTEX_POINT('',#11996);
#3483=VERTEX_POINT('',#11998);
#3484=VERTEX_POINT('',#12000);
#3485=VERTEX_POINT('',#12004);
#3486=VERTEX_POINT('',#12006);
#3487=VERTEX_POINT('',#12010);
#3488=VERTEX_POINT('',#12012);
#3489=VERTEX_POINT('',#12016);
#3490=VERTEX_POINT('',#12018);
#3491=VERTEX_POINT('',#12022);
#3492=VERTEX_POINT('',#12024);
#3493=VERTEX_POINT('',#12028);
#3494=VERTEX_POINT('',#12030);
#3495=VERTEX_POINT('',#12034);
#3496=VERTEX_POINT('',#12036);
#3497=VERTEX_POINT('',#12040);
#3498=VERTEX_POINT('',#12042);
#3499=VERTEX_POINT('',#12046);
#3500=VERTEX_POINT('',#12048);
#3501=VERTEX_POINT('',#12052);
#3502=VERTEX_POINT('',#12054);
#3503=VERTEX_POINT('',#12058);
#3504=VERTEX_POINT('',#12060);
#3505=VERTEX_POINT('',#12064);
#3506=VERTEX_POINT('',#12066);
#3507=VERTEX_POINT('',#12070);
#3508=VERTEX_POINT('',#12072);
#3509=VERTEX_POINT('',#12076);
#3510=VERTEX_POINT('',#12078);
#3511=VERTEX_POINT('',#12082);
#3512=VERTEX_POINT('',#12084);
#3513=VERTEX_POINT('',#12091);
#3514=VERTEX_POINT('',#12094);
#3515=VERTEX_POINT('',#12097);
#3516=VERTEX_POINT('',#12100);
#3517=VERTEX_POINT('',#12103);
#3518=VERTEX_POINT('',#12106);
#3519=VERTEX_POINT('',#12109);
#3520=VERTEX_POINT('',#12112);
#3521=VERTEX_POINT('',#12118);
#3522=VERTEX_POINT('',#12120);
#3523=VERTEX_POINT('',#12126);
#3524=VERTEX_POINT('',#12128);
#3525=VERTEX_POINT('',#12134);
#3526=VERTEX_POINT('',#12136);
#3527=VERTEX_POINT('',#12142);
#3528=VERTEX_POINT('',#12144);
#3529=VERTEX_POINT('',#12180);
#3530=VERTEX_POINT('',#12182);
#3531=VERTEX_POINT('',#12186);
#3532=VERTEX_POINT('',#12190);
#3533=VERTEX_POINT('',#12194);
#3534=VERTEX_POINT('',#12198);
#3535=VERTEX_POINT('',#12202);
#3536=VERTEX_POINT('',#12206);
#3537=VERTEX_POINT('',#12213);
#3538=VERTEX_POINT('',#12214);
#3539=VERTEX_POINT('',#12216);
#3540=VERTEX_POINT('',#12218);
#3541=VERTEX_POINT('',#12223);
#3542=VERTEX_POINT('',#12226);
#3543=VERTEX_POINT('',#12227);
#3544=VERTEX_POINT('',#12229);
#3545=VERTEX_POINT('',#12231);
#3546=VERTEX_POINT('',#12236);
#3547=VERTEX_POINT('',#12239);
#3548=VERTEX_POINT('',#12240);
#3549=VERTEX_POINT('',#12242);
#3550=VERTEX_POINT('',#12244);
#3551=VERTEX_POINT('',#12249);
#3552=VERTEX_POINT('',#12252);
#3553=VERTEX_POINT('',#12253);
#3554=VERTEX_POINT('',#12255);
#3555=VERTEX_POINT('',#12257);
#3556=VERTEX_POINT('',#12262);
#3557=VERTEX_POINT('',#12265);
#3558=VERTEX_POINT('',#12272);
#3559=VERTEX_POINT('',#12280);
#3560=VERTEX_POINT('',#12288);
#3561=VERTEX_POINT('',#12296);
#3562=VERTEX_POINT('',#12300);
#3563=VERTEX_POINT('',#12304);
#3564=VERTEX_POINT('',#12305);
#3565=VERTEX_POINT('',#12310);
#3566=VERTEX_POINT('',#12314);
#3567=VERTEX_POINT('',#12321);
#3568=VERTEX_POINT('',#12323);
#3569=VERTEX_POINT('',#12327);
#3570=VERTEX_POINT('',#12331);
#3571=VERTEX_POINT('',#12338);
#3572=VERTEX_POINT('',#12339);
#3573=VERTEX_POINT('',#12341);
#3574=VERTEX_POINT('',#12343);
#3575=VERTEX_POINT('',#12347);
#3576=VERTEX_POINT('',#12349);
#3577=VERTEX_POINT('',#12353);
#3578=VERTEX_POINT('',#12355);
#3579=VERTEX_POINT('',#12363);
#3580=VERTEX_POINT('',#12364);
#3581=VERTEX_POINT('',#12366);
#3582=VERTEX_POINT('',#12368);
#3583=VERTEX_POINT('',#12372);
#3584=VERTEX_POINT('',#12374);
#3585=VERTEX_POINT('',#12378);
#3586=VERTEX_POINT('',#12380);
#3587=VERTEX_POINT('',#12384);
#3588=VERTEX_POINT('',#12386);
#3589=VERTEX_POINT('',#12390);
#3590=VERTEX_POINT('',#12392);
#3591=VERTEX_POINT('',#12396);
#3592=VERTEX_POINT('',#12398);
#3593=VERTEX_POINT('',#12402);
#3594=VERTEX_POINT('',#12404);
#3595=VERTEX_POINT('',#12408);
#3596=VERTEX_POINT('',#12410);
#3597=VERTEX_POINT('',#12414);
#3598=VERTEX_POINT('',#12416);
#3599=VERTEX_POINT('',#12420);
#3600=VERTEX_POINT('',#12422);
#3601=VERTEX_POINT('',#12426);
#3602=VERTEX_POINT('',#12428);
#3603=VERTEX_POINT('',#12432);
#3604=VERTEX_POINT('',#12434);
#3605=VERTEX_POINT('',#12438);
#3606=VERTEX_POINT('',#12440);
#3607=VERTEX_POINT('',#12444);
#3608=VERTEX_POINT('',#12446);
#3609=VERTEX_POINT('',#12450);
#3610=VERTEX_POINT('',#12452);
#3611=VERTEX_POINT('',#12456);
#3612=VERTEX_POINT('',#12458);
#3613=VERTEX_POINT('',#12462);
#3614=VERTEX_POINT('',#12464);
#3615=VERTEX_POINT('',#12468);
#3616=VERTEX_POINT('',#12470);
#3617=VERTEX_POINT('',#12474);
#3618=VERTEX_POINT('',#12476);
#3619=VERTEX_POINT('',#12480);
#3620=VERTEX_POINT('',#12482);
#3621=VERTEX_POINT('',#12486);
#3622=VERTEX_POINT('',#12488);
#3623=VERTEX_POINT('',#12492);
#3624=VERTEX_POINT('',#12494);
#3625=VERTEX_POINT('',#12498);
#3626=VERTEX_POINT('',#12500);
#3627=VERTEX_POINT('',#12504);
#3628=VERTEX_POINT('',#12506);
#3629=VERTEX_POINT('',#12510);
#3630=VERTEX_POINT('',#12512);
#3631=VERTEX_POINT('',#12516);
#3632=VERTEX_POINT('',#12518);
#3633=VERTEX_POINT('',#12522);
#3634=VERTEX_POINT('',#12524);
#3635=VERTEX_POINT('',#12528);
#3636=VERTEX_POINT('',#12530);
#3637=VERTEX_POINT('',#12534);
#3638=VERTEX_POINT('',#12536);
#3639=VERTEX_POINT('',#12540);
#3640=VERTEX_POINT('',#12542);
#3641=VERTEX_POINT('',#12546);
#3642=VERTEX_POINT('',#12548);
#3643=VERTEX_POINT('',#12552);
#3644=VERTEX_POINT('',#12554);
#3645=VERTEX_POINT('',#12558);
#3646=VERTEX_POINT('',#12560);
#3647=VERTEX_POINT('',#12564);
#3648=VERTEX_POINT('',#12566);
#3649=VERTEX_POINT('',#12570);
#3650=VERTEX_POINT('',#12572);
#3651=VERTEX_POINT('',#12576);
#3652=VERTEX_POINT('',#12578);
#3653=VERTEX_POINT('',#12582);
#3654=VERTEX_POINT('',#12584);
#3655=VERTEX_POINT('',#12588);
#3656=VERTEX_POINT('',#12590);
#3657=VERTEX_POINT('',#12594);
#3658=VERTEX_POINT('',#12596);
#3659=VERTEX_POINT('',#12604);
#3660=VERTEX_POINT('',#12606);
#3661=VERTEX_POINT('',#12610);
#3662=VERTEX_POINT('',#12614);
#3663=VERTEX_POINT('',#12618);
#3664=VERTEX_POINT('',#12622);
#3665=VERTEX_POINT('',#12626);
#3666=VERTEX_POINT('',#12630);
#3667=VERTEX_POINT('',#12636);
#3668=VERTEX_POINT('',#12638);
#3669=VERTEX_POINT('',#12640);
#3670=VERTEX_POINT('',#12642);
#3671=EDGE_CURVE('',#2978,#2979,#1646,.T.);
#3672=EDGE_CURVE('',#2980,#2978,#1275,.T.);
#3673=EDGE_CURVE('',#2981,#2980,#1647,.T.);
#3674=EDGE_CURVE('',#2979,#2981,#1276,.T.);
#3675=EDGE_CURVE('',#2982,#2983,#1648,.T.);
#3676=EDGE_CURVE('',#2984,#2982,#1277,.T.);
#3677=EDGE_CURVE('',#2985,#2984,#1649,.T.);
#3678=EDGE_CURVE('',#2983,#2985,#1278,.T.);
#3679=EDGE_CURVE('',#2986,#2987,#1650,.T.);
#3680=EDGE_CURVE('',#2988,#2986,#1279,.T.);
#3681=EDGE_CURVE('',#2989,#2988,#1651,.T.);
#3682=EDGE_CURVE('',#2987,#2989,#1280,.T.);
#3683=EDGE_CURVE('',#2990,#2991,#1652,.T.);
#3684=EDGE_CURVE('',#2992,#2990,#1281,.T.);
#3685=EDGE_CURVE('',#2993,#2992,#1653,.T.);
#3686=EDGE_CURVE('',#2991,#2993,#1282,.T.);
#3687=EDGE_CURVE('',#2994,#2994,#1283,.T.);
#3688=EDGE_CURVE('',#2995,#2995,#1284,.T.);
#3689=EDGE_CURVE('',#2978,#2980,#1285,.T.);
#3690=EDGE_CURVE('',#2996,#2996,#1286,.T.);
#3691=EDGE_CURVE('',#2981,#2980,#1654,.T.);
#3692=EDGE_CURVE('',#2989,#2981,#1655,.T.);
#3693=EDGE_CURVE('',#2989,#2988,#1656,.T.);
#3694=EDGE_CURVE('',#2980,#2988,#1657,.T.);
#3695=EDGE_CURVE('',#2990,#2992,#1287,.T.);
#3696=EDGE_CURVE('',#2997,#2997,#1288,.T.);
#3697=EDGE_CURVE('',#2993,#2992,#1658,.T.);
#3698=EDGE_CURVE('',#2998,#2993,#1659,.T.);
#3699=EDGE_CURVE('',#2998,#2999,#1660,.T.);
#3700=EDGE_CURVE('',#2992,#2999,#1661,.T.);
#3701=EDGE_CURVE('',#2982,#2984,#1289,.T.);
#3702=EDGE_CURVE('',#3000,#3000,#1290,.T.);
#3703=EDGE_CURVE('',#2984,#2992,#1662,.T.);
#3704=EDGE_CURVE('',#2985,#2984,#1663,.T.);
#3705=EDGE_CURVE('',#2993,#2985,#1664,.T.);
#3706=EDGE_CURVE('',#2986,#2988,#1291,.T.);
#3707=EDGE_CURVE('',#3001,#3001,#1292,.T.);
#3708=EDGE_CURVE('',#3002,#2989,#1665,.T.);
#3709=EDGE_CURVE('',#3002,#3003,#1666,.T.);
#3710=EDGE_CURVE('',#3003,#3004,#1667,.T.);
#3711=EDGE_CURVE('',#3004,#3005,#1668,.T.);
#3712=EDGE_CURVE('',#2988,#3005,#1669,.T.);
#3713=EDGE_CURVE('',#3006,#3007,#1293,.T.);
#3714=EDGE_CURVE('',#3007,#3008,#1670,.T.);
#3715=EDGE_CURVE('',#3008,#3009,#1294,.T.);
#3716=EDGE_CURVE('',#3009,#3006,#1671,.T.);
#3717=EDGE_CURVE('',#3010,#3011,#1295,.T.);
#3718=EDGE_CURVE('',#3011,#3009,#1296,.T.);
#3719=EDGE_CURVE('',#3008,#3010,#1297,.T.);
#3720=EDGE_CURVE('',#3012,#3013,#1298,.T.);
#3721=EDGE_CURVE('',#3013,#3011,#1672,.T.);
#3722=EDGE_CURVE('',#3010,#3012,#1673,.T.);
#3723=EDGE_CURVE('',#3014,#3015,#1299,.T.);
#3724=EDGE_CURVE('',#3015,#3013,#1300,.T.);
#3725=EDGE_CURVE('',#3012,#3014,#1301,.T.);
#3726=EDGE_CURVE('',#3016,#3017,#1302,.T.);
#3727=EDGE_CURVE('',#3017,#3015,#1674,.T.);
#3728=EDGE_CURVE('',#3014,#3016,#1675,.T.);
#3729=EDGE_CURVE('',#3018,#3019,#1303,.T.);
#3730=EDGE_CURVE('',#3019,#3017,#1304,.T.);
#3731=EDGE_CURVE('',#3016,#3018,#1305,.T.);
#3732=EDGE_CURVE('',#3020,#3021,#1306,.T.);
#3733=EDGE_CURVE('',#3021,#3019,#1676,.T.);
#3734=EDGE_CURVE('',#3018,#3020,#1677,.T.);
#3735=EDGE_CURVE('',#3006,#3021,#1307,.T.);
#3736=EDGE_CURVE('',#3020,#3007,#1308,.T.);
#3737=EDGE_CURVE('',#3012,#3022,#1678,.T.);
#3738=EDGE_CURVE('',#3023,#3022,#1309,.T.);
#3739=EDGE_CURVE('',#3014,#3023,#1679,.T.);
#3740=EDGE_CURVE('',#3010,#3024,#1680,.T.);
#3741=EDGE_CURVE('',#3022,#3024,#1681,.T.);
#3742=EDGE_CURVE('',#3008,#3025,#1682,.T.);
#3743=EDGE_CURVE('',#3024,#3025,#1310,.T.);
#3744=EDGE_CURVE('',#3007,#3026,#1683,.T.);
#3745=EDGE_CURVE('',#3025,#3026,#1684,.T.);
#3746=EDGE_CURVE('',#3027,#3028,#1685,.T.);
#3747=EDGE_CURVE('',#3028,#3029,#1311,.T.);
#3748=EDGE_CURVE('',#3029,#3030,#1686,.T.);
#3749=EDGE_CURVE('',#3030,#3031,#1312,.T.);
#3750=EDGE_CURVE('',#3031,#3032,#1687,.T.);
#3751=EDGE_CURVE('',#3032,#3033,#1313,.T.);
#3752=EDGE_CURVE('',#3033,#3034,#1688,.T.);
#3753=EDGE_CURVE('',#3034,#3027,#1314,.T.);
#3754=EDGE_CURVE('',#3035,#3036,#1689,.T.);
#3755=EDGE_CURVE('',#3036,#3037,#1315,.T.);
#3756=EDGE_CURVE('',#3037,#3038,#1690,.T.);
#3757=EDGE_CURVE('',#3038,#3039,#1316,.T.);
#3758=EDGE_CURVE('',#3039,#3040,#1691,.T.);
#3759=EDGE_CURVE('',#3040,#3041,#1317,.T.);
#3760=EDGE_CURVE('',#3041,#3042,#1692,.T.);
#3761=EDGE_CURVE('',#3042,#3035,#1318,.T.);
#3762=EDGE_CURVE('',#3043,#3044,#1693,.T.);
#3763=EDGE_CURVE('',#3044,#3045,#1319,.T.);
#3764=EDGE_CURVE('',#3045,#3046,#1694,.T.);
#3765=EDGE_CURVE('',#3046,#3047,#1320,.T.);
#3766=EDGE_CURVE('',#3047,#3048,#1695,.T.);
#3767=EDGE_CURVE('',#3048,#3049,#1321,.T.);
#3768=EDGE_CURVE('',#3049,#3050,#1696,.T.);
#3769=EDGE_CURVE('',#3050,#3043,#1322,.T.);
#3770=EDGE_CURVE('',#3051,#3052,#1323,.T.);
#3771=EDGE_CURVE('',#3052,#3053,#1697,.T.);
#3772=EDGE_CURVE('',#3053,#3054,#1324,.T.);
#3773=EDGE_CURVE('',#3054,#3055,#1698,.T.);
#3774=EDGE_CURVE('',#3055,#3056,#1325,.T.);
#3775=EDGE_CURVE('',#3056,#3057,#1699,.T.);
#3776=EDGE_CURVE('',#3057,#3058,#1326,.T.);
#3777=EDGE_CURVE('',#3058,#3051,#1700,.T.);
#3778=EDGE_CURVE('',#3059,#3060,#1327,.T.);
#3779=EDGE_CURVE('',#3060,#3061,#1701,.T.);
#3780=EDGE_CURVE('',#3061,#3062,#1328,.T.);
#3781=EDGE_CURVE('',#3062,#3063,#1702,.T.);
#3782=EDGE_CURVE('',#3063,#3064,#1329,.T.);
#3783=EDGE_CURVE('',#3064,#3065,#1703,.T.);
#3784=EDGE_CURVE('',#3065,#3066,#1330,.T.);
#3785=EDGE_CURVE('',#3066,#3059,#1704,.T.);
#3786=EDGE_CURVE('',#3067,#3068,#1331,.T.);
#3787=EDGE_CURVE('',#3068,#3069,#1705,.T.);
#3788=EDGE_CURVE('',#3069,#3070,#1332,.T.);
#3789=EDGE_CURVE('',#3070,#3071,#1706,.T.);
#3790=EDGE_CURVE('',#3071,#3072,#1333,.T.);
#3791=EDGE_CURVE('',#3072,#3073,#1707,.T.);
#3792=EDGE_CURVE('',#3073,#3074,#1334,.T.);
#3793=EDGE_CURVE('',#3074,#3067,#1708,.T.);
#3794=EDGE_CURVE('',#3075,#3076,#1709,.T.);
#3795=EDGE_CURVE('',#3076,#3077,#1335,.T.);
#3796=EDGE_CURVE('',#3077,#3078,#1710,.T.);
#3797=EDGE_CURVE('',#3078,#3079,#1336,.T.);
#3798=EDGE_CURVE('',#3079,#3080,#1711,.T.);
#3799=EDGE_CURVE('',#3080,#3081,#1337,.T.);
#3800=EDGE_CURVE('',#3081,#3082,#1712,.T.);
#3801=EDGE_CURVE('',#3082,#3075,#1338,.T.);
#3802=EDGE_CURVE('',#3083,#3084,#1713,.T.);
#3803=EDGE_CURVE('',#3084,#3085,#1339,.T.);
#3804=EDGE_CURVE('',#3085,#3086,#1714,.T.);
#3805=EDGE_CURVE('',#3086,#3087,#1340,.T.);
#3806=EDGE_CURVE('',#3087,#3088,#1715,.T.);
#3807=EDGE_CURVE('',#3088,#3089,#1341,.T.);
#3808=EDGE_CURVE('',#3089,#3090,#1716,.T.);
#3809=EDGE_CURVE('',#3090,#3083,#1342,.T.);
#3810=EDGE_CURVE('',#3091,#3091,#1343,.T.);
#3811=EDGE_CURVE('',#3092,#3092,#1344,.T.);
#3812=EDGE_CURVE('',#3093,#3093,#1345,.T.);
#3813=EDGE_CURVE('',#3094,#3094,#1346,.T.);
#3814=EDGE_CURVE('',#3095,#3095,#1347,.T.);
#3815=EDGE_CURVE('',#3096,#3096,#1348,.T.);
#3816=EDGE_CURVE('',#3097,#3098,#1717,.T.);
#3817=EDGE_CURVE('',#3098,#3099,#1718,.T.);
#3818=EDGE_CURVE('',#3099,#3100,#1719,.T.);
#3819=EDGE_CURVE('',#3100,#3101,#1349,.T.);
#3820=EDGE_CURVE('',#3101,#3102,#1720,.T.);
#3821=EDGE_CURVE('',#3102,#3103,#1721,.T.);
#3822=EDGE_CURVE('',#3103,#3104,#1722,.T.);
#3823=EDGE_CURVE('',#3104,#3105,#1350,.T.);
#3824=EDGE_CURVE('',#3105,#3106,#1723,.T.);
#3825=EDGE_CURVE('',#3106,#3107,#1724,.T.);
#3826=EDGE_CURVE('',#3107,#3108,#1725,.T.);
#3827=EDGE_CURVE('',#3108,#3109,#1351,.T.);
#3828=EDGE_CURVE('',#3109,#3110,#1726,.T.);
#3829=EDGE_CURVE('',#3110,#3111,#1727,.T.);
#3830=EDGE_CURVE('',#3111,#3112,#1728,.T.);
#3831=EDGE_CURVE('',#3112,#3097,#1352,.T.);
#3832=EDGE_CURVE('',#3113,#3113,#1353,.T.);
#3833=EDGE_CURVE('',#3114,#3115,#1729,.F.);
#3834=EDGE_CURVE('',#3114,#3116,#1354,.T.);
#3835=EDGE_CURVE('',#3117,#3116,#1730,.F.);
#3836=EDGE_CURVE('',#3117,#3118,#1355,.T.);
#3837=EDGE_CURVE('',#3119,#3118,#1731,.F.);
#3838=EDGE_CURVE('',#3120,#3119,#1356,.T.);
#3839=EDGE_CURVE('',#3121,#3120,#1732,.T.);
#3840=EDGE_CURVE('',#3121,#3115,#1357,.T.);
#3841=EDGE_CURVE('',#3122,#3123,#1733,.T.);
#3842=EDGE_CURVE('',#3123,#3124,#1358,.T.);
#3843=EDGE_CURVE('',#3124,#3125,#1734,.T.);
#3844=EDGE_CURVE('',#3125,#3126,#1359,.T.);
#3845=EDGE_CURVE('',#3126,#3127,#1735,.T.);
#3846=EDGE_CURVE('',#3127,#3128,#1360,.T.);
#3847=EDGE_CURVE('',#3128,#3129,#1736,.T.);
#3848=EDGE_CURVE('',#3129,#3122,#1361,.T.);
#3849=EDGE_CURVE('',#3130,#3130,#1362,.T.);
#3850=EDGE_CURVE('',#3131,#3132,#1737,.T.);
#3851=EDGE_CURVE('',#3132,#3133,#1363,.T.);
#3852=EDGE_CURVE('',#3133,#3134,#1738,.T.);
#3853=EDGE_CURVE('',#3134,#2984,#1739,.T.);
#3854=EDGE_CURVE('',#2999,#3135,#1364,.T.);
#3855=EDGE_CURVE('',#3135,#3136,#1740,.T.);
#3856=EDGE_CURVE('',#3136,#3137,#1365,.T.);
#3857=EDGE_CURVE('',#3137,#2980,#1741,.T.);
#3858=EDGE_CURVE('',#3005,#3138,#1742,.T.);
#3859=EDGE_CURVE('',#3138,#3139,#1366,.T.);
#3860=EDGE_CURVE('',#3139,#3140,#1743,.T.);
#3861=EDGE_CURVE('',#3140,#3131,#1744,.T.);
#3862=EDGE_CURVE('',#3141,#3141,#1367,.T.);
#3863=EDGE_CURVE('',#3026,#3142,#1368,.T.);
#3864=EDGE_CURVE('',#3142,#3143,#1745,.T.);
#3865=EDGE_CURVE('',#3143,#3144,#1369,.T.);
#3866=EDGE_CURVE('',#3144,#3023,#1746,.T.);
#3867=EDGE_CURVE('',#3145,#3146,#1370,.T.);
#3868=EDGE_CURVE('',#3147,#3145,#1747,.T.);
#3869=EDGE_CURVE('',#3148,#3147,#1371,.T.);
#3870=EDGE_CURVE('',#3149,#3148,#1748,.T.);
#3871=EDGE_CURVE('',#3150,#3149,#1372,.T.);
#3872=EDGE_CURVE('',#3151,#3150,#1749,.T.);
#3873=EDGE_CURVE('',#3152,#3151,#1373,.T.);
#3874=EDGE_CURVE('',#3146,#3152,#1750,.T.);
#3875=EDGE_CURVE('',#3128,#3149,#1751,.T.);
#3876=EDGE_CURVE('',#3127,#3150,#1752,.T.);
#3877=EDGE_CURVE('',#3129,#3148,#1753,.T.);
#3878=EDGE_CURVE('',#3122,#3147,#1754,.T.);
#3879=EDGE_CURVE('',#3145,#3123,#1755,.T.);
#3880=EDGE_CURVE('',#3117,#3153,#1374,.F.);
#3881=EDGE_CURVE('',#3154,#3153,#23,.T.);
#3882=EDGE_CURVE('',#3154,#3118,#1375,.F.);
#3883=EDGE_CURVE('',#3121,#3155,#1376,.F.);
#3884=EDGE_CURVE('',#3156,#3155,#24,.T.);
#3885=EDGE_CURVE('',#3156,#3115,#1377,.F.);
#3886=EDGE_CURVE('',#3114,#3157,#1378,.F.);
#3887=EDGE_CURVE('',#3158,#3157,#25,.T.);
#3888=EDGE_CURVE('',#3158,#3116,#1379,.F.);
#3889=EDGE_CURVE('',#3119,#3159,#1380,.F.);
#3890=EDGE_CURVE('',#3160,#3159,#26,.T.);
#3891=EDGE_CURVE('',#3160,#3120,#1381,.F.);
#3892=EDGE_CURVE('',#3161,#3160,#27,.T.);
#3893=EDGE_CURVE('',#3162,#3161,#1756,.T.);
#3894=EDGE_CURVE('',#3155,#3162,#28,.T.);
#3895=EDGE_CURVE('',#3163,#3154,#29,.T.);
#3896=EDGE_CURVE('',#3164,#3163,#1757,.T.);
#3897=EDGE_CURVE('',#3159,#3164,#30,.T.);
#3898=EDGE_CURVE('',#3165,#3156,#31,.T.);
#3899=EDGE_CURVE('',#3166,#3165,#1758,.T.);
#3900=EDGE_CURVE('',#3157,#3166,#32,.T.);
#3901=EDGE_CURVE('',#3167,#3158,#33,.T.);
#3902=EDGE_CURVE('',#3168,#3167,#1759,.T.);
#3903=EDGE_CURVE('',#3153,#3168,#34,.T.);
#3904=EDGE_CURVE('',#3168,#3169,#1760,.T.);
#3905=EDGE_CURVE('',#3169,#3170,#1382,.T.);
#3906=EDGE_CURVE('',#3163,#3170,#1761,.T.);
#3907=EDGE_CURVE('',#3167,#3171,#1762,.T.);
#3908=EDGE_CURVE('',#3171,#3169,#1763,.T.);
#3909=EDGE_CURVE('',#3166,#3172,#1764,.T.);
#3910=EDGE_CURVE('',#3172,#3173,#1383,.T.);
#3911=EDGE_CURVE('',#3173,#3171,#1384,.T.);
#3912=EDGE_CURVE('',#3174,#3175,#1765,.T.);
#3913=EDGE_CURVE('',#3174,#3176,#1766,.T.);
#3914=EDGE_CURVE('',#3176,#3177,#1767,.T.);
#3915=EDGE_CURVE('',#3175,#3177,#1768,.T.);
#3916=EDGE_CURVE('',#3175,#3178,#1769,.T.);
#3917=EDGE_CURVE('',#3177,#3179,#1770,.T.);
#3918=EDGE_CURVE('',#3180,#3179,#1771,.T.);
#3919=EDGE_CURVE('',#3178,#3180,#1772,.T.);
#3920=EDGE_CURVE('',#3178,#3181,#1773,.T.);
#3921=EDGE_CURVE('',#3182,#3180,#1774,.T.);
#3922=EDGE_CURVE('',#3181,#3182,#1775,.T.);
#3923=EDGE_CURVE('',#3181,#3174,#1776,.T.);
#3924=EDGE_CURVE('',#3173,#3182,#1777,.T.);
#3925=EDGE_CURVE('',#3173,#3176,#1778,.T.);
#3926=EDGE_CURVE('',#3183,#3172,#1779,.T.);
#3927=EDGE_CURVE('',#3179,#3183,#1385,.T.);
#3928=EDGE_CURVE('',#3184,#3185,#1780,.T.);
#3929=EDGE_CURVE('',#3186,#3185,#1386,.T.);
#3930=EDGE_CURVE('',#3186,#3187,#1781,.T.);
#3931=EDGE_CURVE('',#3188,#3187,#1782,.T.);
#3932=EDGE_CURVE('',#3189,#3188,#1387,.T.);
#3933=EDGE_CURVE('',#3184,#3189,#1783,.T.);
#3934=EDGE_CURVE('',#3190,#3190,#1388,.T.);
#3935=EDGE_CURVE('',#3191,#3179,#1389,.T.);
#3936=EDGE_CURVE('',#3192,#3191,#1784,.T.);
#3937=EDGE_CURVE('',#3193,#3192,#1390,.T.);
#3938=EDGE_CURVE('',#3170,#3193,#1785,.T.);
#3939=EDGE_CURVE('',#3194,#3195,#1786,.T.);
#3940=EDGE_CURVE('',#3196,#3194,#1787,.T.);
#3941=EDGE_CURVE('',#3197,#3196,#1788,.T.);
#3942=EDGE_CURVE('',#3195,#3197,#1789,.T.);
#3943=EDGE_CURVE('',#3131,#3196,#1790,.T.);
#3944=EDGE_CURVE('',#3197,#3140,#1791,.T.);
#3945=EDGE_CURVE('',#3187,#3194,#1792,.T.);
#3946=EDGE_CURVE('',#3186,#3132,#1793,.T.);
#3947=EDGE_CURVE('',#3195,#3198,#1794,.T.);
#3948=EDGE_CURVE('',#3198,#3199,#1795,.T.);
#3949=EDGE_CURVE('',#3200,#3199,#1796,.T.);
#3950=EDGE_CURVE('',#3201,#3200,#1797,.T.);
#3951=EDGE_CURVE('',#3201,#3188,#1798,.T.);
#3952=EDGE_CURVE('',#3202,#3203,#1799,.T.);
#3953=EDGE_CURVE('',#3204,#3202,#1800,.T.);
#3954=EDGE_CURVE('',#3205,#3204,#1801,.T.);
#3955=EDGE_CURVE('',#3203,#3205,#1802,.T.);
#3956=EDGE_CURVE('',#3206,#3207,#1803,.T.);
#3957=EDGE_CURVE('',#3206,#3208,#1804,.T.);
#3958=EDGE_CURVE('',#3209,#3208,#1805,.T.);
#3959=EDGE_CURVE('',#3207,#3209,#1806,.T.);
#3960=EDGE_CURVE('',#3210,#3209,#1807,.T.);
#3961=EDGE_CURVE('',#3210,#3202,#1808,.T.);
#3962=EDGE_CURVE('',#3211,#3203,#1809,.T.);
#3963=EDGE_CURVE('',#3207,#3211,#1810,.T.);
#3964=EDGE_CURVE('',#3212,#3210,#1811,.T.);
#3965=EDGE_CURVE('',#3212,#3204,#1812,.T.);
#3966=EDGE_CURVE('',#3213,#3212,#1813,.T.);
#3967=EDGE_CURVE('',#3213,#3205,#1814,.T.);
#3968=EDGE_CURVE('',#3214,#3213,#1815,.T.);
#3969=EDGE_CURVE('',#3215,#3214,#1816,.T.);
#3970=EDGE_CURVE('',#3211,#3215,#1817,.T.);
#3971=EDGE_CURVE('',#3215,#3216,#1818,.T.);
#3972=EDGE_CURVE('',#3217,#3214,#1819,.T.);
#3973=EDGE_CURVE('',#3216,#3217,#1820,.T.);
#3974=EDGE_CURVE('',#3218,#3219,#1821,.T.);
#3975=EDGE_CURVE('',#3220,#3218,#1822,.T.);
#3976=EDGE_CURVE('',#3221,#3220,#1823,.T.);
#3977=EDGE_CURVE('',#3219,#3221,#1824,.T.);
#3978=EDGE_CURVE('',#3219,#3222,#1825,.T.);
#3979=EDGE_CURVE('',#3223,#3221,#1826,.T.);
#3980=EDGE_CURVE('',#3222,#3223,#1827,.T.);
#3981=EDGE_CURVE('',#3222,#3206,#1828,.T.);
#3982=EDGE_CURVE('',#3208,#3223,#1829,.T.);
#3983=EDGE_CURVE('',#3217,#3220,#1830,.T.);
#3984=EDGE_CURVE('',#3224,#3218,#1831,.T.);
#3985=EDGE_CURVE('',#3224,#3136,#1832,.T.);
#3986=EDGE_CURVE('',#3225,#3135,#1833,.T.);
#3987=EDGE_CURVE('',#3226,#3225,#1834,.T.);
#3988=EDGE_CURVE('',#3226,#3227,#1835,.T.);
#3989=EDGE_CURVE('',#3227,#3228,#1836,.T.);
#3990=EDGE_CURVE('',#3228,#3229,#1837,.T.);
#3991=EDGE_CURVE('',#3216,#3229,#1838,.T.);
#3992=EDGE_CURVE('',#3230,#3230,#1391,.T.);
#3993=EDGE_CURVE('',#3230,#3231,#1839,.T.);
#3994=EDGE_CURVE('',#3231,#3231,#1392,.T.);
#3995=EDGE_CURVE('',#3232,#3232,#1393,.T.);
#3996=EDGE_CURVE('',#3232,#3233,#1840,.T.);
#3997=EDGE_CURVE('',#3233,#3233,#1394,.T.);
#3998=EDGE_CURVE('',#3229,#3234,#1841,.T.);
#3999=EDGE_CURVE('',#3234,#3235,#1842,.T.);
#4000=EDGE_CURVE('',#3235,#3236,#1843,.T.);
#4001=EDGE_CURVE('',#3236,#3237,#1844,.T.);
#4002=EDGE_CURVE('',#3237,#3238,#1845,.T.);
#4003=EDGE_CURVE('',#3238,#3239,#1846,.T.);
#4004=EDGE_CURVE('',#3239,#3240,#1847,.T.);
#4005=EDGE_CURVE('',#3240,#3226,#1848,.T.);
#4006=EDGE_CURVE('',#3225,#2998,#1395,.T.);
#4007=EDGE_CURVE('',#2993,#2991,#1396,.T.);
#4008=EDGE_CURVE('',#2985,#2983,#1397,.T.);
#4009=EDGE_CURVE('',#2985,#3241,#1849,.T.);
#4010=EDGE_CURVE('',#3241,#3201,#1398,.T.);
#4011=EDGE_CURVE('',#3200,#3002,#1399,.T.);
#4012=EDGE_CURVE('',#2989,#2987,#1400,.T.);
#4013=EDGE_CURVE('',#2981,#2979,#1401,.T.);
#4014=EDGE_CURVE('',#2981,#3242,#1850,.T.);
#4015=EDGE_CURVE('',#3242,#3224,#1402,.T.);
#4016=EDGE_CURVE('',#3243,#3243,#1403,.T.);
#4017=EDGE_CURVE('',#3244,#3244,#1404,.T.);
#4018=EDGE_CURVE('',#3245,#3245,#1405,.T.);
#4019=EDGE_CURVE('',#3246,#3246,#1406,.T.);
#4020=EDGE_CURVE('',#3247,#3247,#1407,.T.);
#4021=EDGE_CURVE('',#3248,#3248,#1408,.T.);
#4022=EDGE_CURVE('',#3249,#3249,#1409,.T.);
#4023=EDGE_CURVE('',#3250,#3250,#1410,.T.);
#4024=EDGE_CURVE('',#3251,#3252,#1851,.T.);
#4025=EDGE_CURVE('',#3252,#3253,#1411,.T.);
#4026=EDGE_CURVE('',#3253,#3254,#1852,.T.);
#4027=EDGE_CURVE('',#3254,#3255,#1412,.T.);
#4028=EDGE_CURVE('',#3255,#3256,#1853,.T.);
#4029=EDGE_CURVE('',#3256,#3257,#1413,.T.);
#4030=EDGE_CURVE('',#3257,#3258,#1854,.T.);
#4031=EDGE_CURVE('',#3258,#3251,#1414,.T.);
#4032=EDGE_CURVE('',#3259,#3260,#1415,.T.);
#4033=EDGE_CURVE('',#3260,#3261,#1855,.T.);
#4034=EDGE_CURVE('',#3261,#3262,#1856,.T.);
#4035=EDGE_CURVE('',#3262,#3263,#1857,.T.);
#4036=EDGE_CURVE('',#3263,#3264,#1858,.T.);
#4037=EDGE_CURVE('',#3264,#3265,#1416,.T.);
#4038=EDGE_CURVE('',#3265,#3266,#1859,.T.);
#4039=EDGE_CURVE('',#3266,#3259,#1860,.T.);
#4040=EDGE_CURVE('',#3267,#3268,#1417,.T.);
#4041=EDGE_CURVE('',#3268,#3269,#1861,.T.);
#4042=EDGE_CURVE('',#3269,#3270,#1862,.T.);
#4043=EDGE_CURVE('',#3270,#3271,#1863,.T.);
#4044=EDGE_CURVE('',#3271,#3272,#1864,.T.);
#4045=EDGE_CURVE('',#3272,#3273,#1418,.T.);
#4046=EDGE_CURVE('',#3273,#3274,#1865,.T.);
#4047=EDGE_CURVE('',#3274,#3267,#1866,.T.);
#4048=EDGE_CURVE('',#3275,#3276,#1419,.T.);
#4049=EDGE_CURVE('',#3276,#3277,#1420,.T.);
#4050=EDGE_CURVE('',#3277,#3278,#1421,.T.);
#4051=EDGE_CURVE('',#3278,#3279,#1422,.T.);
#4052=EDGE_CURVE('',#3279,#3280,#1423,.T.);
#4053=EDGE_CURVE('',#3280,#3281,#1424,.T.);
#4054=EDGE_CURVE('',#3281,#3282,#1425,.T.);
#4055=EDGE_CURVE('',#3282,#3275,#1426,.T.);
#4056=EDGE_CURVE('',#3283,#3283,#1427,.T.);
#4057=EDGE_CURVE('',#3284,#3284,#1428,.T.);
#4058=EDGE_CURVE('',#3285,#3286,#1867,.T.);
#4059=EDGE_CURVE('',#3286,#3287,#1868,.T.);
#4060=EDGE_CURVE('',#3287,#3288,#1869,.T.);
#4061=EDGE_CURVE('',#3288,#3289,#1870,.T.);
#4062=EDGE_CURVE('',#3289,#3290,#1871,.T.);
#4063=EDGE_CURVE('',#3290,#3291,#1872,.T.);
#4064=EDGE_CURVE('',#3291,#3292,#1873,.T.);
#4065=EDGE_CURVE('',#3292,#3285,#1874,.T.);
#4066=EDGE_CURVE('',#3293,#3294,#1875,.T.);
#4067=EDGE_CURVE('',#3294,#3293,#1429,.T.);
#4068=EDGE_CURVE('',#3295,#3295,#1430,.T.);
#4069=EDGE_CURVE('',#3296,#3296,#1431,.T.);
#4070=EDGE_CURVE('',#3297,#3297,#1432,.T.);
#4071=EDGE_CURVE('',#3298,#3298,#1433,.T.);
#4072=EDGE_CURVE('',#3299,#3299,#1434,.T.);
#4073=EDGE_CURVE('',#3300,#3300,#1435,.T.);
#4074=EDGE_CURVE('',#3301,#3301,#1436,.T.);
#4075=EDGE_CURVE('',#3301,#3302,#1876,.T.);
#4076=EDGE_CURVE('',#3302,#3302,#1437,.T.);
#4077=EDGE_CURVE('',#3303,#3303,#1438,.T.);
#4078=EDGE_CURVE('',#3303,#3243,#1877,.T.);
#4079=EDGE_CURVE('',#3126,#3151,#1878,.T.);
#4080=EDGE_CURVE('',#3125,#3152,#1879,.T.);
#4081=EDGE_CURVE('',#3124,#3146,#1880,.T.);
#4082=EDGE_CURVE('',#3020,#3142,#1881,.T.);
#4083=EDGE_CURVE('',#3304,#3304,#1439,.T.);
#4084=EDGE_CURVE('',#3304,#3305,#1882,.T.);
#4085=EDGE_CURVE('',#3305,#3305,#1440,.T.);
#4086=EDGE_CURVE('',#3300,#3306,#1883,.T.);
#4087=EDGE_CURVE('',#3306,#3306,#1441,.T.);
#4088=EDGE_CURVE('',#3307,#3307,#1442,.T.);
#4089=EDGE_CURVE('',#3307,#3308,#1884,.T.);
#4090=EDGE_CURVE('',#3308,#3308,#1443,.T.);
#4091=EDGE_CURVE('',#3244,#3309,#1885,.T.);
#4092=EDGE_CURVE('',#3309,#3309,#1444,.T.);
#4093=EDGE_CURVE('',#3310,#3310,#1445,.T.);
#4094=EDGE_CURVE('',#3310,#3311,#1886,.T.);
#4095=EDGE_CURVE('',#3311,#3311,#1446,.T.);
#4096=EDGE_CURVE('',#3299,#3312,#1887,.T.);
#4097=EDGE_CURVE('',#3312,#3312,#1447,.T.);
#4098=EDGE_CURVE('',#3313,#3313,#1448,.T.);
#4099=EDGE_CURVE('',#3313,#3314,#1888,.T.);
#4100=EDGE_CURVE('',#3314,#3314,#1449,.T.);
#4101=EDGE_CURVE('',#3245,#3315,#1889,.T.);
#4102=EDGE_CURVE('',#3315,#3315,#1450,.T.);
#4103=EDGE_CURVE('',#3316,#3316,#1451,.T.);
#4104=EDGE_CURVE('',#3316,#3317,#1890,.T.);
#4105=EDGE_CURVE('',#3317,#3317,#1452,.T.);
#4106=EDGE_CURVE('',#3298,#3318,#1891,.T.);
#4107=EDGE_CURVE('',#3318,#3318,#1453,.T.);
#4108=EDGE_CURVE('',#3319,#3319,#1454,.T.);
#4109=EDGE_CURVE('',#3319,#3320,#1892,.T.);
#4110=EDGE_CURVE('',#3320,#3320,#1455,.T.);
#4111=EDGE_CURVE('',#3246,#3321,#1893,.T.);
#4112=EDGE_CURVE('',#3321,#3321,#1456,.T.);
#4113=EDGE_CURVE('',#3322,#3322,#1457,.T.);
#4114=EDGE_CURVE('',#3322,#3323,#1894,.T.);
#4115=EDGE_CURVE('',#3323,#3323,#1458,.T.);
#4116=EDGE_CURVE('',#3297,#3324,#1895,.T.);
#4117=EDGE_CURVE('',#3324,#3324,#1459,.T.);
#4118=EDGE_CURVE('',#3325,#3325,#1460,.T.);
#4119=EDGE_CURVE('',#3325,#3326,#1896,.T.);
#4120=EDGE_CURVE('',#3326,#3326,#1461,.T.);
#4121=EDGE_CURVE('',#3247,#3327,#1897,.T.);
#4122=EDGE_CURVE('',#3327,#3327,#1462,.T.);
#4123=EDGE_CURVE('',#3328,#3328,#1463,.T.);
#4124=EDGE_CURVE('',#3328,#3329,#1898,.T.);
#4125=EDGE_CURVE('',#3329,#3329,#1464,.T.);
#4126=EDGE_CURVE('',#3296,#3330,#1899,.T.);
#4127=EDGE_CURVE('',#3330,#3330,#1465,.T.);
#4128=EDGE_CURVE('',#3331,#3331,#1466,.T.);
#4129=EDGE_CURVE('',#3331,#2995,#1900,.T.);
#4130=EDGE_CURVE('',#3248,#2994,#1901,.T.);
#4131=EDGE_CURVE('',#3332,#3332,#1467,.T.);
#4132=EDGE_CURVE('',#3332,#3333,#1902,.T.);
#4133=EDGE_CURVE('',#3333,#3333,#1468,.T.);
#4134=EDGE_CURVE('',#3295,#3334,#1903,.T.);
#4135=EDGE_CURVE('',#3334,#3334,#1469,.T.);
#4136=EDGE_CURVE('',#3293,#3335,#1904,.T.);
#4137=EDGE_CURVE('',#3335,#3336,#1905,.T.);
#4138=EDGE_CURVE('',#3336,#3337,#1906,.T.);
#4139=EDGE_CURVE('',#3294,#3337,#1907,.T.);
#4140=EDGE_CURVE('',#3337,#3335,#1470,.T.);
#4141=EDGE_CURVE('',#3336,#3338,#1471,.T.);
#4142=EDGE_CURVE('',#3338,#3336,#1472,.T.);
#4143=EDGE_CURVE('',#3113,#3338,#1908,.T.);
#4144=EDGE_CURVE('',#3141,#3339,#1909,.T.);
#4145=EDGE_CURVE('',#3339,#3339,#1473,.T.);
#4146=EDGE_CURVE('',#3340,#3139,#1910,.T.);
#4147=EDGE_CURVE('',#3198,#3340,#1911,.T.);
#4148=EDGE_CURVE('',#3341,#3340,#1474,.T.);
#4149=EDGE_CURVE('',#3341,#3138,#1912,.T.);
#4150=EDGE_CURVE('',#3341,#3004,#1913,.T.);
#4151=EDGE_CURVE('',#3199,#3003,#1475,.T.);
#4152=EDGE_CURVE('',#3130,#3190,#1914,.T.);
#4153=EDGE_CURVE('',#3134,#3184,#1915,.T.);
#4154=EDGE_CURVE('',#3185,#3133,#1916,.T.);
#4155=EDGE_CURVE('',#2997,#3342,#1917,.T.);
#4156=EDGE_CURVE('',#3342,#3342,#1476,.T.);
#4157=EDGE_CURVE('',#3241,#3189,#1918,.T.);
#4158=EDGE_CURVE('',#3001,#3343,#1919,.T.);
#4159=EDGE_CURVE('',#3343,#3343,#1477,.T.);
#4160=EDGE_CURVE('',#3000,#3344,#1920,.T.);
#4161=EDGE_CURVE('',#3344,#3344,#1478,.T.);
#4162=EDGE_CURVE('',#2996,#3345,#1921,.T.);
#4163=EDGE_CURVE('',#3345,#3345,#1479,.T.);
#4164=EDGE_CURVE('',#3346,#3347,#1922,.T.);
#4165=EDGE_CURVE('',#3348,#3346,#1923,.T.);
#4166=EDGE_CURVE('',#3349,#3348,#1924,.T.);
#4167=EDGE_CURVE('',#3347,#3349,#1925,.T.);
#4168=EDGE_CURVE('',#3350,#3351,#1926,.T.);
#4169=EDGE_CURVE('',#3352,#3350,#1480,.T.);
#4170=EDGE_CURVE('',#3353,#3352,#1927,.T.);
#4171=EDGE_CURVE('',#3354,#3353,#1481,.T.);
#4172=EDGE_CURVE('',#3355,#3354,#1928,.T.);
#4173=EDGE_CURVE('',#3356,#3355,#1482,.T.);
#4174=EDGE_CURVE('',#3357,#3356,#1929,.T.);
#4175=EDGE_CURVE('',#3351,#3357,#1483,.T.);
#4176=EDGE_CURVE('',#3358,#3359,#1930,.T.);
#4177=EDGE_CURVE('',#3360,#3358,#1484,.T.);
#4178=EDGE_CURVE('',#3361,#3360,#1931,.T.);
#4179=EDGE_CURVE('',#3362,#3361,#1485,.T.);
#4180=EDGE_CURVE('',#3363,#3362,#1932,.T.);
#4181=EDGE_CURVE('',#3364,#3363,#1486,.T.);
#4182=EDGE_CURVE('',#3365,#3364,#1933,.T.);
#4183=EDGE_CURVE('',#3359,#3365,#1487,.T.);
#4184=EDGE_CURVE('',#3366,#3367,#1934,.T.);
#4185=EDGE_CURVE('',#3368,#3366,#1488,.T.);
#4186=EDGE_CURVE('',#3369,#3368,#1935,.T.);
#4187=EDGE_CURVE('',#3370,#3369,#1489,.T.);
#4188=EDGE_CURVE('',#3371,#3370,#1936,.T.);
#4189=EDGE_CURVE('',#3372,#3371,#1490,.T.);
#4190=EDGE_CURVE('',#3373,#3372,#1937,.T.);
#4191=EDGE_CURVE('',#3367,#3373,#1491,.T.);
#4192=EDGE_CURVE('',#3374,#3375,#1938,.T.);
#4193=EDGE_CURVE('',#3376,#3374,#1492,.T.);
#4194=EDGE_CURVE('',#3377,#3376,#1939,.T.);
#4195=EDGE_CURVE('',#3378,#3377,#1493,.T.);
#4196=EDGE_CURVE('',#3379,#3378,#1940,.T.);
#4197=EDGE_CURVE('',#3380,#3379,#1494,.T.);
#4198=EDGE_CURVE('',#3381,#3380,#1941,.T.);
#4199=EDGE_CURVE('',#3375,#3381,#1495,.T.);
#4200=EDGE_CURVE('',#3382,#3383,#1942,.T.);
#4201=EDGE_CURVE('',#3384,#3382,#1943,.T.);
#4202=EDGE_CURVE('',#3385,#3384,#1944,.T.);
#4203=EDGE_CURVE('',#3383,#3385,#1945,.T.);
#4204=EDGE_CURVE('',#3386,#3387,#1496,.T.);
#4205=EDGE_CURVE('',#3388,#3386,#1946,.T.);
#4206=EDGE_CURVE('',#3389,#3388,#1497,.T.);
#4207=EDGE_CURVE('',#3390,#3389,#1947,.T.);
#4208=EDGE_CURVE('',#3391,#3390,#1498,.T.);
#4209=EDGE_CURVE('',#3392,#3391,#1948,.T.);
#4210=EDGE_CURVE('',#3393,#3392,#1499,.T.);
#4211=EDGE_CURVE('',#3387,#3393,#1949,.T.);
#4212=EDGE_CURVE('',#3394,#3395,#1500,.T.);
#4213=EDGE_CURVE('',#3396,#3394,#1950,.T.);
#4214=EDGE_CURVE('',#3397,#3396,#1501,.T.);
#4215=EDGE_CURVE('',#3398,#3397,#1951,.T.);
#4216=EDGE_CURVE('',#3399,#3398,#1502,.T.);
#4217=EDGE_CURVE('',#3400,#3399,#1952,.T.);
#4218=EDGE_CURVE('',#3401,#3400,#1503,.T.);
#4219=EDGE_CURVE('',#3395,#3401,#1953,.T.);
#4220=EDGE_CURVE('',#3402,#3403,#1504,.T.);
#4221=EDGE_CURVE('',#3404,#3402,#1954,.T.);
#4222=EDGE_CURVE('',#3405,#3404,#1505,.T.);
#4223=EDGE_CURVE('',#3406,#3405,#1955,.T.);
#4224=EDGE_CURVE('',#3407,#3406,#1506,.T.);
#4225=EDGE_CURVE('',#3408,#3407,#1956,.T.);
#4226=EDGE_CURVE('',#3409,#3408,#1507,.T.);
#4227=EDGE_CURVE('',#3403,#3409,#1957,.T.);
#4228=EDGE_CURVE('',#3410,#3411,#1958,.T.);
#4229=EDGE_CURVE('',#3412,#3410,#1508,.T.);
#4230=EDGE_CURVE('',#3413,#3412,#1959,.T.);
#4231=EDGE_CURVE('',#3414,#3413,#1509,.T.);
#4232=EDGE_CURVE('',#3415,#3414,#1960,.T.);
#4233=EDGE_CURVE('',#3416,#3415,#1510,.T.);
#4234=EDGE_CURVE('',#3417,#3416,#1961,.T.);
#4235=EDGE_CURVE('',#3411,#3417,#1511,.T.);
#4236=EDGE_CURVE('',#3354,#3088,#1962,.T.);
#4237=EDGE_CURVE('',#3355,#3087,#1963,.T.);
#4238=EDGE_CURVE('',#3353,#3089,#1964,.T.);
#4239=EDGE_CURVE('',#3352,#3090,#1965,.T.);
#4240=EDGE_CURVE('',#3350,#3083,#1966,.T.);
#4241=EDGE_CURVE('',#3362,#3080,#1967,.T.);
#4242=EDGE_CURVE('',#3363,#3079,#1968,.T.);
#4243=EDGE_CURVE('',#3361,#3081,#1969,.T.);
#4244=EDGE_CURVE('',#3360,#3082,#1970,.T.);
#4245=EDGE_CURVE('',#3358,#3075,#1971,.T.);
#4246=EDGE_CURVE('',#3370,#3040,#1972,.T.);
#4247=EDGE_CURVE('',#3371,#3039,#1973,.T.);
#4248=EDGE_CURVE('',#3369,#3041,#1974,.T.);
#4249=EDGE_CURVE('',#3368,#3042,#1975,.T.);
#4250=EDGE_CURVE('',#3366,#3035,#1976,.T.);
#4251=EDGE_CURVE('',#3378,#3032,#1977,.T.);
#4252=EDGE_CURVE('',#3379,#3031,#1978,.T.);
#4253=EDGE_CURVE('',#3377,#3033,#1979,.T.);
#4254=EDGE_CURVE('',#3376,#3034,#1980,.T.);
#4255=EDGE_CURVE('',#3374,#3027,#1981,.T.);
#4256=EDGE_CURVE('',#3390,#3072,#1982,.T.);
#4257=EDGE_CURVE('',#3391,#3071,#1983,.T.);
#4258=EDGE_CURVE('',#3389,#3073,#1984,.T.);
#4259=EDGE_CURVE('',#3388,#3074,#1985,.T.);
#4260=EDGE_CURVE('',#3386,#3067,#1986,.T.);
#4261=EDGE_CURVE('',#3398,#3064,#1987,.T.);
#4262=EDGE_CURVE('',#3399,#3063,#1988,.T.);
#4263=EDGE_CURVE('',#3397,#3065,#1989,.T.);
#4264=EDGE_CURVE('',#3396,#3066,#1990,.T.);
#4265=EDGE_CURVE('',#3394,#3059,#1991,.T.);
#4266=EDGE_CURVE('',#3406,#3056,#1992,.T.);
#4267=EDGE_CURVE('',#3407,#3055,#1993,.T.);
#4268=EDGE_CURVE('',#3405,#3057,#1994,.T.);
#4269=EDGE_CURVE('',#3404,#3058,#1995,.T.);
#4270=EDGE_CURVE('',#3402,#3051,#1996,.T.);
#4271=EDGE_CURVE('',#3414,#3048,#1997,.T.);
#4272=EDGE_CURVE('',#3415,#3047,#1998,.T.);
#4273=EDGE_CURVE('',#3413,#3049,#1999,.T.);
#4274=EDGE_CURVE('',#3412,#3050,#2000,.T.);
#4275=EDGE_CURVE('',#3410,#3043,#2001,.T.);
#4276=EDGE_CURVE('',#3418,#3418,#1512,.T.);
#4277=EDGE_CURVE('',#3418,#3419,#2002,.T.);
#4278=EDGE_CURVE('',#3419,#3419,#1513,.T.);
#4279=EDGE_CURVE('',#3420,#3420,#1514,.T.);
#4280=EDGE_CURVE('',#3420,#3249,#2003,.T.);
#4281=EDGE_CURVE('',#3286,#3421,#2004,.T.);
#4282=EDGE_CURVE('',#3422,#3421,#2005,.T.);
#4283=EDGE_CURVE('',#3287,#3422,#2006,.T.);
#4284=EDGE_CURVE('',#3423,#3422,#2007,.T.);
#4285=EDGE_CURVE('',#3288,#3423,#2008,.T.);
#4286=EDGE_CURVE('',#3424,#3423,#2009,.T.);
#4287=EDGE_CURVE('',#3289,#3424,#2010,.T.);
#4288=EDGE_CURVE('',#3425,#3424,#2011,.T.);
#4289=EDGE_CURVE('',#3290,#3425,#2012,.T.);
#4290=EDGE_CURVE('',#3426,#3425,#2013,.T.);
#4291=EDGE_CURVE('',#3291,#3426,#2014,.T.);
#4292=EDGE_CURVE('',#3427,#3426,#2015,.T.);
#4293=EDGE_CURVE('',#3292,#3427,#2016,.T.);
#4294=EDGE_CURVE('',#3428,#3427,#2017,.T.);
#4295=EDGE_CURVE('',#3428,#3382,#2018,.T.);
#4296=EDGE_CURVE('',#3285,#3383,#2019,.T.);
#4297=EDGE_CURVE('',#3429,#3428,#2020,.T.);
#4298=EDGE_CURVE('',#3429,#3384,#2021,.T.);
#4299=EDGE_CURVE('',#3430,#3429,#2022,.T.);
#4300=EDGE_CURVE('',#3430,#3385,#2023,.T.);
#4301=EDGE_CURVE('',#3421,#3430,#2024,.T.);
#4302=EDGE_CURVE('',#3431,#3431,#1515,.T.);
#4303=EDGE_CURVE('',#3431,#3432,#2025,.T.);
#4304=EDGE_CURVE('',#3432,#3432,#1516,.T.);
#4305=EDGE_CURVE('',#3433,#3433,#1517,.T.);
#4306=EDGE_CURVE('',#3433,#3284,#2026,.T.);
#4307=EDGE_CURVE('',#3434,#3434,#1518,.T.);
#4308=EDGE_CURVE('',#3434,#3435,#2027,.T.);
#4309=EDGE_CURVE('',#3435,#3435,#1519,.T.);
#4310=EDGE_CURVE('',#3436,#3436,#1520,.T.);
#4311=EDGE_CURVE('',#3436,#3250,#2028,.T.);
#4312=EDGE_CURVE('',#3437,#3437,#1521,.T.);
#4313=EDGE_CURVE('',#3437,#3438,#2029,.T.);
#4314=EDGE_CURVE('',#3438,#3438,#1522,.T.);
#4315=EDGE_CURVE('',#3439,#3439,#1523,.T.);
#4316=EDGE_CURVE('',#3439,#3283,#2030,.T.);
#4317=EDGE_CURVE('',#3236,#3440,#2031,.T.);
#4318=EDGE_CURVE('',#3441,#3440,#2032,.T.);
#4319=EDGE_CURVE('',#3237,#3441,#2033,.T.);
#4320=EDGE_CURVE('',#3442,#3441,#2034,.T.);
#4321=EDGE_CURVE('',#3238,#3442,#2035,.T.);
#4322=EDGE_CURVE('',#3443,#3442,#2036,.T.);
#4323=EDGE_CURVE('',#3239,#3443,#2037,.T.);
#4324=EDGE_CURVE('',#3444,#3443,#2038,.T.);
#4325=EDGE_CURVE('',#3240,#3444,#2039,.T.);
#4326=EDGE_CURVE('',#3227,#3444,#2040,.T.);
#4327=EDGE_CURVE('',#3445,#3228,#2041,.T.);
#4328=EDGE_CURVE('',#3234,#3445,#2042,.T.);
#4329=EDGE_CURVE('',#3446,#3445,#2043,.T.);
#4330=EDGE_CURVE('',#3446,#3346,#2044,.T.);
#4331=EDGE_CURVE('',#3235,#3347,#2045,.T.);
#4332=EDGE_CURVE('',#3447,#3446,#2046,.T.);
#4333=EDGE_CURVE('',#3447,#3348,#2047,.T.);
#4334=EDGE_CURVE('',#3448,#3447,#2048,.T.);
#4335=EDGE_CURVE('',#3448,#3349,#2049,.T.);
#4336=EDGE_CURVE('',#3440,#3448,#2050,.T.);
#4337=EDGE_CURVE('',#3449,#3450,#1524,.T.);
#4338=EDGE_CURVE('',#3450,#3451,#2051,.T.);
#4339=EDGE_CURVE('',#3452,#3451,#1525,.T.);
#4340=EDGE_CURVE('',#3449,#3452,#2052,.T.);
#4341=EDGE_CURVE('',#3453,#3454,#1526,.T.);
#4342=EDGE_CURVE('',#3454,#3455,#2053,.T.);
#4343=EDGE_CURVE('',#3456,#3455,#1527,.T.);
#4344=EDGE_CURVE('',#3453,#3456,#2054,.T.);
#4345=EDGE_CURVE('',#3457,#3458,#1528,.T.);
#4346=EDGE_CURVE('',#3458,#3459,#2055,.T.);
#4347=EDGE_CURVE('',#3460,#3459,#1529,.T.);
#4348=EDGE_CURVE('',#3457,#3460,#2056,.T.);
#4349=EDGE_CURVE('',#3461,#3462,#1530,.T.);
#4350=EDGE_CURVE('',#3462,#3463,#2057,.T.);
#4351=EDGE_CURVE('',#3464,#3463,#1531,.T.);
#4352=EDGE_CURVE('',#3461,#3464,#2058,.T.);
#4353=EDGE_CURVE('',#3465,#3466,#1532,.T.);
#4354=EDGE_CURVE('',#3466,#3467,#2059,.T.);
#4355=EDGE_CURVE('',#3468,#3467,#1533,.T.);
#4356=EDGE_CURVE('',#3465,#3468,#2060,.T.);
#4357=EDGE_CURVE('',#3469,#3470,#1534,.T.);
#4358=EDGE_CURVE('',#3470,#3471,#2061,.T.);
#4359=EDGE_CURVE('',#3472,#3471,#1535,.T.);
#4360=EDGE_CURVE('',#3469,#3472,#2062,.T.);
#4361=EDGE_CURVE('',#3473,#3474,#1536,.T.);
#4362=EDGE_CURVE('',#3474,#3475,#2063,.T.);
#4363=EDGE_CURVE('',#3476,#3475,#1537,.T.);
#4364=EDGE_CURVE('',#3473,#3476,#2064,.T.);
#4365=EDGE_CURVE('',#3477,#3478,#1538,.T.);
#4366=EDGE_CURVE('',#3478,#3479,#2065,.T.);
#4367=EDGE_CURVE('',#3480,#3479,#1539,.T.);
#4368=EDGE_CURVE('',#3477,#3480,#2066,.T.);
#4369=EDGE_CURVE('',#3481,#3482,#2067,.T.);
#4370=EDGE_CURVE('',#3481,#3483,#2068,.T.);
#4371=EDGE_CURVE('',#3484,#3483,#2069,.T.);
#4372=EDGE_CURVE('',#3482,#3484,#2070,.T.);
#4373=EDGE_CURVE('',#3482,#3485,#2071,.T.);
#4374=EDGE_CURVE('',#3486,#3484,#2072,.T.);
#4375=EDGE_CURVE('',#3485,#3486,#2073,.T.);
#4376=EDGE_CURVE('',#3487,#3485,#1540,.T.);
#4377=EDGE_CURVE('',#3488,#3486,#1541,.T.);
#4378=EDGE_CURVE('',#3487,#3488,#2074,.T.);
#4379=EDGE_CURVE('',#3489,#3487,#2075,.T.);
#4380=EDGE_CURVE('',#3490,#3488,#2076,.T.);
#4381=EDGE_CURVE('',#3489,#3490,#2077,.T.);
#4382=EDGE_CURVE('',#3489,#3491,#2078,.T.);
#4383=EDGE_CURVE('',#3492,#3490,#2079,.T.);
#4384=EDGE_CURVE('',#3491,#3492,#2080,.T.);
#4385=EDGE_CURVE('',#3491,#3493,#2081,.T.);
#4386=EDGE_CURVE('',#3494,#3492,#2082,.T.);
#4387=EDGE_CURVE('',#3493,#3494,#2083,.T.);
#4388=EDGE_CURVE('',#3495,#3493,#1542,.T.);
#4389=EDGE_CURVE('',#3496,#3494,#1543,.T.);
#4390=EDGE_CURVE('',#3495,#3496,#2084,.T.);
#4391=EDGE_CURVE('',#3497,#3495,#2085,.T.);
#4392=EDGE_CURVE('',#3498,#3496,#2086,.T.);
#4393=EDGE_CURVE('',#3497,#3498,#2087,.T.);
#4394=EDGE_CURVE('',#3499,#3497,#2088,.T.);
#4395=EDGE_CURVE('',#3500,#3498,#2089,.T.);
#4396=EDGE_CURVE('',#3499,#3500,#2090,.T.);
#4397=EDGE_CURVE('',#3499,#3501,#2091,.T.);
#4398=EDGE_CURVE('',#3502,#3500,#2092,.T.);
#4399=EDGE_CURVE('',#3501,#3502,#2093,.T.);
#4400=EDGE_CURVE('',#3503,#3501,#1544,.T.);
#4401=EDGE_CURVE('',#3504,#3502,#1545,.T.);
#4402=EDGE_CURVE('',#3503,#3504,#2094,.T.);
#4403=EDGE_CURVE('',#3505,#3503,#2095,.T.);
#4404=EDGE_CURVE('',#3506,#3504,#2096,.T.);
#4405=EDGE_CURVE('',#3505,#3506,#2097,.T.);
#4406=EDGE_CURVE('',#3507,#3505,#2098,.T.);
#4407=EDGE_CURVE('',#3508,#3506,#2099,.T.);
#4408=EDGE_CURVE('',#3507,#3508,#2100,.T.);
#4409=EDGE_CURVE('',#3507,#3509,#2101,.T.);
#4410=EDGE_CURVE('',#3510,#3508,#2102,.T.);
#4411=EDGE_CURVE('',#3509,#3510,#2103,.T.);
#4412=EDGE_CURVE('',#3511,#3509,#1546,.T.);
#4413=EDGE_CURVE('',#3512,#3510,#1547,.T.);
#4414=EDGE_CURVE('',#3511,#3512,#2104,.T.);
#4415=EDGE_CURVE('',#3481,#3511,#2105,.T.);
#4416=EDGE_CURVE('',#3483,#3512,#2106,.T.);
#4417=EDGE_CURVE('',#3513,#3477,#2107,.T.);
#4418=EDGE_CURVE('',#3450,#3513,#2108,.T.);
#4419=EDGE_CURVE('',#3514,#3449,#2109,.T.);
#4420=EDGE_CURVE('',#3454,#3514,#2110,.T.);
#4421=EDGE_CURVE('',#3515,#3453,#2111,.T.);
#4422=EDGE_CURVE('',#3458,#3515,#2112,.T.);
#4423=EDGE_CURVE('',#3516,#3457,#2113,.T.);
#4424=EDGE_CURVE('',#3462,#3516,#2114,.T.);
#4425=EDGE_CURVE('',#3517,#3461,#2115,.T.);
#4426=EDGE_CURVE('',#3466,#3517,#2116,.T.);
#4427=EDGE_CURVE('',#3518,#3465,#2117,.T.);
#4428=EDGE_CURVE('',#3470,#3518,#2118,.T.);
#4429=EDGE_CURVE('',#3519,#3469,#2119,.T.);
#4430=EDGE_CURVE('',#3474,#3519,#2120,.T.);
#4431=EDGE_CURVE('',#3520,#3473,#2121,.T.);
#4432=EDGE_CURVE('',#3478,#3520,#2122,.T.);
#4433=EDGE_CURVE('',#3459,#3460,#2123,.T.);
#4434=EDGE_CURVE('',#3455,#3521,#2124,.T.);
#4435=EDGE_CURVE('',#3521,#3522,#1548,.T.);
#4436=EDGE_CURVE('',#3522,#3456,#2125,.T.);
#4437=EDGE_CURVE('',#3451,#3452,#2126,.T.);
#4438=EDGE_CURVE('',#3479,#3523,#2127,.T.);
#4439=EDGE_CURVE('',#3523,#3524,#1549,.T.);
#4440=EDGE_CURVE('',#3524,#3480,#2128,.T.);
#4441=EDGE_CURVE('',#3475,#3476,#2129,.T.);
#4442=EDGE_CURVE('',#3471,#3525,#2130,.T.);
#4443=EDGE_CURVE('',#3525,#3526,#1550,.T.);
#4444=EDGE_CURVE('',#3526,#3472,#2131,.T.);
#4445=EDGE_CURVE('',#3467,#3468,#2132,.T.);
#4446=EDGE_CURVE('',#3463,#3527,#2133,.T.);
#4447=EDGE_CURVE('',#3527,#3528,#1551,.T.);
#4448=EDGE_CURVE('',#3528,#3464,#2134,.T.);
#4449=EDGE_CURVE('',#3105,#3521,#2135,.T.);
#4450=EDGE_CURVE('',#3514,#3106,#2136,.T.);
#4451=EDGE_CURVE('',#3513,#3107,#2137,.T.);
#4452=EDGE_CURVE('',#3108,#3524,#2138,.T.);
#4453=EDGE_CURVE('',#3109,#3523,#2139,.T.);
#4454=EDGE_CURVE('',#3520,#3110,#2140,.T.);
#4455=EDGE_CURVE('',#3519,#3111,#2141,.T.);
#4456=EDGE_CURVE('',#3112,#3526,#2142,.T.);
#4457=EDGE_CURVE('',#3097,#3525,#2143,.T.);
#4458=EDGE_CURVE('',#3098,#3518,#2144,.T.);
#4459=EDGE_CURVE('',#3104,#3522,#2145,.T.);
#4460=EDGE_CURVE('',#3515,#3103,#2146,.T.);
#4461=EDGE_CURVE('',#3516,#3102,#2147,.T.);
#4462=EDGE_CURVE('',#3101,#3527,#2148,.T.);
#4463=EDGE_CURVE('',#3100,#3528,#2149,.T.);
#4464=EDGE_CURVE('',#3517,#3099,#2150,.T.);
#4465=EDGE_CURVE('',#3255,#3529,#2151,.T.);
#4466=EDGE_CURVE('',#3529,#3530,#2152,.T.);
#4467=EDGE_CURVE('',#3256,#3530,#2153,.T.);
#4468=EDGE_CURVE('',#3530,#3531,#1552,.T.);
#4469=EDGE_CURVE('',#3257,#3531,#2154,.T.);
#4470=EDGE_CURVE('',#3531,#3532,#2155,.T.);
#4471=EDGE_CURVE('',#3258,#3532,#2156,.T.);
#4472=EDGE_CURVE('',#3532,#3533,#1553,.T.);
#4473=EDGE_CURVE('',#3251,#3533,#2157,.T.);
#4474=EDGE_CURVE('',#3533,#3534,#2158,.T.);
#4475=EDGE_CURVE('',#3252,#3534,#2159,.T.);
#4476=EDGE_CURVE('',#3254,#3535,#2160,.T.);
#4477=EDGE_CURVE('',#3535,#3529,#1554,.T.);
#4478=EDGE_CURVE('',#3253,#3536,#2161,.T.);
#4479=EDGE_CURVE('',#3536,#3535,#2162,.T.);
#4480=EDGE_CURVE('',#3534,#3536,#1555,.T.);
#4481=EDGE_CURVE('',#3537,#3538,#15,.T.);
#4482=EDGE_CURVE('',#3538,#3539,#2163,.T.);
#4483=EDGE_CURVE('',#3539,#3540,#16,.T.);
#4484=EDGE_CURVE('',#3540,#3537,#2164,.T.);
#4485=EDGE_CURVE('',#3538,#3539,#1556,.T.);
#4486=EDGE_CURVE('',#3541,#3541,#1557,.T.);
#4487=EDGE_CURVE('',#3542,#3543,#17,.T.);
#4488=EDGE_CURVE('',#3543,#3544,#2165,.T.);
#4489=EDGE_CURVE('',#3544,#3545,#18,.T.);
#4490=EDGE_CURVE('',#3545,#3542,#2166,.T.);
#4491=EDGE_CURVE('',#3543,#3544,#1558,.T.);
#4492=EDGE_CURVE('',#3546,#3546,#1559,.T.);
#4493=EDGE_CURVE('',#3547,#3548,#19,.T.);
#4494=EDGE_CURVE('',#3548,#3549,#2167,.T.);
#4495=EDGE_CURVE('',#3549,#3550,#20,.T.);
#4496=EDGE_CURVE('',#3550,#3547,#2168,.T.);
#4497=EDGE_CURVE('',#3548,#3549,#1560,.T.);
#4498=EDGE_CURVE('',#3551,#3551,#1561,.T.);
#4499=EDGE_CURVE('',#3552,#3553,#21,.T.);
#4500=EDGE_CURVE('',#3553,#3554,#2169,.T.);
#4501=EDGE_CURVE('',#3554,#3555,#22,.T.);
#4502=EDGE_CURVE('',#3555,#3552,#2170,.T.);
#4503=EDGE_CURVE('',#3553,#3554,#1562,.T.);
#4504=EDGE_CURVE('',#3556,#3556,#1563,.T.);
#4505=EDGE_CURVE('',#3546,#3557,#2171,.T.);
#4506=EDGE_CURVE('',#3557,#3557,#1564,.T.);
#4507=EDGE_CURVE('',#3268,#3542,#2172,.T.);
#4508=EDGE_CURVE('',#3267,#3545,#2173,.T.);
#4509=EDGE_CURVE('',#3556,#3558,#2174,.T.);
#4510=EDGE_CURVE('',#3558,#3558,#1565,.T.);
#4511=EDGE_CURVE('',#3260,#3552,#2175,.T.);
#4512=EDGE_CURVE('',#3259,#3555,#2176,.T.);
#4513=EDGE_CURVE('',#3551,#3559,#2177,.T.);
#4514=EDGE_CURVE('',#3559,#3559,#1566,.T.);
#4515=EDGE_CURVE('',#3265,#3547,#2178,.T.);
#4516=EDGE_CURVE('',#3264,#3550,#2179,.T.);
#4517=EDGE_CURVE('',#3541,#3560,#2180,.T.);
#4518=EDGE_CURVE('',#3560,#3560,#1567,.T.);
#4519=EDGE_CURVE('',#3273,#3537,#2181,.T.);
#4520=EDGE_CURVE('',#3272,#3540,#2182,.T.);
#4521=EDGE_CURVE('',#3096,#3561,#2183,.T.);
#4522=EDGE_CURVE('',#3561,#3561,#1568,.T.);
#4523=EDGE_CURVE('',#3095,#3562,#2184,.T.);
#4524=EDGE_CURVE('',#3562,#3562,#1569,.T.);
#4525=EDGE_CURVE('',#3563,#3564,#2185,.T.);
#4526=EDGE_CURVE('',#3564,#3262,#2186,.T.);
#4527=EDGE_CURVE('',#3563,#3261,#2187,.T.);
#4528=EDGE_CURVE('',#3564,#3565,#2188,.T.);
#4529=EDGE_CURVE('',#3565,#3263,#2189,.T.);
#4530=EDGE_CURVE('',#3565,#3566,#2190,.T.);
#4531=EDGE_CURVE('',#3566,#3266,#2191,.T.);
#4532=EDGE_CURVE('',#3566,#3563,#2192,.T.);
#4533=EDGE_CURVE('',#3567,#3274,#2193,.T.);
#4534=EDGE_CURVE('',#3567,#3568,#2194,.T.);
#4535=EDGE_CURVE('',#3568,#3269,#2195,.T.);
#4536=EDGE_CURVE('',#3568,#3569,#2196,.T.);
#4537=EDGE_CURVE('',#3569,#3270,#2197,.T.);
#4538=EDGE_CURVE('',#3569,#3570,#2198,.T.);
#4539=EDGE_CURVE('',#3570,#3271,#2199,.T.);
#4540=EDGE_CURVE('',#3570,#3567,#2200,.T.);
#4541=EDGE_CURVE('',#3571,#3572,#2201,.T.);
#4542=EDGE_CURVE('',#3571,#3573,#2202,.T.);
#4543=EDGE_CURVE('',#3574,#3573,#2203,.T.);
#4544=EDGE_CURVE('',#3572,#3574,#2204,.T.);
#4545=EDGE_CURVE('',#3572,#3575,#2205,.T.);
#4546=EDGE_CURVE('',#3576,#3574,#2206,.T.);
#4547=EDGE_CURVE('',#3575,#3576,#2207,.T.);
#4548=EDGE_CURVE('',#3575,#3577,#2208,.T.);
#4549=EDGE_CURVE('',#3578,#3576,#2209,.T.);
#4550=EDGE_CURVE('',#3577,#3578,#2210,.T.);
#4551=EDGE_CURVE('',#3577,#3571,#2211,.T.);
#4552=EDGE_CURVE('',#3573,#3578,#2212,.T.);
#4553=EDGE_CURVE('',#3579,#3580,#2213,.T.);
#4554=EDGE_CURVE('',#3579,#3581,#2214,.T.);
#4555=EDGE_CURVE('',#3582,#3581,#2215,.T.);
#4556=EDGE_CURVE('',#3580,#3582,#2216,.T.);
#4557=EDGE_CURVE('',#3583,#3580,#1570,.T.);
#4558=EDGE_CURVE('',#3584,#3582,#1571,.T.);
#4559=EDGE_CURVE('',#3583,#3584,#2217,.T.);
#4560=EDGE_CURVE('',#3585,#3583,#1572,.T.);
#4561=EDGE_CURVE('',#3586,#3584,#1573,.T.);
#4562=EDGE_CURVE('',#3585,#3586,#2218,.T.);
#4563=EDGE_CURVE('',#3585,#3587,#1574,.T.);
#4564=EDGE_CURVE('',#3588,#3586,#1575,.T.);
#4565=EDGE_CURVE('',#3587,#3588,#2219,.T.);
#4566=EDGE_CURVE('',#3589,#3587,#1576,.T.);
#4567=EDGE_CURVE('',#3590,#3588,#1577,.T.);
#4568=EDGE_CURVE('',#3589,#3590,#2220,.T.);
#4569=EDGE_CURVE('',#3591,#3589,#1578,.T.);
#4570=EDGE_CURVE('',#3592,#3590,#1579,.T.);
#4571=EDGE_CURVE('',#3591,#3592,#2221,.T.);
#4572=EDGE_CURVE('',#3593,#3591,#2222,.T.);
#4573=EDGE_CURVE('',#3594,#3592,#2223,.T.);
#4574=EDGE_CURVE('',#3593,#3594,#2224,.T.);
#4575=EDGE_CURVE('',#3595,#3593,#1580,.T.);
#4576=EDGE_CURVE('',#3596,#3594,#1581,.T.);
#4577=EDGE_CURVE('',#3595,#3596,#2225,.T.);
#4578=EDGE_CURVE('',#3595,#3597,#1582,.T.);
#4579=EDGE_CURVE('',#3598,#3596,#1583,.T.);
#4580=EDGE_CURVE('',#3597,#3598,#2226,.T.);
#4581=EDGE_CURVE('',#3599,#3597,#1584,.T.);
#4582=EDGE_CURVE('',#3600,#3598,#1585,.T.);
#4583=EDGE_CURVE('',#3599,#3600,#2227,.T.);
#4584=EDGE_CURVE('',#3599,#3601,#2228,.T.);
#4585=EDGE_CURVE('',#3602,#3600,#2229,.T.);
#4586=EDGE_CURVE('',#3601,#3602,#2230,.T.);
#4587=EDGE_CURVE('',#3603,#3601,#1586,.T.);
#4588=EDGE_CURVE('',#3604,#3602,#1587,.T.);
#4589=EDGE_CURVE('',#3603,#3604,#2231,.T.);
#4590=EDGE_CURVE('',#3605,#3603,#1588,.T.);
#4591=EDGE_CURVE('',#3606,#3604,#1589,.T.);
#4592=EDGE_CURVE('',#3605,#3606,#2232,.T.);
#4593=EDGE_CURVE('',#3605,#3607,#1590,.T.);
#4594=EDGE_CURVE('',#3608,#3606,#1591,.T.);
#4595=EDGE_CURVE('',#3607,#3608,#2233,.T.);
#4596=EDGE_CURVE('',#3609,#3607,#1592,.T.);
#4597=EDGE_CURVE('',#3610,#3608,#1593,.T.);
#4598=EDGE_CURVE('',#3609,#3610,#2234,.T.);
#4599=EDGE_CURVE('',#3611,#3609,#1594,.T.);
#4600=EDGE_CURVE('',#3612,#3610,#1595,.T.);
#4601=EDGE_CURVE('',#3611,#3612,#2235,.T.);
#4602=EDGE_CURVE('',#3613,#3611,#2236,.T.);
#4603=EDGE_CURVE('',#3614,#3612,#2237,.T.);
#4604=EDGE_CURVE('',#3613,#3614,#2238,.T.);
#4605=EDGE_CURVE('',#3615,#3613,#1596,.T.);
#4606=EDGE_CURVE('',#3616,#3614,#1597,.T.);
#4607=EDGE_CURVE('',#3615,#3616,#2239,.T.);
#4608=EDGE_CURVE('',#3615,#3617,#1598,.T.);
#4609=EDGE_CURVE('',#3618,#3616,#1599,.T.);
#4610=EDGE_CURVE('',#3617,#3618,#2240,.T.);
#4611=EDGE_CURVE('',#3619,#3617,#1600,.T.);
#4612=EDGE_CURVE('',#3620,#3618,#1601,.T.);
#4613=EDGE_CURVE('',#3619,#3620,#2241,.T.);
#4614=EDGE_CURVE('',#3619,#3621,#2242,.T.);
#4615=EDGE_CURVE('',#3622,#3620,#2243,.T.);
#4616=EDGE_CURVE('',#3621,#3622,#2244,.T.);
#4617=EDGE_CURVE('',#3623,#3621,#1602,.T.);
#4618=EDGE_CURVE('',#3624,#3622,#1603,.T.);
#4619=EDGE_CURVE('',#3623,#3624,#2245,.T.);
#4620=EDGE_CURVE('',#3625,#3623,#1604,.T.);
#4621=EDGE_CURVE('',#3626,#3624,#1605,.T.);
#4622=EDGE_CURVE('',#3625,#3626,#2246,.T.);
#4623=EDGE_CURVE('',#3625,#3627,#1606,.T.);
#4624=EDGE_CURVE('',#3628,#3626,#1607,.T.);
#4625=EDGE_CURVE('',#3627,#3628,#2247,.T.);
#4626=EDGE_CURVE('',#3629,#3627,#1608,.T.);
#4627=EDGE_CURVE('',#3630,#3628,#1609,.T.);
#4628=EDGE_CURVE('',#3629,#3630,#2248,.T.);
#4629=EDGE_CURVE('',#3631,#3629,#1610,.T.);
#4630=EDGE_CURVE('',#3632,#3630,#1611,.T.);
#4631=EDGE_CURVE('',#3631,#3632,#2249,.T.);
#4632=EDGE_CURVE('',#3633,#3631,#2250,.T.);
#4633=EDGE_CURVE('',#3634,#3632,#2251,.T.);
#4634=EDGE_CURVE('',#3633,#3634,#2252,.T.);
#4635=EDGE_CURVE('',#3635,#3633,#1612,.T.);
#4636=EDGE_CURVE('',#3636,#3634,#1613,.T.);
#4637=EDGE_CURVE('',#3635,#3636,#2253,.T.);
#4638=EDGE_CURVE('',#3635,#3637,#1614,.T.);
#4639=EDGE_CURVE('',#3638,#3636,#1615,.T.);
#4640=EDGE_CURVE('',#3637,#3638,#2254,.T.);
#4641=EDGE_CURVE('',#3639,#3637,#1616,.T.);
#4642=EDGE_CURVE('',#3640,#3638,#1617,.T.);
#4643=EDGE_CURVE('',#3639,#3640,#2255,.T.);
#4644=EDGE_CURVE('',#3639,#3641,#2256,.T.);
#4645=EDGE_CURVE('',#3642,#3640,#2257,.T.);
#4646=EDGE_CURVE('',#3641,#3642,#2258,.T.);
#4647=EDGE_CURVE('',#3643,#3641,#1618,.T.);
#4648=EDGE_CURVE('',#3644,#3642,#1619,.T.);
#4649=EDGE_CURVE('',#3643,#3644,#2259,.T.);
#4650=EDGE_CURVE('',#3645,#3643,#1620,.T.);
#4651=EDGE_CURVE('',#3646,#3644,#1621,.T.);
#4652=EDGE_CURVE('',#3645,#3646,#2260,.T.);
#4653=EDGE_CURVE('',#3645,#3647,#1622,.T.);
#4654=EDGE_CURVE('',#3648,#3646,#1623,.T.);
#4655=EDGE_CURVE('',#3647,#3648,#2261,.T.);
#4656=EDGE_CURVE('',#3649,#3647,#1624,.T.);
#4657=EDGE_CURVE('',#3650,#3648,#1625,.T.);
#4658=EDGE_CURVE('',#3649,#3650,#2262,.T.);
#4659=EDGE_CURVE('',#3651,#3649,#1626,.T.);
#4660=EDGE_CURVE('',#3652,#3650,#1627,.T.);
#4661=EDGE_CURVE('',#3651,#3652,#2263,.T.);
#4662=EDGE_CURVE('',#3653,#3651,#2264,.T.);
#4663=EDGE_CURVE('',#3654,#3652,#2265,.T.);
#4664=EDGE_CURVE('',#3653,#3654,#2266,.T.);
#4665=EDGE_CURVE('',#3655,#3653,#1628,.T.);
#4666=EDGE_CURVE('',#3656,#3654,#1629,.T.);
#4667=EDGE_CURVE('',#3655,#3656,#2267,.T.);
#4668=EDGE_CURVE('',#3655,#3657,#1630,.T.);
#4669=EDGE_CURVE('',#3658,#3656,#1631,.T.);
#4670=EDGE_CURVE('',#3657,#3658,#2268,.T.);
#4671=EDGE_CURVE('',#3579,#3657,#1632,.T.);
#4672=EDGE_CURVE('',#3581,#3658,#1633,.T.);
#4673=EDGE_CURVE('',#3279,#3659,#2269,.T.);
#4674=EDGE_CURVE('',#3659,#3660,#1634,.T.);
#4675=EDGE_CURVE('',#3280,#3660,#2270,.T.);
#4676=EDGE_CURVE('',#3660,#3661,#1635,.T.);
#4677=EDGE_CURVE('',#3281,#3661,#2271,.T.);
#4678=EDGE_CURVE('',#3661,#3662,#1636,.T.);
#4679=EDGE_CURVE('',#3282,#3662,#2272,.T.);
#4680=EDGE_CURVE('',#3662,#3663,#1637,.T.);
#4681=EDGE_CURVE('',#3275,#3663,#2273,.T.);
#4682=EDGE_CURVE('',#3663,#3664,#1638,.T.);
#4683=EDGE_CURVE('',#3276,#3664,#2274,.T.);
#4684=EDGE_CURVE('',#3278,#3665,#2275,.T.);
#4685=EDGE_CURVE('',#3665,#3659,#1639,.T.);
#4686=EDGE_CURVE('',#3277,#3666,#2276,.T.);
#4687=EDGE_CURVE('',#3666,#3665,#1640,.T.);
#4688=EDGE_CURVE('',#3664,#3666,#1641,.T.);
#4689=EDGE_CURVE('',#3667,#3667,#1642,.T.);
#4690=EDGE_CURVE('',#3668,#3668,#1643,.T.);
#4691=EDGE_CURVE('',#3669,#3669,#1644,.T.);
#4692=EDGE_CURVE('',#3670,#3670,#1645,.T.);
#4693=EDGE_CURVE('',#3667,#3094,#2277,.T.);
#4694=EDGE_CURVE('',#3668,#3093,#2278,.T.);
#4695=EDGE_CURVE('',#3669,#3092,#2279,.T.);
#4696=EDGE_CURVE('',#3670,#3091,#2280,.T.);
#4697=EDGE_CURVE('',#3242,#3137,#2281,.T.);
#4698=EDGE_CURVE('',#3351,#3084,#2282,.T.);
#4699=EDGE_CURVE('',#3356,#3086,#2283,.T.);
#4700=EDGE_CURVE('',#3085,#3357,#2284,.T.);
#4701=EDGE_CURVE('',#3359,#3076,#2285,.T.);
#4702=EDGE_CURVE('',#3364,#3078,#2286,.T.);
#4703=EDGE_CURVE('',#3077,#3365,#2287,.T.);
#4704=EDGE_CURVE('',#3387,#3068,#2288,.T.);
#4705=EDGE_CURVE('',#3392,#3070,#2289,.T.);
#4706=EDGE_CURVE('',#3069,#3393,#2290,.T.);
#4707=EDGE_CURVE('',#3395,#3060,#2291,.T.);
#4708=EDGE_CURVE('',#3400,#3062,#2292,.T.);
#4709=EDGE_CURVE('',#3061,#3401,#2293,.T.);
#4710=EDGE_CURVE('',#3403,#3052,#2294,.T.);
#4711=EDGE_CURVE('',#3408,#3054,#2295,.T.);
#4712=EDGE_CURVE('',#3053,#3409,#2296,.T.);
#4713=EDGE_CURVE('',#3411,#3044,#2297,.T.);
#4714=EDGE_CURVE('',#3416,#3046,#2298,.T.);
#4715=EDGE_CURVE('',#3045,#3417,#2299,.T.);
#4716=EDGE_CURVE('',#3367,#3036,#2300,.T.);
#4717=EDGE_CURVE('',#3372,#3038,#2301,.T.);
#4718=EDGE_CURVE('',#3037,#3373,#2302,.T.);
#4719=EDGE_CURVE('',#3375,#3028,#2303,.T.);
#4720=EDGE_CURVE('',#3380,#3030,#2304,.T.);
#4721=EDGE_CURVE('',#3029,#3381,#2305,.T.);
#4722=EDGE_CURVE('',#3165,#3183,#2306,.T.);
#4723=EDGE_CURVE('',#3162,#3191,#2307,.T.);
#4724=EDGE_CURVE('',#3161,#3192,#2308,.T.);
#4725=EDGE_CURVE('',#3164,#3193,#2309,.T.);
#4726=EDGE_CURVE('',#3016,#3144,#2310,.T.);
#4727=EDGE_CURVE('',#3018,#3143,#2311,.T.);
#4728=ORIENTED_EDGE('',*,*,#3671,.F.);
#4729=ORIENTED_EDGE('',*,*,#3672,.F.);
#4730=ORIENTED_EDGE('',*,*,#3673,.F.);
#4731=ORIENTED_EDGE('',*,*,#3674,.F.);
#4732=ORIENTED_EDGE('',*,*,#3675,.F.);
#4733=ORIENTED_EDGE('',*,*,#3676,.F.);
#4734=ORIENTED_EDGE('',*,*,#3677,.F.);
#4735=ORIENTED_EDGE('',*,*,#3678,.F.);
#4736=ORIENTED_EDGE('',*,*,#3679,.F.);
#4737=ORIENTED_EDGE('',*,*,#3680,.F.);
#4738=ORIENTED_EDGE('',*,*,#3681,.F.);
#4739=ORIENTED_EDGE('',*,*,#3682,.F.);
#4740=ORIENTED_EDGE('',*,*,#3683,.F.);
#4741=ORIENTED_EDGE('',*,*,#3684,.F.);
#4742=ORIENTED_EDGE('',*,*,#3685,.F.);
#4743=ORIENTED_EDGE('',*,*,#3686,.F.);
#4744=ORIENTED_EDGE('',*,*,#3687,.T.);
#4745=ORIENTED_EDGE('',*,*,#3688,.T.);
#4746=ORIENTED_EDGE('',*,*,#3672,.T.);
#4747=ORIENTED_EDGE('',*,*,#3689,.T.);
#4748=ORIENTED_EDGE('',*,*,#3690,.T.);
#4749=ORIENTED_EDGE('',*,*,#3691,.F.);
#4750=ORIENTED_EDGE('',*,*,#3692,.F.);
#4751=ORIENTED_EDGE('',*,*,#3693,.T.);
#4752=ORIENTED_EDGE('',*,*,#3694,.F.);
#4753=ORIENTED_EDGE('',*,*,#3684,.T.);
#4754=ORIENTED_EDGE('',*,*,#3695,.T.);
#4755=ORIENTED_EDGE('',*,*,#3696,.T.);
#4756=ORIENTED_EDGE('',*,*,#3697,.F.);
#4757=ORIENTED_EDGE('',*,*,#3698,.F.);
#4758=ORIENTED_EDGE('',*,*,#3699,.T.);
#4759=ORIENTED_EDGE('',*,*,#3700,.F.);
#4760=ORIENTED_EDGE('',*,*,#3676,.T.);
#4761=ORIENTED_EDGE('',*,*,#3701,.T.);
#4762=ORIENTED_EDGE('',*,*,#3702,.T.);
#4763=ORIENTED_EDGE('',*,*,#3697,.T.);
#4764=ORIENTED_EDGE('',*,*,#3703,.F.);
#4765=ORIENTED_EDGE('',*,*,#3704,.F.);
#4766=ORIENTED_EDGE('',*,*,#3705,.F.);
#4767=ORIENTED_EDGE('',*,*,#3680,.T.);
#4768=ORIENTED_EDGE('',*,*,#3706,.T.);
#4769=ORIENTED_EDGE('',*,*,#3707,.T.);
#4770=ORIENTED_EDGE('',*,*,#3693,.F.);
#4771=ORIENTED_EDGE('',*,*,#3708,.F.);
#4772=ORIENTED_EDGE('',*,*,#3709,.T.);
#4773=ORIENTED_EDGE('',*,*,#3710,.T.);
#4774=ORIENTED_EDGE('',*,*,#3711,.T.);
#4775=ORIENTED_EDGE('',*,*,#3712,.F.);
#4776=ORIENTED_EDGE('',*,*,#3713,.T.);
#4777=ORIENTED_EDGE('',*,*,#3714,.T.);
#4778=ORIENTED_EDGE('',*,*,#3715,.T.);
#4779=ORIENTED_EDGE('',*,*,#3716,.T.);
#4780=ORIENTED_EDGE('',*,*,#3717,.T.);
#4781=ORIENTED_EDGE('',*,*,#3718,.T.);
#4782=ORIENTED_EDGE('',*,*,#3715,.F.);
#4783=ORIENTED_EDGE('',*,*,#3719,.T.);
#4784=ORIENTED_EDGE('',*,*,#3720,.T.);
#4785=ORIENTED_EDGE('',*,*,#3721,.T.);
#4786=ORIENTED_EDGE('',*,*,#3717,.F.);
#4787=ORIENTED_EDGE('',*,*,#3722,.T.);
#4788=ORIENTED_EDGE('',*,*,#3723,.T.);
#4789=ORIENTED_EDGE('',*,*,#3724,.T.);
#4790=ORIENTED_EDGE('',*,*,#3720,.F.);
#4791=ORIENTED_EDGE('',*,*,#3725,.T.);
#4792=ORIENTED_EDGE('',*,*,#3726,.T.);
#4793=ORIENTED_EDGE('',*,*,#3727,.T.);
#4794=ORIENTED_EDGE('',*,*,#3723,.F.);
#4795=ORIENTED_EDGE('',*,*,#3728,.T.);
#4796=ORIENTED_EDGE('',*,*,#3729,.T.);
#4797=ORIENTED_EDGE('',*,*,#3730,.T.);
#4798=ORIENTED_EDGE('',*,*,#3726,.F.);
#4799=ORIENTED_EDGE('',*,*,#3731,.T.);
#4800=ORIENTED_EDGE('',*,*,#3732,.T.);
#4801=ORIENTED_EDGE('',*,*,#3733,.T.);
#4802=ORIENTED_EDGE('',*,*,#3729,.F.);
#4803=ORIENTED_EDGE('',*,*,#3734,.T.);
#4804=ORIENTED_EDGE('',*,*,#3713,.F.);
#4805=ORIENTED_EDGE('',*,*,#3735,.T.);
#4806=ORIENTED_EDGE('',*,*,#3732,.F.);
#4807=ORIENTED_EDGE('',*,*,#3736,.T.);
#4808=ORIENTED_EDGE('',*,*,#3725,.F.);
#4809=ORIENTED_EDGE('',*,*,#3737,.T.);
#4810=ORIENTED_EDGE('',*,*,#3738,.F.);
#4811=ORIENTED_EDGE('',*,*,#3739,.F.);
#4812=ORIENTED_EDGE('',*,*,#3722,.F.);
#4813=ORIENTED_EDGE('',*,*,#3740,.T.);
#4814=ORIENTED_EDGE('',*,*,#3741,.F.);
#4815=ORIENTED_EDGE('',*,*,#3737,.F.);
#4816=ORIENTED_EDGE('',*,*,#3719,.F.);
#4817=ORIENTED_EDGE('',*,*,#3742,.T.);
#4818=ORIENTED_EDGE('',*,*,#3743,.F.);
#4819=ORIENTED_EDGE('',*,*,#3740,.F.);
#4820=ORIENTED_EDGE('',*,*,#3714,.F.);
#4821=ORIENTED_EDGE('',*,*,#3744,.T.);
#4822=ORIENTED_EDGE('',*,*,#3745,.F.);
#4823=ORIENTED_EDGE('',*,*,#3742,.F.);
#4824=ORIENTED_EDGE('',*,*,#3716,.F.);
#4825=ORIENTED_EDGE('',*,*,#3718,.F.);
#4826=ORIENTED_EDGE('',*,*,#3721,.F.);
#4827=ORIENTED_EDGE('',*,*,#3724,.F.);
#4828=ORIENTED_EDGE('',*,*,#3727,.F.);
#4829=ORIENTED_EDGE('',*,*,#3730,.F.);
#4830=ORIENTED_EDGE('',*,*,#3733,.F.);
#4831=ORIENTED_EDGE('',*,*,#3735,.F.);
#4832=ORIENTED_EDGE('',*,*,#3746,.T.);
#4833=ORIENTED_EDGE('',*,*,#3747,.T.);
#4834=ORIENTED_EDGE('',*,*,#3748,.T.);
#4835=ORIENTED_EDGE('',*,*,#3749,.T.);
#4836=ORIENTED_EDGE('',*,*,#3750,.T.);
#4837=ORIENTED_EDGE('',*,*,#3751,.T.);
#4838=ORIENTED_EDGE('',*,*,#3752,.T.);
#4839=ORIENTED_EDGE('',*,*,#3753,.T.);
#4840=ORIENTED_EDGE('',*,*,#3754,.T.);
#4841=ORIENTED_EDGE('',*,*,#3755,.T.);
#4842=ORIENTED_EDGE('',*,*,#3756,.T.);
#4843=ORIENTED_EDGE('',*,*,#3757,.T.);
#4844=ORIENTED_EDGE('',*,*,#3758,.T.);
#4845=ORIENTED_EDGE('',*,*,#3759,.T.);
#4846=ORIENTED_EDGE('',*,*,#3760,.T.);
#4847=ORIENTED_EDGE('',*,*,#3761,.T.);
#4848=ORIENTED_EDGE('',*,*,#3762,.T.);
#4849=ORIENTED_EDGE('',*,*,#3763,.T.);
#4850=ORIENTED_EDGE('',*,*,#3764,.T.);
#4851=ORIENTED_EDGE('',*,*,#3765,.T.);
#4852=ORIENTED_EDGE('',*,*,#3766,.T.);
#4853=ORIENTED_EDGE('',*,*,#3767,.T.);
#4854=ORIENTED_EDGE('',*,*,#3768,.T.);
#4855=ORIENTED_EDGE('',*,*,#3769,.T.);
#4856=ORIENTED_EDGE('',*,*,#3770,.T.);
#4857=ORIENTED_EDGE('',*,*,#3771,.T.);
#4858=ORIENTED_EDGE('',*,*,#3772,.T.);
#4859=ORIENTED_EDGE('',*,*,#3773,.T.);
#4860=ORIENTED_EDGE('',*,*,#3774,.T.);
#4861=ORIENTED_EDGE('',*,*,#3775,.T.);
#4862=ORIENTED_EDGE('',*,*,#3776,.T.);
#4863=ORIENTED_EDGE('',*,*,#3777,.T.);
#4864=ORIENTED_EDGE('',*,*,#3778,.T.);
#4865=ORIENTED_EDGE('',*,*,#3779,.T.);
#4866=ORIENTED_EDGE('',*,*,#3780,.T.);
#4867=ORIENTED_EDGE('',*,*,#3781,.T.);
#4868=ORIENTED_EDGE('',*,*,#3782,.T.);
#4869=ORIENTED_EDGE('',*,*,#3783,.T.);
#4870=ORIENTED_EDGE('',*,*,#3784,.T.);
#4871=ORIENTED_EDGE('',*,*,#3785,.T.);
#4872=ORIENTED_EDGE('',*,*,#3786,.T.);
#4873=ORIENTED_EDGE('',*,*,#3787,.T.);
#4874=ORIENTED_EDGE('',*,*,#3788,.T.);
#4875=ORIENTED_EDGE('',*,*,#3789,.T.);
#4876=ORIENTED_EDGE('',*,*,#3790,.T.);
#4877=ORIENTED_EDGE('',*,*,#3791,.T.);
#4878=ORIENTED_EDGE('',*,*,#3792,.T.);
#4879=ORIENTED_EDGE('',*,*,#3793,.T.);
#4880=ORIENTED_EDGE('',*,*,#3794,.T.);
#4881=ORIENTED_EDGE('',*,*,#3795,.T.);
#4882=ORIENTED_EDGE('',*,*,#3796,.T.);
#4883=ORIENTED_EDGE('',*,*,#3797,.T.);
#4884=ORIENTED_EDGE('',*,*,#3798,.T.);
#4885=ORIENTED_EDGE('',*,*,#3799,.T.);
#4886=ORIENTED_EDGE('',*,*,#3800,.T.);
#4887=ORIENTED_EDGE('',*,*,#3801,.T.);
#4888=ORIENTED_EDGE('',*,*,#3802,.T.);
#4889=ORIENTED_EDGE('',*,*,#3803,.T.);
#4890=ORIENTED_EDGE('',*,*,#3804,.T.);
#4891=ORIENTED_EDGE('',*,*,#3805,.T.);
#4892=ORIENTED_EDGE('',*,*,#3806,.T.);
#4893=ORIENTED_EDGE('',*,*,#3807,.T.);
#4894=ORIENTED_EDGE('',*,*,#3808,.T.);
#4895=ORIENTED_EDGE('',*,*,#3809,.T.);
#4896=ORIENTED_EDGE('',*,*,#3810,.T.);
#4897=ORIENTED_EDGE('',*,*,#3811,.T.);
#4898=ORIENTED_EDGE('',*,*,#3812,.T.);
#4899=ORIENTED_EDGE('',*,*,#3813,.T.);
#4900=ORIENTED_EDGE('',*,*,#3814,.T.);
#4901=ORIENTED_EDGE('',*,*,#3815,.T.);
#4902=ORIENTED_EDGE('',*,*,#3816,.T.);
#4903=ORIENTED_EDGE('',*,*,#3817,.T.);
#4904=ORIENTED_EDGE('',*,*,#3818,.T.);
#4905=ORIENTED_EDGE('',*,*,#3819,.T.);
#4906=ORIENTED_EDGE('',*,*,#3820,.T.);
#4907=ORIENTED_EDGE('',*,*,#3821,.T.);
#4908=ORIENTED_EDGE('',*,*,#3822,.T.);
#4909=ORIENTED_EDGE('',*,*,#3823,.T.);
#4910=ORIENTED_EDGE('',*,*,#3824,.T.);
#4911=ORIENTED_EDGE('',*,*,#3825,.T.);
#4912=ORIENTED_EDGE('',*,*,#3826,.T.);
#4913=ORIENTED_EDGE('',*,*,#3827,.T.);
#4914=ORIENTED_EDGE('',*,*,#3828,.T.);
#4915=ORIENTED_EDGE('',*,*,#3829,.T.);
#4916=ORIENTED_EDGE('',*,*,#3830,.T.);
#4917=ORIENTED_EDGE('',*,*,#3831,.T.);
#4918=ORIENTED_EDGE('',*,*,#3832,.T.);
#4919=ORIENTED_EDGE('',*,*,#3833,.F.);
#4920=ORIENTED_EDGE('',*,*,#3834,.T.);
#4921=ORIENTED_EDGE('',*,*,#3835,.F.);
#4922=ORIENTED_EDGE('',*,*,#3836,.T.);
#4923=ORIENTED_EDGE('',*,*,#3837,.F.);
#4924=ORIENTED_EDGE('',*,*,#3838,.F.);
#4925=ORIENTED_EDGE('',*,*,#3839,.F.);
#4926=ORIENTED_EDGE('',*,*,#3840,.T.);
#4927=ORIENTED_EDGE('',*,*,#3841,.T.);
#4928=ORIENTED_EDGE('',*,*,#3842,.T.);
#4929=ORIENTED_EDGE('',*,*,#3843,.T.);
#4930=ORIENTED_EDGE('',*,*,#3844,.T.);
#4931=ORIENTED_EDGE('',*,*,#3845,.T.);
#4932=ORIENTED_EDGE('',*,*,#3846,.T.);
#4933=ORIENTED_EDGE('',*,*,#3847,.T.);
#4934=ORIENTED_EDGE('',*,*,#3848,.T.);
#4935=ORIENTED_EDGE('',*,*,#3849,.T.);
#4936=ORIENTED_EDGE('',*,*,#3850,.T.);
#4937=ORIENTED_EDGE('',*,*,#3851,.T.);
#4938=ORIENTED_EDGE('',*,*,#3852,.T.);
#4939=ORIENTED_EDGE('',*,*,#3853,.T.);
#4940=ORIENTED_EDGE('',*,*,#3703,.T.);
#4941=ORIENTED_EDGE('',*,*,#3700,.T.);
#4942=ORIENTED_EDGE('',*,*,#3854,.T.);
#4943=ORIENTED_EDGE('',*,*,#3855,.T.);
#4944=ORIENTED_EDGE('',*,*,#3856,.T.);
#4945=ORIENTED_EDGE('',*,*,#3857,.T.);
#4946=ORIENTED_EDGE('',*,*,#3694,.T.);
#4947=ORIENTED_EDGE('',*,*,#3712,.T.);
#4948=ORIENTED_EDGE('',*,*,#3858,.T.);
#4949=ORIENTED_EDGE('',*,*,#3859,.T.);
#4950=ORIENTED_EDGE('',*,*,#3860,.T.);
#4951=ORIENTED_EDGE('',*,*,#3861,.T.);
#4952=ORIENTED_EDGE('',*,*,#3862,.T.);
#4953=ORIENTED_EDGE('',*,*,#3863,.T.);
#4954=ORIENTED_EDGE('',*,*,#3864,.T.);
#4955=ORIENTED_EDGE('',*,*,#3865,.T.);
#4956=ORIENTED_EDGE('',*,*,#3866,.T.);
#4957=ORIENTED_EDGE('',*,*,#3738,.T.);
#4958=ORIENTED_EDGE('',*,*,#3741,.T.);
#4959=ORIENTED_EDGE('',*,*,#3743,.T.);
#4960=ORIENTED_EDGE('',*,*,#3745,.T.);
#4961=ORIENTED_EDGE('',*,*,#3867,.F.);
#4962=ORIENTED_EDGE('',*,*,#3868,.F.);
#4963=ORIENTED_EDGE('',*,*,#3869,.F.);
#4964=ORIENTED_EDGE('',*,*,#3870,.F.);
#4965=ORIENTED_EDGE('',*,*,#3871,.F.);
#4966=ORIENTED_EDGE('',*,*,#3872,.F.);
#4967=ORIENTED_EDGE('',*,*,#3873,.F.);
#4968=ORIENTED_EDGE('',*,*,#3874,.F.);
#4969=ORIENTED_EDGE('',*,*,#3871,.T.);
#4970=ORIENTED_EDGE('',*,*,#3875,.F.);
#4971=ORIENTED_EDGE('',*,*,#3846,.F.);
#4972=ORIENTED_EDGE('',*,*,#3876,.T.);
#4973=ORIENTED_EDGE('',*,*,#3870,.T.);
#4974=ORIENTED_EDGE('',*,*,#3877,.F.);
#4975=ORIENTED_EDGE('',*,*,#3847,.F.);
#4976=ORIENTED_EDGE('',*,*,#3875,.T.);
#4977=ORIENTED_EDGE('',*,*,#3869,.T.);
#4978=ORIENTED_EDGE('',*,*,#3878,.F.);
#4979=ORIENTED_EDGE('',*,*,#3848,.F.);
#4980=ORIENTED_EDGE('',*,*,#3877,.T.);
#4981=ORIENTED_EDGE('',*,*,#3868,.T.);
#4982=ORIENTED_EDGE('',*,*,#3879,.T.);
#4983=ORIENTED_EDGE('',*,*,#3841,.F.);
#4984=ORIENTED_EDGE('',*,*,#3878,.T.);
#4985=ORIENTED_EDGE('',*,*,#3836,.F.);
#4986=ORIENTED_EDGE('',*,*,#3880,.T.);
#4987=ORIENTED_EDGE('',*,*,#3881,.F.);
#4988=ORIENTED_EDGE('',*,*,#3882,.T.);
#4989=ORIENTED_EDGE('',*,*,#3840,.F.);
#4990=ORIENTED_EDGE('',*,*,#3883,.T.);
#4991=ORIENTED_EDGE('',*,*,#3884,.F.);
#4992=ORIENTED_EDGE('',*,*,#3885,.T.);
#4993=ORIENTED_EDGE('',*,*,#3834,.F.);
#4994=ORIENTED_EDGE('',*,*,#3886,.T.);
#4995=ORIENTED_EDGE('',*,*,#3887,.F.);
#4996=ORIENTED_EDGE('',*,*,#3888,.T.);
#4997=ORIENTED_EDGE('',*,*,#3838,.T.);
#4998=ORIENTED_EDGE('',*,*,#3889,.T.);
#4999=ORIENTED_EDGE('',*,*,#3890,.F.);
#5000=ORIENTED_EDGE('',*,*,#3891,.T.);
#5001=ORIENTED_EDGE('',*,*,#3839,.T.);
#5002=ORIENTED_EDGE('',*,*,#3891,.F.);
#5003=ORIENTED_EDGE('',*,*,#3892,.F.);
#5004=ORIENTED_EDGE('',*,*,#3893,.F.);
#5005=ORIENTED_EDGE('',*,*,#3894,.F.);
#5006=ORIENTED_EDGE('',*,*,#3883,.F.);
#5007=ORIENTED_EDGE('',*,*,#3882,.F.);
#5008=ORIENTED_EDGE('',*,*,#3895,.F.);
#5009=ORIENTED_EDGE('',*,*,#3896,.F.);
#5010=ORIENTED_EDGE('',*,*,#3897,.F.);
#5011=ORIENTED_EDGE('',*,*,#3889,.F.);
#5012=ORIENTED_EDGE('',*,*,#3837,.T.);
#5013=ORIENTED_EDGE('',*,*,#3885,.F.);
#5014=ORIENTED_EDGE('',*,*,#3898,.F.);
#5015=ORIENTED_EDGE('',*,*,#3899,.F.);
#5016=ORIENTED_EDGE('',*,*,#3900,.F.);
#5017=ORIENTED_EDGE('',*,*,#3886,.F.);
#5018=ORIENTED_EDGE('',*,*,#3833,.T.);
#5019=ORIENTED_EDGE('',*,*,#3835,.T.);
#5020=ORIENTED_EDGE('',*,*,#3888,.F.);
#5021=ORIENTED_EDGE('',*,*,#3901,.F.);
#5022=ORIENTED_EDGE('',*,*,#3902,.F.);
#5023=ORIENTED_EDGE('',*,*,#3903,.F.);
#5024=ORIENTED_EDGE('',*,*,#3880,.F.);
#5025=ORIENTED_EDGE('',*,*,#3895,.T.);
#5026=ORIENTED_EDGE('',*,*,#3881,.T.);
#5027=ORIENTED_EDGE('',*,*,#3903,.T.);
#5028=ORIENTED_EDGE('',*,*,#3904,.T.);
#5029=ORIENTED_EDGE('',*,*,#3905,.T.);
#5030=ORIENTED_EDGE('',*,*,#3906,.F.);
#5031=ORIENTED_EDGE('',*,*,#3902,.T.);
#5032=ORIENTED_EDGE('',*,*,#3907,.T.);
#5033=ORIENTED_EDGE('',*,*,#3908,.T.);
#5034=ORIENTED_EDGE('',*,*,#3904,.F.);
#5035=ORIENTED_EDGE('',*,*,#3901,.T.);
#5036=ORIENTED_EDGE('',*,*,#3887,.T.);
#5037=ORIENTED_EDGE('',*,*,#3900,.T.);
#5038=ORIENTED_EDGE('',*,*,#3909,.T.);
#5039=ORIENTED_EDGE('',*,*,#3910,.T.);
#5040=ORIENTED_EDGE('',*,*,#3911,.T.);
#5041=ORIENTED_EDGE('',*,*,#3907,.F.);
#5042=ORIENTED_EDGE('',*,*,#3912,.F.);
#5043=ORIENTED_EDGE('',*,*,#3913,.T.);
#5044=ORIENTED_EDGE('',*,*,#3914,.T.);
#5045=ORIENTED_EDGE('',*,*,#3915,.F.);
#5046=ORIENTED_EDGE('',*,*,#3916,.F.);
#5047=ORIENTED_EDGE('',*,*,#3915,.T.);
#5048=ORIENTED_EDGE('',*,*,#3917,.T.);
#5049=ORIENTED_EDGE('',*,*,#3918,.F.);
#5050=ORIENTED_EDGE('',*,*,#3919,.F.);
#5051=ORIENTED_EDGE('',*,*,#3920,.F.);
#5052=ORIENTED_EDGE('',*,*,#3919,.T.);
#5053=ORIENTED_EDGE('',*,*,#3921,.F.);
#5054=ORIENTED_EDGE('',*,*,#3922,.F.);
#5055=ORIENTED_EDGE('',*,*,#3923,.F.);
#5056=ORIENTED_EDGE('',*,*,#3922,.T.);
#5057=ORIENTED_EDGE('',*,*,#3924,.F.);
#5058=ORIENTED_EDGE('',*,*,#3925,.T.);
#5059=ORIENTED_EDGE('',*,*,#3913,.F.);
#5060=ORIENTED_EDGE('',*,*,#3910,.F.);
#5061=ORIENTED_EDGE('',*,*,#3926,.F.);
#5062=ORIENTED_EDGE('',*,*,#3927,.F.);
#5063=ORIENTED_EDGE('',*,*,#3917,.F.);
#5064=ORIENTED_EDGE('',*,*,#3914,.F.);
#5065=ORIENTED_EDGE('',*,*,#3925,.F.);
#5066=ORIENTED_EDGE('',*,*,#3928,.T.);
#5067=ORIENTED_EDGE('',*,*,#3929,.F.);
#5068=ORIENTED_EDGE('',*,*,#3930,.T.);
#5069=ORIENTED_EDGE('',*,*,#3931,.F.);
#5070=ORIENTED_EDGE('',*,*,#3932,.F.);
#5071=ORIENTED_EDGE('',*,*,#3933,.F.);
#5072=ORIENTED_EDGE('',*,*,#3934,.F.);
#5073=ORIENTED_EDGE('',*,*,#3924,.T.);
#5074=ORIENTED_EDGE('',*,*,#3921,.T.);
#5075=ORIENTED_EDGE('',*,*,#3918,.T.);
#5076=ORIENTED_EDGE('',*,*,#3935,.F.);
#5077=ORIENTED_EDGE('',*,*,#3936,.F.);
#5078=ORIENTED_EDGE('',*,*,#3937,.F.);
#5079=ORIENTED_EDGE('',*,*,#3938,.F.);
#5080=ORIENTED_EDGE('',*,*,#3905,.F.);
#5081=ORIENTED_EDGE('',*,*,#3908,.F.);
#5082=ORIENTED_EDGE('',*,*,#3911,.F.);
#5083=ORIENTED_EDGE('',*,*,#3939,.F.);
#5084=ORIENTED_EDGE('',*,*,#3940,.F.);
#5085=ORIENTED_EDGE('',*,*,#3941,.F.);
#5086=ORIENTED_EDGE('',*,*,#3942,.F.);
#5087=ORIENTED_EDGE('',*,*,#3941,.T.);
#5088=ORIENTED_EDGE('',*,*,#3943,.F.);
#5089=ORIENTED_EDGE('',*,*,#3861,.F.);
#5090=ORIENTED_EDGE('',*,*,#3944,.F.);
#5091=ORIENTED_EDGE('',*,*,#3943,.T.);
#5092=ORIENTED_EDGE('',*,*,#3940,.T.);
#5093=ORIENTED_EDGE('',*,*,#3945,.F.);
#5094=ORIENTED_EDGE('',*,*,#3930,.F.);
#5095=ORIENTED_EDGE('',*,*,#3946,.T.);
#5096=ORIENTED_EDGE('',*,*,#3850,.F.);
#5097=ORIENTED_EDGE('',*,*,#3939,.T.);
#5098=ORIENTED_EDGE('',*,*,#3947,.T.);
#5099=ORIENTED_EDGE('',*,*,#3948,.T.);
#5100=ORIENTED_EDGE('',*,*,#3949,.F.);
#5101=ORIENTED_EDGE('',*,*,#3950,.F.);
#5102=ORIENTED_EDGE('',*,*,#3951,.T.);
#5103=ORIENTED_EDGE('',*,*,#3931,.T.);
#5104=ORIENTED_EDGE('',*,*,#3945,.T.);
#5105=ORIENTED_EDGE('',*,*,#3952,.F.);
#5106=ORIENTED_EDGE('',*,*,#3953,.F.);
#5107=ORIENTED_EDGE('',*,*,#3954,.F.);
#5108=ORIENTED_EDGE('',*,*,#3955,.F.);
#5109=ORIENTED_EDGE('',*,*,#3956,.F.);
#5110=ORIENTED_EDGE('',*,*,#3957,.T.);
#5111=ORIENTED_EDGE('',*,*,#3958,.F.);
#5112=ORIENTED_EDGE('',*,*,#3959,.F.);
#5113=ORIENTED_EDGE('',*,*,#3959,.T.);
#5114=ORIENTED_EDGE('',*,*,#3960,.F.);
#5115=ORIENTED_EDGE('',*,*,#3961,.T.);
#5116=ORIENTED_EDGE('',*,*,#3952,.T.);
#5117=ORIENTED_EDGE('',*,*,#3962,.F.);
#5118=ORIENTED_EDGE('',*,*,#3963,.F.);
#5119=ORIENTED_EDGE('',*,*,#3961,.F.);
#5120=ORIENTED_EDGE('',*,*,#3964,.F.);
#5121=ORIENTED_EDGE('',*,*,#3965,.T.);
#5122=ORIENTED_EDGE('',*,*,#3953,.T.);
#5123=ORIENTED_EDGE('',*,*,#3965,.F.);
#5124=ORIENTED_EDGE('',*,*,#3966,.F.);
#5125=ORIENTED_EDGE('',*,*,#3967,.T.);
#5126=ORIENTED_EDGE('',*,*,#3954,.T.);
#5127=ORIENTED_EDGE('',*,*,#3967,.F.);
#5128=ORIENTED_EDGE('',*,*,#3968,.F.);
#5129=ORIENTED_EDGE('',*,*,#3969,.F.);
#5130=ORIENTED_EDGE('',*,*,#3970,.F.);
#5131=ORIENTED_EDGE('',*,*,#3962,.T.);
#5132=ORIENTED_EDGE('',*,*,#3955,.T.);
#5133=ORIENTED_EDGE('',*,*,#3971,.F.);
#5134=ORIENTED_EDGE('',*,*,#3969,.T.);
#5135=ORIENTED_EDGE('',*,*,#3972,.F.);
#5136=ORIENTED_EDGE('',*,*,#3973,.F.);
#5137=ORIENTED_EDGE('',*,*,#3974,.F.);
#5138=ORIENTED_EDGE('',*,*,#3975,.F.);
#5139=ORIENTED_EDGE('',*,*,#3976,.F.);
#5140=ORIENTED_EDGE('',*,*,#3977,.F.);
#5141=ORIENTED_EDGE('',*,*,#3978,.F.);
#5142=ORIENTED_EDGE('',*,*,#3977,.T.);
#5143=ORIENTED_EDGE('',*,*,#3979,.F.);
#5144=ORIENTED_EDGE('',*,*,#3980,.F.);
#5145=ORIENTED_EDGE('',*,*,#3981,.F.);
#5146=ORIENTED_EDGE('',*,*,#3980,.T.);
#5147=ORIENTED_EDGE('',*,*,#3982,.F.);
#5148=ORIENTED_EDGE('',*,*,#3957,.F.);
#5149=ORIENTED_EDGE('',*,*,#3982,.T.);
#5150=ORIENTED_EDGE('',*,*,#3979,.T.);
#5151=ORIENTED_EDGE('',*,*,#3976,.T.);
#5152=ORIENTED_EDGE('',*,*,#3983,.F.);
#5153=ORIENTED_EDGE('',*,*,#3972,.T.);
#5154=ORIENTED_EDGE('',*,*,#3968,.T.);
#5155=ORIENTED_EDGE('',*,*,#3966,.T.);
#5156=ORIENTED_EDGE('',*,*,#3964,.T.);
#5157=ORIENTED_EDGE('',*,*,#3960,.T.);
#5158=ORIENTED_EDGE('',*,*,#3958,.T.);
#5159=ORIENTED_EDGE('',*,*,#3973,.T.);
#5160=ORIENTED_EDGE('',*,*,#3983,.T.);
#5161=ORIENTED_EDGE('',*,*,#3975,.T.);
#5162=ORIENTED_EDGE('',*,*,#3984,.F.);
#5163=ORIENTED_EDGE('',*,*,#3985,.T.);
#5164=ORIENTED_EDGE('',*,*,#3855,.F.);
#5165=ORIENTED_EDGE('',*,*,#3986,.F.);
#5166=ORIENTED_EDGE('',*,*,#3987,.F.);
#5167=ORIENTED_EDGE('',*,*,#3988,.T.);
#5168=ORIENTED_EDGE('',*,*,#3989,.T.);
#5169=ORIENTED_EDGE('',*,*,#3990,.T.);
#5170=ORIENTED_EDGE('',*,*,#3991,.F.);
#5171=ORIENTED_EDGE('',*,*,#3992,.F.);
#5172=ORIENTED_EDGE('',*,*,#3993,.T.);
#5173=ORIENTED_EDGE('',*,*,#3994,.F.);
#5174=ORIENTED_EDGE('',*,*,#3993,.F.);
#5175=ORIENTED_EDGE('',*,*,#3995,.F.);
#5176=ORIENTED_EDGE('',*,*,#3996,.T.);
#5177=ORIENTED_EDGE('',*,*,#3997,.F.);
#5178=ORIENTED_EDGE('',*,*,#3996,.F.);
#5179=ORIENTED_EDGE('',*,*,#3995,.T.);
#5180=ORIENTED_EDGE('',*,*,#3992,.T.);
#5181=ORIENTED_EDGE('',*,*,#3963,.T.);
#5182=ORIENTED_EDGE('',*,*,#3970,.T.);
#5183=ORIENTED_EDGE('',*,*,#3971,.T.);
#5184=ORIENTED_EDGE('',*,*,#3991,.T.);
#5185=ORIENTED_EDGE('',*,*,#3998,.T.);
#5186=ORIENTED_EDGE('',*,*,#3999,.T.);
#5187=ORIENTED_EDGE('',*,*,#4000,.T.);
#5188=ORIENTED_EDGE('',*,*,#4001,.T.);
#5189=ORIENTED_EDGE('',*,*,#4002,.T.);
#5190=ORIENTED_EDGE('',*,*,#4003,.T.);
#5191=ORIENTED_EDGE('',*,*,#4004,.T.);
#5192=ORIENTED_EDGE('',*,*,#4005,.T.);
#5193=ORIENTED_EDGE('',*,*,#3987,.T.);
#5194=ORIENTED_EDGE('',*,*,#4006,.T.);
#5195=ORIENTED_EDGE('',*,*,#3698,.T.);
#5196=ORIENTED_EDGE('',*,*,#4007,.T.);
#5197=ORIENTED_EDGE('',*,*,#3686,.T.);
#5198=ORIENTED_EDGE('',*,*,#3705,.T.);
#5199=ORIENTED_EDGE('',*,*,#4008,.T.);
#5200=ORIENTED_EDGE('',*,*,#3678,.T.);
#5201=ORIENTED_EDGE('',*,*,#4009,.T.);
#5202=ORIENTED_EDGE('',*,*,#4010,.T.);
#5203=ORIENTED_EDGE('',*,*,#3950,.T.);
#5204=ORIENTED_EDGE('',*,*,#4011,.T.);
#5205=ORIENTED_EDGE('',*,*,#3708,.T.);
#5206=ORIENTED_EDGE('',*,*,#4012,.T.);
#5207=ORIENTED_EDGE('',*,*,#3682,.T.);
#5208=ORIENTED_EDGE('',*,*,#3692,.T.);
#5209=ORIENTED_EDGE('',*,*,#4013,.T.);
#5210=ORIENTED_EDGE('',*,*,#3674,.T.);
#5211=ORIENTED_EDGE('',*,*,#4014,.T.);
#5212=ORIENTED_EDGE('',*,*,#4015,.T.);
#5213=ORIENTED_EDGE('',*,*,#3984,.T.);
#5214=ORIENTED_EDGE('',*,*,#3974,.T.);
#5215=ORIENTED_EDGE('',*,*,#3978,.T.);
#5216=ORIENTED_EDGE('',*,*,#3981,.T.);
#5217=ORIENTED_EDGE('',*,*,#3956,.T.);
#5218=ORIENTED_EDGE('',*,*,#3920,.T.);
#5219=ORIENTED_EDGE('',*,*,#3923,.T.);
#5220=ORIENTED_EDGE('',*,*,#3912,.T.);
#5221=ORIENTED_EDGE('',*,*,#3916,.T.);
#5222=ORIENTED_EDGE('',*,*,#4016,.T.);
#5223=ORIENTED_EDGE('',*,*,#4017,.T.);
#5224=ORIENTED_EDGE('',*,*,#4018,.T.);
#5225=ORIENTED_EDGE('',*,*,#4019,.T.);
#5226=ORIENTED_EDGE('',*,*,#4020,.T.);
#5227=ORIENTED_EDGE('',*,*,#4021,.T.);
#5228=ORIENTED_EDGE('',*,*,#4022,.T.);
#5229=ORIENTED_EDGE('',*,*,#4023,.T.);
#5230=ORIENTED_EDGE('',*,*,#4024,.T.);
#5231=ORIENTED_EDGE('',*,*,#4025,.T.);
#5232=ORIENTED_EDGE('',*,*,#4026,.T.);
#5233=ORIENTED_EDGE('',*,*,#4027,.T.);
#5234=ORIENTED_EDGE('',*,*,#4028,.T.);
#5235=ORIENTED_EDGE('',*,*,#4029,.T.);
#5236=ORIENTED_EDGE('',*,*,#4030,.T.);
#5237=ORIENTED_EDGE('',*,*,#4031,.T.);
#5238=ORIENTED_EDGE('',*,*,#4032,.T.);
#5239=ORIENTED_EDGE('',*,*,#4033,.T.);
#5240=ORIENTED_EDGE('',*,*,#4034,.T.);
#5241=ORIENTED_EDGE('',*,*,#4035,.T.);
#5242=ORIENTED_EDGE('',*,*,#4036,.T.);
#5243=ORIENTED_EDGE('',*,*,#4037,.T.);
#5244=ORIENTED_EDGE('',*,*,#4038,.T.);
#5245=ORIENTED_EDGE('',*,*,#4039,.T.);
#5246=ORIENTED_EDGE('',*,*,#4040,.T.);
#5247=ORIENTED_EDGE('',*,*,#4041,.T.);
#5248=ORIENTED_EDGE('',*,*,#4042,.T.);
#5249=ORIENTED_EDGE('',*,*,#4043,.T.);
#5250=ORIENTED_EDGE('',*,*,#4044,.T.);
#5251=ORIENTED_EDGE('',*,*,#4045,.T.);
#5252=ORIENTED_EDGE('',*,*,#4046,.T.);
#5253=ORIENTED_EDGE('',*,*,#4047,.T.);
#5254=ORIENTED_EDGE('',*,*,#4048,.T.);
#5255=ORIENTED_EDGE('',*,*,#4049,.T.);
#5256=ORIENTED_EDGE('',*,*,#4050,.T.);
#5257=ORIENTED_EDGE('',*,*,#4051,.T.);
#5258=ORIENTED_EDGE('',*,*,#4052,.T.);
#5259=ORIENTED_EDGE('',*,*,#4053,.T.);
#5260=ORIENTED_EDGE('',*,*,#4054,.T.);
#5261=ORIENTED_EDGE('',*,*,#4055,.T.);
#5262=ORIENTED_EDGE('',*,*,#4056,.T.);
#5263=ORIENTED_EDGE('',*,*,#4057,.T.);
#5264=ORIENTED_EDGE('',*,*,#4058,.T.);
#5265=ORIENTED_EDGE('',*,*,#4059,.T.);
#5266=ORIENTED_EDGE('',*,*,#4060,.T.);
#5267=ORIENTED_EDGE('',*,*,#4061,.T.);
#5268=ORIENTED_EDGE('',*,*,#4062,.T.);
#5269=ORIENTED_EDGE('',*,*,#4063,.T.);
#5270=ORIENTED_EDGE('',*,*,#4064,.T.);
#5271=ORIENTED_EDGE('',*,*,#4065,.T.);
#5272=ORIENTED_EDGE('',*,*,#4066,.T.);
#5273=ORIENTED_EDGE('',*,*,#4067,.T.);
#5274=ORIENTED_EDGE('',*,*,#4068,.T.);
#5275=ORIENTED_EDGE('',*,*,#4069,.T.);
#5276=ORIENTED_EDGE('',*,*,#4070,.T.);
#5277=ORIENTED_EDGE('',*,*,#4071,.T.);
#5278=ORIENTED_EDGE('',*,*,#4072,.T.);
#5279=ORIENTED_EDGE('',*,*,#4073,.T.);
#5280=ORIENTED_EDGE('',*,*,#3997,.T.);
#5281=ORIENTED_EDGE('',*,*,#4074,.F.);
#5282=ORIENTED_EDGE('',*,*,#4075,.T.);
#5283=ORIENTED_EDGE('',*,*,#4076,.F.);
#5284=ORIENTED_EDGE('',*,*,#4075,.F.);
#5285=ORIENTED_EDGE('',*,*,#4077,.F.);
#5286=ORIENTED_EDGE('',*,*,#4078,.T.);
#5287=ORIENTED_EDGE('',*,*,#4016,.F.);
#5288=ORIENTED_EDGE('',*,*,#4078,.F.);
#5289=ORIENTED_EDGE('',*,*,#4077,.T.);
#5290=ORIENTED_EDGE('',*,*,#4074,.T.);
#5291=ORIENTED_EDGE('',*,*,#3994,.T.);
#5292=ORIENTED_EDGE('',*,*,#3872,.T.);
#5293=ORIENTED_EDGE('',*,*,#3876,.F.);
#5294=ORIENTED_EDGE('',*,*,#3845,.F.);
#5295=ORIENTED_EDGE('',*,*,#4079,.T.);
#5296=ORIENTED_EDGE('',*,*,#3873,.T.);
#5297=ORIENTED_EDGE('',*,*,#4079,.F.);
#5298=ORIENTED_EDGE('',*,*,#3844,.F.);
#5299=ORIENTED_EDGE('',*,*,#4080,.T.);
#5300=ORIENTED_EDGE('',*,*,#3874,.T.);
#5301=ORIENTED_EDGE('',*,*,#4080,.F.);
#5302=ORIENTED_EDGE('',*,*,#3843,.F.);
#5303=ORIENTED_EDGE('',*,*,#4081,.T.);
#5304=ORIENTED_EDGE('',*,*,#3867,.T.);
#5305=ORIENTED_EDGE('',*,*,#4081,.F.);
#5306=ORIENTED_EDGE('',*,*,#3842,.F.);
#5307=ORIENTED_EDGE('',*,*,#3879,.F.);
#5308=ORIENTED_EDGE('',*,*,#3736,.F.);
#5309=ORIENTED_EDGE('',*,*,#4082,.T.);
#5310=ORIENTED_EDGE('',*,*,#3863,.F.);
#5311=ORIENTED_EDGE('',*,*,#3744,.F.);
#5312=ORIENTED_EDGE('',*,*,#4083,.F.);
#5313=ORIENTED_EDGE('',*,*,#4084,.T.);
#5314=ORIENTED_EDGE('',*,*,#4085,.T.);
#5315=ORIENTED_EDGE('',*,*,#4084,.F.);
#5316=ORIENTED_EDGE('',*,*,#4073,.F.);
#5317=ORIENTED_EDGE('',*,*,#4086,.T.);
#5318=ORIENTED_EDGE('',*,*,#4087,.T.);
#5319=ORIENTED_EDGE('',*,*,#4086,.F.);
#5320=ORIENTED_EDGE('',*,*,#4087,.F.);
#5321=ORIENTED_EDGE('',*,*,#4085,.F.);
#5322=ORIENTED_EDGE('',*,*,#4076,.T.);
#5323=ORIENTED_EDGE('',*,*,#4088,.F.);
#5324=ORIENTED_EDGE('',*,*,#4089,.T.);
#5325=ORIENTED_EDGE('',*,*,#4090,.T.);
#5326=ORIENTED_EDGE('',*,*,#4089,.F.);
#5327=ORIENTED_EDGE('',*,*,#4017,.F.);
#5328=ORIENTED_EDGE('',*,*,#4091,.T.);
#5329=ORIENTED_EDGE('',*,*,#4092,.T.);
#5330=ORIENTED_EDGE('',*,*,#4091,.F.);
#5331=ORIENTED_EDGE('',*,*,#4092,.F.);
#5332=ORIENTED_EDGE('',*,*,#4090,.F.);
#5333=ORIENTED_EDGE('',*,*,#4083,.T.);
#5334=ORIENTED_EDGE('',*,*,#4093,.F.);
#5335=ORIENTED_EDGE('',*,*,#4094,.T.);
#5336=ORIENTED_EDGE('',*,*,#4095,.T.);
#5337=ORIENTED_EDGE('',*,*,#4094,.F.);
#5338=ORIENTED_EDGE('',*,*,#4072,.F.);
#5339=ORIENTED_EDGE('',*,*,#4096,.T.);
#5340=ORIENTED_EDGE('',*,*,#4097,.T.);
#5341=ORIENTED_EDGE('',*,*,#4096,.F.);
#5342=ORIENTED_EDGE('',*,*,#4097,.F.);
#5343=ORIENTED_EDGE('',*,*,#4095,.F.);
#5344=ORIENTED_EDGE('',*,*,#4088,.T.);
#5345=ORIENTED_EDGE('',*,*,#4098,.F.);
#5346=ORIENTED_EDGE('',*,*,#4099,.T.);
#5347=ORIENTED_EDGE('',*,*,#4100,.T.);
#5348=ORIENTED_EDGE('',*,*,#4099,.F.);
#5349=ORIENTED_EDGE('',*,*,#4018,.F.);
#5350=ORIENTED_EDGE('',*,*,#4101,.T.);
#5351=ORIENTED_EDGE('',*,*,#4102,.T.);
#5352=ORIENTED_EDGE('',*,*,#4101,.F.);
#5353=ORIENTED_EDGE('',*,*,#4102,.F.);
#5354=ORIENTED_EDGE('',*,*,#4100,.F.);
#5355=ORIENTED_EDGE('',*,*,#4093,.T.);
#5356=ORIENTED_EDGE('',*,*,#4103,.F.);
#5357=ORIENTED_EDGE('',*,*,#4104,.T.);
#5358=ORIENTED_EDGE('',*,*,#4105,.T.);
#5359=ORIENTED_EDGE('',*,*,#4104,.F.);
#5360=ORIENTED_EDGE('',*,*,#4071,.F.);
#5361=ORIENTED_EDGE('',*,*,#4106,.T.);
#5362=ORIENTED_EDGE('',*,*,#4107,.T.);
#5363=ORIENTED_EDGE('',*,*,#4106,.F.);
#5364=ORIENTED_EDGE('',*,*,#4107,.F.);
#5365=ORIENTED_EDGE('',*,*,#4105,.F.);
#5366=ORIENTED_EDGE('',*,*,#4098,.T.);
#5367=ORIENTED_EDGE('',*,*,#4108,.F.);
#5368=ORIENTED_EDGE('',*,*,#4109,.T.);
#5369=ORIENTED_EDGE('',*,*,#4110,.T.);
#5370=ORIENTED_EDGE('',*,*,#4109,.F.);
#5371=ORIENTED_EDGE('',*,*,#4019,.F.);
#5372=ORIENTED_EDGE('',*,*,#4111,.T.);
#5373=ORIENTED_EDGE('',*,*,#4112,.T.);
#5374=ORIENTED_EDGE('',*,*,#4111,.F.);
#5375=ORIENTED_EDGE('',*,*,#4112,.F.);
#5376=ORIENTED_EDGE('',*,*,#4110,.F.);
#5377=ORIENTED_EDGE('',*,*,#4103,.T.);
#5378=ORIENTED_EDGE('',*,*,#4113,.F.);
#5379=ORIENTED_EDGE('',*,*,#4114,.T.);
#5380=ORIENTED_EDGE('',*,*,#4115,.T.);
#5381=ORIENTED_EDGE('',*,*,#4114,.F.);
#5382=ORIENTED_EDGE('',*,*,#4070,.F.);
#5383=ORIENTED_EDGE('',*,*,#4116,.T.);
#5384=ORIENTED_EDGE('',*,*,#4117,.T.);
#5385=ORIENTED_EDGE('',*,*,#4116,.F.);
#5386=ORIENTED_EDGE('',*,*,#4117,.F.);
#5387=ORIENTED_EDGE('',*,*,#4115,.F.);
#5388=ORIENTED_EDGE('',*,*,#4108,.T.);
#5389=ORIENTED_EDGE('',*,*,#4118,.F.);
#5390=ORIENTED_EDGE('',*,*,#4119,.T.);
#5391=ORIENTED_EDGE('',*,*,#4120,.T.);
#5392=ORIENTED_EDGE('',*,*,#4119,.F.);
#5393=ORIENTED_EDGE('',*,*,#4020,.F.);
#5394=ORIENTED_EDGE('',*,*,#4121,.T.);
#5395=ORIENTED_EDGE('',*,*,#4122,.T.);
#5396=ORIENTED_EDGE('',*,*,#4121,.F.);
#5397=ORIENTED_EDGE('',*,*,#4122,.F.);
#5398=ORIENTED_EDGE('',*,*,#4120,.F.);
#5399=ORIENTED_EDGE('',*,*,#4113,.T.);
#5400=ORIENTED_EDGE('',*,*,#4123,.F.);
#5401=ORIENTED_EDGE('',*,*,#4124,.T.);
#5402=ORIENTED_EDGE('',*,*,#4125,.T.);
#5403=ORIENTED_EDGE('',*,*,#4124,.F.);
#5404=ORIENTED_EDGE('',*,*,#4069,.F.);
#5405=ORIENTED_EDGE('',*,*,#4126,.T.);
#5406=ORIENTED_EDGE('',*,*,#4127,.T.);
#5407=ORIENTED_EDGE('',*,*,#4126,.F.);
#5408=ORIENTED_EDGE('',*,*,#4127,.F.);
#5409=ORIENTED_EDGE('',*,*,#4125,.F.);
#5410=ORIENTED_EDGE('',*,*,#4118,.T.);
#5411=ORIENTED_EDGE('',*,*,#4128,.F.);
#5412=ORIENTED_EDGE('',*,*,#4129,.T.);
#5413=ORIENTED_EDGE('',*,*,#3688,.F.);
#5414=ORIENTED_EDGE('',*,*,#4129,.F.);
#5415=ORIENTED_EDGE('',*,*,#4021,.F.);
#5416=ORIENTED_EDGE('',*,*,#4130,.T.);
#5417=ORIENTED_EDGE('',*,*,#3687,.F.);
#5418=ORIENTED_EDGE('',*,*,#4130,.F.);
#5419=ORIENTED_EDGE('',*,*,#4123,.T.);
#5420=ORIENTED_EDGE('',*,*,#4131,.F.);
#5421=ORIENTED_EDGE('',*,*,#4132,.T.);
#5422=ORIENTED_EDGE('',*,*,#4133,.T.);
#5423=ORIENTED_EDGE('',*,*,#4132,.F.);
#5424=ORIENTED_EDGE('',*,*,#4068,.F.);
#5425=ORIENTED_EDGE('',*,*,#4134,.T.);
#5426=ORIENTED_EDGE('',*,*,#4135,.T.);
#5427=ORIENTED_EDGE('',*,*,#4134,.F.);
#5428=ORIENTED_EDGE('',*,*,#4135,.F.);
#5429=ORIENTED_EDGE('',*,*,#4133,.F.);
#5430=ORIENTED_EDGE('',*,*,#4128,.T.);
#5431=ORIENTED_EDGE('',*,*,#4066,.F.);
#5432=ORIENTED_EDGE('',*,*,#4136,.T.);
#5433=ORIENTED_EDGE('',*,*,#4137,.T.);
#5434=ORIENTED_EDGE('',*,*,#4138,.T.);
#5435=ORIENTED_EDGE('',*,*,#4139,.F.);
#5436=ORIENTED_EDGE('',*,*,#4067,.F.);
#5437=ORIENTED_EDGE('',*,*,#4139,.T.);
#5438=ORIENTED_EDGE('',*,*,#4140,.T.);
#5439=ORIENTED_EDGE('',*,*,#4136,.F.);
#5440=ORIENTED_EDGE('',*,*,#4141,.F.);
#5441=ORIENTED_EDGE('',*,*,#4137,.F.);
#5442=ORIENTED_EDGE('',*,*,#4140,.F.);
#5443=ORIENTED_EDGE('',*,*,#4138,.F.);
#5444=ORIENTED_EDGE('',*,*,#4142,.F.);
#5445=ORIENTED_EDGE('',*,*,#3832,.F.);
#5446=ORIENTED_EDGE('',*,*,#4143,.T.);
#5447=ORIENTED_EDGE('',*,*,#4142,.T.);
#5448=ORIENTED_EDGE('',*,*,#4141,.T.);
#5449=ORIENTED_EDGE('',*,*,#4143,.F.);
#5450=ORIENTED_EDGE('',*,*,#3862,.F.);
#5451=ORIENTED_EDGE('',*,*,#4144,.T.);
#5452=ORIENTED_EDGE('',*,*,#4145,.T.);
#5453=ORIENTED_EDGE('',*,*,#4144,.F.);
#5454=ORIENTED_EDGE('',*,*,#3944,.T.);
#5455=ORIENTED_EDGE('',*,*,#3860,.F.);
#5456=ORIENTED_EDGE('',*,*,#4146,.F.);
#5457=ORIENTED_EDGE('',*,*,#4147,.F.);
#5458=ORIENTED_EDGE('',*,*,#3947,.F.);
#5459=ORIENTED_EDGE('',*,*,#3942,.T.);
#5460=ORIENTED_EDGE('',*,*,#4148,.T.);
#5461=ORIENTED_EDGE('',*,*,#4146,.T.);
#5462=ORIENTED_EDGE('',*,*,#3859,.F.);
#5463=ORIENTED_EDGE('',*,*,#4149,.F.);
#5464=ORIENTED_EDGE('',*,*,#4150,.F.);
#5465=ORIENTED_EDGE('',*,*,#4149,.T.);
#5466=ORIENTED_EDGE('',*,*,#3858,.F.);
#5467=ORIENTED_EDGE('',*,*,#3711,.F.);
#5468=ORIENTED_EDGE('',*,*,#4150,.T.);
#5469=ORIENTED_EDGE('',*,*,#3710,.F.);
#5470=ORIENTED_EDGE('',*,*,#4151,.F.);
#5471=ORIENTED_EDGE('',*,*,#3948,.F.);
#5472=ORIENTED_EDGE('',*,*,#4147,.T.);
#5473=ORIENTED_EDGE('',*,*,#4148,.F.);
#5474=ORIENTED_EDGE('',*,*,#4145,.F.);
#5475=ORIENTED_EDGE('',*,*,#4151,.T.);
#5476=ORIENTED_EDGE('',*,*,#3709,.F.);
#5477=ORIENTED_EDGE('',*,*,#4011,.F.);
#5478=ORIENTED_EDGE('',*,*,#3949,.T.);
#5479=ORIENTED_EDGE('',*,*,#3849,.F.);
#5480=ORIENTED_EDGE('',*,*,#4152,.T.);
#5481=ORIENTED_EDGE('',*,*,#3934,.T.);
#5482=ORIENTED_EDGE('',*,*,#4152,.F.);
#5483=ORIENTED_EDGE('',*,*,#3928,.F.);
#5484=ORIENTED_EDGE('',*,*,#4153,.F.);
#5485=ORIENTED_EDGE('',*,*,#3852,.F.);
#5486=ORIENTED_EDGE('',*,*,#4154,.F.);
#5487=ORIENTED_EDGE('',*,*,#3929,.T.);
#5488=ORIENTED_EDGE('',*,*,#4154,.T.);
#5489=ORIENTED_EDGE('',*,*,#3851,.F.);
#5490=ORIENTED_EDGE('',*,*,#3946,.F.);
#5491=ORIENTED_EDGE('',*,*,#3696,.F.);
#5492=ORIENTED_EDGE('',*,*,#4155,.T.);
#5493=ORIENTED_EDGE('',*,*,#4156,.F.);
#5494=ORIENTED_EDGE('',*,*,#4155,.F.);
#5495=ORIENTED_EDGE('',*,*,#3683,.T.);
#5496=ORIENTED_EDGE('',*,*,#4007,.F.);
#5497=ORIENTED_EDGE('',*,*,#3685,.T.);
#5498=ORIENTED_EDGE('',*,*,#3695,.F.);
#5499=ORIENTED_EDGE('',*,*,#3704,.T.);
#5500=ORIENTED_EDGE('',*,*,#3853,.F.);
#5501=ORIENTED_EDGE('',*,*,#4153,.T.);
#5502=ORIENTED_EDGE('',*,*,#3933,.T.);
#5503=ORIENTED_EDGE('',*,*,#4157,.F.);
#5504=ORIENTED_EDGE('',*,*,#4009,.F.);
#5505=ORIENTED_EDGE('',*,*,#4131,.T.);
#5506=ORIENTED_EDGE('',*,*,#3707,.F.);
#5507=ORIENTED_EDGE('',*,*,#4158,.T.);
#5508=ORIENTED_EDGE('',*,*,#4159,.F.);
#5509=ORIENTED_EDGE('',*,*,#4158,.F.);
#5510=ORIENTED_EDGE('',*,*,#3679,.T.);
#5511=ORIENTED_EDGE('',*,*,#4012,.F.);
#5512=ORIENTED_EDGE('',*,*,#3681,.T.);
#5513=ORIENTED_EDGE('',*,*,#3706,.F.);
#5514=ORIENTED_EDGE('',*,*,#4156,.T.);
#5515=ORIENTED_EDGE('',*,*,#3702,.F.);
#5516=ORIENTED_EDGE('',*,*,#4160,.T.);
#5517=ORIENTED_EDGE('',*,*,#4161,.F.);
#5518=ORIENTED_EDGE('',*,*,#4160,.F.);
#5519=ORIENTED_EDGE('',*,*,#3675,.T.);
#5520=ORIENTED_EDGE('',*,*,#4008,.F.);
#5521=ORIENTED_EDGE('',*,*,#3677,.T.);
#5522=ORIENTED_EDGE('',*,*,#3701,.F.);
#5523=ORIENTED_EDGE('',*,*,#4159,.T.);
#5524=ORIENTED_EDGE('',*,*,#3690,.F.);
#5525=ORIENTED_EDGE('',*,*,#4162,.T.);
#5526=ORIENTED_EDGE('',*,*,#4163,.F.);
#5527=ORIENTED_EDGE('',*,*,#4162,.F.);
#5528=ORIENTED_EDGE('',*,*,#3671,.T.);
#5529=ORIENTED_EDGE('',*,*,#4013,.F.);
#5530=ORIENTED_EDGE('',*,*,#3673,.T.);
#5531=ORIENTED_EDGE('',*,*,#3689,.F.);
#5532=ORIENTED_EDGE('',*,*,#4161,.T.);
#5533=ORIENTED_EDGE('',*,*,#4164,.F.);
#5534=ORIENTED_EDGE('',*,*,#4165,.F.);
#5535=ORIENTED_EDGE('',*,*,#4166,.F.);
#5536=ORIENTED_EDGE('',*,*,#4167,.F.);
#5537=ORIENTED_EDGE('',*,*,#4168,.F.);
#5538=ORIENTED_EDGE('',*,*,#4169,.F.);
#5539=ORIENTED_EDGE('',*,*,#4170,.F.);
#5540=ORIENTED_EDGE('',*,*,#4171,.F.);
#5541=ORIENTED_EDGE('',*,*,#4172,.F.);
#5542=ORIENTED_EDGE('',*,*,#4173,.F.);
#5543=ORIENTED_EDGE('',*,*,#4174,.F.);
#5544=ORIENTED_EDGE('',*,*,#4175,.F.);
#5545=ORIENTED_EDGE('',*,*,#4176,.F.);
#5546=ORIENTED_EDGE('',*,*,#4177,.F.);
#5547=ORIENTED_EDGE('',*,*,#4178,.F.);
#5548=ORIENTED_EDGE('',*,*,#4179,.F.);
#5549=ORIENTED_EDGE('',*,*,#4180,.F.);
#5550=ORIENTED_EDGE('',*,*,#4181,.F.);
#5551=ORIENTED_EDGE('',*,*,#4182,.F.);
#5552=ORIENTED_EDGE('',*,*,#4183,.F.);
#5553=ORIENTED_EDGE('',*,*,#4184,.F.);
#5554=ORIENTED_EDGE('',*,*,#4185,.F.);
#5555=ORIENTED_EDGE('',*,*,#4186,.F.);
#5556=ORIENTED_EDGE('',*,*,#4187,.F.);
#5557=ORIENTED_EDGE('',*,*,#4188,.F.);
#5558=ORIENTED_EDGE('',*,*,#4189,.F.);
#5559=ORIENTED_EDGE('',*,*,#4190,.F.);
#5560=ORIENTED_EDGE('',*,*,#4191,.F.);
#5561=ORIENTED_EDGE('',*,*,#4192,.F.);
#5562=ORIENTED_EDGE('',*,*,#4193,.F.);
#5563=ORIENTED_EDGE('',*,*,#4194,.F.);
#5564=ORIENTED_EDGE('',*,*,#4195,.F.);
#5565=ORIENTED_EDGE('',*,*,#4196,.F.);
#5566=ORIENTED_EDGE('',*,*,#4197,.F.);
#5567=ORIENTED_EDGE('',*,*,#4198,.F.);
#5568=ORIENTED_EDGE('',*,*,#4199,.F.);
#5569=ORIENTED_EDGE('',*,*,#4200,.F.);
#5570=ORIENTED_EDGE('',*,*,#4201,.F.);
#5571=ORIENTED_EDGE('',*,*,#4202,.F.);
#5572=ORIENTED_EDGE('',*,*,#4203,.F.);
#5573=ORIENTED_EDGE('',*,*,#4204,.F.);
#5574=ORIENTED_EDGE('',*,*,#4205,.F.);
#5575=ORIENTED_EDGE('',*,*,#4206,.F.);
#5576=ORIENTED_EDGE('',*,*,#4207,.F.);
#5577=ORIENTED_EDGE('',*,*,#4208,.F.);
#5578=ORIENTED_EDGE('',*,*,#4209,.F.);
#5579=ORIENTED_EDGE('',*,*,#4210,.F.);
#5580=ORIENTED_EDGE('',*,*,#4211,.F.);
#5581=ORIENTED_EDGE('',*,*,#4212,.F.);
#5582=ORIENTED_EDGE('',*,*,#4213,.F.);
#5583=ORIENTED_EDGE('',*,*,#4214,.F.);
#5584=ORIENTED_EDGE('',*,*,#4215,.F.);
#5585=ORIENTED_EDGE('',*,*,#4216,.F.);
#5586=ORIENTED_EDGE('',*,*,#4217,.F.);
#5587=ORIENTED_EDGE('',*,*,#4218,.F.);
#5588=ORIENTED_EDGE('',*,*,#4219,.F.);
#5589=ORIENTED_EDGE('',*,*,#4220,.F.);
#5590=ORIENTED_EDGE('',*,*,#4221,.F.);
#5591=ORIENTED_EDGE('',*,*,#4222,.F.);
#5592=ORIENTED_EDGE('',*,*,#4223,.F.);
#5593=ORIENTED_EDGE('',*,*,#4224,.F.);
#5594=ORIENTED_EDGE('',*,*,#4225,.F.);
#5595=ORIENTED_EDGE('',*,*,#4226,.F.);
#5596=ORIENTED_EDGE('',*,*,#4227,.F.);
#5597=ORIENTED_EDGE('',*,*,#4228,.F.);
#5598=ORIENTED_EDGE('',*,*,#4229,.F.);
#5599=ORIENTED_EDGE('',*,*,#4230,.F.);
#5600=ORIENTED_EDGE('',*,*,#4231,.F.);
#5601=ORIENTED_EDGE('',*,*,#4232,.F.);
#5602=ORIENTED_EDGE('',*,*,#4233,.F.);
#5603=ORIENTED_EDGE('',*,*,#4234,.F.);
#5604=ORIENTED_EDGE('',*,*,#4235,.F.);
#5605=ORIENTED_EDGE('',*,*,#4172,.T.);
#5606=ORIENTED_EDGE('',*,*,#4236,.T.);
#5607=ORIENTED_EDGE('',*,*,#3806,.F.);
#5608=ORIENTED_EDGE('',*,*,#4237,.F.);
#5609=ORIENTED_EDGE('',*,*,#4171,.T.);
#5610=ORIENTED_EDGE('',*,*,#4238,.T.);
#5611=ORIENTED_EDGE('',*,*,#3807,.F.);
#5612=ORIENTED_EDGE('',*,*,#4236,.F.);
#5613=ORIENTED_EDGE('',*,*,#4170,.T.);
#5614=ORIENTED_EDGE('',*,*,#4239,.T.);
#5615=ORIENTED_EDGE('',*,*,#3808,.F.);
#5616=ORIENTED_EDGE('',*,*,#4238,.F.);
#5617=ORIENTED_EDGE('',*,*,#4169,.T.);
#5618=ORIENTED_EDGE('',*,*,#4240,.T.);
#5619=ORIENTED_EDGE('',*,*,#3809,.F.);
#5620=ORIENTED_EDGE('',*,*,#4239,.F.);
#5621=ORIENTED_EDGE('',*,*,#4180,.T.);
#5622=ORIENTED_EDGE('',*,*,#4241,.T.);
#5623=ORIENTED_EDGE('',*,*,#3798,.F.);
#5624=ORIENTED_EDGE('',*,*,#4242,.F.);
#5625=ORIENTED_EDGE('',*,*,#4179,.T.);
#5626=ORIENTED_EDGE('',*,*,#4243,.T.);
#5627=ORIENTED_EDGE('',*,*,#3799,.F.);
#5628=ORIENTED_EDGE('',*,*,#4241,.F.);
#5629=ORIENTED_EDGE('',*,*,#4178,.T.);
#5630=ORIENTED_EDGE('',*,*,#4244,.T.);
#5631=ORIENTED_EDGE('',*,*,#3800,.F.);
#5632=ORIENTED_EDGE('',*,*,#4243,.F.);
#5633=ORIENTED_EDGE('',*,*,#4177,.T.);
#5634=ORIENTED_EDGE('',*,*,#4245,.T.);
#5635=ORIENTED_EDGE('',*,*,#3801,.F.);
#5636=ORIENTED_EDGE('',*,*,#4244,.F.);
#5637=ORIENTED_EDGE('',*,*,#4188,.T.);
#5638=ORIENTED_EDGE('',*,*,#4246,.T.);
#5639=ORIENTED_EDGE('',*,*,#3758,.F.);
#5640=ORIENTED_EDGE('',*,*,#4247,.F.);
#5641=ORIENTED_EDGE('',*,*,#4187,.T.);
#5642=ORIENTED_EDGE('',*,*,#4248,.T.);
#5643=ORIENTED_EDGE('',*,*,#3759,.F.);
#5644=ORIENTED_EDGE('',*,*,#4246,.F.);
#5645=ORIENTED_EDGE('',*,*,#4186,.T.);
#5646=ORIENTED_EDGE('',*,*,#4249,.T.);
#5647=ORIENTED_EDGE('',*,*,#3760,.F.);
#5648=ORIENTED_EDGE('',*,*,#4248,.F.);
#5649=ORIENTED_EDGE('',*,*,#4185,.T.);
#5650=ORIENTED_EDGE('',*,*,#4250,.T.);
#5651=ORIENTED_EDGE('',*,*,#3761,.F.);
#5652=ORIENTED_EDGE('',*,*,#4249,.F.);
#5653=ORIENTED_EDGE('',*,*,#4196,.T.);
#5654=ORIENTED_EDGE('',*,*,#4251,.T.);
#5655=ORIENTED_EDGE('',*,*,#3750,.F.);
#5656=ORIENTED_EDGE('',*,*,#4252,.F.);
#5657=ORIENTED_EDGE('',*,*,#4195,.T.);
#5658=ORIENTED_EDGE('',*,*,#4253,.T.);
#5659=ORIENTED_EDGE('',*,*,#3751,.F.);
#5660=ORIENTED_EDGE('',*,*,#4251,.F.);
#5661=ORIENTED_EDGE('',*,*,#4194,.T.);
#5662=ORIENTED_EDGE('',*,*,#4254,.T.);
#5663=ORIENTED_EDGE('',*,*,#3752,.F.);
#5664=ORIENTED_EDGE('',*,*,#4253,.F.);
#5665=ORIENTED_EDGE('',*,*,#4193,.T.);
#5666=ORIENTED_EDGE('',*,*,#4255,.T.);
#5667=ORIENTED_EDGE('',*,*,#3753,.F.);
#5668=ORIENTED_EDGE('',*,*,#4254,.F.);
#5669=ORIENTED_EDGE('',*,*,#4208,.T.);
#5670=ORIENTED_EDGE('',*,*,#4256,.T.);
#5671=ORIENTED_EDGE('',*,*,#3790,.F.);
#5672=ORIENTED_EDGE('',*,*,#4257,.F.);
#5673=ORIENTED_EDGE('',*,*,#4207,.T.);
#5674=ORIENTED_EDGE('',*,*,#4258,.T.);
#5675=ORIENTED_EDGE('',*,*,#3791,.F.);
#5676=ORIENTED_EDGE('',*,*,#4256,.F.);
#5677=ORIENTED_EDGE('',*,*,#4206,.T.);
#5678=ORIENTED_EDGE('',*,*,#4259,.T.);
#5679=ORIENTED_EDGE('',*,*,#3792,.F.);
#5680=ORIENTED_EDGE('',*,*,#4258,.F.);
#5681=ORIENTED_EDGE('',*,*,#4205,.T.);
#5682=ORIENTED_EDGE('',*,*,#4260,.T.);
#5683=ORIENTED_EDGE('',*,*,#3793,.F.);
#5684=ORIENTED_EDGE('',*,*,#4259,.F.);
#5685=ORIENTED_EDGE('',*,*,#4216,.T.);
#5686=ORIENTED_EDGE('',*,*,#4261,.T.);
#5687=ORIENTED_EDGE('',*,*,#3782,.F.);
#5688=ORIENTED_EDGE('',*,*,#4262,.F.);
#5689=ORIENTED_EDGE('',*,*,#4215,.T.);
#5690=ORIENTED_EDGE('',*,*,#4263,.T.);
#5691=ORIENTED_EDGE('',*,*,#3783,.F.);
#5692=ORIENTED_EDGE('',*,*,#4261,.F.);
#5693=ORIENTED_EDGE('',*,*,#4214,.T.);
#5694=ORIENTED_EDGE('',*,*,#4264,.T.);
#5695=ORIENTED_EDGE('',*,*,#3784,.F.);
#5696=ORIENTED_EDGE('',*,*,#4263,.F.);
#5697=ORIENTED_EDGE('',*,*,#4213,.T.);
#5698=ORIENTED_EDGE('',*,*,#4265,.T.);
#5699=ORIENTED_EDGE('',*,*,#3785,.F.);
#5700=ORIENTED_EDGE('',*,*,#4264,.F.);
#5701=ORIENTED_EDGE('',*,*,#4224,.T.);
#5702=ORIENTED_EDGE('',*,*,#4266,.T.);
#5703=ORIENTED_EDGE('',*,*,#3774,.F.);
#5704=ORIENTED_EDGE('',*,*,#4267,.F.);
#5705=ORIENTED_EDGE('',*,*,#4223,.T.);
#5706=ORIENTED_EDGE('',*,*,#4268,.T.);
#5707=ORIENTED_EDGE('',*,*,#3775,.F.);
#5708=ORIENTED_EDGE('',*,*,#4266,.F.);
#5709=ORIENTED_EDGE('',*,*,#4222,.T.);
#5710=ORIENTED_EDGE('',*,*,#4269,.T.);
#5711=ORIENTED_EDGE('',*,*,#3776,.F.);
#5712=ORIENTED_EDGE('',*,*,#4268,.F.);
#5713=ORIENTED_EDGE('',*,*,#4221,.T.);
#5714=ORIENTED_EDGE('',*,*,#4270,.T.);
#5715=ORIENTED_EDGE('',*,*,#3777,.F.);
#5716=ORIENTED_EDGE('',*,*,#4269,.F.);
#5717=ORIENTED_EDGE('',*,*,#4232,.T.);
#5718=ORIENTED_EDGE('',*,*,#4271,.T.);
#5719=ORIENTED_EDGE('',*,*,#3766,.F.);
#5720=ORIENTED_EDGE('',*,*,#4272,.F.);
#5721=ORIENTED_EDGE('',*,*,#4231,.T.);
#5722=ORIENTED_EDGE('',*,*,#4273,.T.);
#5723=ORIENTED_EDGE('',*,*,#3767,.F.);
#5724=ORIENTED_EDGE('',*,*,#4271,.F.);
#5725=ORIENTED_EDGE('',*,*,#4230,.T.);
#5726=ORIENTED_EDGE('',*,*,#4274,.T.);
#5727=ORIENTED_EDGE('',*,*,#3768,.F.);
#5728=ORIENTED_EDGE('',*,*,#4273,.F.);
#5729=ORIENTED_EDGE('',*,*,#4229,.T.);
#5730=ORIENTED_EDGE('',*,*,#4275,.T.);
#5731=ORIENTED_EDGE('',*,*,#3769,.F.);
#5732=ORIENTED_EDGE('',*,*,#4274,.F.);
#5733=ORIENTED_EDGE('',*,*,#4276,.F.);
#5734=ORIENTED_EDGE('',*,*,#4277,.T.);
#5735=ORIENTED_EDGE('',*,*,#4278,.F.);
#5736=ORIENTED_EDGE('',*,*,#4277,.F.);
#5737=ORIENTED_EDGE('',*,*,#4279,.F.);
#5738=ORIENTED_EDGE('',*,*,#4280,.T.);
#5739=ORIENTED_EDGE('',*,*,#4022,.F.);
#5740=ORIENTED_EDGE('',*,*,#4280,.F.);
#5741=ORIENTED_EDGE('',*,*,#4279,.T.);
#5742=ORIENTED_EDGE('',*,*,#4276,.T.);
#5743=ORIENTED_EDGE('',*,*,#4163,.T.);
#5744=ORIENTED_EDGE('',*,*,#4059,.F.);
#5745=ORIENTED_EDGE('',*,*,#4281,.T.);
#5746=ORIENTED_EDGE('',*,*,#4282,.F.);
#5747=ORIENTED_EDGE('',*,*,#4283,.F.);
#5748=ORIENTED_EDGE('',*,*,#4060,.F.);
#5749=ORIENTED_EDGE('',*,*,#4283,.T.);
#5750=ORIENTED_EDGE('',*,*,#4284,.F.);
#5751=ORIENTED_EDGE('',*,*,#4285,.F.);
#5752=ORIENTED_EDGE('',*,*,#4061,.F.);
#5753=ORIENTED_EDGE('',*,*,#4285,.T.);
#5754=ORIENTED_EDGE('',*,*,#4286,.F.);
#5755=ORIENTED_EDGE('',*,*,#4287,.F.);
#5756=ORIENTED_EDGE('',*,*,#4062,.F.);
#5757=ORIENTED_EDGE('',*,*,#4287,.T.);
#5758=ORIENTED_EDGE('',*,*,#4288,.F.);
#5759=ORIENTED_EDGE('',*,*,#4289,.F.);
#5760=ORIENTED_EDGE('',*,*,#4063,.F.);
#5761=ORIENTED_EDGE('',*,*,#4289,.T.);
#5762=ORIENTED_EDGE('',*,*,#4290,.F.);
#5763=ORIENTED_EDGE('',*,*,#4291,.F.);
#5764=ORIENTED_EDGE('',*,*,#4064,.F.);
#5765=ORIENTED_EDGE('',*,*,#4291,.T.);
#5766=ORIENTED_EDGE('',*,*,#4292,.F.);
#5767=ORIENTED_EDGE('',*,*,#4293,.F.);
#5768=ORIENTED_EDGE('',*,*,#4065,.F.);
#5769=ORIENTED_EDGE('',*,*,#4293,.T.);
#5770=ORIENTED_EDGE('',*,*,#4294,.F.);
#5771=ORIENTED_EDGE('',*,*,#4295,.T.);
#5772=ORIENTED_EDGE('',*,*,#4200,.T.);
#5773=ORIENTED_EDGE('',*,*,#4296,.F.);
#5774=ORIENTED_EDGE('',*,*,#4295,.F.);
#5775=ORIENTED_EDGE('',*,*,#4297,.F.);
#5776=ORIENTED_EDGE('',*,*,#4298,.T.);
#5777=ORIENTED_EDGE('',*,*,#4201,.T.);
#5778=ORIENTED_EDGE('',*,*,#4298,.F.);
#5779=ORIENTED_EDGE('',*,*,#4299,.F.);
#5780=ORIENTED_EDGE('',*,*,#4300,.T.);
#5781=ORIENTED_EDGE('',*,*,#4202,.T.);
#5782=ORIENTED_EDGE('',*,*,#4300,.F.);
#5783=ORIENTED_EDGE('',*,*,#4301,.F.);
#5784=ORIENTED_EDGE('',*,*,#4281,.F.);
#5785=ORIENTED_EDGE('',*,*,#4058,.F.);
#5786=ORIENTED_EDGE('',*,*,#4296,.T.);
#5787=ORIENTED_EDGE('',*,*,#4203,.T.);
#5788=ORIENTED_EDGE('',*,*,#4301,.T.);
#5789=ORIENTED_EDGE('',*,*,#4299,.T.);
#5790=ORIENTED_EDGE('',*,*,#4297,.T.);
#5791=ORIENTED_EDGE('',*,*,#4294,.T.);
#5792=ORIENTED_EDGE('',*,*,#4292,.T.);
#5793=ORIENTED_EDGE('',*,*,#4290,.T.);
#5794=ORIENTED_EDGE('',*,*,#4288,.T.);
#5795=ORIENTED_EDGE('',*,*,#4286,.T.);
#5796=ORIENTED_EDGE('',*,*,#4284,.T.);
#5797=ORIENTED_EDGE('',*,*,#4282,.T.);
#5798=ORIENTED_EDGE('',*,*,#4302,.F.);
#5799=ORIENTED_EDGE('',*,*,#4303,.T.);
#5800=ORIENTED_EDGE('',*,*,#4304,.F.);
#5801=ORIENTED_EDGE('',*,*,#4303,.F.);
#5802=ORIENTED_EDGE('',*,*,#4305,.F.);
#5803=ORIENTED_EDGE('',*,*,#4306,.T.);
#5804=ORIENTED_EDGE('',*,*,#4057,.F.);
#5805=ORIENTED_EDGE('',*,*,#4306,.F.);
#5806=ORIENTED_EDGE('',*,*,#4305,.T.);
#5807=ORIENTED_EDGE('',*,*,#4302,.T.);
#5808=ORIENTED_EDGE('',*,*,#4278,.T.);
#5809=ORIENTED_EDGE('',*,*,#4307,.F.);
#5810=ORIENTED_EDGE('',*,*,#4308,.T.);
#5811=ORIENTED_EDGE('',*,*,#4309,.F.);
#5812=ORIENTED_EDGE('',*,*,#4308,.F.);
#5813=ORIENTED_EDGE('',*,*,#4310,.F.);
#5814=ORIENTED_EDGE('',*,*,#4311,.T.);
#5815=ORIENTED_EDGE('',*,*,#4023,.F.);
#5816=ORIENTED_EDGE('',*,*,#4311,.F.);
#5817=ORIENTED_EDGE('',*,*,#4310,.T.);
#5818=ORIENTED_EDGE('',*,*,#4307,.T.);
#5819=ORIENTED_EDGE('',*,*,#4304,.T.);
#5820=ORIENTED_EDGE('',*,*,#4312,.F.);
#5821=ORIENTED_EDGE('',*,*,#4313,.T.);
#5822=ORIENTED_EDGE('',*,*,#4314,.F.);
#5823=ORIENTED_EDGE('',*,*,#4313,.F.);
#5824=ORIENTED_EDGE('',*,*,#4315,.F.);
#5825=ORIENTED_EDGE('',*,*,#4316,.T.);
#5826=ORIENTED_EDGE('',*,*,#4056,.F.);
#5827=ORIENTED_EDGE('',*,*,#4316,.F.);
#5828=ORIENTED_EDGE('',*,*,#4315,.T.);
#5829=ORIENTED_EDGE('',*,*,#4312,.T.);
#5830=ORIENTED_EDGE('',*,*,#4309,.T.);
#5831=ORIENTED_EDGE('',*,*,#4001,.F.);
#5832=ORIENTED_EDGE('',*,*,#4317,.T.);
#5833=ORIENTED_EDGE('',*,*,#4318,.F.);
#5834=ORIENTED_EDGE('',*,*,#4319,.F.);
#5835=ORIENTED_EDGE('',*,*,#4002,.F.);
#5836=ORIENTED_EDGE('',*,*,#4319,.T.);
#5837=ORIENTED_EDGE('',*,*,#4320,.F.);
#5838=ORIENTED_EDGE('',*,*,#4321,.F.);
#5839=ORIENTED_EDGE('',*,*,#4003,.F.);
#5840=ORIENTED_EDGE('',*,*,#4321,.T.);
#5841=ORIENTED_EDGE('',*,*,#4322,.F.);
#5842=ORIENTED_EDGE('',*,*,#4323,.F.);
#5843=ORIENTED_EDGE('',*,*,#4004,.F.);
#5844=ORIENTED_EDGE('',*,*,#4323,.T.);
#5845=ORIENTED_EDGE('',*,*,#4324,.F.);
#5846=ORIENTED_EDGE('',*,*,#4325,.F.);
#5847=ORIENTED_EDGE('',*,*,#4005,.F.);
#5848=ORIENTED_EDGE('',*,*,#4325,.T.);
#5849=ORIENTED_EDGE('',*,*,#4326,.F.);
#5850=ORIENTED_EDGE('',*,*,#3988,.F.);
#5851=ORIENTED_EDGE('',*,*,#3998,.F.);
#5852=ORIENTED_EDGE('',*,*,#3990,.F.);
#5853=ORIENTED_EDGE('',*,*,#4327,.F.);
#5854=ORIENTED_EDGE('',*,*,#4328,.F.);
#5855=ORIENTED_EDGE('',*,*,#3999,.F.);
#5856=ORIENTED_EDGE('',*,*,#4328,.T.);
#5857=ORIENTED_EDGE('',*,*,#4329,.F.);
#5858=ORIENTED_EDGE('',*,*,#4330,.T.);
#5859=ORIENTED_EDGE('',*,*,#4164,.T.);
#5860=ORIENTED_EDGE('',*,*,#4331,.F.);
#5861=ORIENTED_EDGE('',*,*,#4330,.F.);
#5862=ORIENTED_EDGE('',*,*,#4332,.F.);
#5863=ORIENTED_EDGE('',*,*,#4333,.T.);
#5864=ORIENTED_EDGE('',*,*,#4165,.T.);
#5865=ORIENTED_EDGE('',*,*,#4333,.F.);
#5866=ORIENTED_EDGE('',*,*,#4334,.F.);
#5867=ORIENTED_EDGE('',*,*,#4335,.T.);
#5868=ORIENTED_EDGE('',*,*,#4166,.T.);
#5869=ORIENTED_EDGE('',*,*,#4335,.F.);
#5870=ORIENTED_EDGE('',*,*,#4336,.F.);
#5871=ORIENTED_EDGE('',*,*,#4317,.F.);
#5872=ORIENTED_EDGE('',*,*,#4000,.F.);
#5873=ORIENTED_EDGE('',*,*,#4331,.T.);
#5874=ORIENTED_EDGE('',*,*,#4167,.T.);
#5875=ORIENTED_EDGE('',*,*,#4336,.T.);
#5876=ORIENTED_EDGE('',*,*,#4334,.T.);
#5877=ORIENTED_EDGE('',*,*,#4332,.T.);
#5878=ORIENTED_EDGE('',*,*,#4329,.T.);
#5879=ORIENTED_EDGE('',*,*,#4327,.T.);
#5880=ORIENTED_EDGE('',*,*,#3989,.F.);
#5881=ORIENTED_EDGE('',*,*,#4326,.T.);
#5882=ORIENTED_EDGE('',*,*,#4324,.T.);
#5883=ORIENTED_EDGE('',*,*,#4322,.T.);
#5884=ORIENTED_EDGE('',*,*,#4320,.T.);
#5885=ORIENTED_EDGE('',*,*,#4318,.T.);
#5886=ORIENTED_EDGE('',*,*,#4314,.T.);
#5887=ORIENTED_EDGE('',*,*,#4337,.T.);
#5888=ORIENTED_EDGE('',*,*,#4338,.T.);
#5889=ORIENTED_EDGE('',*,*,#4339,.F.);
#5890=ORIENTED_EDGE('',*,*,#4340,.F.);
#5891=ORIENTED_EDGE('',*,*,#4341,.T.);
#5892=ORIENTED_EDGE('',*,*,#4342,.T.);
#5893=ORIENTED_EDGE('',*,*,#4343,.F.);
#5894=ORIENTED_EDGE('',*,*,#4344,.F.);
#5895=ORIENTED_EDGE('',*,*,#4345,.T.);
#5896=ORIENTED_EDGE('',*,*,#4346,.T.);
#5897=ORIENTED_EDGE('',*,*,#4347,.F.);
#5898=ORIENTED_EDGE('',*,*,#4348,.F.);
#5899=ORIENTED_EDGE('',*,*,#4349,.T.);
#5900=ORIENTED_EDGE('',*,*,#4350,.T.);
#5901=ORIENTED_EDGE('',*,*,#4351,.F.);
#5902=ORIENTED_EDGE('',*,*,#4352,.F.);
#5903=ORIENTED_EDGE('',*,*,#4353,.T.);
#5904=ORIENTED_EDGE('',*,*,#4354,.T.);
#5905=ORIENTED_EDGE('',*,*,#4355,.F.);
#5906=ORIENTED_EDGE('',*,*,#4356,.F.);
#5907=ORIENTED_EDGE('',*,*,#4357,.T.);
#5908=ORIENTED_EDGE('',*,*,#4358,.T.);
#5909=ORIENTED_EDGE('',*,*,#4359,.F.);
#5910=ORIENTED_EDGE('',*,*,#4360,.F.);
#5911=ORIENTED_EDGE('',*,*,#4361,.T.);
#5912=ORIENTED_EDGE('',*,*,#4362,.T.);
#5913=ORIENTED_EDGE('',*,*,#4363,.F.);
#5914=ORIENTED_EDGE('',*,*,#4364,.F.);
#5915=ORIENTED_EDGE('',*,*,#4365,.T.);
#5916=ORIENTED_EDGE('',*,*,#4366,.T.);
#5917=ORIENTED_EDGE('',*,*,#4367,.F.);
#5918=ORIENTED_EDGE('',*,*,#4368,.F.);
#5919=ORIENTED_EDGE('',*,*,#4369,.F.);
#5920=ORIENTED_EDGE('',*,*,#4370,.T.);
#5921=ORIENTED_EDGE('',*,*,#4371,.F.);
#5922=ORIENTED_EDGE('',*,*,#4372,.F.);
#5923=ORIENTED_EDGE('',*,*,#4373,.F.);
#5924=ORIENTED_EDGE('',*,*,#4372,.T.);
#5925=ORIENTED_EDGE('',*,*,#4374,.F.);
#5926=ORIENTED_EDGE('',*,*,#4375,.F.);
#5927=ORIENTED_EDGE('',*,*,#4376,.T.);
#5928=ORIENTED_EDGE('',*,*,#4375,.T.);
#5929=ORIENTED_EDGE('',*,*,#4377,.F.);
#5930=ORIENTED_EDGE('',*,*,#4378,.F.);
#5931=ORIENTED_EDGE('',*,*,#4379,.T.);
#5932=ORIENTED_EDGE('',*,*,#4378,.T.);
#5933=ORIENTED_EDGE('',*,*,#4380,.F.);
#5934=ORIENTED_EDGE('',*,*,#4381,.F.);
#5935=ORIENTED_EDGE('',*,*,#4382,.F.);
#5936=ORIENTED_EDGE('',*,*,#4381,.T.);
#5937=ORIENTED_EDGE('',*,*,#4383,.F.);
#5938=ORIENTED_EDGE('',*,*,#4384,.F.);
#5939=ORIENTED_EDGE('',*,*,#4385,.F.);
#5940=ORIENTED_EDGE('',*,*,#4384,.T.);
#5941=ORIENTED_EDGE('',*,*,#4386,.F.);
#5942=ORIENTED_EDGE('',*,*,#4387,.F.);
#5943=ORIENTED_EDGE('',*,*,#4388,.T.);
#5944=ORIENTED_EDGE('',*,*,#4387,.T.);
#5945=ORIENTED_EDGE('',*,*,#4389,.F.);
#5946=ORIENTED_EDGE('',*,*,#4390,.F.);
#5947=ORIENTED_EDGE('',*,*,#4391,.T.);
#5948=ORIENTED_EDGE('',*,*,#4390,.T.);
#5949=ORIENTED_EDGE('',*,*,#4392,.F.);
#5950=ORIENTED_EDGE('',*,*,#4393,.F.);
#5951=ORIENTED_EDGE('',*,*,#4394,.T.);
#5952=ORIENTED_EDGE('',*,*,#4393,.T.);
#5953=ORIENTED_EDGE('',*,*,#4395,.F.);
#5954=ORIENTED_EDGE('',*,*,#4396,.F.);
#5955=ORIENTED_EDGE('',*,*,#4397,.F.);
#5956=ORIENTED_EDGE('',*,*,#4396,.T.);
#5957=ORIENTED_EDGE('',*,*,#4398,.F.);
#5958=ORIENTED_EDGE('',*,*,#4399,.F.);
#5959=ORIENTED_EDGE('',*,*,#4400,.T.);
#5960=ORIENTED_EDGE('',*,*,#4399,.T.);
#5961=ORIENTED_EDGE('',*,*,#4401,.F.);
#5962=ORIENTED_EDGE('',*,*,#4402,.F.);
#5963=ORIENTED_EDGE('',*,*,#4403,.T.);
#5964=ORIENTED_EDGE('',*,*,#4402,.T.);
#5965=ORIENTED_EDGE('',*,*,#4404,.F.);
#5966=ORIENTED_EDGE('',*,*,#4405,.F.);
#5967=ORIENTED_EDGE('',*,*,#4406,.T.);
#5968=ORIENTED_EDGE('',*,*,#4405,.T.);
#5969=ORIENTED_EDGE('',*,*,#4407,.F.);
#5970=ORIENTED_EDGE('',*,*,#4408,.F.);
#5971=ORIENTED_EDGE('',*,*,#4409,.F.);
#5972=ORIENTED_EDGE('',*,*,#4408,.T.);
#5973=ORIENTED_EDGE('',*,*,#4410,.F.);
#5974=ORIENTED_EDGE('',*,*,#4411,.F.);
#5975=ORIENTED_EDGE('',*,*,#4412,.T.);
#5976=ORIENTED_EDGE('',*,*,#4411,.T.);
#5977=ORIENTED_EDGE('',*,*,#4413,.F.);
#5978=ORIENTED_EDGE('',*,*,#4414,.F.);
#5979=ORIENTED_EDGE('',*,*,#4415,.T.);
#5980=ORIENTED_EDGE('',*,*,#4414,.T.);
#5981=ORIENTED_EDGE('',*,*,#4416,.F.);
#5982=ORIENTED_EDGE('',*,*,#4370,.F.);
#5983=ORIENTED_EDGE('',*,*,#4415,.F.);
#5984=ORIENTED_EDGE('',*,*,#4369,.T.);
#5985=ORIENTED_EDGE('',*,*,#4373,.T.);
#5986=ORIENTED_EDGE('',*,*,#4376,.F.);
#5987=ORIENTED_EDGE('',*,*,#4379,.F.);
#5988=ORIENTED_EDGE('',*,*,#4382,.T.);
#5989=ORIENTED_EDGE('',*,*,#4385,.T.);
#5990=ORIENTED_EDGE('',*,*,#4388,.F.);
#5991=ORIENTED_EDGE('',*,*,#4391,.F.);
#5992=ORIENTED_EDGE('',*,*,#4394,.F.);
#5993=ORIENTED_EDGE('',*,*,#4397,.T.);
#5994=ORIENTED_EDGE('',*,*,#4400,.F.);
#5995=ORIENTED_EDGE('',*,*,#4403,.F.);
#5996=ORIENTED_EDGE('',*,*,#4406,.F.);
#5997=ORIENTED_EDGE('',*,*,#4409,.T.);
#5998=ORIENTED_EDGE('',*,*,#4412,.F.);
#5999=ORIENTED_EDGE('',*,*,#4365,.F.);
#6000=ORIENTED_EDGE('',*,*,#4417,.F.);
#6001=ORIENTED_EDGE('',*,*,#4418,.F.);
#6002=ORIENTED_EDGE('',*,*,#4337,.F.);
#6003=ORIENTED_EDGE('',*,*,#4419,.F.);
#6004=ORIENTED_EDGE('',*,*,#4420,.F.);
#6005=ORIENTED_EDGE('',*,*,#4341,.F.);
#6006=ORIENTED_EDGE('',*,*,#4421,.F.);
#6007=ORIENTED_EDGE('',*,*,#4422,.F.);
#6008=ORIENTED_EDGE('',*,*,#4345,.F.);
#6009=ORIENTED_EDGE('',*,*,#4423,.F.);
#6010=ORIENTED_EDGE('',*,*,#4424,.F.);
#6011=ORIENTED_EDGE('',*,*,#4349,.F.);
#6012=ORIENTED_EDGE('',*,*,#4425,.F.);
#6013=ORIENTED_EDGE('',*,*,#4426,.F.);
#6014=ORIENTED_EDGE('',*,*,#4353,.F.);
#6015=ORIENTED_EDGE('',*,*,#4427,.F.);
#6016=ORIENTED_EDGE('',*,*,#4428,.F.);
#6017=ORIENTED_EDGE('',*,*,#4357,.F.);
#6018=ORIENTED_EDGE('',*,*,#4429,.F.);
#6019=ORIENTED_EDGE('',*,*,#4430,.F.);
#6020=ORIENTED_EDGE('',*,*,#4361,.F.);
#6021=ORIENTED_EDGE('',*,*,#4431,.F.);
#6022=ORIENTED_EDGE('',*,*,#4432,.F.);
#6023=ORIENTED_EDGE('',*,*,#4347,.T.);
#6024=ORIENTED_EDGE('',*,*,#4433,.T.);
#6025=ORIENTED_EDGE('',*,*,#4343,.T.);
#6026=ORIENTED_EDGE('',*,*,#4434,.T.);
#6027=ORIENTED_EDGE('',*,*,#4435,.T.);
#6028=ORIENTED_EDGE('',*,*,#4436,.T.);
#6029=ORIENTED_EDGE('',*,*,#4339,.T.);
#6030=ORIENTED_EDGE('',*,*,#4437,.T.);
#6031=ORIENTED_EDGE('',*,*,#4367,.T.);
#6032=ORIENTED_EDGE('',*,*,#4438,.T.);
#6033=ORIENTED_EDGE('',*,*,#4439,.T.);
#6034=ORIENTED_EDGE('',*,*,#4440,.T.);
#6035=ORIENTED_EDGE('',*,*,#4363,.T.);
#6036=ORIENTED_EDGE('',*,*,#4441,.T.);
#6037=ORIENTED_EDGE('',*,*,#4359,.T.);
#6038=ORIENTED_EDGE('',*,*,#4442,.T.);
#6039=ORIENTED_EDGE('',*,*,#4443,.T.);
#6040=ORIENTED_EDGE('',*,*,#4444,.T.);
#6041=ORIENTED_EDGE('',*,*,#4355,.T.);
#6042=ORIENTED_EDGE('',*,*,#4445,.T.);
#6043=ORIENTED_EDGE('',*,*,#4351,.T.);
#6044=ORIENTED_EDGE('',*,*,#4446,.T.);
#6045=ORIENTED_EDGE('',*,*,#4447,.T.);
#6046=ORIENTED_EDGE('',*,*,#4448,.T.);
#6047=ORIENTED_EDGE('',*,*,#3824,.F.);
#6048=ORIENTED_EDGE('',*,*,#4449,.T.);
#6049=ORIENTED_EDGE('',*,*,#4434,.F.);
#6050=ORIENTED_EDGE('',*,*,#4342,.F.);
#6051=ORIENTED_EDGE('',*,*,#4420,.T.);
#6052=ORIENTED_EDGE('',*,*,#4450,.T.);
#6053=ORIENTED_EDGE('',*,*,#3825,.F.);
#6054=ORIENTED_EDGE('',*,*,#4450,.F.);
#6055=ORIENTED_EDGE('',*,*,#4419,.T.);
#6056=ORIENTED_EDGE('',*,*,#4340,.T.);
#6057=ORIENTED_EDGE('',*,*,#4437,.F.);
#6058=ORIENTED_EDGE('',*,*,#4338,.F.);
#6059=ORIENTED_EDGE('',*,*,#4418,.T.);
#6060=ORIENTED_EDGE('',*,*,#4451,.T.);
#6061=ORIENTED_EDGE('',*,*,#3826,.F.);
#6062=ORIENTED_EDGE('',*,*,#4451,.F.);
#6063=ORIENTED_EDGE('',*,*,#4417,.T.);
#6064=ORIENTED_EDGE('',*,*,#4368,.T.);
#6065=ORIENTED_EDGE('',*,*,#4440,.F.);
#6066=ORIENTED_EDGE('',*,*,#4452,.F.);
#6067=ORIENTED_EDGE('',*,*,#3827,.F.);
#6068=ORIENTED_EDGE('',*,*,#4452,.T.);
#6069=ORIENTED_EDGE('',*,*,#4439,.F.);
#6070=ORIENTED_EDGE('',*,*,#4453,.F.);
#6071=ORIENTED_EDGE('',*,*,#3828,.F.);
#6072=ORIENTED_EDGE('',*,*,#4453,.T.);
#6073=ORIENTED_EDGE('',*,*,#4438,.F.);
#6074=ORIENTED_EDGE('',*,*,#4366,.F.);
#6075=ORIENTED_EDGE('',*,*,#4432,.T.);
#6076=ORIENTED_EDGE('',*,*,#4454,.T.);
#6077=ORIENTED_EDGE('',*,*,#3829,.F.);
#6078=ORIENTED_EDGE('',*,*,#4454,.F.);
#6079=ORIENTED_EDGE('',*,*,#4431,.T.);
#6080=ORIENTED_EDGE('',*,*,#4364,.T.);
#6081=ORIENTED_EDGE('',*,*,#4441,.F.);
#6082=ORIENTED_EDGE('',*,*,#4362,.F.);
#6083=ORIENTED_EDGE('',*,*,#4430,.T.);
#6084=ORIENTED_EDGE('',*,*,#4455,.T.);
#6085=ORIENTED_EDGE('',*,*,#3830,.F.);
#6086=ORIENTED_EDGE('',*,*,#4455,.F.);
#6087=ORIENTED_EDGE('',*,*,#4429,.T.);
#6088=ORIENTED_EDGE('',*,*,#4360,.T.);
#6089=ORIENTED_EDGE('',*,*,#4444,.F.);
#6090=ORIENTED_EDGE('',*,*,#4456,.F.);
#6091=ORIENTED_EDGE('',*,*,#3831,.F.);
#6092=ORIENTED_EDGE('',*,*,#4456,.T.);
#6093=ORIENTED_EDGE('',*,*,#4443,.F.);
#6094=ORIENTED_EDGE('',*,*,#4457,.F.);
#6095=ORIENTED_EDGE('',*,*,#3816,.F.);
#6096=ORIENTED_EDGE('',*,*,#4457,.T.);
#6097=ORIENTED_EDGE('',*,*,#4442,.F.);
#6098=ORIENTED_EDGE('',*,*,#4358,.F.);
#6099=ORIENTED_EDGE('',*,*,#4428,.T.);
#6100=ORIENTED_EDGE('',*,*,#4458,.F.);
#6101=ORIENTED_EDGE('',*,*,#3823,.F.);
#6102=ORIENTED_EDGE('',*,*,#4459,.T.);
#6103=ORIENTED_EDGE('',*,*,#4435,.F.);
#6104=ORIENTED_EDGE('',*,*,#4449,.F.);
#6105=ORIENTED_EDGE('',*,*,#3822,.F.);
#6106=ORIENTED_EDGE('',*,*,#4460,.F.);
#6107=ORIENTED_EDGE('',*,*,#4421,.T.);
#6108=ORIENTED_EDGE('',*,*,#4344,.T.);
#6109=ORIENTED_EDGE('',*,*,#4436,.F.);
#6110=ORIENTED_EDGE('',*,*,#4459,.F.);
#6111=ORIENTED_EDGE('',*,*,#3821,.F.);
#6112=ORIENTED_EDGE('',*,*,#4461,.F.);
#6113=ORIENTED_EDGE('',*,*,#4423,.T.);
#6114=ORIENTED_EDGE('',*,*,#4348,.T.);
#6115=ORIENTED_EDGE('',*,*,#4433,.F.);
#6116=ORIENTED_EDGE('',*,*,#4346,.F.);
#6117=ORIENTED_EDGE('',*,*,#4422,.T.);
#6118=ORIENTED_EDGE('',*,*,#4460,.T.);
#6119=ORIENTED_EDGE('',*,*,#3820,.F.);
#6120=ORIENTED_EDGE('',*,*,#4462,.T.);
#6121=ORIENTED_EDGE('',*,*,#4446,.F.);
#6122=ORIENTED_EDGE('',*,*,#4350,.F.);
#6123=ORIENTED_EDGE('',*,*,#4424,.T.);
#6124=ORIENTED_EDGE('',*,*,#4461,.T.);
#6125=ORIENTED_EDGE('',*,*,#3819,.F.);
#6126=ORIENTED_EDGE('',*,*,#4463,.T.);
#6127=ORIENTED_EDGE('',*,*,#4447,.F.);
#6128=ORIENTED_EDGE('',*,*,#4462,.F.);
#6129=ORIENTED_EDGE('',*,*,#3818,.F.);
#6130=ORIENTED_EDGE('',*,*,#4464,.F.);
#6131=ORIENTED_EDGE('',*,*,#4425,.T.);
#6132=ORIENTED_EDGE('',*,*,#4352,.T.);
#6133=ORIENTED_EDGE('',*,*,#4448,.F.);
#6134=ORIENTED_EDGE('',*,*,#4463,.F.);
#6135=ORIENTED_EDGE('',*,*,#3817,.F.);
#6136=ORIENTED_EDGE('',*,*,#4458,.T.);
#6137=ORIENTED_EDGE('',*,*,#4427,.T.);
#6138=ORIENTED_EDGE('',*,*,#4356,.T.);
#6139=ORIENTED_EDGE('',*,*,#4445,.F.);
#6140=ORIENTED_EDGE('',*,*,#4354,.F.);
#6141=ORIENTED_EDGE('',*,*,#4426,.T.);
#6142=ORIENTED_EDGE('',*,*,#4464,.T.);
#6143=ORIENTED_EDGE('',*,*,#4028,.F.);
#6144=ORIENTED_EDGE('',*,*,#4465,.T.);
#6145=ORIENTED_EDGE('',*,*,#4466,.T.);
#6146=ORIENTED_EDGE('',*,*,#4467,.F.);
#6147=ORIENTED_EDGE('',*,*,#4029,.F.);
#6148=ORIENTED_EDGE('',*,*,#4467,.T.);
#6149=ORIENTED_EDGE('',*,*,#4468,.T.);
#6150=ORIENTED_EDGE('',*,*,#4469,.F.);
#6151=ORIENTED_EDGE('',*,*,#4030,.F.);
#6152=ORIENTED_EDGE('',*,*,#4469,.T.);
#6153=ORIENTED_EDGE('',*,*,#4470,.T.);
#6154=ORIENTED_EDGE('',*,*,#4471,.F.);
#6155=ORIENTED_EDGE('',*,*,#4031,.F.);
#6156=ORIENTED_EDGE('',*,*,#4471,.T.);
#6157=ORIENTED_EDGE('',*,*,#4472,.T.);
#6158=ORIENTED_EDGE('',*,*,#4473,.F.);
#6159=ORIENTED_EDGE('',*,*,#4024,.F.);
#6160=ORIENTED_EDGE('',*,*,#4473,.T.);
#6161=ORIENTED_EDGE('',*,*,#4474,.T.);
#6162=ORIENTED_EDGE('',*,*,#4475,.F.);
#6163=ORIENTED_EDGE('',*,*,#4027,.F.);
#6164=ORIENTED_EDGE('',*,*,#4476,.T.);
#6165=ORIENTED_EDGE('',*,*,#4477,.T.);
#6166=ORIENTED_EDGE('',*,*,#4465,.F.);
#6167=ORIENTED_EDGE('',*,*,#4026,.F.);
#6168=ORIENTED_EDGE('',*,*,#4478,.T.);
#6169=ORIENTED_EDGE('',*,*,#4479,.T.);
#6170=ORIENTED_EDGE('',*,*,#4476,.F.);
#6171=ORIENTED_EDGE('',*,*,#4025,.F.);
#6172=ORIENTED_EDGE('',*,*,#4475,.T.);
#6173=ORIENTED_EDGE('',*,*,#4480,.T.);
#6174=ORIENTED_EDGE('',*,*,#4478,.F.);
#6175=ORIENTED_EDGE('',*,*,#4480,.F.);
#6176=ORIENTED_EDGE('',*,*,#4474,.F.);
#6177=ORIENTED_EDGE('',*,*,#4472,.F.);
#6178=ORIENTED_EDGE('',*,*,#4470,.F.);
#6179=ORIENTED_EDGE('',*,*,#4468,.F.);
#6180=ORIENTED_EDGE('',*,*,#4466,.F.);
#6181=ORIENTED_EDGE('',*,*,#4477,.F.);
#6182=ORIENTED_EDGE('',*,*,#4479,.F.);
#6183=ORIENTED_EDGE('',*,*,#4371,.T.);
#6184=ORIENTED_EDGE('',*,*,#4416,.T.);
#6185=ORIENTED_EDGE('',*,*,#4413,.T.);
#6186=ORIENTED_EDGE('',*,*,#4410,.T.);
#6187=ORIENTED_EDGE('',*,*,#4407,.T.);
#6188=ORIENTED_EDGE('',*,*,#4404,.T.);
#6189=ORIENTED_EDGE('',*,*,#4401,.T.);
#6190=ORIENTED_EDGE('',*,*,#4398,.T.);
#6191=ORIENTED_EDGE('',*,*,#4395,.T.);
#6192=ORIENTED_EDGE('',*,*,#4392,.T.);
#6193=ORIENTED_EDGE('',*,*,#4389,.T.);
#6194=ORIENTED_EDGE('',*,*,#4386,.T.);
#6195=ORIENTED_EDGE('',*,*,#4383,.T.);
#6196=ORIENTED_EDGE('',*,*,#4380,.T.);
#6197=ORIENTED_EDGE('',*,*,#4377,.T.);
#6198=ORIENTED_EDGE('',*,*,#4374,.T.);
#6199=ORIENTED_EDGE('',*,*,#4481,.T.);
#6200=ORIENTED_EDGE('',*,*,#4482,.T.);
#6201=ORIENTED_EDGE('',*,*,#4483,.T.);
#6202=ORIENTED_EDGE('',*,*,#4484,.T.);
#6203=ORIENTED_EDGE('',*,*,#4482,.F.);
#6204=ORIENTED_EDGE('',*,*,#4485,.T.);
#6205=ORIENTED_EDGE('',*,*,#4486,.T.);
#6206=ORIENTED_EDGE('',*,*,#4487,.T.);
#6207=ORIENTED_EDGE('',*,*,#4488,.T.);
#6208=ORIENTED_EDGE('',*,*,#4489,.T.);
#6209=ORIENTED_EDGE('',*,*,#4490,.T.);
#6210=ORIENTED_EDGE('',*,*,#4488,.F.);
#6211=ORIENTED_EDGE('',*,*,#4491,.T.);
#6212=ORIENTED_EDGE('',*,*,#4492,.T.);
#6213=ORIENTED_EDGE('',*,*,#4493,.T.);
#6214=ORIENTED_EDGE('',*,*,#4494,.T.);
#6215=ORIENTED_EDGE('',*,*,#4495,.T.);
#6216=ORIENTED_EDGE('',*,*,#4496,.T.);
#6217=ORIENTED_EDGE('',*,*,#4494,.F.);
#6218=ORIENTED_EDGE('',*,*,#4497,.T.);
#6219=ORIENTED_EDGE('',*,*,#4498,.T.);
#6220=ORIENTED_EDGE('',*,*,#4499,.T.);
#6221=ORIENTED_EDGE('',*,*,#4500,.T.);
#6222=ORIENTED_EDGE('',*,*,#4501,.T.);
#6223=ORIENTED_EDGE('',*,*,#4502,.T.);
#6224=ORIENTED_EDGE('',*,*,#4500,.F.);
#6225=ORIENTED_EDGE('',*,*,#4503,.T.);
#6226=ORIENTED_EDGE('',*,*,#4504,.T.);
#6227=ORIENTED_EDGE('',*,*,#4492,.F.);
#6228=ORIENTED_EDGE('',*,*,#4505,.T.);
#6229=ORIENTED_EDGE('',*,*,#4506,.F.);
#6230=ORIENTED_EDGE('',*,*,#4505,.F.);
#6231=ORIENTED_EDGE('',*,*,#4489,.F.);
#6232=ORIENTED_EDGE('',*,*,#4491,.F.);
#6233=ORIENTED_EDGE('',*,*,#4487,.F.);
#6234=ORIENTED_EDGE('',*,*,#4507,.F.);
#6235=ORIENTED_EDGE('',*,*,#4040,.F.);
#6236=ORIENTED_EDGE('',*,*,#4508,.T.);
#6237=ORIENTED_EDGE('',*,*,#4504,.F.);
#6238=ORIENTED_EDGE('',*,*,#4509,.T.);
#6239=ORIENTED_EDGE('',*,*,#4510,.F.);
#6240=ORIENTED_EDGE('',*,*,#4509,.F.);
#6241=ORIENTED_EDGE('',*,*,#4501,.F.);
#6242=ORIENTED_EDGE('',*,*,#4503,.F.);
#6243=ORIENTED_EDGE('',*,*,#4499,.F.);
#6244=ORIENTED_EDGE('',*,*,#4511,.F.);
#6245=ORIENTED_EDGE('',*,*,#4032,.F.);
#6246=ORIENTED_EDGE('',*,*,#4512,.T.);
#6247=ORIENTED_EDGE('',*,*,#4506,.T.);
#6248=ORIENTED_EDGE('',*,*,#4498,.F.);
#6249=ORIENTED_EDGE('',*,*,#4513,.T.);
#6250=ORIENTED_EDGE('',*,*,#4514,.F.);
#6251=ORIENTED_EDGE('',*,*,#4513,.F.);
#6252=ORIENTED_EDGE('',*,*,#4495,.F.);
#6253=ORIENTED_EDGE('',*,*,#4497,.F.);
#6254=ORIENTED_EDGE('',*,*,#4493,.F.);
#6255=ORIENTED_EDGE('',*,*,#4515,.F.);
#6256=ORIENTED_EDGE('',*,*,#4037,.F.);
#6257=ORIENTED_EDGE('',*,*,#4516,.T.);
#6258=ORIENTED_EDGE('',*,*,#4510,.T.);
#6259=ORIENTED_EDGE('',*,*,#4486,.F.);
#6260=ORIENTED_EDGE('',*,*,#4517,.T.);
#6261=ORIENTED_EDGE('',*,*,#4518,.F.);
#6262=ORIENTED_EDGE('',*,*,#4517,.F.);
#6263=ORIENTED_EDGE('',*,*,#4483,.F.);
#6264=ORIENTED_EDGE('',*,*,#4485,.F.);
#6265=ORIENTED_EDGE('',*,*,#4481,.F.);
#6266=ORIENTED_EDGE('',*,*,#4519,.F.);
#6267=ORIENTED_EDGE('',*,*,#4045,.F.);
#6268=ORIENTED_EDGE('',*,*,#4520,.T.);
#6269=ORIENTED_EDGE('',*,*,#4514,.T.);
#6270=ORIENTED_EDGE('',*,*,#3815,.F.);
#6271=ORIENTED_EDGE('',*,*,#4521,.T.);
#6272=ORIENTED_EDGE('',*,*,#4522,.F.);
#6273=ORIENTED_EDGE('',*,*,#4521,.F.);
#6274=ORIENTED_EDGE('',*,*,#3814,.F.);
#6275=ORIENTED_EDGE('',*,*,#4523,.T.);
#6276=ORIENTED_EDGE('',*,*,#4524,.F.);
#6277=ORIENTED_EDGE('',*,*,#4523,.F.);
#6278=ORIENTED_EDGE('',*,*,#4525,.T.);
#6279=ORIENTED_EDGE('',*,*,#4526,.T.);
#6280=ORIENTED_EDGE('',*,*,#4034,.F.);
#6281=ORIENTED_EDGE('',*,*,#4527,.F.);
#6282=ORIENTED_EDGE('',*,*,#4528,.T.);
#6283=ORIENTED_EDGE('',*,*,#4529,.T.);
#6284=ORIENTED_EDGE('',*,*,#4035,.F.);
#6285=ORIENTED_EDGE('',*,*,#4526,.F.);
#6286=ORIENTED_EDGE('',*,*,#4496,.F.);
#6287=ORIENTED_EDGE('',*,*,#4516,.F.);
#6288=ORIENTED_EDGE('',*,*,#4036,.F.);
#6289=ORIENTED_EDGE('',*,*,#4529,.F.);
#6290=ORIENTED_EDGE('',*,*,#4530,.T.);
#6291=ORIENTED_EDGE('',*,*,#4531,.T.);
#6292=ORIENTED_EDGE('',*,*,#4038,.F.);
#6293=ORIENTED_EDGE('',*,*,#4515,.T.);
#6294=ORIENTED_EDGE('',*,*,#4502,.F.);
#6295=ORIENTED_EDGE('',*,*,#4512,.F.);
#6296=ORIENTED_EDGE('',*,*,#4039,.F.);
#6297=ORIENTED_EDGE('',*,*,#4531,.F.);
#6298=ORIENTED_EDGE('',*,*,#4532,.T.);
#6299=ORIENTED_EDGE('',*,*,#4527,.T.);
#6300=ORIENTED_EDGE('',*,*,#4033,.F.);
#6301=ORIENTED_EDGE('',*,*,#4511,.T.);
#6302=ORIENTED_EDGE('',*,*,#4532,.F.);
#6303=ORIENTED_EDGE('',*,*,#4530,.F.);
#6304=ORIENTED_EDGE('',*,*,#4528,.F.);
#6305=ORIENTED_EDGE('',*,*,#4525,.F.);
#6306=ORIENTED_EDGE('',*,*,#4524,.T.);
#6307=ORIENTED_EDGE('',*,*,#4490,.F.);
#6308=ORIENTED_EDGE('',*,*,#4508,.F.);
#6309=ORIENTED_EDGE('',*,*,#4047,.F.);
#6310=ORIENTED_EDGE('',*,*,#4533,.F.);
#6311=ORIENTED_EDGE('',*,*,#4534,.T.);
#6312=ORIENTED_EDGE('',*,*,#4535,.T.);
#6313=ORIENTED_EDGE('',*,*,#4041,.F.);
#6314=ORIENTED_EDGE('',*,*,#4507,.T.);
#6315=ORIENTED_EDGE('',*,*,#4536,.T.);
#6316=ORIENTED_EDGE('',*,*,#4537,.T.);
#6317=ORIENTED_EDGE('',*,*,#4042,.F.);
#6318=ORIENTED_EDGE('',*,*,#4535,.F.);
#6319=ORIENTED_EDGE('',*,*,#4538,.T.);
#6320=ORIENTED_EDGE('',*,*,#4539,.T.);
#6321=ORIENTED_EDGE('',*,*,#4043,.F.);
#6322=ORIENTED_EDGE('',*,*,#4537,.F.);
#6323=ORIENTED_EDGE('',*,*,#4484,.F.);
#6324=ORIENTED_EDGE('',*,*,#4520,.F.);
#6325=ORIENTED_EDGE('',*,*,#4044,.F.);
#6326=ORIENTED_EDGE('',*,*,#4539,.F.);
#6327=ORIENTED_EDGE('',*,*,#4540,.T.);
#6328=ORIENTED_EDGE('',*,*,#4533,.T.);
#6329=ORIENTED_EDGE('',*,*,#4046,.F.);
#6330=ORIENTED_EDGE('',*,*,#4519,.T.);
#6331=ORIENTED_EDGE('',*,*,#4540,.F.);
#6332=ORIENTED_EDGE('',*,*,#4538,.F.);
#6333=ORIENTED_EDGE('',*,*,#4536,.F.);
#6334=ORIENTED_EDGE('',*,*,#4534,.F.);
#6335=ORIENTED_EDGE('',*,*,#4522,.T.);
#6336=ORIENTED_EDGE('',*,*,#4541,.F.);
#6337=ORIENTED_EDGE('',*,*,#4542,.T.);
#6338=ORIENTED_EDGE('',*,*,#4543,.F.);
#6339=ORIENTED_EDGE('',*,*,#4544,.F.);
#6340=ORIENTED_EDGE('',*,*,#4545,.F.);
#6341=ORIENTED_EDGE('',*,*,#4544,.T.);
#6342=ORIENTED_EDGE('',*,*,#4546,.F.);
#6343=ORIENTED_EDGE('',*,*,#4547,.F.);
#6344=ORIENTED_EDGE('',*,*,#4548,.F.);
#6345=ORIENTED_EDGE('',*,*,#4547,.T.);
#6346=ORIENTED_EDGE('',*,*,#4549,.F.);
#6347=ORIENTED_EDGE('',*,*,#4550,.F.);
#6348=ORIENTED_EDGE('',*,*,#4551,.F.);
#6349=ORIENTED_EDGE('',*,*,#4550,.T.);
#6350=ORIENTED_EDGE('',*,*,#4552,.F.);
#6351=ORIENTED_EDGE('',*,*,#4542,.F.);
#6352=ORIENTED_EDGE('',*,*,#4552,.T.);
#6353=ORIENTED_EDGE('',*,*,#4549,.T.);
#6354=ORIENTED_EDGE('',*,*,#4546,.T.);
#6355=ORIENTED_EDGE('',*,*,#4543,.T.);
#6356=ORIENTED_EDGE('',*,*,#4553,.F.);
#6357=ORIENTED_EDGE('',*,*,#4554,.T.);
#6358=ORIENTED_EDGE('',*,*,#4555,.F.);
#6359=ORIENTED_EDGE('',*,*,#4556,.F.);
#6360=ORIENTED_EDGE('',*,*,#4557,.T.);
#6361=ORIENTED_EDGE('',*,*,#4556,.T.);
#6362=ORIENTED_EDGE('',*,*,#4558,.F.);
#6363=ORIENTED_EDGE('',*,*,#4559,.F.);
#6364=ORIENTED_EDGE('',*,*,#4560,.T.);
#6365=ORIENTED_EDGE('',*,*,#4559,.T.);
#6366=ORIENTED_EDGE('',*,*,#4561,.F.);
#6367=ORIENTED_EDGE('',*,*,#4562,.F.);
#6368=ORIENTED_EDGE('',*,*,#4563,.F.);
#6369=ORIENTED_EDGE('',*,*,#4562,.T.);
#6370=ORIENTED_EDGE('',*,*,#4564,.F.);
#6371=ORIENTED_EDGE('',*,*,#4565,.F.);
#6372=ORIENTED_EDGE('',*,*,#4566,.T.);
#6373=ORIENTED_EDGE('',*,*,#4565,.T.);
#6374=ORIENTED_EDGE('',*,*,#4567,.F.);
#6375=ORIENTED_EDGE('',*,*,#4568,.F.);
#6376=ORIENTED_EDGE('',*,*,#4569,.T.);
#6377=ORIENTED_EDGE('',*,*,#4568,.T.);
#6378=ORIENTED_EDGE('',*,*,#4570,.F.);
#6379=ORIENTED_EDGE('',*,*,#4571,.F.);
#6380=ORIENTED_EDGE('',*,*,#4572,.T.);
#6381=ORIENTED_EDGE('',*,*,#4571,.T.);
#6382=ORIENTED_EDGE('',*,*,#4573,.F.);
#6383=ORIENTED_EDGE('',*,*,#4574,.F.);
#6384=ORIENTED_EDGE('',*,*,#4575,.T.);
#6385=ORIENTED_EDGE('',*,*,#4574,.T.);
#6386=ORIENTED_EDGE('',*,*,#4576,.F.);
#6387=ORIENTED_EDGE('',*,*,#4577,.F.);
#6388=ORIENTED_EDGE('',*,*,#4578,.F.);
#6389=ORIENTED_EDGE('',*,*,#4577,.T.);
#6390=ORIENTED_EDGE('',*,*,#4579,.F.);
#6391=ORIENTED_EDGE('',*,*,#4580,.F.);
#6392=ORIENTED_EDGE('',*,*,#4581,.T.);
#6393=ORIENTED_EDGE('',*,*,#4580,.T.);
#6394=ORIENTED_EDGE('',*,*,#4582,.F.);
#6395=ORIENTED_EDGE('',*,*,#4583,.F.);
#6396=ORIENTED_EDGE('',*,*,#4584,.F.);
#6397=ORIENTED_EDGE('',*,*,#4583,.T.);
#6398=ORIENTED_EDGE('',*,*,#4585,.F.);
#6399=ORIENTED_EDGE('',*,*,#4586,.F.);
#6400=ORIENTED_EDGE('',*,*,#4587,.T.);
#6401=ORIENTED_EDGE('',*,*,#4586,.T.);
#6402=ORIENTED_EDGE('',*,*,#4588,.F.);
#6403=ORIENTED_EDGE('',*,*,#4589,.F.);
#6404=ORIENTED_EDGE('',*,*,#4590,.T.);
#6405=ORIENTED_EDGE('',*,*,#4589,.T.);
#6406=ORIENTED_EDGE('',*,*,#4591,.F.);
#6407=ORIENTED_EDGE('',*,*,#4592,.F.);
#6408=ORIENTED_EDGE('',*,*,#4593,.F.);
#6409=ORIENTED_EDGE('',*,*,#4592,.T.);
#6410=ORIENTED_EDGE('',*,*,#4594,.F.);
#6411=ORIENTED_EDGE('',*,*,#4595,.F.);
#6412=ORIENTED_EDGE('',*,*,#4596,.T.);
#6413=ORIENTED_EDGE('',*,*,#4595,.T.);
#6414=ORIENTED_EDGE('',*,*,#4597,.F.);
#6415=ORIENTED_EDGE('',*,*,#4598,.F.);
#6416=ORIENTED_EDGE('',*,*,#4599,.T.);
#6417=ORIENTED_EDGE('',*,*,#4598,.T.);
#6418=ORIENTED_EDGE('',*,*,#4600,.F.);
#6419=ORIENTED_EDGE('',*,*,#4601,.F.);
#6420=ORIENTED_EDGE('',*,*,#4602,.T.);
#6421=ORIENTED_EDGE('',*,*,#4601,.T.);
#6422=ORIENTED_EDGE('',*,*,#4603,.F.);
#6423=ORIENTED_EDGE('',*,*,#4604,.F.);
#6424=ORIENTED_EDGE('',*,*,#4605,.T.);
#6425=ORIENTED_EDGE('',*,*,#4604,.T.);
#6426=ORIENTED_EDGE('',*,*,#4606,.F.);
#6427=ORIENTED_EDGE('',*,*,#4607,.F.);
#6428=ORIENTED_EDGE('',*,*,#4608,.F.);
#6429=ORIENTED_EDGE('',*,*,#4607,.T.);
#6430=ORIENTED_EDGE('',*,*,#4609,.F.);
#6431=ORIENTED_EDGE('',*,*,#4610,.F.);
#6432=ORIENTED_EDGE('',*,*,#4611,.T.);
#6433=ORIENTED_EDGE('',*,*,#4610,.T.);
#6434=ORIENTED_EDGE('',*,*,#4612,.F.);
#6435=ORIENTED_EDGE('',*,*,#4613,.F.);
#6436=ORIENTED_EDGE('',*,*,#4614,.F.);
#6437=ORIENTED_EDGE('',*,*,#4613,.T.);
#6438=ORIENTED_EDGE('',*,*,#4615,.F.);
#6439=ORIENTED_EDGE('',*,*,#4616,.F.);
#6440=ORIENTED_EDGE('',*,*,#4617,.T.);
#6441=ORIENTED_EDGE('',*,*,#4616,.T.);
#6442=ORIENTED_EDGE('',*,*,#4618,.F.);
#6443=ORIENTED_EDGE('',*,*,#4619,.F.);
#6444=ORIENTED_EDGE('',*,*,#4620,.T.);
#6445=ORIENTED_EDGE('',*,*,#4619,.T.);
#6446=ORIENTED_EDGE('',*,*,#4621,.F.);
#6447=ORIENTED_EDGE('',*,*,#4622,.F.);
#6448=ORIENTED_EDGE('',*,*,#4623,.F.);
#6449=ORIENTED_EDGE('',*,*,#4622,.T.);
#6450=ORIENTED_EDGE('',*,*,#4624,.F.);
#6451=ORIENTED_EDGE('',*,*,#4625,.F.);
#6452=ORIENTED_EDGE('',*,*,#4626,.T.);
#6453=ORIENTED_EDGE('',*,*,#4625,.T.);
#6454=ORIENTED_EDGE('',*,*,#4627,.F.);
#6455=ORIENTED_EDGE('',*,*,#4628,.F.);
#6456=ORIENTED_EDGE('',*,*,#4629,.T.);
#6457=ORIENTED_EDGE('',*,*,#4628,.T.);
#6458=ORIENTED_EDGE('',*,*,#4630,.F.);
#6459=ORIENTED_EDGE('',*,*,#4631,.F.);
#6460=ORIENTED_EDGE('',*,*,#4632,.T.);
#6461=ORIENTED_EDGE('',*,*,#4631,.T.);
#6462=ORIENTED_EDGE('',*,*,#4633,.F.);
#6463=ORIENTED_EDGE('',*,*,#4634,.F.);
#6464=ORIENTED_EDGE('',*,*,#4635,.T.);
#6465=ORIENTED_EDGE('',*,*,#4634,.T.);
#6466=ORIENTED_EDGE('',*,*,#4636,.F.);
#6467=ORIENTED_EDGE('',*,*,#4637,.F.);
#6468=ORIENTED_EDGE('',*,*,#4638,.F.);
#6469=ORIENTED_EDGE('',*,*,#4637,.T.);
#6470=ORIENTED_EDGE('',*,*,#4639,.F.);
#6471=ORIENTED_EDGE('',*,*,#4640,.F.);
#6472=ORIENTED_EDGE('',*,*,#4641,.T.);
#6473=ORIENTED_EDGE('',*,*,#4640,.T.);
#6474=ORIENTED_EDGE('',*,*,#4642,.F.);
#6475=ORIENTED_EDGE('',*,*,#4643,.F.);
#6476=ORIENTED_EDGE('',*,*,#4644,.F.);
#6477=ORIENTED_EDGE('',*,*,#4643,.T.);
#6478=ORIENTED_EDGE('',*,*,#4645,.F.);
#6479=ORIENTED_EDGE('',*,*,#4646,.F.);
#6480=ORIENTED_EDGE('',*,*,#4647,.T.);
#6481=ORIENTED_EDGE('',*,*,#4646,.T.);
#6482=ORIENTED_EDGE('',*,*,#4648,.F.);
#6483=ORIENTED_EDGE('',*,*,#4649,.F.);
#6484=ORIENTED_EDGE('',*,*,#4650,.T.);
#6485=ORIENTED_EDGE('',*,*,#4649,.T.);
#6486=ORIENTED_EDGE('',*,*,#4651,.F.);
#6487=ORIENTED_EDGE('',*,*,#4652,.F.);
#6488=ORIENTED_EDGE('',*,*,#4653,.F.);
#6489=ORIENTED_EDGE('',*,*,#4652,.T.);
#6490=ORIENTED_EDGE('',*,*,#4654,.F.);
#6491=ORIENTED_EDGE('',*,*,#4655,.F.);
#6492=ORIENTED_EDGE('',*,*,#4656,.T.);
#6493=ORIENTED_EDGE('',*,*,#4655,.T.);
#6494=ORIENTED_EDGE('',*,*,#4657,.F.);
#6495=ORIENTED_EDGE('',*,*,#4658,.F.);
#6496=ORIENTED_EDGE('',*,*,#4659,.T.);
#6497=ORIENTED_EDGE('',*,*,#4658,.T.);
#6498=ORIENTED_EDGE('',*,*,#4660,.F.);
#6499=ORIENTED_EDGE('',*,*,#4661,.F.);
#6500=ORIENTED_EDGE('',*,*,#4662,.T.);
#6501=ORIENTED_EDGE('',*,*,#4661,.T.);
#6502=ORIENTED_EDGE('',*,*,#4663,.F.);
#6503=ORIENTED_EDGE('',*,*,#4664,.F.);
#6504=ORIENTED_EDGE('',*,*,#4665,.T.);
#6505=ORIENTED_EDGE('',*,*,#4664,.T.);
#6506=ORIENTED_EDGE('',*,*,#4666,.F.);
#6507=ORIENTED_EDGE('',*,*,#4667,.F.);
#6508=ORIENTED_EDGE('',*,*,#4668,.F.);
#6509=ORIENTED_EDGE('',*,*,#4667,.T.);
#6510=ORIENTED_EDGE('',*,*,#4669,.F.);
#6511=ORIENTED_EDGE('',*,*,#4670,.F.);
#6512=ORIENTED_EDGE('',*,*,#4671,.T.);
#6513=ORIENTED_EDGE('',*,*,#4670,.T.);
#6514=ORIENTED_EDGE('',*,*,#4672,.F.);
#6515=ORIENTED_EDGE('',*,*,#4554,.F.);
#6516=ORIENTED_EDGE('',*,*,#4671,.F.);
#6517=ORIENTED_EDGE('',*,*,#4553,.T.);
#6518=ORIENTED_EDGE('',*,*,#4557,.F.);
#6519=ORIENTED_EDGE('',*,*,#4560,.F.);
#6520=ORIENTED_EDGE('',*,*,#4563,.T.);
#6521=ORIENTED_EDGE('',*,*,#4566,.F.);
#6522=ORIENTED_EDGE('',*,*,#4569,.F.);
#6523=ORIENTED_EDGE('',*,*,#4572,.F.);
#6524=ORIENTED_EDGE('',*,*,#4575,.F.);
#6525=ORIENTED_EDGE('',*,*,#4578,.T.);
#6526=ORIENTED_EDGE('',*,*,#4581,.F.);
#6527=ORIENTED_EDGE('',*,*,#4584,.T.);
#6528=ORIENTED_EDGE('',*,*,#4587,.F.);
#6529=ORIENTED_EDGE('',*,*,#4590,.F.);
#6530=ORIENTED_EDGE('',*,*,#4593,.T.);
#6531=ORIENTED_EDGE('',*,*,#4596,.F.);
#6532=ORIENTED_EDGE('',*,*,#4599,.F.);
#6533=ORIENTED_EDGE('',*,*,#4602,.F.);
#6534=ORIENTED_EDGE('',*,*,#4605,.F.);
#6535=ORIENTED_EDGE('',*,*,#4608,.T.);
#6536=ORIENTED_EDGE('',*,*,#4611,.F.);
#6537=ORIENTED_EDGE('',*,*,#4614,.T.);
#6538=ORIENTED_EDGE('',*,*,#4617,.F.);
#6539=ORIENTED_EDGE('',*,*,#4620,.F.);
#6540=ORIENTED_EDGE('',*,*,#4623,.T.);
#6541=ORIENTED_EDGE('',*,*,#4626,.F.);
#6542=ORIENTED_EDGE('',*,*,#4629,.F.);
#6543=ORIENTED_EDGE('',*,*,#4632,.F.);
#6544=ORIENTED_EDGE('',*,*,#4635,.F.);
#6545=ORIENTED_EDGE('',*,*,#4638,.T.);
#6546=ORIENTED_EDGE('',*,*,#4641,.F.);
#6547=ORIENTED_EDGE('',*,*,#4644,.T.);
#6548=ORIENTED_EDGE('',*,*,#4647,.F.);
#6549=ORIENTED_EDGE('',*,*,#4650,.F.);
#6550=ORIENTED_EDGE('',*,*,#4653,.T.);
#6551=ORIENTED_EDGE('',*,*,#4656,.F.);
#6552=ORIENTED_EDGE('',*,*,#4659,.F.);
#6553=ORIENTED_EDGE('',*,*,#4662,.F.);
#6554=ORIENTED_EDGE('',*,*,#4665,.F.);
#6555=ORIENTED_EDGE('',*,*,#4668,.T.);
#6556=ORIENTED_EDGE('',*,*,#4541,.T.);
#6557=ORIENTED_EDGE('',*,*,#4545,.T.);
#6558=ORIENTED_EDGE('',*,*,#4548,.T.);
#6559=ORIENTED_EDGE('',*,*,#4551,.T.);
#6560=ORIENTED_EDGE('',*,*,#4052,.F.);
#6561=ORIENTED_EDGE('',*,*,#4673,.T.);
#6562=ORIENTED_EDGE('',*,*,#4674,.T.);
#6563=ORIENTED_EDGE('',*,*,#4675,.F.);
#6564=ORIENTED_EDGE('',*,*,#4053,.F.);
#6565=ORIENTED_EDGE('',*,*,#4675,.T.);
#6566=ORIENTED_EDGE('',*,*,#4676,.T.);
#6567=ORIENTED_EDGE('',*,*,#4677,.F.);
#6568=ORIENTED_EDGE('',*,*,#4054,.F.);
#6569=ORIENTED_EDGE('',*,*,#4677,.T.);
#6570=ORIENTED_EDGE('',*,*,#4678,.T.);
#6571=ORIENTED_EDGE('',*,*,#4679,.F.);
#6572=ORIENTED_EDGE('',*,*,#4055,.F.);
#6573=ORIENTED_EDGE('',*,*,#4679,.T.);
#6574=ORIENTED_EDGE('',*,*,#4680,.T.);
#6575=ORIENTED_EDGE('',*,*,#4681,.F.);
#6576=ORIENTED_EDGE('',*,*,#4048,.F.);
#6577=ORIENTED_EDGE('',*,*,#4681,.T.);
#6578=ORIENTED_EDGE('',*,*,#4682,.T.);
#6579=ORIENTED_EDGE('',*,*,#4683,.F.);
#6580=ORIENTED_EDGE('',*,*,#4051,.F.);
#6581=ORIENTED_EDGE('',*,*,#4684,.T.);
#6582=ORIENTED_EDGE('',*,*,#4685,.T.);
#6583=ORIENTED_EDGE('',*,*,#4673,.F.);
#6584=ORIENTED_EDGE('',*,*,#4050,.F.);
#6585=ORIENTED_EDGE('',*,*,#4686,.T.);
#6586=ORIENTED_EDGE('',*,*,#4687,.T.);
#6587=ORIENTED_EDGE('',*,*,#4684,.F.);
#6588=ORIENTED_EDGE('',*,*,#4049,.F.);
#6589=ORIENTED_EDGE('',*,*,#4683,.T.);
#6590=ORIENTED_EDGE('',*,*,#4688,.T.);
#6591=ORIENTED_EDGE('',*,*,#4686,.F.);
#6592=ORIENTED_EDGE('',*,*,#4688,.F.);
#6593=ORIENTED_EDGE('',*,*,#4682,.F.);
#6594=ORIENTED_EDGE('',*,*,#4680,.F.);
#6595=ORIENTED_EDGE('',*,*,#4678,.F.);
#6596=ORIENTED_EDGE('',*,*,#4676,.F.);
#6597=ORIENTED_EDGE('',*,*,#4674,.F.);
#6598=ORIENTED_EDGE('',*,*,#4685,.F.);
#6599=ORIENTED_EDGE('',*,*,#4687,.F.);
#6600=ORIENTED_EDGE('',*,*,#4555,.T.);
#6601=ORIENTED_EDGE('',*,*,#4672,.T.);
#6602=ORIENTED_EDGE('',*,*,#4669,.T.);
#6603=ORIENTED_EDGE('',*,*,#4666,.T.);
#6604=ORIENTED_EDGE('',*,*,#4663,.T.);
#6605=ORIENTED_EDGE('',*,*,#4660,.T.);
#6606=ORIENTED_EDGE('',*,*,#4657,.T.);
#6607=ORIENTED_EDGE('',*,*,#4654,.T.);
#6608=ORIENTED_EDGE('',*,*,#4651,.T.);
#6609=ORIENTED_EDGE('',*,*,#4648,.T.);
#6610=ORIENTED_EDGE('',*,*,#4645,.T.);
#6611=ORIENTED_EDGE('',*,*,#4642,.T.);
#6612=ORIENTED_EDGE('',*,*,#4639,.T.);
#6613=ORIENTED_EDGE('',*,*,#4636,.T.);
#6614=ORIENTED_EDGE('',*,*,#4633,.T.);
#6615=ORIENTED_EDGE('',*,*,#4630,.T.);
#6616=ORIENTED_EDGE('',*,*,#4627,.T.);
#6617=ORIENTED_EDGE('',*,*,#4624,.T.);
#6618=ORIENTED_EDGE('',*,*,#4621,.T.);
#6619=ORIENTED_EDGE('',*,*,#4618,.T.);
#6620=ORIENTED_EDGE('',*,*,#4615,.T.);
#6621=ORIENTED_EDGE('',*,*,#4612,.T.);
#6622=ORIENTED_EDGE('',*,*,#4609,.T.);
#6623=ORIENTED_EDGE('',*,*,#4606,.T.);
#6624=ORIENTED_EDGE('',*,*,#4603,.T.);
#6625=ORIENTED_EDGE('',*,*,#4600,.T.);
#6626=ORIENTED_EDGE('',*,*,#4597,.T.);
#6627=ORIENTED_EDGE('',*,*,#4594,.T.);
#6628=ORIENTED_EDGE('',*,*,#4591,.T.);
#6629=ORIENTED_EDGE('',*,*,#4588,.T.);
#6630=ORIENTED_EDGE('',*,*,#4585,.T.);
#6631=ORIENTED_EDGE('',*,*,#4582,.T.);
#6632=ORIENTED_EDGE('',*,*,#4579,.T.);
#6633=ORIENTED_EDGE('',*,*,#4576,.T.);
#6634=ORIENTED_EDGE('',*,*,#4573,.T.);
#6635=ORIENTED_EDGE('',*,*,#4570,.T.);
#6636=ORIENTED_EDGE('',*,*,#4567,.T.);
#6637=ORIENTED_EDGE('',*,*,#4564,.T.);
#6638=ORIENTED_EDGE('',*,*,#4561,.T.);
#6639=ORIENTED_EDGE('',*,*,#4558,.T.);
#6640=ORIENTED_EDGE('',*,*,#4689,.F.);
#6641=ORIENTED_EDGE('',*,*,#4690,.F.);
#6642=ORIENTED_EDGE('',*,*,#4691,.F.);
#6643=ORIENTED_EDGE('',*,*,#4692,.F.);
#6644=ORIENTED_EDGE('',*,*,#4689,.T.);
#6645=ORIENTED_EDGE('',*,*,#4693,.T.);
#6646=ORIENTED_EDGE('',*,*,#3813,.F.);
#6647=ORIENTED_EDGE('',*,*,#4693,.F.);
#6648=ORIENTED_EDGE('',*,*,#4690,.T.);
#6649=ORIENTED_EDGE('',*,*,#4694,.T.);
#6650=ORIENTED_EDGE('',*,*,#3812,.F.);
#6651=ORIENTED_EDGE('',*,*,#4694,.F.);
#6652=ORIENTED_EDGE('',*,*,#4691,.T.);
#6653=ORIENTED_EDGE('',*,*,#4695,.T.);
#6654=ORIENTED_EDGE('',*,*,#3811,.F.);
#6655=ORIENTED_EDGE('',*,*,#4695,.F.);
#6656=ORIENTED_EDGE('',*,*,#4692,.T.);
#6657=ORIENTED_EDGE('',*,*,#4696,.T.);
#6658=ORIENTED_EDGE('',*,*,#3810,.F.);
#6659=ORIENTED_EDGE('',*,*,#4696,.F.);
#6660=ORIENTED_EDGE('',*,*,#4006,.F.);
#6661=ORIENTED_EDGE('',*,*,#3986,.T.);
#6662=ORIENTED_EDGE('',*,*,#3854,.F.);
#6663=ORIENTED_EDGE('',*,*,#3699,.F.);
#6664=ORIENTED_EDGE('',*,*,#3932,.T.);
#6665=ORIENTED_EDGE('',*,*,#3951,.F.);
#6666=ORIENTED_EDGE('',*,*,#4010,.F.);
#6667=ORIENTED_EDGE('',*,*,#4157,.T.);
#6668=ORIENTED_EDGE('',*,*,#3691,.T.);
#6669=ORIENTED_EDGE('',*,*,#3857,.F.);
#6670=ORIENTED_EDGE('',*,*,#4697,.F.);
#6671=ORIENTED_EDGE('',*,*,#4014,.F.);
#6672=ORIENTED_EDGE('',*,*,#4015,.F.);
#6673=ORIENTED_EDGE('',*,*,#4697,.T.);
#6674=ORIENTED_EDGE('',*,*,#3856,.F.);
#6675=ORIENTED_EDGE('',*,*,#3985,.F.);
#6676=ORIENTED_EDGE('',*,*,#4168,.T.);
#6677=ORIENTED_EDGE('',*,*,#4698,.T.);
#6678=ORIENTED_EDGE('',*,*,#3802,.F.);
#6679=ORIENTED_EDGE('',*,*,#4240,.F.);
#6680=ORIENTED_EDGE('',*,*,#4173,.T.);
#6681=ORIENTED_EDGE('',*,*,#4237,.T.);
#6682=ORIENTED_EDGE('',*,*,#3805,.F.);
#6683=ORIENTED_EDGE('',*,*,#4699,.F.);
#6684=ORIENTED_EDGE('',*,*,#4174,.T.);
#6685=ORIENTED_EDGE('',*,*,#4699,.T.);
#6686=ORIENTED_EDGE('',*,*,#3804,.F.);
#6687=ORIENTED_EDGE('',*,*,#4700,.T.);
#6688=ORIENTED_EDGE('',*,*,#4175,.T.);
#6689=ORIENTED_EDGE('',*,*,#4700,.F.);
#6690=ORIENTED_EDGE('',*,*,#3803,.F.);
#6691=ORIENTED_EDGE('',*,*,#4698,.F.);
#6692=ORIENTED_EDGE('',*,*,#4176,.T.);
#6693=ORIENTED_EDGE('',*,*,#4701,.T.);
#6694=ORIENTED_EDGE('',*,*,#3794,.F.);
#6695=ORIENTED_EDGE('',*,*,#4245,.F.);
#6696=ORIENTED_EDGE('',*,*,#4181,.T.);
#6697=ORIENTED_EDGE('',*,*,#4242,.T.);
#6698=ORIENTED_EDGE('',*,*,#3797,.F.);
#6699=ORIENTED_EDGE('',*,*,#4702,.F.);
#6700=ORIENTED_EDGE('',*,*,#4182,.T.);
#6701=ORIENTED_EDGE('',*,*,#4702,.T.);
#6702=ORIENTED_EDGE('',*,*,#3796,.F.);
#6703=ORIENTED_EDGE('',*,*,#4703,.T.);
#6704=ORIENTED_EDGE('',*,*,#4183,.T.);
#6705=ORIENTED_EDGE('',*,*,#4703,.F.);
#6706=ORIENTED_EDGE('',*,*,#3795,.F.);
#6707=ORIENTED_EDGE('',*,*,#4701,.F.);
#6708=ORIENTED_EDGE('',*,*,#4204,.T.);
#6709=ORIENTED_EDGE('',*,*,#4704,.T.);
#6710=ORIENTED_EDGE('',*,*,#3786,.F.);
#6711=ORIENTED_EDGE('',*,*,#4260,.F.);
#6712=ORIENTED_EDGE('',*,*,#4209,.T.);
#6713=ORIENTED_EDGE('',*,*,#4257,.T.);
#6714=ORIENTED_EDGE('',*,*,#3789,.F.);
#6715=ORIENTED_EDGE('',*,*,#4705,.F.);
#6716=ORIENTED_EDGE('',*,*,#4210,.T.);
#6717=ORIENTED_EDGE('',*,*,#4705,.T.);
#6718=ORIENTED_EDGE('',*,*,#3788,.F.);
#6719=ORIENTED_EDGE('',*,*,#4706,.T.);
#6720=ORIENTED_EDGE('',*,*,#4211,.T.);
#6721=ORIENTED_EDGE('',*,*,#4706,.F.);
#6722=ORIENTED_EDGE('',*,*,#3787,.F.);
#6723=ORIENTED_EDGE('',*,*,#4704,.F.);
#6724=ORIENTED_EDGE('',*,*,#4212,.T.);
#6725=ORIENTED_EDGE('',*,*,#4707,.T.);
#6726=ORIENTED_EDGE('',*,*,#3778,.F.);
#6727=ORIENTED_EDGE('',*,*,#4265,.F.);
#6728=ORIENTED_EDGE('',*,*,#4217,.T.);
#6729=ORIENTED_EDGE('',*,*,#4262,.T.);
#6730=ORIENTED_EDGE('',*,*,#3781,.F.);
#6731=ORIENTED_EDGE('',*,*,#4708,.F.);
#6732=ORIENTED_EDGE('',*,*,#4218,.T.);
#6733=ORIENTED_EDGE('',*,*,#4708,.T.);
#6734=ORIENTED_EDGE('',*,*,#3780,.F.);
#6735=ORIENTED_EDGE('',*,*,#4709,.T.);
#6736=ORIENTED_EDGE('',*,*,#4219,.T.);
#6737=ORIENTED_EDGE('',*,*,#4709,.F.);
#6738=ORIENTED_EDGE('',*,*,#3779,.F.);
#6739=ORIENTED_EDGE('',*,*,#4707,.F.);
#6740=ORIENTED_EDGE('',*,*,#4220,.T.);
#6741=ORIENTED_EDGE('',*,*,#4710,.T.);
#6742=ORIENTED_EDGE('',*,*,#3770,.F.);
#6743=ORIENTED_EDGE('',*,*,#4270,.F.);
#6744=ORIENTED_EDGE('',*,*,#4225,.T.);
#6745=ORIENTED_EDGE('',*,*,#4267,.T.);
#6746=ORIENTED_EDGE('',*,*,#3773,.F.);
#6747=ORIENTED_EDGE('',*,*,#4711,.F.);
#6748=ORIENTED_EDGE('',*,*,#4226,.T.);
#6749=ORIENTED_EDGE('',*,*,#4711,.T.);
#6750=ORIENTED_EDGE('',*,*,#3772,.F.);
#6751=ORIENTED_EDGE('',*,*,#4712,.T.);
#6752=ORIENTED_EDGE('',*,*,#4227,.T.);
#6753=ORIENTED_EDGE('',*,*,#4712,.F.);
#6754=ORIENTED_EDGE('',*,*,#3771,.F.);
#6755=ORIENTED_EDGE('',*,*,#4710,.F.);
#6756=ORIENTED_EDGE('',*,*,#4228,.T.);
#6757=ORIENTED_EDGE('',*,*,#4713,.T.);
#6758=ORIENTED_EDGE('',*,*,#3762,.F.);
#6759=ORIENTED_EDGE('',*,*,#4275,.F.);
#6760=ORIENTED_EDGE('',*,*,#4233,.T.);
#6761=ORIENTED_EDGE('',*,*,#4272,.T.);
#6762=ORIENTED_EDGE('',*,*,#3765,.F.);
#6763=ORIENTED_EDGE('',*,*,#4714,.F.);
#6764=ORIENTED_EDGE('',*,*,#4234,.T.);
#6765=ORIENTED_EDGE('',*,*,#4714,.T.);
#6766=ORIENTED_EDGE('',*,*,#3764,.F.);
#6767=ORIENTED_EDGE('',*,*,#4715,.T.);
#6768=ORIENTED_EDGE('',*,*,#4235,.T.);
#6769=ORIENTED_EDGE('',*,*,#4715,.F.);
#6770=ORIENTED_EDGE('',*,*,#3763,.F.);
#6771=ORIENTED_EDGE('',*,*,#4713,.F.);
#6772=ORIENTED_EDGE('',*,*,#4184,.T.);
#6773=ORIENTED_EDGE('',*,*,#4716,.T.);
#6774=ORIENTED_EDGE('',*,*,#3754,.F.);
#6775=ORIENTED_EDGE('',*,*,#4250,.F.);
#6776=ORIENTED_EDGE('',*,*,#4189,.T.);
#6777=ORIENTED_EDGE('',*,*,#4247,.T.);
#6778=ORIENTED_EDGE('',*,*,#3757,.F.);
#6779=ORIENTED_EDGE('',*,*,#4717,.F.);
#6780=ORIENTED_EDGE('',*,*,#4190,.T.);
#6781=ORIENTED_EDGE('',*,*,#4717,.T.);
#6782=ORIENTED_EDGE('',*,*,#3756,.F.);
#6783=ORIENTED_EDGE('',*,*,#4718,.T.);
#6784=ORIENTED_EDGE('',*,*,#4191,.T.);
#6785=ORIENTED_EDGE('',*,*,#4718,.F.);
#6786=ORIENTED_EDGE('',*,*,#3755,.F.);
#6787=ORIENTED_EDGE('',*,*,#4716,.F.);
#6788=ORIENTED_EDGE('',*,*,#4192,.T.);
#6789=ORIENTED_EDGE('',*,*,#4719,.T.);
#6790=ORIENTED_EDGE('',*,*,#3746,.F.);
#6791=ORIENTED_EDGE('',*,*,#4255,.F.);
#6792=ORIENTED_EDGE('',*,*,#4197,.T.);
#6793=ORIENTED_EDGE('',*,*,#4252,.T.);
#6794=ORIENTED_EDGE('',*,*,#3749,.F.);
#6795=ORIENTED_EDGE('',*,*,#4720,.F.);
#6796=ORIENTED_EDGE('',*,*,#4198,.T.);
#6797=ORIENTED_EDGE('',*,*,#4720,.T.);
#6798=ORIENTED_EDGE('',*,*,#3748,.F.);
#6799=ORIENTED_EDGE('',*,*,#4721,.T.);
#6800=ORIENTED_EDGE('',*,*,#4199,.T.);
#6801=ORIENTED_EDGE('',*,*,#4721,.F.);
#6802=ORIENTED_EDGE('',*,*,#3747,.F.);
#6803=ORIENTED_EDGE('',*,*,#4719,.F.);
#6804=ORIENTED_EDGE('',*,*,#3899,.T.);
#6805=ORIENTED_EDGE('',*,*,#4722,.T.);
#6806=ORIENTED_EDGE('',*,*,#3926,.T.);
#6807=ORIENTED_EDGE('',*,*,#3909,.F.);
#6808=ORIENTED_EDGE('',*,*,#3894,.T.);
#6809=ORIENTED_EDGE('',*,*,#4723,.T.);
#6810=ORIENTED_EDGE('',*,*,#3935,.T.);
#6811=ORIENTED_EDGE('',*,*,#3927,.T.);
#6812=ORIENTED_EDGE('',*,*,#4722,.F.);
#6813=ORIENTED_EDGE('',*,*,#3898,.T.);
#6814=ORIENTED_EDGE('',*,*,#3884,.T.);
#6815=ORIENTED_EDGE('',*,*,#3893,.T.);
#6816=ORIENTED_EDGE('',*,*,#4724,.T.);
#6817=ORIENTED_EDGE('',*,*,#3936,.T.);
#6818=ORIENTED_EDGE('',*,*,#4723,.F.);
#6819=ORIENTED_EDGE('',*,*,#3897,.T.);
#6820=ORIENTED_EDGE('',*,*,#4725,.T.);
#6821=ORIENTED_EDGE('',*,*,#3937,.T.);
#6822=ORIENTED_EDGE('',*,*,#4724,.F.);
#6823=ORIENTED_EDGE('',*,*,#3892,.T.);
#6824=ORIENTED_EDGE('',*,*,#3890,.T.);
#6825=ORIENTED_EDGE('',*,*,#3896,.T.);
#6826=ORIENTED_EDGE('',*,*,#3906,.T.);
#6827=ORIENTED_EDGE('',*,*,#3938,.T.);
#6828=ORIENTED_EDGE('',*,*,#4725,.F.);
#6829=ORIENTED_EDGE('',*,*,#3728,.F.);
#6830=ORIENTED_EDGE('',*,*,#3739,.T.);
#6831=ORIENTED_EDGE('',*,*,#3866,.F.);
#6832=ORIENTED_EDGE('',*,*,#4726,.F.);
#6833=ORIENTED_EDGE('',*,*,#3731,.F.);
#6834=ORIENTED_EDGE('',*,*,#4726,.T.);
#6835=ORIENTED_EDGE('',*,*,#3865,.F.);
#6836=ORIENTED_EDGE('',*,*,#4727,.F.);
#6837=ORIENTED_EDGE('',*,*,#3734,.F.);
#6838=ORIENTED_EDGE('',*,*,#4727,.T.);
#6839=ORIENTED_EDGE('',*,*,#3864,.F.);
#6840=ORIENTED_EDGE('',*,*,#4082,.F.);
#6841=ORIENTED_EDGE('',*,*,#4518,.T.);
#6842=CYLINDRICAL_SURFACE('',#7440,2.5);
#6843=CYLINDRICAL_SURFACE('',#7443,2.5);
#6844=CYLINDRICAL_SURFACE('',#7446,2.5);
#6845=CYLINDRICAL_SURFACE('',#7449,2.5);
#6846=CYLINDRICAL_SURFACE('',#7471,2.);
#6847=CYLINDRICAL_SURFACE('',#7478,2.);
#6848=CYLINDRICAL_SURFACE('',#7484,2.);
#6849=CYLINDRICAL_SURFACE('',#7490,2.);
#6850=CYLINDRICAL_SURFACE('',#7495,22.5);
#6851=CYLINDRICAL_SURFACE('',#7498,6.);
#6852=CYLINDRICAL_SURFACE('',#7567,5.00000000000002);
#6853=CYLINDRICAL_SURFACE('',#7569,5.00000000000001);
#6854=CYLINDRICAL_SURFACE('',#7583,1.115);
#6855=CYLINDRICAL_SURFACE('',#7584,1.115);
#6856=CYLINDRICAL_SURFACE('',#7585,1.115);
#6857=CYLINDRICAL_SURFACE('',#7586,1.115);
#6858=CYLINDRICAL_SURFACE('',#7587,1.00000000000001);
#6859=CYLINDRICAL_SURFACE('',#7590,1.00000000000001);
#6860=CYLINDRICAL_SURFACE('',#7622,0.700000000000003);
#6861=CYLINDRICAL_SURFACE('',#7625,2.25);
#6862=CYLINDRICAL_SURFACE('',#7671,0.700000000000003);
#6863=CYLINDRICAL_SURFACE('',#7674,2.25);
#6864=CYLINDRICAL_SURFACE('',#7679,21.5);
#6865=CYLINDRICAL_SURFACE('',#7681,21.4999999999999);
#6866=CYLINDRICAL_SURFACE('',#7682,6.);
#6867=CYLINDRICAL_SURFACE('',#7683,0.700000000000003);
#6868=CYLINDRICAL_SURFACE('',#7686,2.25);
#6869=CYLINDRICAL_SURFACE('',#7690,0.700000000000003);
#6870=CYLINDRICAL_SURFACE('',#7693,2.25);
#6871=CYLINDRICAL_SURFACE('',#7697,0.700000000000003);
#6872=CYLINDRICAL_SURFACE('',#7700,2.25);
#6873=CYLINDRICAL_SURFACE('',#7704,0.700000000000003);
#6874=CYLINDRICAL_SURFACE('',#7707,2.25);
#6875=CYLINDRICAL_SURFACE('',#7711,0.700000000000003);
#6876=CYLINDRICAL_SURFACE('',#7714,2.25000000000001);
#6877=CYLINDRICAL_SURFACE('',#7718,0.700000000000003);
#6878=CYLINDRICAL_SURFACE('',#7721,2.25);
#6879=CYLINDRICAL_SURFACE('',#7725,0.700000000000003);
#6880=CYLINDRICAL_SURFACE('',#7728,2.25);
#6881=CYLINDRICAL_SURFACE('',#7732,0.699999999999994);
#6882=CYLINDRICAL_SURFACE('',#7735,2.25000000000001);
#6883=CYLINDRICAL_SURFACE('',#7739,0.700000000000003);
#6884=CYLINDRICAL_SURFACE('',#7742,2.25000000000001);
#6885=CYLINDRICAL_SURFACE('',#7746,0.699999999999994);
#6886=CYLINDRICAL_SURFACE('',#7748,2.25000000000001);
#6887=CYLINDRICAL_SURFACE('',#7750,0.700000000000003);
#6888=CYLINDRICAL_SURFACE('',#7753,2.25);
#6889=CYLINDRICAL_SURFACE('',#7758,4.);
#6890=CYLINDRICAL_SURFACE('',#7763,3.1);
#6891=CYLINDRICAL_SURFACE('',#7764,0.700000000000001);
#6892=CYLINDRICAL_SURFACE('',#7767,2.254);
#6893=CYLINDRICAL_SURFACE('',#7772,4.);
#6894=CYLINDRICAL_SURFACE('',#7773,0.699999999999994);
#6895=CYLINDRICAL_SURFACE('',#7775,2.24999999999998);
#6896=CYLINDRICAL_SURFACE('',#7776,0.700000000000003);
#6897=CYLINDRICAL_SURFACE('',#7778,2.5);
#6898=CYLINDRICAL_SURFACE('',#7781,0.700000000000003);
#6899=CYLINDRICAL_SURFACE('',#7783,2.5);
#6900=CYLINDRICAL_SURFACE('',#7785,0.700000000000003);
#6901=CYLINDRICAL_SURFACE('',#7787,2.5);
#6902=CYLINDRICAL_SURFACE('',#7789,0.700000000000003);
#6903=CYLINDRICAL_SURFACE('',#7791,2.5);
#6904=CYLINDRICAL_SURFACE('',#7828,1.00000000000004);
#6905=CYLINDRICAL_SURFACE('',#7830,1.00000000000001);
#6906=CYLINDRICAL_SURFACE('',#7832,1.00000000000009);
#6907=CYLINDRICAL_SURFACE('',#7834,1.00000000000008);
#6908=CYLINDRICAL_SURFACE('',#7836,1.00000000000008);
#6909=CYLINDRICAL_SURFACE('',#7838,1.00000000000003);
#6910=CYLINDRICAL_SURFACE('',#7840,1.00000000000009);
#6911=CYLINDRICAL_SURFACE('',#7842,1.00000000000008);
#6912=CYLINDRICAL_SURFACE('',#7843,0.999999999999977);
#6913=CYLINDRICAL_SURFACE('',#7845,1.00000000000002);
#6914=CYLINDRICAL_SURFACE('',#7847,1.00000000000001);
#6915=CYLINDRICAL_SURFACE('',#7849,0.999999999999977);
#6916=CYLINDRICAL_SURFACE('',#7851,0.999999999999977);
#6917=CYLINDRICAL_SURFACE('',#7853,1.00000000000001);
#6918=CYLINDRICAL_SURFACE('',#7856,1.00000000000003);
#6919=CYLINDRICAL_SURFACE('',#7858,0.999999999999977);
#6920=CYLINDRICAL_SURFACE('',#7859,0.700000000000003);
#6921=CYLINDRICAL_SURFACE('',#7862,2.25);
#6922=CYLINDRICAL_SURFACE('',#7877,0.700000000000003);
#6923=CYLINDRICAL_SURFACE('',#7880,2.25);
#6924=CYLINDRICAL_SURFACE('',#7884,0.700000000000003);
#6925=CYLINDRICAL_SURFACE('',#7887,2.25);
#6926=CYLINDRICAL_SURFACE('',#7891,0.700000000000003);
#6927=CYLINDRICAL_SURFACE('',#7894,2.25);
#6928=CYLINDRICAL_SURFACE('',#7910,2.79999999999999);
#6929=CYLINDRICAL_SURFACE('',#7913,7.00000000000001);
#6930=CYLINDRICAL_SURFACE('',#7916,2.79999999999999);
#6931=CYLINDRICAL_SURFACE('',#7919,6.99999999999999);
#6932=CYLINDRICAL_SURFACE('',#7922,2.79999999999999);
#6933=CYLINDRICAL_SURFACE('',#7925,6.99999999999999);
#6934=CYLINDRICAL_SURFACE('',#7928,2.79999999999999);
#6935=CYLINDRICAL_SURFACE('',#7931,6.99999999999999);
#6936=CYLINDRICAL_SURFACE('',#7936,4.62499999999998);
#6937=CYLINDRICAL_SURFACE('',#7942,4.62499999999999);
#6938=CYLINDRICAL_SURFACE('',#7948,4.625);
#6939=CYLINDRICAL_SURFACE('',#7954,4.625);
#6940=CYLINDRICAL_SURFACE('',#7974,0.399999999999991);
#6941=CYLINDRICAL_SURFACE('',#7978,0.399999999999991);
#6942=CYLINDRICAL_SURFACE('',#7980,0.399999999999991);
#6943=CYLINDRICAL_SURFACE('',#7984,0.399999999999991);
#6944=CYLINDRICAL_SURFACE('',#7988,5.50000000000001);
#6945=CYLINDRICAL_SURFACE('',#7991,5.49999999999999);
#6946=CYLINDRICAL_SURFACE('',#7994,5.49999999999999);
#6947=CYLINDRICAL_SURFACE('',#7997,5.50000000000001);
#6948=CYLINDRICAL_SURFACE('',#8024,0.700000000000003);
#6949=CYLINDRICAL_SURFACE('',#8026,2.50000000000001);
#6950=CYLINDRICAL_SURFACE('',#8027,0.700000000000003);
#6951=CYLINDRICAL_SURFACE('',#8029,2.49999999999999);
#6952=CYLINDRICAL_SURFACE('',#8031,0.700000000000003);
#6953=CYLINDRICAL_SURFACE('',#8033,2.5);
#6954=CYLINDRICAL_SURFACE('',#8035,0.699999999999985);
#6955=CYLINDRICAL_SURFACE('',#8037,2.50000000000001);
#6956=CYLINDRICAL_SURFACE('',#8039,7.5);
#6957=CYLINDRICAL_SURFACE('',#8041,7.5);
#6958=CYLINDRICAL_SURFACE('',#8059,0.399999999999995);
#6959=CYLINDRICAL_SURFACE('',#8062,5.62500000000011);
#6960=CYLINDRICAL_SURFACE('',#8065,1.49999999999999);
#6961=CYLINDRICAL_SURFACE('',#8068,5.62499999999993);
#6962=CYLINDRICAL_SURFACE('',#8071,0.400000000000002);
#6963=CYLINDRICAL_SURFACE('',#8075,0.399999999999995);
#6964=CYLINDRICAL_SURFACE('',#8078,4.62500000000001);
#6965=CYLINDRICAL_SURFACE('',#8081,0.399999999999989);
#6966=CYLINDRICAL_SURFACE('',#8085,0.400000000000012);
#6967=CYLINDRICAL_SURFACE('',#8088,5.62499999999993);
#6968=CYLINDRICAL_SURFACE('',#8091,1.49999999999999);
#6969=CYLINDRICAL_SURFACE('',#8094,5.62500000000002);
#6970=CYLINDRICAL_SURFACE('',#8097,0.400000000000002);
#6971=CYLINDRICAL_SURFACE('',#8101,0.399999999999996);
#6972=CYLINDRICAL_SURFACE('',#8104,4.62500000000002);
#6973=CYLINDRICAL_SURFACE('',#8107,0.399999999999995);
#6974=CYLINDRICAL_SURFACE('',#8111,0.400000000000005);
#6975=CYLINDRICAL_SURFACE('',#8114,5.625);
#6976=CYLINDRICAL_SURFACE('',#8117,1.50000000000001);
#6977=CYLINDRICAL_SURFACE('',#8120,5.62499999999987);
#6978=CYLINDRICAL_SURFACE('',#8123,0.399999999999995);
#6979=CYLINDRICAL_SURFACE('',#8127,0.400000000000006);
#6980=CYLINDRICAL_SURFACE('',#8130,4.62500000000001);
#6981=CYLINDRICAL_SURFACE('',#8133,0.400000000000008);
#6982=CYLINDRICAL_SURFACE('',#8137,0.400000000000009);
#6983=CYLINDRICAL_SURFACE('',#8140,5.62499999999989);
#6984=CYLINDRICAL_SURFACE('',#8143,1.50000000000012);
#6985=CYLINDRICAL_SURFACE('',#8146,5.62500000000011);
#6986=CYLINDRICAL_SURFACE('',#8149,0.399999999999995);
#6987=CYLINDRICAL_SURFACE('',#8153,0.399999999999987);
#6988=CYLINDRICAL_SURFACE('',#8156,4.625);
#6989=CYLINDRICAL_SURFACE('',#8159,0.400000000000027);
#6990=CYLINDRICAL_SURFACE('',#8163,1.00000000000012);
#6991=CYLINDRICAL_SURFACE('',#8165,6.50000000000001);
#6992=CYLINDRICAL_SURFACE('',#8167,1.00000000000005);
#6993=CYLINDRICAL_SURFACE('',#8169,6.50000000000001);
#6994=CYLINDRICAL_SURFACE('',#8171,0.999999999999992);
#6995=CYLINDRICAL_SURFACE('',#8173,6.50000000000006);
#6996=CYLINDRICAL_SURFACE('',#8175,1.00000000000014);
#6997=CYLINDRICAL_SURFACE('',#8177,6.49999999999989);
#6998=CYLINDRICAL_SURFACE('',#8184,3.8);
#6999=CYLINDRICAL_SURFACE('',#8185,3.80000000000001);
#7000=CYLINDRICAL_SURFACE('',#8186,3.80000000000001);
#7001=CYLINDRICAL_SURFACE('',#8187,3.8);
#7002=CYLINDRICAL_SURFACE('',#8188,20.5000000000001);
#7003=CYLINDRICAL_SURFACE('',#8189,4.00000000000002);
#7004=CYLINDRICAL_SURFACE('',#8191,20.5);
#7005=CYLINDRICAL_SURFACE('',#8193,1.00000000000008);
#7006=CYLINDRICAL_SURFACE('',#8195,1.00000000000009);
#7007=CYLINDRICAL_SURFACE('',#8197,1.00000000000001);
#7008=CYLINDRICAL_SURFACE('',#8199,1.00000000000003);
#7009=CYLINDRICAL_SURFACE('',#8200,0.999999999999977);
#7010=CYLINDRICAL_SURFACE('',#8202,1.00000000000003);
#7011=CYLINDRICAL_SURFACE('',#8204,1.00000000000004);
#7012=CYLINDRICAL_SURFACE('',#8206,0.999999999999977);
#7013=CYLINDRICAL_SURFACE('',#8208,0.999999999999977);
#7014=CYLINDRICAL_SURFACE('',#8210,1.00000000000003);
#7015=CYLINDRICAL_SURFACE('',#8213,0.999999999999975);
#7016=CYLINDRICAL_SURFACE('',#8215,1.00000000000002);
#7017=CYLINDRICAL_SURFACE('',#8217,1.00000000000009);
#7018=CYLINDRICAL_SURFACE('',#8219,1.00000000000001);
#7019=CYLINDRICAL_SURFACE('',#8221,1.00000000000001);
#7020=CYLINDRICAL_SURFACE('',#8223,1.00000000000004);
#7021=CYLINDRICAL_SURFACE('',#8225,0.999999999999988);
#7022=CYLINDRICAL_SURFACE('',#8227,1.00000000000001);
#7023=CYLINDRICAL_SURFACE('',#8230,22.5);
#7024=ADVANCED_FACE('',(#357),#6842,.T.);
#7025=ADVANCED_FACE('',(#358),#6843,.T.);
#7026=ADVANCED_FACE('',(#359),#6844,.T.);
#7027=ADVANCED_FACE('',(#360),#6845,.T.);
#7028=ADVANCED_FACE('',(#361,#43),#133,.F.);
#7029=ADVANCED_FACE('',(#362,#44),#134,.T.);
#7030=ADVANCED_FACE('',(#363),#135,.T.);
#7031=ADVANCED_FACE('',(#364,#45),#136,.T.);
#7032=ADVANCED_FACE('',(#365),#137,.T.);
#7033=ADVANCED_FACE('',(#366,#46),#138,.T.);
#7034=ADVANCED_FACE('',(#367),#139,.T.);
#7035=ADVANCED_FACE('',(#368,#47),#140,.T.);
#7036=ADVANCED_FACE('',(#369),#141,.T.);
#7037=ADVANCED_FACE('',(#370),#6846,.T.);
#7038=ADVANCED_FACE('',(#371),#39,.T.);
#7039=ADVANCED_FACE('',(#372),#6847,.T.);
#7040=ADVANCED_FACE('',(#373),#40,.T.);
#7041=ADVANCED_FACE('',(#374),#6848,.T.);
#7042=ADVANCED_FACE('',(#375),#41,.T.);
#7043=ADVANCED_FACE('',(#376),#6849,.T.);
#7044=ADVANCED_FACE('',(#377),#42,.T.);
#7045=ADVANCED_FACE('',(#378),#6850,.T.);
#7046=ADVANCED_FACE('',(#379),#142,.T.);
#7047=ADVANCED_FACE('',(#380),#6851,.T.);
#7048=ADVANCED_FACE('',(#381),#143,.T.);
#7049=ADVANCED_FACE('',(#382,#48,#49,#50,#51,#52,#53,#54,#55,#56,#57,#58,
#59,#60,#61,#62,#63,#64),#144,.T.);
#7050=ADVANCED_FACE('',(#383,#65,#66,#67),#145,.T.);
#7051=ADVANCED_FACE('',(#384,#68),#146,.F.);
#7052=ADVANCED_FACE('',(#385),#6852,.T.);
#7053=ADVANCED_FACE('',(#386),#147,.F.);
#7054=ADVANCED_FACE('',(#387),#6853,.T.);
#7055=ADVANCED_FACE('',(#388),#148,.F.);
#7056=ADVANCED_FACE('',(#389),#35,.F.);
#7057=ADVANCED_FACE('',(#390),#36,.F.);
#7058=ADVANCED_FACE('',(#391),#37,.F.);
#7059=ADVANCED_FACE('',(#392),#38,.F.);
#7060=ADVANCED_FACE('',(#393),#6854,.F.);
#7061=ADVANCED_FACE('',(#394),#6855,.F.);
#7062=ADVANCED_FACE('',(#395),#6856,.F.);
#7063=ADVANCED_FACE('',(#396),#6857,.F.);
#7064=ADVANCED_FACE('',(#397),#6858,.F.);
#7065=ADVANCED_FACE('',(#398),#149,.F.);
#7066=ADVANCED_FACE('',(#399),#6859,.F.);
#7067=ADVANCED_FACE('',(#400),#150,.F.);
#7068=ADVANCED_FACE('',(#401),#151,.F.);
#7069=ADVANCED_FACE('',(#402),#152,.F.);
#7070=ADVANCED_FACE('',(#403),#153,.F.);
#7071=ADVANCED_FACE('',(#404),#154,.F.);
#7072=ADVANCED_FACE('',(#405,#69),#155,.F.);
#7073=ADVANCED_FACE('',(#406),#156,.T.);
#7074=ADVANCED_FACE('',(#407),#157,.T.);
#7075=ADVANCED_FACE('',(#408),#158,.T.);
#7076=ADVANCED_FACE('',(#409),#159,.T.);
#7077=ADVANCED_FACE('',(#410),#160,.T.);
#7078=ADVANCED_FACE('',(#411),#161,.F.);
#7079=ADVANCED_FACE('',(#412),#162,.T.);
#7080=ADVANCED_FACE('',(#413),#163,.T.);
#7081=ADVANCED_FACE('',(#414),#164,.T.);
#7082=ADVANCED_FACE('',(#415),#165,.T.);
#7083=ADVANCED_FACE('',(#416),#166,.T.);
#7084=ADVANCED_FACE('',(#417),#167,.T.);
#7085=ADVANCED_FACE('',(#418),#168,.T.);
#7086=ADVANCED_FACE('',(#419),#169,.T.);
#7087=ADVANCED_FACE('',(#420),#170,.T.);
#7088=ADVANCED_FACE('',(#421),#171,.T.);
#7089=ADVANCED_FACE('',(#422),#172,.T.);
#7090=ADVANCED_FACE('',(#423),#6860,.F.);
#7091=ADVANCED_FACE('',(#424),#6861,.T.);
#7092=ADVANCED_FACE('',(#425,#70),#173,.T.);
#7093=ADVANCED_FACE('',(#426,#71,#72,#73,#74,#75,#76,#77,#78,#79,#80,#81,
#82,#83,#84,#85,#86,#87,#88,#89,#90,#91,#92,#93,#94),#174,.F.);
#7094=ADVANCED_FACE('',(#427),#6862,.F.);
#7095=ADVANCED_FACE('',(#428),#6863,.T.);
#7096=ADVANCED_FACE('',(#429,#95),#175,.T.);
#7097=ADVANCED_FACE('',(#430),#176,.F.);
#7098=ADVANCED_FACE('',(#431),#177,.F.);
#7099=ADVANCED_FACE('',(#432),#6864,.T.);
#7100=ADVANCED_FACE('',(#433),#178,.F.);
#7101=ADVANCED_FACE('',(#434),#6865,.T.);
#7102=ADVANCED_FACE('',(#435),#6866,.T.);
#7103=ADVANCED_FACE('',(#436),#6867,.F.);
#7104=ADVANCED_FACE('',(#437),#6868,.T.);
#7105=ADVANCED_FACE('',(#438,#96),#179,.F.);
#7106=ADVANCED_FACE('',(#439),#180,.F.);
#7107=ADVANCED_FACE('',(#440),#6869,.F.);
#7108=ADVANCED_FACE('',(#441),#6870,.T.);
#7109=ADVANCED_FACE('',(#442,#97),#181,.F.);
#7110=ADVANCED_FACE('',(#443),#182,.F.);
#7111=ADVANCED_FACE('',(#444),#6871,.F.);
#7112=ADVANCED_FACE('',(#445),#6872,.T.);
#7113=ADVANCED_FACE('',(#446,#98),#183,.F.);
#7114=ADVANCED_FACE('',(#447),#184,.F.);
#7115=ADVANCED_FACE('',(#448),#6873,.F.);
#7116=ADVANCED_FACE('',(#449),#6874,.T.);
#7117=ADVANCED_FACE('',(#450,#99),#185,.F.);
#7118=ADVANCED_FACE('',(#451),#186,.F.);
#7119=ADVANCED_FACE('',(#452),#6875,.F.);
#7120=ADVANCED_FACE('',(#453),#6876,.T.);
#7121=ADVANCED_FACE('',(#454,#100),#187,.F.);
#7122=ADVANCED_FACE('',(#455),#188,.F.);
#7123=ADVANCED_FACE('',(#456),#6877,.F.);
#7124=ADVANCED_FACE('',(#457),#6878,.T.);
#7125=ADVANCED_FACE('',(#458,#101),#189,.F.);
#7126=ADVANCED_FACE('',(#459),#190,.F.);
#7127=ADVANCED_FACE('',(#460),#6879,.F.);
#7128=ADVANCED_FACE('',(#461),#6880,.T.);
#7129=ADVANCED_FACE('',(#462,#102),#191,.F.);
#7130=ADVANCED_FACE('',(#463),#192,.F.);
#7131=ADVANCED_FACE('',(#464),#6881,.F.);
#7132=ADVANCED_FACE('',(#465),#6882,.T.);
#7133=ADVANCED_FACE('',(#466,#103),#193,.F.);
#7134=ADVANCED_FACE('',(#467),#194,.F.);
#7135=ADVANCED_FACE('',(#468),#6883,.F.);
#7136=ADVANCED_FACE('',(#469),#6884,.T.);
#7137=ADVANCED_FACE('',(#470,#104),#195,.F.);
#7138=ADVANCED_FACE('',(#471),#196,.F.);
#7139=ADVANCED_FACE('',(#472),#6885,.F.);
#7140=ADVANCED_FACE('',(#473),#6886,.T.);
#7141=ADVANCED_FACE('',(#474),#197,.F.);
#7142=ADVANCED_FACE('',(#475),#6887,.F.);
#7143=ADVANCED_FACE('',(#476),#6888,.T.);
#7144=ADVANCED_FACE('',(#477,#105),#198,.F.);
#7145=ADVANCED_FACE('',(#478),#199,.F.);
#7146=ADVANCED_FACE('',(#479),#200,.F.);
#7147=ADVANCED_FACE('',(#480),#6889,.F.);
#7148=ADVANCED_FACE('',(#481),#201,.T.);
#7149=ADVANCED_FACE('',(#482),#6890,.F.);
#7150=ADVANCED_FACE('',(#483),#6891,.F.);
#7151=ADVANCED_FACE('',(#484),#202,.T.);
#7152=ADVANCED_FACE('',(#485),#6892,.T.);
#7153=ADVANCED_FACE('',(#486),#203,.T.);
#7154=ADVANCED_FACE('',(#487,#106),#204,.F.);
#7155=ADVANCED_FACE('',(#488),#6893,.F.);
#7156=ADVANCED_FACE('',(#489),#6894,.F.);
#7157=ADVANCED_FACE('',(#490),#205,.T.);
#7158=ADVANCED_FACE('',(#491),#6895,.T.);
#7159=ADVANCED_FACE('',(#492),#6896,.F.);
#7160=ADVANCED_FACE('',(#493),#6897,.T.);
#7161=ADVANCED_FACE('',(#494),#206,.T.);
#7162=ADVANCED_FACE('',(#495),#207,.F.);
#7163=ADVANCED_FACE('',(#496),#6898,.F.);
#7164=ADVANCED_FACE('',(#497),#6899,.T.);
#7165=ADVANCED_FACE('',(#498),#208,.F.);
#7166=ADVANCED_FACE('',(#499),#6900,.F.);
#7167=ADVANCED_FACE('',(#500),#6901,.T.);
#7168=ADVANCED_FACE('',(#501),#209,.F.);
#7169=ADVANCED_FACE('',(#502),#6902,.F.);
#7170=ADVANCED_FACE('',(#503),#6903,.T.);
#7171=ADVANCED_FACE('',(#504),#210,.F.);
#7172=ADVANCED_FACE('',(#505,#107,#108,#109,#110),#211,.F.);
#7173=ADVANCED_FACE('',(#506,#111,#112,#113,#114),#212,.F.);
#7174=ADVANCED_FACE('',(#507),#213,.F.);
#7175=ADVANCED_FACE('',(#508),#6904,.F.);
#7176=ADVANCED_FACE('',(#509),#214,.F.);
#7177=ADVANCED_FACE('',(#510),#6905,.F.);
#7178=ADVANCED_FACE('',(#511),#215,.F.);
#7179=ADVANCED_FACE('',(#512),#6906,.F.);
#7180=ADVANCED_FACE('',(#513),#216,.F.);
#7181=ADVANCED_FACE('',(#514),#6907,.F.);
#7182=ADVANCED_FACE('',(#515),#217,.F.);
#7183=ADVANCED_FACE('',(#516),#6908,.F.);
#7184=ADVANCED_FACE('',(#517),#218,.F.);
#7185=ADVANCED_FACE('',(#518),#6909,.F.);
#7186=ADVANCED_FACE('',(#519),#219,.F.);
#7187=ADVANCED_FACE('',(#520),#6910,.F.);
#7188=ADVANCED_FACE('',(#521),#220,.F.);
#7189=ADVANCED_FACE('',(#522),#6911,.F.);
#7190=ADVANCED_FACE('',(#523),#6912,.F.);
#7191=ADVANCED_FACE('',(#524),#221,.F.);
#7192=ADVANCED_FACE('',(#525),#6913,.F.);
#7193=ADVANCED_FACE('',(#526),#222,.F.);
#7194=ADVANCED_FACE('',(#527),#6914,.F.);
#7195=ADVANCED_FACE('',(#528),#223,.F.);
#7196=ADVANCED_FACE('',(#529),#6915,.F.);
#7197=ADVANCED_FACE('',(#530),#224,.F.);
#7198=ADVANCED_FACE('',(#531),#6916,.F.);
#7199=ADVANCED_FACE('',(#532),#225,.F.);
#7200=ADVANCED_FACE('',(#533),#6917,.F.);
#7201=ADVANCED_FACE('',(#534),#226,.F.);
#7202=ADVANCED_FACE('',(#535),#227,.F.);
#7203=ADVANCED_FACE('',(#536),#6918,.F.);
#7204=ADVANCED_FACE('',(#537),#228,.F.);
#7205=ADVANCED_FACE('',(#538),#6919,.F.);
#7206=ADVANCED_FACE('',(#539),#6920,.F.);
#7207=ADVANCED_FACE('',(#540),#6921,.T.);
#7208=ADVANCED_FACE('',(#541,#115),#229,.T.);
#7209=ADVANCED_FACE('',(#542),#230,.F.);
#7210=ADVANCED_FACE('',(#543),#231,.T.);
#7211=ADVANCED_FACE('',(#544),#232,.T.);
#7212=ADVANCED_FACE('',(#545),#233,.T.);
#7213=ADVANCED_FACE('',(#546),#234,.T.);
#7214=ADVANCED_FACE('',(#547),#235,.T.);
#7215=ADVANCED_FACE('',(#548),#236,.T.);
#7216=ADVANCED_FACE('',(#549),#237,.T.);
#7217=ADVANCED_FACE('',(#550),#238,.T.);
#7218=ADVANCED_FACE('',(#551),#239,.T.);
#7219=ADVANCED_FACE('',(#552),#240,.T.);
#7220=ADVANCED_FACE('',(#553),#241,.T.);
#7221=ADVANCED_FACE('',(#554),#6922,.F.);
#7222=ADVANCED_FACE('',(#555),#6923,.T.);
#7223=ADVANCED_FACE('',(#556,#116),#242,.T.);
#7224=ADVANCED_FACE('',(#557),#243,.F.);
#7225=ADVANCED_FACE('',(#558),#6924,.F.);
#7226=ADVANCED_FACE('',(#559),#6925,.T.);
#7227=ADVANCED_FACE('',(#560,#117),#244,.T.);
#7228=ADVANCED_FACE('',(#561),#245,.F.);
#7229=ADVANCED_FACE('',(#562),#6926,.F.);
#7230=ADVANCED_FACE('',(#563),#6927,.T.);
#7231=ADVANCED_FACE('',(#564,#118),#246,.T.);
#7232=ADVANCED_FACE('',(#565),#247,.F.);
#7233=ADVANCED_FACE('',(#566),#248,.T.);
#7234=ADVANCED_FACE('',(#567),#249,.T.);
#7235=ADVANCED_FACE('',(#568),#250,.T.);
#7236=ADVANCED_FACE('',(#569),#251,.T.);
#7237=ADVANCED_FACE('',(#570),#252,.T.);
#7238=ADVANCED_FACE('',(#571),#253,.T.);
#7239=ADVANCED_FACE('',(#572),#254,.T.);
#7240=ADVANCED_FACE('',(#573),#255,.T.);
#7241=ADVANCED_FACE('',(#574),#256,.T.);
#7242=ADVANCED_FACE('',(#575),#257,.T.);
#7243=ADVANCED_FACE('',(#576),#258,.T.);
#7244=ADVANCED_FACE('',(#577),#259,.F.);
#7245=ADVANCED_FACE('',(#578),#6928,.F.);
#7246=ADVANCED_FACE('',(#579),#6929,.F.);
#7247=ADVANCED_FACE('',(#580),#6930,.F.);
#7248=ADVANCED_FACE('',(#581),#6931,.F.);
#7249=ADVANCED_FACE('',(#582),#6932,.F.);
#7250=ADVANCED_FACE('',(#583),#6933,.F.);
#7251=ADVANCED_FACE('',(#584),#6934,.F.);
#7252=ADVANCED_FACE('',(#585),#6935,.F.);
#7253=ADVANCED_FACE('',(#586),#260,.T.);
#7254=ADVANCED_FACE('',(#587),#261,.T.);
#7255=ADVANCED_FACE('',(#588),#6936,.T.);
#7256=ADVANCED_FACE('',(#589),#262,.T.);
#7257=ADVANCED_FACE('',(#590),#263,.T.);
#7258=ADVANCED_FACE('',(#591),#264,.T.);
#7259=ADVANCED_FACE('',(#592),#6937,.T.);
#7260=ADVANCED_FACE('',(#593),#265,.T.);
#7261=ADVANCED_FACE('',(#594),#266,.T.);
#7262=ADVANCED_FACE('',(#595),#267,.T.);
#7263=ADVANCED_FACE('',(#596),#6938,.T.);
#7264=ADVANCED_FACE('',(#597),#268,.T.);
#7265=ADVANCED_FACE('',(#598),#269,.T.);
#7266=ADVANCED_FACE('',(#599),#270,.T.);
#7267=ADVANCED_FACE('',(#600),#6939,.T.);
#7268=ADVANCED_FACE('',(#601),#271,.T.);
#7269=ADVANCED_FACE('',(#602,#119),#272,.F.);
#7270=ADVANCED_FACE('',(#603),#273,.T.);
#7271=ADVANCED_FACE('',(#604),#274,.T.);
#7272=ADVANCED_FACE('',(#605),#275,.T.);
#7273=ADVANCED_FACE('',(#606),#276,.T.);
#7274=ADVANCED_FACE('',(#607),#277,.T.);
#7275=ADVANCED_FACE('',(#608),#278,.T.);
#7276=ADVANCED_FACE('',(#609),#279,.T.);
#7277=ADVANCED_FACE('',(#610),#280,.T.);
#7278=ADVANCED_FACE('',(#611),#281,.F.);
#7279=ADVANCED_FACE('',(#612),#282,.F.);
#7280=ADVANCED_FACE('',(#613),#283,.F.);
#7281=ADVANCED_FACE('',(#614),#6940,.T.);
#7282=ADVANCED_FACE('',(#615),#284,.F.);
#7283=ADVANCED_FACE('',(#616),#285,.F.);
#7284=ADVANCED_FACE('',(#617),#286,.F.);
#7285=ADVANCED_FACE('',(#618),#6941,.T.);
#7286=ADVANCED_FACE('',(#619),#287,.F.);
#7287=ADVANCED_FACE('',(#620),#6942,.T.);
#7288=ADVANCED_FACE('',(#621),#288,.F.);
#7289=ADVANCED_FACE('',(#622),#289,.F.);
#7290=ADVANCED_FACE('',(#623),#290,.F.);
#7291=ADVANCED_FACE('',(#624),#6943,.T.);
#7292=ADVANCED_FACE('',(#625),#291,.F.);
#7293=ADVANCED_FACE('',(#626),#292,.F.);
#7294=ADVANCED_FACE('',(#627),#293,.F.);
#7295=ADVANCED_FACE('',(#628),#6944,.F.);
#7296=ADVANCED_FACE('',(#629),#294,.F.);
#7297=ADVANCED_FACE('',(#630),#6945,.F.);
#7298=ADVANCED_FACE('',(#631),#295,.F.);
#7299=ADVANCED_FACE('',(#632),#6946,.F.);
#7300=ADVANCED_FACE('',(#633),#296,.F.);
#7301=ADVANCED_FACE('',(#634),#6947,.F.);
#7302=ADVANCED_FACE('',(#635,#120),#297,.T.);
#7303=ADVANCED_FACE('',(#636),#298,.T.);
#7304=ADVANCED_FACE('',(#637,#121),#299,.F.);
#7305=ADVANCED_FACE('',(#638),#300,.T.);
#7306=ADVANCED_FACE('',(#639,#122),#301,.F.);
#7307=ADVANCED_FACE('',(#640),#302,.T.);
#7308=ADVANCED_FACE('',(#641,#123),#303,.F.);
#7309=ADVANCED_FACE('',(#642),#304,.T.);
#7310=ADVANCED_FACE('',(#643,#124),#305,.F.);
#7311=ADVANCED_FACE('',(#644),#6948,.F.);
#7312=ADVANCED_FACE('',(#645),#6949,.T.);
#7313=ADVANCED_FACE('',(#646),#6950,.F.);
#7314=ADVANCED_FACE('',(#647),#6951,.T.);
#7315=ADVANCED_FACE('',(#648),#306,.F.);
#7316=ADVANCED_FACE('',(#649),#6952,.F.);
#7317=ADVANCED_FACE('',(#650),#6953,.T.);
#7318=ADVANCED_FACE('',(#651),#307,.F.);
#7319=ADVANCED_FACE('',(#652),#6954,.F.);
#7320=ADVANCED_FACE('',(#653),#6955,.T.);
#7321=ADVANCED_FACE('',(#654),#308,.F.);
#7322=ADVANCED_FACE('',(#655),#6956,.F.);
#7323=ADVANCED_FACE('',(#656),#6957,.F.);
#7324=ADVANCED_FACE('',(#657),#309,.F.);
#7325=ADVANCED_FACE('',(#658),#310,.F.);
#7326=ADVANCED_FACE('',(#659),#311,.F.);
#7327=ADVANCED_FACE('',(#660),#312,.F.);
#7328=ADVANCED_FACE('',(#661,#125),#313,.F.);
#7329=ADVANCED_FACE('',(#662),#314,.F.);
#7330=ADVANCED_FACE('',(#663),#315,.F.);
#7331=ADVANCED_FACE('',(#664),#316,.F.);
#7332=ADVANCED_FACE('',(#665),#317,.F.);
#7333=ADVANCED_FACE('',(#666,#126),#318,.F.);
#7334=ADVANCED_FACE('',(#667),#319,.T.);
#7335=ADVANCED_FACE('',(#668),#320,.T.);
#7336=ADVANCED_FACE('',(#669),#321,.T.);
#7337=ADVANCED_FACE('',(#670),#322,.T.);
#7338=ADVANCED_FACE('',(#671),#323,.T.);
#7339=ADVANCED_FACE('',(#672),#324,.T.);
#7340=ADVANCED_FACE('',(#673),#6958,.T.);
#7341=ADVANCED_FACE('',(#674),#6959,.T.);
#7342=ADVANCED_FACE('',(#675),#6960,.F.);
#7343=ADVANCED_FACE('',(#676),#6961,.T.);
#7344=ADVANCED_FACE('',(#677),#6962,.T.);
#7345=ADVANCED_FACE('',(#678),#325,.T.);
#7346=ADVANCED_FACE('',(#679),#6963,.T.);
#7347=ADVANCED_FACE('',(#680),#6964,.F.);
#7348=ADVANCED_FACE('',(#681),#6965,.T.);
#7349=ADVANCED_FACE('',(#682),#326,.T.);
#7350=ADVANCED_FACE('',(#683),#6966,.T.);
#7351=ADVANCED_FACE('',(#684),#6967,.T.);
#7352=ADVANCED_FACE('',(#685),#6968,.F.);
#7353=ADVANCED_FACE('',(#686),#6969,.T.);
#7354=ADVANCED_FACE('',(#687),#6970,.T.);
#7355=ADVANCED_FACE('',(#688),#327,.T.);
#7356=ADVANCED_FACE('',(#689),#6971,.T.);
#7357=ADVANCED_FACE('',(#690),#6972,.F.);
#7358=ADVANCED_FACE('',(#691),#6973,.T.);
#7359=ADVANCED_FACE('',(#692),#328,.T.);
#7360=ADVANCED_FACE('',(#693),#6974,.T.);
#7361=ADVANCED_FACE('',(#694),#6975,.T.);
#7362=ADVANCED_FACE('',(#695),#6976,.F.);
#7363=ADVANCED_FACE('',(#696),#6977,.T.);
#7364=ADVANCED_FACE('',(#697),#6978,.T.);
#7365=ADVANCED_FACE('',(#698),#329,.T.);
#7366=ADVANCED_FACE('',(#699),#6979,.T.);
#7367=ADVANCED_FACE('',(#700),#6980,.F.);
#7368=ADVANCED_FACE('',(#701),#6981,.T.);
#7369=ADVANCED_FACE('',(#702),#330,.T.);
#7370=ADVANCED_FACE('',(#703),#6982,.T.);
#7371=ADVANCED_FACE('',(#704),#6983,.T.);
#7372=ADVANCED_FACE('',(#705),#6984,.F.);
#7373=ADVANCED_FACE('',(#706),#6985,.T.);
#7374=ADVANCED_FACE('',(#707),#6986,.T.);
#7375=ADVANCED_FACE('',(#708),#331,.T.);
#7376=ADVANCED_FACE('',(#709),#6987,.T.);
#7377=ADVANCED_FACE('',(#710),#6988,.F.);
#7378=ADVANCED_FACE('',(#711),#6989,.T.);
#7379=ADVANCED_FACE('',(#712,#127),#332,.F.);
#7380=ADVANCED_FACE('',(#713),#6990,.T.);
#7381=ADVANCED_FACE('',(#714),#6991,.F.);
#7382=ADVANCED_FACE('',(#715),#6992,.T.);
#7383=ADVANCED_FACE('',(#716),#6993,.F.);
#7384=ADVANCED_FACE('',(#717),#6994,.T.);
#7385=ADVANCED_FACE('',(#718),#6995,.F.);
#7386=ADVANCED_FACE('',(#719),#6996,.T.);
#7387=ADVANCED_FACE('',(#720),#6997,.F.);
#7388=ADVANCED_FACE('',(#721,#128,#129,#130,#131,#132),#333,.T.);
#7389=ADVANCED_FACE('',(#722),#6998,.F.);
#7390=ADVANCED_FACE('',(#723),#6999,.F.);
#7391=ADVANCED_FACE('',(#724),#7000,.F.);
#7392=ADVANCED_FACE('',(#725),#7001,.F.);
#7393=ADVANCED_FACE('',(#726),#7002,.F.);
#7394=ADVANCED_FACE('',(#727),#7003,.F.);
#7395=ADVANCED_FACE('',(#728),#334,.T.);
#7396=ADVANCED_FACE('',(#729),#7004,.F.);
#7397=ADVANCED_FACE('',(#730),#335,.F.);
#7398=ADVANCED_FACE('',(#731),#7005,.F.);
#7399=ADVANCED_FACE('',(#732),#336,.F.);
#7400=ADVANCED_FACE('',(#733),#7006,.F.);
#7401=ADVANCED_FACE('',(#734),#337,.F.);
#7402=ADVANCED_FACE('',(#735),#7007,.F.);
#7403=ADVANCED_FACE('',(#736),#338,.F.);
#7404=ADVANCED_FACE('',(#737),#7008,.F.);
#7405=ADVANCED_FACE('',(#738),#7009,.F.);
#7406=ADVANCED_FACE('',(#739),#339,.F.);
#7407=ADVANCED_FACE('',(#740),#7010,.F.);
#7408=ADVANCED_FACE('',(#741),#340,.F.);
#7409=ADVANCED_FACE('',(#742),#7011,.F.);
#7410=ADVANCED_FACE('',(#743),#341,.F.);
#7411=ADVANCED_FACE('',(#744),#7012,.F.);
#7412=ADVANCED_FACE('',(#745),#342,.F.);
#7413=ADVANCED_FACE('',(#746),#7013,.F.);
#7414=ADVANCED_FACE('',(#747),#343,.F.);
#7415=ADVANCED_FACE('',(#748),#7014,.F.);
#7416=ADVANCED_FACE('',(#749),#344,.F.);
#7417=ADVANCED_FACE('',(#750),#345,.F.);
#7418=ADVANCED_FACE('',(#751),#7015,.F.);
#7419=ADVANCED_FACE('',(#752),#346,.F.);
#7420=ADVANCED_FACE('',(#753),#7016,.F.);
#7421=ADVANCED_FACE('',(#754),#347,.F.);
#7422=ADVANCED_FACE('',(#755),#7017,.F.);
#7423=ADVANCED_FACE('',(#756),#348,.F.);
#7424=ADVANCED_FACE('',(#757),#7018,.F.);
#7425=ADVANCED_FACE('',(#758),#349,.F.);
#7426=ADVANCED_FACE('',(#759),#7019,.F.);
#7427=ADVANCED_FACE('',(#760),#350,.F.);
#7428=ADVANCED_FACE('',(#761),#7020,.F.);
#7429=ADVANCED_FACE('',(#762),#351,.F.);
#7430=ADVANCED_FACE('',(#763),#7021,.F.);
#7431=ADVANCED_FACE('',(#764),#352,.F.);
#7432=ADVANCED_FACE('',(#765),#7022,.F.);
#7433=ADVANCED_FACE('',(#766),#353,.F.);
#7434=ADVANCED_FACE('',(#767),#354,.T.);
#7435=ADVANCED_FACE('',(#768),#7023,.T.);
#7436=ADVANCED_FACE('',(#769),#355,.T.);
#7437=ADVANCED_FACE('',(#770),#356,.F.);
#7438=CLOSED_SHELL('',(#7024,#7025,#7026,#7027,#7028,#7029,#7030,#7031,
#7032,#7033,#7034,#7035,#7036,#7037,#7038,#7039,#7040,#7041,#7042,#7043,
#7044,#7045,#7046,#7047,#7048,#7049,#7050,#7051,#7052,#7053,#7054,#7055,
#7056,#7057,#7058,#7059,#7060,#7061,#7062,#7063,#7064,#7065,#7066,#7067,
#7068,#7069,#7070,#7071,#7072,#7073,#7074,#7075,#7076,#7077,#7078,#7079,
#7080,#7081,#7082,#7083,#7084,#7085,#7086,#7087,#7088,#7089,#7090,#7091,
#7092,#7093,#7094,#7095,#7096,#7097,#7098,#7099,#7100,#7101,#7102,#7103,
#7104,#7105,#7106,#7107,#7108,#7109,#7110,#7111,#7112,#7113,#7114,#7115,
#7116,#7117,#7118,#7119,#7120,#7121,#7122,#7123,#7124,#7125,#7126,#7127,
#7128,#7129,#7130,#7131,#7132,#7133,#7134,#7135,#7136,#7137,#7138,#7139,
#7140,#7141,#7142,#7143,#7144,#7145,#7146,#7147,#7148,#7149,#7150,#7151,
#7152,#7153,#7154,#7155,#7156,#7157,#7158,#7159,#7160,#7161,#7162,#7163,
#7164,#7165,#7166,#7167,#7168,#7169,#7170,#7171,#7172,#7173,#7174,#7175,
#7176,#7177,#7178,#7179,#7180,#7181,#7182,#7183,#7184,#7185,#7186,#7187,
#7188,#7189,#7190,#7191,#7192,#7193,#7194,#7195,#7196,#7197,#7198,#7199,
#7200,#7201,#7202,#7203,#7204,#7205,#7206,#7207,#7208,#7209,#7210,#7211,
#7212,#7213,#7214,#7215,#7216,#7217,#7218,#7219,#7220,#7221,#7222,#7223,
#7224,#7225,#7226,#7227,#7228,#7229,#7230,#7231,#7232,#7233,#7234,#7235,
#7236,#7237,#7238,#7239,#7240,#7241,#7242,#7243,#7244,#7245,#7246,#7247,
#7248,#7249,#7250,#7251,#7252,#7253,#7254,#7255,#7256,#7257,#7258,#7259,
#7260,#7261,#7262,#7263,#7264,#7265,#7266,#7267,#7268,#7269,#7270,#7271,
#7272,#7273,#7274,#7275,#7276,#7277,#7278,#7279,#7280,#7281,#7282,#7283,
#7284,#7285,#7286,#7287,#7288,#7289,#7290,#7291,#7292,#7293,#7294,#7295,
#7296,#7297,#7298,#7299,#7300,#7301,#7302,#7303,#7304,#7305,#7306,#7307,
#7308,#7309,#7310,#7311,#7312,#7313,#7314,#7315,#7316,#7317,#7318,#7319,
#7320,#7321,#7322,#7323,#7324,#7325,#7326,#7327,#7328,#7329,#7330,#7331,
#7332,#7333,#7334,#7335,#7336,#7337,#7338,#7339,#7340,#7341,#7342,#7343,
#7344,#7345,#7346,#7347,#7348,#7349,#7350,#7351,#7352,#7353,#7354,#7355,
#7356,#7357,#7358,#7359,#7360,#7361,#7362,#7363,#7364,#7365,#7366,#7367,
#7368,#7369,#7370,#7371,#7372,#7373,#7374,#7375,#7376,#7377,#7378,#7379,
#7380,#7381,#7382,#7383,#7384,#7385,#7386,#7387,#7388,#7389,#7390,#7391,
#7392,#7393,#7394,#7395,#7396,#7397,#7398,#7399,#7400,#7401,#7402,#7403,
#7404,#7405,#7406,#7407,#7408,#7409,#7410,#7411,#7412,#7413,#7414,#7415,
#7416,#7417,#7418,#7419,#7420,#7421,#7422,#7423,#7424,#7425,#7426,#7427,
#7428,#7429,#7430,#7431,#7432,#7433,#7434,#7435,#7436,#7437));
#7439=AXIS2_PLACEMENT_3D('',#10487,#8233,#8234);
#7440=AXIS2_PLACEMENT_3D('',#10488,#8235,#8236);
#7441=AXIS2_PLACEMENT_3D('',#10493,#8238,#8239);
#7442=AXIS2_PLACEMENT_3D('',#10496,#8241,#8242);
#7443=AXIS2_PLACEMENT_3D('',#10497,#8243,#8244);
#7444=AXIS2_PLACEMENT_3D('',#10502,#8246,#8247);
#7445=AXIS2_PLACEMENT_3D('',#10505,#8249,#8250);
#7446=AXIS2_PLACEMENT_3D('',#10506,#8251,#8252);
#7447=AXIS2_PLACEMENT_3D('',#10511,#8254,#8255);
#7448=AXIS2_PLACEMENT_3D('',#10514,#8257,#8258);
#7449=AXIS2_PLACEMENT_3D('',#10515,#8259,#8260);
#7450=AXIS2_PLACEMENT_3D('',#10520,#8262,#8263);
#7451=AXIS2_PLACEMENT_3D('',#10523,#8265,#8266);
#7452=AXIS2_PLACEMENT_3D('',#10524,#8267,#8268);
#7453=AXIS2_PLACEMENT_3D('',#10526,#8269,#8270);
#7454=AXIS2_PLACEMENT_3D('',#10528,#8271,#8272);
#7455=AXIS2_PLACEMENT_3D('',#10529,#8273,#8274);
#7456=AXIS2_PLACEMENT_3D('',#10530,#8275,#8276);
#7457=AXIS2_PLACEMENT_3D('',#10532,#8277,#8278);
#7458=AXIS2_PLACEMENT_3D('',#10533,#8279,#8280);
#7459=AXIS2_PLACEMENT_3D('',#10538,#8285,#8286);
#7460=AXIS2_PLACEMENT_3D('',#10539,#8287,#8288);
#7461=AXIS2_PLACEMENT_3D('',#10541,#8289,#8290);
#7462=AXIS2_PLACEMENT_3D('',#10542,#8291,#8292);
#7463=AXIS2_PLACEMENT_3D('',#10549,#8297,#8298);
#7464=AXIS2_PLACEMENT_3D('',#10550,#8299,#8300);
#7465=AXIS2_PLACEMENT_3D('',#10552,#8301,#8302);
#7466=AXIS2_PLACEMENT_3D('',#10553,#8303,#8304);
#7467=AXIS2_PLACEMENT_3D('',#10557,#8308,#8309);
#7468=AXIS2_PLACEMENT_3D('',#10558,#8310,#8311);
#7469=AXIS2_PLACEMENT_3D('',#10560,#8312,#8313);
#7470=AXIS2_PLACEMENT_3D('',#10561,#8314,#8315);
#7471=AXIS2_PLACEMENT_3D('',#10571,#8321,#8322);
#7472=AXIS2_PLACEMENT_3D('',#10574,#8323,#8324);
#7473=AXIS2_PLACEMENT_3D('',#10578,#8326,#8327);
#7474=AXIS2_PLACEMENT_3D('',#10580,#8329,#8330);
#7475=AXIS2_PLACEMENT_3D('',#10583,#8331,#8332);
#7476=AXIS2_PLACEMENT_3D('',#10584,#8333,#8334);
#7477=AXIS2_PLACEMENT_3D('',#10585,#8335,#8336);
#7478=AXIS2_PLACEMENT_3D('',#10586,#8337,#8338);
#7479=AXIS2_PLACEMENT_3D('',#10589,#8339,#8340);
#7480=AXIS2_PLACEMENT_3D('',#10592,#8343,#8344);
#7481=AXIS2_PLACEMENT_3D('',#10595,#8345,#8346);
#7482=AXIS2_PLACEMENT_3D('',#10596,#8347,#8348);
#7483=AXIS2_PLACEMENT_3D('',#10597,#8349,#8350);
#7484=AXIS2_PLACEMENT_3D('',#10598,#8351,#8352);
#7485=AXIS2_PLACEMENT_3D('',#10601,#8353,#8354);
#7486=AXIS2_PLACEMENT_3D('',#10604,#8357,#8358);
#7487=AXIS2_PLACEMENT_3D('',#10607,#8359,#8360);
#7488=AXIS2_PLACEMENT_3D('',#10608,#8361,#8362);
#7489=AXIS2_PLACEMENT_3D('',#10609,#8363,#8364);
#7490=AXIS2_PLACEMENT_3D('',#10610,#8365,#8366);
#7491=AXIS2_PLACEMENT_3D('',#10613,#8367,#8368);
#7492=AXIS2_PLACEMENT_3D('',#10616,#8371,#8372);
#7493=AXIS2_PLACEMENT_3D('',#10617,#8373,#8374);
#7494=AXIS2_PLACEMENT_3D('',#10618,#8375,#8376);
#7495=AXIS2_PLACEMENT_3D('',#10619,#8377,#8378);
#7496=AXIS2_PLACEMENT_3D('',#10623,#8380,#8381);
#7497=AXIS2_PLACEMENT_3D('',#10625,#8383,#8384);
#7498=AXIS2_PLACEMENT_3D('',#10629,#8387,#8388);
#7499=AXIS2_PLACEMENT_3D('',#10632,#8390,#8391);
#7500=AXIS2_PLACEMENT_3D('',#10633,#8392,#8393);
#7501=AXIS2_PLACEMENT_3D('',#10637,#8396,#8397);
#7502=AXIS2_PLACEMENT_3D('',#10642,#8399,#8400);
#7503=AXIS2_PLACEMENT_3D('',#10646,#8402,#8403);
#7504=AXIS2_PLACEMENT_3D('',#10650,#8405,#8406);
#7505=AXIS2_PLACEMENT_3D('',#10653,#8408,#8409);
#7506=AXIS2_PLACEMENT_3D('',#10658,#8411,#8412);
#7507=AXIS2_PLACEMENT_3D('',#10662,#8414,#8415);
#7508=AXIS2_PLACEMENT_3D('',#10666,#8417,#8418);
#7509=AXIS2_PLACEMENT_3D('',#10669,#8420,#8421);
#7510=AXIS2_PLACEMENT_3D('',#10674,#8423,#8424);
#7511=AXIS2_PLACEMENT_3D('',#10678,#8426,#8427);
#7512=AXIS2_PLACEMENT_3D('',#10682,#8429,#8430);
#7513=AXIS2_PLACEMENT_3D('',#10685,#8432,#8433);
#7514=AXIS2_PLACEMENT_3D('',#10688,#8434,#8435);
#7515=AXIS2_PLACEMENT_3D('',#10692,#8437,#8438);
#7516=AXIS2_PLACEMENT_3D('',#10696,#8440,#8441);
#7517=AXIS2_PLACEMENT_3D('',#10700,#8443,#8444);
#7518=AXIS2_PLACEMENT_3D('',#10704,#8446,#8447);
#7519=AXIS2_PLACEMENT_3D('',#10708,#8449,#8450);
#7520=AXIS2_PLACEMENT_3D('',#10712,#8452,#8453);
#7521=AXIS2_PLACEMENT_3D('',#10716,#8455,#8456);
#7522=AXIS2_PLACEMENT_3D('',#10720,#8458,#8459);
#7523=AXIS2_PLACEMENT_3D('',#10724,#8461,#8462);
#7524=AXIS2_PLACEMENT_3D('',#10728,#8464,#8465);
#7525=AXIS2_PLACEMENT_3D('',#10732,#8467,#8468);
#7526=AXIS2_PLACEMENT_3D('',#10738,#8471,#8472);
#7527=AXIS2_PLACEMENT_3D('',#10742,#8474,#8475);
#7528=AXIS2_PLACEMENT_3D('',#10746,#8477,#8478);
#7529=AXIS2_PLACEMENT_3D('',#10749,#8480,#8481);
#7530=AXIS2_PLACEMENT_3D('',#10754,#8483,#8484);
#7531=AXIS2_PLACEMENT_3D('',#10758,#8486,#8487);
#7532=AXIS2_PLACEMENT_3D('',#10762,#8489,#8490);
#7533=AXIS2_PLACEMENT_3D('',#10765,#8492,#8493);
#7534=AXIS2_PLACEMENT_3D('',#10767,#8494,#8495);
#7535=AXIS2_PLACEMENT_3D('',#10769,#8496,#8497);
#7536=AXIS2_PLACEMENT_3D('',#10771,#8498,#8499);
#7537=AXIS2_PLACEMENT_3D('',#10773,#8500,#8501);
#7538=AXIS2_PLACEMENT_3D('',#10775,#8502,#8503);
#7539=AXIS2_PLACEMENT_3D('',#10777,#8504,#8505);
#7540=AXIS2_PLACEMENT_3D('',#10786,#8509,#8510);
#7541=AXIS2_PLACEMENT_3D('',#10794,#8514,#8515);
#7542=AXIS2_PLACEMENT_3D('',#10802,#8519,#8520);
#7543=AXIS2_PLACEMENT_3D('',#10809,#8524,#8525);
#7544=AXIS2_PLACEMENT_3D('',#10811,#8526,#8527);
#7545=AXIS2_PLACEMENT_3D('',#10816,#8529,#8530);
#7546=AXIS2_PLACEMENT_3D('',#10820,#8532,#8533);
#7547=AXIS2_PLACEMENT_3D('',#10824,#8535,#8536);
#7548=AXIS2_PLACEMENT_3D('',#10827,#8538,#8539);
#7549=AXIS2_PLACEMENT_3D('',#10828,#8540,#8541);
#7550=AXIS2_PLACEMENT_3D('',#10833,#8543,#8544);
#7551=AXIS2_PLACEMENT_3D('',#10837,#8546,#8547);
#7552=AXIS2_PLACEMENT_3D('',#10841,#8549,#8550);
#7553=AXIS2_PLACEMENT_3D('',#10844,#8552,#8553);
#7554=AXIS2_PLACEMENT_3D('',#10846,#8554,#8555);
#7555=AXIS2_PLACEMENT_3D('',#10851,#8557,#8558);
#7556=AXIS2_PLACEMENT_3D('',#10856,#8561,#8562);
#7557=AXIS2_PLACEMENT_3D('',#10860,#8564,#8565);
#7558=AXIS2_PLACEMENT_3D('',#10865,#8568,#8569);
#7559=AXIS2_PLACEMENT_3D('',#10870,#8572,#8573);
#7560=AXIS2_PLACEMENT_3D('',#10871,#8574,#8575);
#7561=AXIS2_PLACEMENT_3D('',#10873,#8576,#8577);
#7562=AXIS2_PLACEMENT_3D('',#10877,#8579,#8580);
#7563=AXIS2_PLACEMENT_3D('',#10881,#8582,#8583);
#7564=AXIS2_PLACEMENT_3D('',#10885,#8585,#8586);
#7565=AXIS2_PLACEMENT_3D('',#10889,#8588,#8589);
#7566=AXIS2_PLACEMENT_3D('',#10893,#8591,#8592);
#7567=AXIS2_PLACEMENT_3D('',#10895,#8594,#8595);
#7568=AXIS2_PLACEMENT_3D('',#10898,#8598,#8599);
#7569=AXIS2_PLACEMENT_3D('',#10900,#8601,#8602);
#7570=AXIS2_PLACEMENT_3D('',#10902,#8604,#8605);
#7571=AXIS2_PLACEMENT_3D('',#10904,#8607,#8608);
#7572=AXIS2_PLACEMENT_3D('',#10906,#8609,#8610);
#7573=AXIS2_PLACEMENT_3D('',#10922,#8611,#8612);
#7574=AXIS2_PLACEMENT_3D('',#10923,#8613,#8614);
#7575=AXIS2_PLACEMENT_3D('',#10925,#8615,#8616);
#7576=AXIS2_PLACEMENT_3D('',#10941,#8617,#8618);
#7577=AXIS2_PLACEMENT_3D('',#10942,#8619,#8620);
#7578=AXIS2_PLACEMENT_3D('',#10944,#8621,#8622);
#7579=AXIS2_PLACEMENT_3D('',#10960,#8623,#8624);
#7580=AXIS2_PLACEMENT_3D('',#10961,#8625,#8626);
#7581=AXIS2_PLACEMENT_3D('',#10963,#8627,#8628);
#7582=AXIS2_PLACEMENT_3D('',#10979,#8629,#8630);
#7583=AXIS2_PLACEMENT_3D('',#10980,#8631,#8632);
#7584=AXIS2_PLACEMENT_3D('',#10992,#8634,#8635);
#7585=AXIS2_PLACEMENT_3D('',#11004,#8637,#8638);
#7586=AXIS2_PLACEMENT_3D('',#11016,#8640,#8641);
#7587=AXIS2_PLACEMENT_3D('',#11028,#8643,#8644);
#7588=AXIS2_PLACEMENT_3D('',#11032,#8646,#8647);
#7589=AXIS2_PLACEMENT_3D('',#11034,#8649,#8650);
#7590=AXIS2_PLACEMENT_3D('',#11038,#8653,#8654);
#7591=AXIS2_PLACEMENT_3D('',#11042,#8656,#8657);
#7592=AXIS2_PLACEMENT_3D('',#11043,#8658,#8659);
#7593=AXIS2_PLACEMENT_3D('',#11044,#8660,#8661);
#7594=AXIS2_PLACEMENT_3D('',#11053,#8666,#8667);
#7595=AXIS2_PLACEMENT_3D('',#11061,#8672,#8673);
#7596=AXIS2_PLACEMENT_3D('',#11067,#8677,#8678);
#7597=AXIS2_PLACEMENT_3D('',#11071,#8682,#8683);
#7598=AXIS2_PLACEMENT_3D('',#11074,#8685,#8686);
#7599=AXIS2_PLACEMENT_3D('',#11075,#8687,#8688);
#7600=AXIS2_PLACEMENT_3D('',#11080,#8690,#8691);
#7601=AXIS2_PLACEMENT_3D('',#11086,#8694,#8695);
#7602=AXIS2_PLACEMENT_3D('',#11089,#8697,#8698);
#7603=AXIS2_PLACEMENT_3D('',#11090,#8699,#8700);
#7604=AXIS2_PLACEMENT_3D('',#11092,#8701,#8702);
#7605=AXIS2_PLACEMENT_3D('',#11096,#8704,#8705);
#7606=AXIS2_PLACEMENT_3D('',#11098,#8707,#8708);
#7607=AXIS2_PLACEMENT_3D('',#11107,#8713,#8714);
#7608=AXIS2_PLACEMENT_3D('',#11110,#8717,#8718);
#7609=AXIS2_PLACEMENT_3D('',#11113,#8721,#8722);
#7610=AXIS2_PLACEMENT_3D('',#11123,#8728,#8729);
#7611=AXIS2_PLACEMENT_3D('',#11132,#8734,#8735);
#7612=AXIS2_PLACEMENT_3D('',#11141,#8740,#8741);
#7613=AXIS2_PLACEMENT_3D('',#11148,#8746,#8747);
#7614=AXIS2_PLACEMENT_3D('',#11152,#8750,#8751);
#7615=AXIS2_PLACEMENT_3D('',#11156,#8754,#8755);
#7616=AXIS2_PLACEMENT_3D('',#11162,#8759,#8760);
#7617=AXIS2_PLACEMENT_3D('',#11168,#8764,#8765);
#7618=AXIS2_PLACEMENT_3D('',#11177,#8770,#8771);
#7619=AXIS2_PLACEMENT_3D('',#11183,#8775,#8776);
#7620=AXIS2_PLACEMENT_3D('',#11186,#8779,#8780);
#7621=AXIS2_PLACEMENT_3D('',#11188,#8782,#8783);
#7622=AXIS2_PLACEMENT_3D('',#11203,#8792,#8793);
#7623=AXIS2_PLACEMENT_3D('',#11205,#8794,#8795);
#7624=AXIS2_PLACEMENT_3D('',#11208,#8797,#8798);
#7625=AXIS2_PLACEMENT_3D('',#11209,#8799,#8800);
#7626=AXIS2_PLACEMENT_3D('',#11211,#8801,#8802);
#7627=AXIS2_PLACEMENT_3D('',#11214,#8804,#8805);
#7628=AXIS2_PLACEMENT_3D('',#11215,#8806,#8807);
#7629=AXIS2_PLACEMENT_3D('',#11216,#8808,#8809);
#7630=AXIS2_PLACEMENT_3D('',#11232,#8818,#8819);
#7631=AXIS2_PLACEMENT_3D('',#11233,#8820,#8821);
#7632=AXIS2_PLACEMENT_3D('',#11234,#8822,#8823);
#7633=AXIS2_PLACEMENT_3D('',#11237,#8825,#8826);
#7634=AXIS2_PLACEMENT_3D('',#11238,#8827,#8828);
#7635=AXIS2_PLACEMENT_3D('',#11239,#8829,#8830);
#7636=AXIS2_PLACEMENT_3D('',#11240,#8831,#8832);
#7637=AXIS2_PLACEMENT_3D('',#11243,#8834,#8835);
#7638=AXIS2_PLACEMENT_3D('',#11245,#8836,#8837);
#7639=AXIS2_PLACEMENT_3D('',#11247,#8838,#8839);
#7640=AXIS2_PLACEMENT_3D('',#11249,#8840,#8841);
#7641=AXIS2_PLACEMENT_3D('',#11251,#8842,#8843);
#7642=AXIS2_PLACEMENT_3D('',#11253,#8844,#8845);
#7643=AXIS2_PLACEMENT_3D('',#11255,#8846,#8847);
#7644=AXIS2_PLACEMENT_3D('',#11257,#8848,#8849);
#7645=AXIS2_PLACEMENT_3D('',#11259,#8850,#8851);
#7646=AXIS2_PLACEMENT_3D('',#11264,#8853,#8854);
#7647=AXIS2_PLACEMENT_3D('',#11268,#8856,#8857);
#7648=AXIS2_PLACEMENT_3D('',#11272,#8859,#8860);
#7649=AXIS2_PLACEMENT_3D('',#11275,#8862,#8863);
#7650=AXIS2_PLACEMENT_3D('',#11278,#8864,#8865);
#7651=AXIS2_PLACEMENT_3D('',#11288,#8870,#8871);
#7652=AXIS2_PLACEMENT_3D('',#11294,#8874,#8875);
#7653=AXIS2_PLACEMENT_3D('',#11304,#8880,#8881);
#7654=AXIS2_PLACEMENT_3D('',#11310,#8884,#8885);
#7655=AXIS2_PLACEMENT_3D('',#11312,#8886,#8887);
#7656=AXIS2_PLACEMENT_3D('',#11314,#8888,#8889);
#7657=AXIS2_PLACEMENT_3D('',#11316,#8890,#8891);
#7658=AXIS2_PLACEMENT_3D('',#11318,#8892,#8893);
#7659=AXIS2_PLACEMENT_3D('',#11320,#8894,#8895);
#7660=AXIS2_PLACEMENT_3D('',#11322,#8896,#8897);
#7661=AXIS2_PLACEMENT_3D('',#11323,#8898,#8899);
#7662=AXIS2_PLACEMENT_3D('',#11325,#8900,#8901);
#7663=AXIS2_PLACEMENT_3D('',#11327,#8902,#8903);
#7664=AXIS2_PLACEMENT_3D('',#11347,#8913,#8914);
#7665=AXIS2_PLACEMENT_3D('',#11349,#8915,#8916);
#7666=AXIS2_PLACEMENT_3D('',#11351,#8917,#8918);
#7667=AXIS2_PLACEMENT_3D('',#11353,#8919,#8920);
#7668=AXIS2_PLACEMENT_3D('',#11355,#8921,#8922);
#7669=AXIS2_PLACEMENT_3D('',#11357,#8923,#8924);
#7670=AXIS2_PLACEMENT_3D('',#11359,#8925,#8926);
#7671=AXIS2_PLACEMENT_3D('',#11360,#8927,#8928);
#7672=AXIS2_PLACEMENT_3D('',#11362,#8929,#8930);
#7673=AXIS2_PLACEMENT_3D('',#11365,#8932,#8933);
#7674=AXIS2_PLACEMENT_3D('',#11366,#8934,#8935);
#7675=AXIS2_PLACEMENT_3D('',#11368,#8936,#8937);
#7676=AXIS2_PLACEMENT_3D('',#11370,#8939,#8940);
#7677=AXIS2_PLACEMENT_3D('',#11371,#8941,#8942);
#7678=AXIS2_PLACEMENT_3D('',#11372,#8943,#8944);
#7679=AXIS2_PLACEMENT_3D('',#11374,#8946,#8947);
#7680=AXIS2_PLACEMENT_3D('',#11376,#8949,#8950);
#7681=AXIS2_PLACEMENT_3D('',#11378,#8952,#8953);
#7682=AXIS2_PLACEMENT_3D('',#11379,#8954,#8955);
#7683=AXIS2_PLACEMENT_3D('',#11381,#8957,#8958);
#7684=AXIS2_PLACEMENT_3D('',#11383,#8959,#8960);
#7685=AXIS2_PLACEMENT_3D('',#11386,#8962,#8963);
#7686=AXIS2_PLACEMENT_3D('',#11387,#8964,#8965);
#7687=AXIS2_PLACEMENT_3D('',#11390,#8967,#8968);
#7688=AXIS2_PLACEMENT_3D('',#11391,#8969,#8970);
#7689=AXIS2_PLACEMENT_3D('',#11392,#8971,#8972);
#7690=AXIS2_PLACEMENT_3D('',#11393,#8973,#8974);
#7691=AXIS2_PLACEMENT_3D('',#11395,#8975,#8976);
#7692=AXIS2_PLACEMENT_3D('',#11398,#8978,#8979);
#7693=AXIS2_PLACEMENT_3D('',#11399,#8980,#8981);
#7694=AXIS2_PLACEMENT_3D('',#11402,#8983,#8984);
#7695=AXIS2_PLACEMENT_3D('',#11403,#8985,#8986);
#7696=AXIS2_PLACEMENT_3D('',#11404,#8987,#8988);
#7697=AXIS2_PLACEMENT_3D('',#11405,#8989,#8990);
#7698=AXIS2_PLACEMENT_3D('',#11407,#8991,#8992);
#7699=AXIS2_PLACEMENT_3D('',#11410,#8994,#8995);
#7700=AXIS2_PLACEMENT_3D('',#11411,#8996,#8997);
#7701=AXIS2_PLACEMENT_3D('',#11414,#8999,#9000);
#7702=AXIS2_PLACEMENT_3D('',#11415,#9001,#9002);
#7703=AXIS2_PLACEMENT_3D('',#11416,#9003,#9004);
#7704=AXIS2_PLACEMENT_3D('',#11417,#9005,#9006);
#7705=AXIS2_PLACEMENT_3D('',#11419,#9007,#9008);
#7706=AXIS2_PLACEMENT_3D('',#11422,#9010,#9011);
#7707=AXIS2_PLACEMENT_3D('',#11423,#9012,#9013);
#7708=AXIS2_PLACEMENT_3D('',#11426,#9015,#9016);
#7709=AXIS2_PLACEMENT_3D('',#11427,#9017,#9018);
#7710=AXIS2_PLACEMENT_3D('',#11428,#9019,#9020);
#7711=AXIS2_PLACEMENT_3D('',#11429,#9021,#9022);
#7712=AXIS2_PLACEMENT_3D('',#11431,#9023,#9024);
#7713=AXIS2_PLACEMENT_3D('',#11434,#9026,#9027);
#7714=AXIS2_PLACEMENT_3D('',#11435,#9028,#9029);
#7715=AXIS2_PLACEMENT_3D('',#11438,#9031,#9032);
#7716=AXIS2_PLACEMENT_3D('',#11439,#9033,#9034);
#7717=AXIS2_PLACEMENT_3D('',#11440,#9035,#9036);
#7718=AXIS2_PLACEMENT_3D('',#11441,#9037,#9038);
#7719=AXIS2_PLACEMENT_3D('',#11443,#9039,#9040);
#7720=AXIS2_PLACEMENT_3D('',#11446,#9042,#9043);
#7721=AXIS2_PLACEMENT_3D('',#11447,#9044,#9045);
#7722=AXIS2_PLACEMENT_3D('',#11450,#9047,#9048);
#7723=AXIS2_PLACEMENT_3D('',#11451,#9049,#9050);
#7724=AXIS2_PLACEMENT_3D('',#11452,#9051,#9052);
#7725=AXIS2_PLACEMENT_3D('',#11453,#9053,#9054);
#7726=AXIS2_PLACEMENT_3D('',#11455,#9055,#9056);
#7727=AXIS2_PLACEMENT_3D('',#11458,#9058,#9059);
#7728=AXIS2_PLACEMENT_3D('',#11459,#9060,#9061);
#7729=AXIS2_PLACEMENT_3D('',#11462,#9063,#9064);
#7730=AXIS2_PLACEMENT_3D('',#11463,#9065,#9066);
#7731=AXIS2_PLACEMENT_3D('',#11464,#9067,#9068);
#7732=AXIS2_PLACEMENT_3D('',#11465,#9069,#9070);
#7733=AXIS2_PLACEMENT_3D('',#11467,#9071,#9072);
#7734=AXIS2_PLACEMENT_3D('',#11470,#9074,#9075);
#7735=AXIS2_PLACEMENT_3D('',#11471,#9076,#9077);
#7736=AXIS2_PLACEMENT_3D('',#11474,#9079,#9080);
#7737=AXIS2_PLACEMENT_3D('',#11475,#9081,#9082);
#7738=AXIS2_PLACEMENT_3D('',#11476,#9083,#9084);
#7739=AXIS2_PLACEMENT_3D('',#11477,#9085,#9086);
#7740=AXIS2_PLACEMENT_3D('',#11479,#9087,#9088);
#7741=AXIS2_PLACEMENT_3D('',#11482,#9090,#9091);
#7742=AXIS2_PLACEMENT_3D('',#11483,#9092,#9093);
#7743=AXIS2_PLACEMENT_3D('',#11486,#9095,#9096);
#7744=AXIS2_PLACEMENT_3D('',#11487,#9097,#9098);
#7745=AXIS2_PLACEMENT_3D('',#11488,#9099,#9100);
#7746=AXIS2_PLACEMENT_3D('',#11489,#9101,#9102);
#7747=AXIS2_PLACEMENT_3D('',#11491,#9103,#9104);
#7748=AXIS2_PLACEMENT_3D('',#11493,#9106,#9107);
#7749=AXIS2_PLACEMENT_3D('',#11495,#9109,#9110);
#7750=AXIS2_PLACEMENT_3D('',#11496,#9111,#9112);
#7751=AXIS2_PLACEMENT_3D('',#11498,#9113,#9114);
#7752=AXIS2_PLACEMENT_3D('',#11501,#9116,#9117);
#7753=AXIS2_PLACEMENT_3D('',#11502,#9118,#9119);
#7754=AXIS2_PLACEMENT_3D('',#11505,#9121,#9122);
#7755=AXIS2_PLACEMENT_3D('',#11506,#9123,#9124);
#7756=AXIS2_PLACEMENT_3D('',#11507,#9125,#9126);
#7757=AXIS2_PLACEMENT_3D('',#11508,#9127,#9128);
#7758=AXIS2_PLACEMENT_3D('',#11516,#9133,#9134);
#7759=AXIS2_PLACEMENT_3D('',#11517,#9135,#9136);
#7760=AXIS2_PLACEMENT_3D('',#11518,#9137,#9138);
#7761=AXIS2_PLACEMENT_3D('',#11520,#9139,#9140);
#7762=AXIS2_PLACEMENT_3D('',#11521,#9141,#9142);
#7763=AXIS2_PLACEMENT_3D('',#11522,#9143,#9144);
#7764=AXIS2_PLACEMENT_3D('',#11524,#9146,#9147);
#7765=AXIS2_PLACEMENT_3D('',#11527,#9149,#9150);
#7766=AXIS2_PLACEMENT_3D('',#11528,#9151,#9152);
#7767=AXIS2_PLACEMENT_3D('',#11532,#9155,#9156);
#7768=AXIS2_PLACEMENT_3D('',#11534,#9157,#9158);
#7769=AXIS2_PLACEMENT_3D('',#11536,#9160,#9161);
#7770=AXIS2_PLACEMENT_3D('',#11538,#9163,#9164);
#7771=AXIS2_PLACEMENT_3D('',#11539,#9165,#9166);
#7772=AXIS2_PLACEMENT_3D('',#11540,#9167,#9168);
#7773=AXIS2_PLACEMENT_3D('',#11541,#9169,#9170);
#7774=AXIS2_PLACEMENT_3D('',#11543,#9172,#9173);
#7775=AXIS2_PLACEMENT_3D('',#11546,#9176,#9177);
#7776=AXIS2_PLACEMENT_3D('',#11547,#9178,#9179);
#7777=AXIS2_PLACEMENT_3D('',#11550,#9181,#9182);
#7778=AXIS2_PLACEMENT_3D('',#11551,#9183,#9184);
#7779=AXIS2_PLACEMENT_3D('',#11552,#9185,#9186);
#7780=AXIS2_PLACEMENT_3D('',#11554,#9188,#9189);
#7781=AXIS2_PLACEMENT_3D('',#11555,#9190,#9191);
#7782=AXIS2_PLACEMENT_3D('',#11558,#9193,#9194);
#7783=AXIS2_PLACEMENT_3D('',#11559,#9195,#9196);
#7784=AXIS2_PLACEMENT_3D('',#11560,#9197,#9198);
#7785=AXIS2_PLACEMENT_3D('',#11561,#9199,#9200);
#7786=AXIS2_PLACEMENT_3D('',#11564,#9202,#9203);
#7787=AXIS2_PLACEMENT_3D('',#11565,#9204,#9205);
#7788=AXIS2_PLACEMENT_3D('',#11566,#9206,#9207);
#7789=AXIS2_PLACEMENT_3D('',#11567,#9208,#9209);
#7790=AXIS2_PLACEMENT_3D('',#11570,#9211,#9212);
#7791=AXIS2_PLACEMENT_3D('',#11571,#9213,#9214);
#7792=AXIS2_PLACEMENT_3D('',#11572,#9215,#9216);
#7793=AXIS2_PLACEMENT_3D('',#11573,#9217,#9218);
#7794=AXIS2_PLACEMENT_3D('',#11586,#9224,#9225);
#7795=AXIS2_PLACEMENT_3D('',#11590,#9227,#9228);
#7796=AXIS2_PLACEMENT_3D('',#11594,#9230,#9231);
#7797=AXIS2_PLACEMENT_3D('',#11597,#9233,#9234);
#7798=AXIS2_PLACEMENT_3D('',#11602,#9236,#9237);
#7799=AXIS2_PLACEMENT_3D('',#11606,#9239,#9240);
#7800=AXIS2_PLACEMENT_3D('',#11610,#9242,#9243);
#7801=AXIS2_PLACEMENT_3D('',#11613,#9245,#9246);
#7802=AXIS2_PLACEMENT_3D('',#11618,#9248,#9249);
#7803=AXIS2_PLACEMENT_3D('',#11622,#9251,#9252);
#7804=AXIS2_PLACEMENT_3D('',#11626,#9254,#9255);
#7805=AXIS2_PLACEMENT_3D('',#11629,#9257,#9258);
#7806=AXIS2_PLACEMENT_3D('',#11634,#9260,#9261);
#7807=AXIS2_PLACEMENT_3D('',#11638,#9263,#9264);
#7808=AXIS2_PLACEMENT_3D('',#11642,#9266,#9267);
#7809=AXIS2_PLACEMENT_3D('',#11645,#9269,#9270);
#7810=AXIS2_PLACEMENT_3D('',#11646,#9271,#9272);
#7811=AXIS2_PLACEMENT_3D('',#11657,#9277,#9278);
#7812=AXIS2_PLACEMENT_3D('',#11661,#9280,#9281);
#7813=AXIS2_PLACEMENT_3D('',#11665,#9283,#9284);
#7814=AXIS2_PLACEMENT_3D('',#11669,#9286,#9287);
#7815=AXIS2_PLACEMENT_3D('',#11673,#9289,#9290);
#7816=AXIS2_PLACEMENT_3D('',#11677,#9292,#9293);
#7817=AXIS2_PLACEMENT_3D('',#11681,#9295,#9296);
#7818=AXIS2_PLACEMENT_3D('',#11685,#9298,#9299);
#7819=AXIS2_PLACEMENT_3D('',#11689,#9301,#9302);
#7820=AXIS2_PLACEMENT_3D('',#11693,#9304,#9305);
#7821=AXIS2_PLACEMENT_3D('',#11697,#9307,#9308);
#7822=AXIS2_PLACEMENT_3D('',#11701,#9310,#9311);
#7823=AXIS2_PLACEMENT_3D('',#11707,#9314,#9315);
#7824=AXIS2_PLACEMENT_3D('',#11711,#9317,#9318);
#7825=AXIS2_PLACEMENT_3D('',#11715,#9320,#9321);
#7826=AXIS2_PLACEMENT_3D('',#11718,#9323,#9324);
#7827=AXIS2_PLACEMENT_3D('',#11719,#9325,#9326);
#7828=AXIS2_PLACEMENT_3D('',#11722,#9329,#9330);
#7829=AXIS2_PLACEMENT_3D('',#11724,#9332,#9333);
#7830=AXIS2_PLACEMENT_3D('',#11726,#9335,#9336);
#7831=AXIS2_PLACEMENT_3D('',#11728,#9338,#9339);
#7832=AXIS2_PLACEMENT_3D('',#11731,#9342,#9343);
#7833=AXIS2_PLACEMENT_3D('',#11733,#9345,#9346);
#7834=AXIS2_PLACEMENT_3D('',#11735,#9348,#9349);
#7835=AXIS2_PLACEMENT_3D('',#11737,#9351,#9352);
#7836=AXIS2_PLACEMENT_3D('',#11740,#9355,#9356);
#7837=AXIS2_PLACEMENT_3D('',#11742,#9358,#9359);
#7838=AXIS2_PLACEMENT_3D('',#11744,#9361,#9362);
#7839=AXIS2_PLACEMENT_3D('',#11746,#9364,#9365);
#7840=AXIS2_PLACEMENT_3D('',#11749,#9368,#9369);
#7841=AXIS2_PLACEMENT_3D('',#11751,#9371,#9372);
#7842=AXIS2_PLACEMENT_3D('',#11753,#9374,#9375);
#7843=AXIS2_PLACEMENT_3D('',#11755,#9377,#9378);
#7844=AXIS2_PLACEMENT_3D('',#11758,#9381,#9382);
#7845=AXIS2_PLACEMENT_3D('',#11760,#9384,#9385);
#7846=AXIS2_PLACEMENT_3D('',#11762,#9387,#9388);
#7847=AXIS2_PLACEMENT_3D('',#11764,#9390,#9391);
#7848=AXIS2_PLACEMENT_3D('',#11767,#9394,#9395);
#7849=AXIS2_PLACEMENT_3D('',#11769,#9397,#9398);
#7850=AXIS2_PLACEMENT_3D('',#11771,#9400,#9401);
#7851=AXIS2_PLACEMENT_3D('',#11773,#9403,#9404);
#7852=AXIS2_PLACEMENT_3D('',#11776,#9407,#9408);
#7853=AXIS2_PLACEMENT_3D('',#11778,#9410,#9411);
#7854=AXIS2_PLACEMENT_3D('',#11780,#9413,#9414);
#7855=AXIS2_PLACEMENT_3D('',#11782,#9416,#9417);
#7856=AXIS2_PLACEMENT_3D('',#11785,#9420,#9421);
#7857=AXIS2_PLACEMENT_3D('',#11787,#9423,#9424);
#7858=AXIS2_PLACEMENT_3D('',#11789,#9426,#9427);
#7859=AXIS2_PLACEMENT_3D('',#11791,#9429,#9430);
#7860=AXIS2_PLACEMENT_3D('',#11793,#9431,#9432);
#7861=AXIS2_PLACEMENT_3D('',#11796,#9434,#9435);
#7862=AXIS2_PLACEMENT_3D('',#11797,#9436,#9437);
#7863=AXIS2_PLACEMENT_3D('',#11799,#9438,#9439);
#7864=AXIS2_PLACEMENT_3D('',#11801,#9441,#9442);
#7865=AXIS2_PLACEMENT_3D('',#11802,#9443,#9444);
#7866=AXIS2_PLACEMENT_3D('',#11803,#9445,#9446);
#7867=AXIS2_PLACEMENT_3D('',#11809,#9450,#9451);
#7868=AXIS2_PLACEMENT_3D('',#11813,#9454,#9455);
#7869=AXIS2_PLACEMENT_3D('',#11817,#9458,#9459);
#7870=AXIS2_PLACEMENT_3D('',#11821,#9462,#9463);
#7871=AXIS2_PLACEMENT_3D('',#11825,#9466,#9467);
#7872=AXIS2_PLACEMENT_3D('',#11829,#9470,#9471);
#7873=AXIS2_PLACEMENT_3D('',#11834,#9475,#9476);
#7874=AXIS2_PLACEMENT_3D('',#11838,#9479,#9480);
#7875=AXIS2_PLACEMENT_3D('',#11842,#9483,#9484);
#7876=AXIS2_PLACEMENT_3D('',#11844,#9486,#9487);
#7877=AXIS2_PLACEMENT_3D('',#11845,#9488,#9489);
#7878=AXIS2_PLACEMENT_3D('',#11847,#9490,#9491);
#7879=AXIS2_PLACEMENT_3D('',#11850,#9493,#9494);
#7880=AXIS2_PLACEMENT_3D('',#11851,#9495,#9496);
#7881=AXIS2_PLACEMENT_3D('',#11853,#9497,#9498);
#7882=AXIS2_PLACEMENT_3D('',#11855,#9500,#9501);
#7883=AXIS2_PLACEMENT_3D('',#11856,#9502,#9503);
#7884=AXIS2_PLACEMENT_3D('',#11857,#9504,#9505);
#7885=AXIS2_PLACEMENT_3D('',#11859,#9506,#9507);
#7886=AXIS2_PLACEMENT_3D('',#11862,#9509,#9510);
#7887=AXIS2_PLACEMENT_3D('',#11863,#9511,#9512);
#7888=AXIS2_PLACEMENT_3D('',#11865,#9513,#9514);
#7889=AXIS2_PLACEMENT_3D('',#11867,#9516,#9517);
#7890=AXIS2_PLACEMENT_3D('',#11868,#9518,#9519);
#7891=AXIS2_PLACEMENT_3D('',#11869,#9520,#9521);
#7892=AXIS2_PLACEMENT_3D('',#11871,#9522,#9523);
#7893=AXIS2_PLACEMENT_3D('',#11874,#9525,#9526);
#7894=AXIS2_PLACEMENT_3D('',#11875,#9527,#9528);
#7895=AXIS2_PLACEMENT_3D('',#11877,#9529,#9530);
#7896=AXIS2_PLACEMENT_3D('',#11879,#9532,#9533);
#7897=AXIS2_PLACEMENT_3D('',#11880,#9534,#9535);
#7898=AXIS2_PLACEMENT_3D('',#11881,#9536,#9537);
#7899=AXIS2_PLACEMENT_3D('',#11887,#9541,#9542);
#7900=AXIS2_PLACEMENT_3D('',#11891,#9545,#9546);
#7901=AXIS2_PLACEMENT_3D('',#11895,#9549,#9550);
#7902=AXIS2_PLACEMENT_3D('',#11899,#9553,#9554);
#7903=AXIS2_PLACEMENT_3D('',#11901,#9556,#9557);
#7904=AXIS2_PLACEMENT_3D('',#11905,#9560,#9561);
#7905=AXIS2_PLACEMENT_3D('',#11910,#9565,#9566);
#7906=AXIS2_PLACEMENT_3D('',#11914,#9569,#9570);
#7907=AXIS2_PLACEMENT_3D('',#11918,#9573,#9574);
#7908=AXIS2_PLACEMENT_3D('',#11920,#9576,#9577);
#7909=AXIS2_PLACEMENT_3D('',#11921,#9578,#9579);
#7910=AXIS2_PLACEMENT_3D('',#11922,#9580,#9581);
#7911=AXIS2_PLACEMENT_3D('',#11925,#9582,#9583);
#7912=AXIS2_PLACEMENT_3D('',#11929,#9585,#9586);
#7913=AXIS2_PLACEMENT_3D('',#11931,#9588,#9589);
#7914=AXIS2_PLACEMENT_3D('',#11934,#9590,#9591);
#7915=AXIS2_PLACEMENT_3D('',#11938,#9593,#9594);
#7916=AXIS2_PLACEMENT_3D('',#11940,#9596,#9597);
#7917=AXIS2_PLACEMENT_3D('',#11943,#9598,#9599);
#7918=AXIS2_PLACEMENT_3D('',#11947,#9601,#9602);
#7919=AXIS2_PLACEMENT_3D('',#11949,#9604,#9605);
#7920=AXIS2_PLACEMENT_3D('',#11952,#9606,#9607);
#7921=AXIS2_PLACEMENT_3D('',#11956,#9609,#9610);
#7922=AXIS2_PLACEMENT_3D('',#11958,#9612,#9613);
#7923=AXIS2_PLACEMENT_3D('',#11961,#9614,#9615);
#7924=AXIS2_PLACEMENT_3D('',#11965,#9617,#9618);
#7925=AXIS2_PLACEMENT_3D('',#11967,#9620,#9621);
#7926=AXIS2_PLACEMENT_3D('',#11970,#9622,#9623);
#7927=AXIS2_PLACEMENT_3D('',#11974,#9625,#9626);
#7928=AXIS2_PLACEMENT_3D('',#11976,#9628,#9629);
#7929=AXIS2_PLACEMENT_3D('',#11979,#9630,#9631);
#7930=AXIS2_PLACEMENT_3D('',#11983,#9633,#9634);
#7931=AXIS2_PLACEMENT_3D('',#11985,#9636,#9637);
#7932=AXIS2_PLACEMENT_3D('',#11988,#9638,#9639);
#7933=AXIS2_PLACEMENT_3D('',#11992,#9641,#9642);
#7934=AXIS2_PLACEMENT_3D('',#11994,#9644,#9645);
#7935=AXIS2_PLACEMENT_3D('',#12003,#9650,#9651);
#7936=AXIS2_PLACEMENT_3D('',#12009,#9655,#9656);
#7937=AXIS2_PLACEMENT_3D('',#12011,#9657,#9658);
#7938=AXIS2_PLACEMENT_3D('',#12013,#9659,#9660);
#7939=AXIS2_PLACEMENT_3D('',#12015,#9662,#9663);
#7940=AXIS2_PLACEMENT_3D('',#12021,#9667,#9668);
#7941=AXIS2_PLACEMENT_3D('',#12027,#9672,#9673);
#7942=AXIS2_PLACEMENT_3D('',#12033,#9677,#9678);
#7943=AXIS2_PLACEMENT_3D('',#12035,#9679,#9680);
#7944=AXIS2_PLACEMENT_3D('',#12037,#9681,#9682);
#7945=AXIS2_PLACEMENT_3D('',#12039,#9684,#9685);
#7946=AXIS2_PLACEMENT_3D('',#12045,#9689,#9690);
#7947=AXIS2_PLACEMENT_3D('',#12051,#9694,#9695);
#7948=AXIS2_PLACEMENT_3D('',#12057,#9699,#9700);
#7949=AXIS2_PLACEMENT_3D('',#12059,#9701,#9702);
#7950=AXIS2_PLACEMENT_3D('',#12061,#9703,#9704);
#7951=AXIS2_PLACEMENT_3D('',#12063,#9706,#9707);
#7952=AXIS2_PLACEMENT_3D('',#12069,#9711,#9712);
#7953=AXIS2_PLACEMENT_3D('',#12075,#9716,#9717);
#7954=AXIS2_PLACEMENT_3D('',#12081,#9721,#9722);
#7955=AXIS2_PLACEMENT_3D('',#12083,#9723,#9724);
#7956=AXIS2_PLACEMENT_3D('',#12085,#9725,#9726);
#7957=AXIS2_PLACEMENT_3D('',#12087,#9728,#9729);
#7958=AXIS2_PLACEMENT_3D('',#12090,#9732,#9733);
#7959=AXIS2_PLACEMENT_3D('',#12115,#9750,#9751);
#7960=AXIS2_PLACEMENT_3D('',#12117,#9753,#9754);
#7961=AXIS2_PLACEMENT_3D('',#12121,#9756,#9757);
#7962=AXIS2_PLACEMENT_3D('',#12123,#9759,#9760);
#7963=AXIS2_PLACEMENT_3D('',#12125,#9762,#9763);
#7964=AXIS2_PLACEMENT_3D('',#12129,#9765,#9766);
#7965=AXIS2_PLACEMENT_3D('',#12131,#9768,#9769);
#7966=AXIS2_PLACEMENT_3D('',#12133,#9771,#9772);
#7967=AXIS2_PLACEMENT_3D('',#12137,#9774,#9775);
#7968=AXIS2_PLACEMENT_3D('',#12139,#9777,#9778);
#7969=AXIS2_PLACEMENT_3D('',#12141,#9780,#9781);
#7970=AXIS2_PLACEMENT_3D('',#12145,#9783,#9784);
#7971=AXIS2_PLACEMENT_3D('',#12147,#9786,#9787);
#7972=AXIS2_PLACEMENT_3D('',#12150,#9790,#9791);
#7973=AXIS2_PLACEMENT_3D('',#12152,#9793,#9794);
#7974=AXIS2_PLACEMENT_3D('',#12154,#9796,#9797);
#7975=AXIS2_PLACEMENT_3D('',#12156,#9799,#9800);
#7976=AXIS2_PLACEMENT_3D('',#12158,#9802,#9803);
#7977=AXIS2_PLACEMENT_3D('',#12160,#9805,#9806);
#7978=AXIS2_PLACEMENT_3D('',#12162,#9808,#9809);
#7979=AXIS2_PLACEMENT_3D('',#12164,#9811,#9812);
#7980=AXIS2_PLACEMENT_3D('',#12166,#9814,#9815);
#7981=AXIS2_PLACEMENT_3D('',#12168,#9817,#9818);
#7982=AXIS2_PLACEMENT_3D('',#12170,#9820,#9821);
#7983=AXIS2_PLACEMENT_3D('',#12172,#9823,#9824);
#7984=AXIS2_PLACEMENT_3D('',#12174,#9826,#9827);
#7985=AXIS2_PLACEMENT_3D('',#12176,#9829,#9830);
#7986=AXIS2_PLACEMENT_3D('',#12178,#9832,#9833);
#7987=AXIS2_PLACEMENT_3D('',#12179,#9834,#9835);
#7988=AXIS2_PLACEMENT_3D('',#12185,#9839,#9840);
#7989=AXIS2_PLACEMENT_3D('',#12187,#9841,#9842);
#7990=AXIS2_PLACEMENT_3D('',#12189,#9844,#9845);
#7991=AXIS2_PLACEMENT_3D('',#12193,#9848,#9849);
#7992=AXIS2_PLACEMENT_3D('',#12195,#9850,#9851);
#7993=AXIS2_PLACEMENT_3D('',#12197,#9853,#9854);
#7994=AXIS2_PLACEMENT_3D('',#12201,#9857,#9858);
#7995=AXIS2_PLACEMENT_3D('',#12204,#9860,#9861);
#7996=AXIS2_PLACEMENT_3D('',#12205,#9862,#9863);
#7997=AXIS2_PLACEMENT_3D('',#12209,#9866,#9867);
#7998=AXIS2_PLACEMENT_3D('',#12210,#9868,#9869);
#7999=AXIS2_PLACEMENT_3D('',#12211,#9870,#9871);
#8000=AXIS2_PLACEMENT_3D('',#12212,#9872,#9873);
#8001=AXIS2_PLACEMENT_3D('',#12215,#9874,#9875);
#8002=AXIS2_PLACEMENT_3D('',#12219,#9877,#9878);
#8003=AXIS2_PLACEMENT_3D('',#12221,#9880,#9881);
#8004=AXIS2_PLACEMENT_3D('',#12222,#9882,#9883);
#8005=AXIS2_PLACEMENT_3D('',#12224,#9884,#9885);
#8006=AXIS2_PLACEMENT_3D('',#12225,#9886,#9887);
#8007=AXIS2_PLACEMENT_3D('',#12228,#9888,#9889);
#8008=AXIS2_PLACEMENT_3D('',#12232,#9891,#9892);
#8009=AXIS2_PLACEMENT_3D('',#12234,#9894,#9895);
#8010=AXIS2_PLACEMENT_3D('',#12235,#9896,#9897);
#8011=AXIS2_PLACEMENT_3D('',#12237,#9898,#9899);
#8012=AXIS2_PLACEMENT_3D('',#12238,#9900,#9901);
#8013=AXIS2_PLACEMENT_3D('',#12241,#9902,#9903);
#8014=AXIS2_PLACEMENT_3D('',#12245,#9905,#9906);
#8015=AXIS2_PLACEMENT_3D('',#12247,#9908,#9909);
#8016=AXIS2_PLACEMENT_3D('',#12248,#9910,#9911);
#8017=AXIS2_PLACEMENT_3D('',#12250,#9912,#9913);
#8018=AXIS2_PLACEMENT_3D('',#12251,#9914,#9915);
#8019=AXIS2_PLACEMENT_3D('',#12254,#9916,#9917);
#8020=AXIS2_PLACEMENT_3D('',#12258,#9919,#9920);
#8021=AXIS2_PLACEMENT_3D('',#12260,#9922,#9923);
#8022=AXIS2_PLACEMENT_3D('',#12261,#9924,#9925);
#8023=AXIS2_PLACEMENT_3D('',#12263,#9926,#9927);
#8024=AXIS2_PLACEMENT_3D('',#12264,#9928,#9929);
#8025=AXIS2_PLACEMENT_3D('',#12267,#9931,#9932);
#8026=AXIS2_PLACEMENT_3D('',#12268,#9933,#9934);
#8027=AXIS2_PLACEMENT_3D('',#12271,#9937,#9938);
#8028=AXIS2_PLACEMENT_3D('',#12274,#9940,#9941);
#8029=AXIS2_PLACEMENT_3D('',#12275,#9942,#9943);
#8030=AXIS2_PLACEMENT_3D('',#12278,#9946,#9947);
#8031=AXIS2_PLACEMENT_3D('',#12279,#9948,#9949);
#8032=AXIS2_PLACEMENT_3D('',#12282,#9951,#9952);
#8033=AXIS2_PLACEMENT_3D('',#12283,#9953,#9954);
#8034=AXIS2_PLACEMENT_3D('',#12286,#9957,#9958);
#8035=AXIS2_PLACEMENT_3D('',#12287,#9959,#9960);
#8036=AXIS2_PLACEMENT_3D('',#12290,#9962,#9963);
#8037=AXIS2_PLACEMENT_3D('',#12291,#9964,#9965);
#8038=AXIS2_PLACEMENT_3D('',#12294,#9968,#9969);
#8039=AXIS2_PLACEMENT_3D('',#12295,#9970,#9971);
#8040=AXIS2_PLACEMENT_3D('',#12298,#9973,#9974);
#8041=AXIS2_PLACEMENT_3D('',#12299,#9975,#9976);
#8042=AXIS2_PLACEMENT_3D('',#12302,#9978,#9979);
#8043=AXIS2_PLACEMENT_3D('',#12303,#9980,#9981);
#8044=AXIS2_PLACEMENT_3D('',#12309,#9985,#9986);
#8045=AXIS2_PLACEMENT_3D('',#12313,#9989,#9990);
#8046=AXIS2_PLACEMENT_3D('',#12317,#9993,#9994);
#8047=AXIS2_PLACEMENT_3D('',#12319,#9996,#9997);
#8048=AXIS2_PLACEMENT_3D('',#12320,#9998,#9999);
#8049=AXIS2_PLACEMENT_3D('',#12326,#10003,#10004);
#8050=AXIS2_PLACEMENT_3D('',#12330,#10007,#10008);
#8051=AXIS2_PLACEMENT_3D('',#12334,#10011,#10012);
#8052=AXIS2_PLACEMENT_3D('',#12336,#10014,#10015);
#8053=AXIS2_PLACEMENT_3D('',#12337,#10016,#10017);
#8054=AXIS2_PLACEMENT_3D('',#12346,#10022,#10023);
#8055=AXIS2_PLACEMENT_3D('',#12352,#10027,#10028);
#8056=AXIS2_PLACEMENT_3D('',#12358,#10032,#10033);
#8057=AXIS2_PLACEMENT_3D('',#12361,#10036,#10037);
#8058=AXIS2_PLACEMENT_3D('',#12362,#10038,#10039);
#8059=AXIS2_PLACEMENT_3D('',#12371,#10044,#10045);
#8060=AXIS2_PLACEMENT_3D('',#12373,#10046,#10047);
#8061=AXIS2_PLACEMENT_3D('',#12375,#10048,#10049);
#8062=AXIS2_PLACEMENT_3D('',#12377,#10051,#10052);
#8063=AXIS2_PLACEMENT_3D('',#12379,#10053,#10054);
#8064=AXIS2_PLACEMENT_3D('',#12381,#10055,#10056);
#8065=AXIS2_PLACEMENT_3D('',#12383,#10058,#10059);
#8066=AXIS2_PLACEMENT_3D('',#12385,#10060,#10061);
#8067=AXIS2_PLACEMENT_3D('',#12387,#10062,#10063);
#8068=AXIS2_PLACEMENT_3D('',#12389,#10065,#10066);
#8069=AXIS2_PLACEMENT_3D('',#12391,#10067,#10068);
#8070=AXIS2_PLACEMENT_3D('',#12393,#10069,#10070);
#8071=AXIS2_PLACEMENT_3D('',#12395,#10072,#10073);
#8072=AXIS2_PLACEMENT_3D('',#12397,#10074,#10075);
#8073=AXIS2_PLACEMENT_3D('',#12399,#10076,#10077);
#8074=AXIS2_PLACEMENT_3D('',#12401,#10079,#10080);
#8075=AXIS2_PLACEMENT_3D('',#12407,#10084,#10085);
#8076=AXIS2_PLACEMENT_3D('',#12409,#10086,#10087);
#8077=AXIS2_PLACEMENT_3D('',#12411,#10088,#10089);
#8078=AXIS2_PLACEMENT_3D('',#12413,#10091,#10092);
#8079=AXIS2_PLACEMENT_3D('',#12415,#10093,#10094);
#8080=AXIS2_PLACEMENT_3D('',#12417,#10095,#10096);
#8081=AXIS2_PLACEMENT_3D('',#12419,#10098,#10099);
#8082=AXIS2_PLACEMENT_3D('',#12421,#10100,#10101);
#8083=AXIS2_PLACEMENT_3D('',#12423,#10102,#10103);
#8084=AXIS2_PLACEMENT_3D('',#12425,#10105,#10106);
#8085=AXIS2_PLACEMENT_3D('',#12431,#10110,#10111);
#8086=AXIS2_PLACEMENT_3D('',#12433,#10112,#10113);
#8087=AXIS2_PLACEMENT_3D('',#12435,#10114,#10115);
#8088=AXIS2_PLACEMENT_3D('',#12437,#10117,#10118);
#8089=AXIS2_PLACEMENT_3D('',#12439,#10119,#10120);
#8090=AXIS2_PLACEMENT_3D('',#12441,#10121,#10122);
#8091=AXIS2_PLACEMENT_3D('',#12443,#10124,#10125);
#8092=AXIS2_PLACEMENT_3D('',#12445,#10126,#10127);
#8093=AXIS2_PLACEMENT_3D('',#12447,#10128,#10129);
#8094=AXIS2_PLACEMENT_3D('',#12449,#10131,#10132);
#8095=AXIS2_PLACEMENT_3D('',#12451,#10133,#10134);
#8096=AXIS2_PLACEMENT_3D('',#12453,#10135,#10136);
#8097=AXIS2_PLACEMENT_3D('',#12455,#10138,#10139);
#8098=AXIS2_PLACEMENT_3D('',#12457,#10140,#10141);
#8099=AXIS2_PLACEMENT_3D('',#12459,#10142,#10143);
#8100=AXIS2_PLACEMENT_3D('',#12461,#10145,#10146);
#8101=AXIS2_PLACEMENT_3D('',#12467,#10150,#10151);
#8102=AXIS2_PLACEMENT_3D('',#12469,#10152,#10153);
#8103=AXIS2_PLACEMENT_3D('',#12471,#10154,#10155);
#8104=AXIS2_PLACEMENT_3D('',#12473,#10157,#10158);
#8105=AXIS2_PLACEMENT_3D('',#12475,#10159,#10160);
#8106=AXIS2_PLACEMENT_3D('',#12477,#10161,#10162);
#8107=AXIS2_PLACEMENT_3D('',#12479,#10164,#10165);
#8108=AXIS2_PLACEMENT_3D('',#12481,#10166,#10167);
#8109=AXIS2_PLACEMENT_3D('',#12483,#10168,#10169);
#8110=AXIS2_PLACEMENT_3D('',#12485,#10171,#10172);
#8111=AXIS2_PLACEMENT_3D('',#12491,#10176,#10177);
#8112=AXIS2_PLACEMENT_3D('',#12493,#10178,#10179);
#8113=AXIS2_PLACEMENT_3D('',#12495,#10180,#10181);
#8114=AXIS2_PLACEMENT_3D('',#12497,#10183,#10184);
#8115=AXIS2_PLACEMENT_3D('',#12499,#10185,#10186);
#8116=AXIS2_PLACEMENT_3D('',#12501,#10187,#10188);
#8117=AXIS2_PLACEMENT_3D('',#12503,#10190,#10191);
#8118=AXIS2_PLACEMENT_3D('',#12505,#10192,#10193);
#8119=AXIS2_PLACEMENT_3D('',#12507,#10194,#10195);
#8120=AXIS2_PLACEMENT_3D('',#12509,#10197,#10198);
#8121=AXIS2_PLACEMENT_3D('',#12511,#10199,#10200);
#8122=AXIS2_PLACEMENT_3D('',#12513,#10201,#10202);
#8123=AXIS2_PLACEMENT_3D('',#12515,#10204,#10205);
#8124=AXIS2_PLACEMENT_3D('',#12517,#10206,#10207);
#8125=AXIS2_PLACEMENT_3D('',#12519,#10208,#10209);
#8126=AXIS2_PLACEMENT_3D('',#12521,#10211,#10212);
#8127=AXIS2_PLACEMENT_3D('',#12527,#10216,#10217);
#8128=AXIS2_PLACEMENT_3D('',#12529,#10218,#10219);
#8129=AXIS2_PLACEMENT_3D('',#12531,#10220,#10221);
#8130=AXIS2_PLACEMENT_3D('',#12533,#10223,#10224);
#8131=AXIS2_PLACEMENT_3D('',#12535,#10225,#10226);
#8132=AXIS2_PLACEMENT_3D('',#12537,#10227,#10228);
#8133=AXIS2_PLACEMENT_3D('',#12539,#10230,#10231);
#8134=AXIS2_PLACEMENT_3D('',#12541,#10232,#10233);
#8135=AXIS2_PLACEMENT_3D('',#12543,#10234,#10235);
#8136=AXIS2_PLACEMENT_3D('',#12545,#10237,#10238);
#8137=AXIS2_PLACEMENT_3D('',#12551,#10242,#10243);
#8138=AXIS2_PLACEMENT_3D('',#12553,#10244,#10245);
#8139=AXIS2_PLACEMENT_3D('',#12555,#10246,#10247);
#8140=AXIS2_PLACEMENT_3D('',#12557,#10249,#10250);
#8141=AXIS2_PLACEMENT_3D('',#12559,#10251,#10252);
#8142=AXIS2_PLACEMENT_3D('',#12561,#10253,#10254);
#8143=AXIS2_PLACEMENT_3D('',#12563,#10256,#10257);
#8144=AXIS2_PLACEMENT_3D('',#12565,#10258,#10259);
#8145=AXIS2_PLACEMENT_3D('',#12567,#10260,#10261);
#8146=AXIS2_PLACEMENT_3D('',#12569,#10263,#10264);
#8147=AXIS2_PLACEMENT_3D('',#12571,#10265,#10266);
#8148=AXIS2_PLACEMENT_3D('',#12573,#10267,#10268);
#8149=AXIS2_PLACEMENT_3D('',#12575,#10270,#10271);
#8150=AXIS2_PLACEMENT_3D('',#12577,#10272,#10273);
#8151=AXIS2_PLACEMENT_3D('',#12579,#10274,#10275);
#8152=AXIS2_PLACEMENT_3D('',#12581,#10277,#10278);
#8153=AXIS2_PLACEMENT_3D('',#12587,#10282,#10283);
#8154=AXIS2_PLACEMENT_3D('',#12589,#10284,#10285);
#8155=AXIS2_PLACEMENT_3D('',#12591,#10286,#10287);
#8156=AXIS2_PLACEMENT_3D('',#12593,#10289,#10290);
#8157=AXIS2_PLACEMENT_3D('',#12595,#10291,#10292);
#8158=AXIS2_PLACEMENT_3D('',#12597,#10293,#10294);
#8159=AXIS2_PLACEMENT_3D('',#12599,#10296,#10297);
#8160=AXIS2_PLACEMENT_3D('',#12600,#10298,#10299);
#8161=AXIS2_PLACEMENT_3D('',#12601,#10300,#10301);
#8162=AXIS2_PLACEMENT_3D('',#12602,#10302,#10303);
#8163=AXIS2_PLACEMENT_3D('',#12603,#10304,#10305);
#8164=AXIS2_PLACEMENT_3D('',#12607,#10307,#10308);
#8165=AXIS2_PLACEMENT_3D('',#12609,#10310,#10311);
#8166=AXIS2_PLACEMENT_3D('',#12611,#10312,#10313);
#8167=AXIS2_PLACEMENT_3D('',#12613,#10315,#10316);
#8168=AXIS2_PLACEMENT_3D('',#12615,#10317,#10318);
#8169=AXIS2_PLACEMENT_3D('',#12617,#10320,#10321);
#8170=AXIS2_PLACEMENT_3D('',#12619,#10322,#10323);
#8171=AXIS2_PLACEMENT_3D('',#12621,#10325,#10326);
#8172=AXIS2_PLACEMENT_3D('',#12623,#10327,#10328);
#8173=AXIS2_PLACEMENT_3D('',#12625,#10330,#10331);
#8174=AXIS2_PLACEMENT_3D('',#12628,#10333,#10334);
#8175=AXIS2_PLACEMENT_3D('',#12629,#10335,#10336);
#8176=AXIS2_PLACEMENT_3D('',#12632,#10338,#10339);
#8177=AXIS2_PLACEMENT_3D('',#12633,#10340,#10341);
#8178=AXIS2_PLACEMENT_3D('',#12634,#10342,#10343);
#8179=AXIS2_PLACEMENT_3D('',#12635,#10344,#10345);
#8180=AXIS2_PLACEMENT_3D('',#12637,#10346,#10347);
#8181=AXIS2_PLACEMENT_3D('',#12639,#10348,#10349);
#8182=AXIS2_PLACEMENT_3D('',#12641,#10350,#10351);
#8183=AXIS2_PLACEMENT_3D('',#12643,#10352,#10353);
#8184=AXIS2_PLACEMENT_3D('',#12644,#10354,#10355);
#8185=AXIS2_PLACEMENT_3D('',#12646,#10357,#10358);
#8186=AXIS2_PLACEMENT_3D('',#12648,#10360,#10361);
#8187=AXIS2_PLACEMENT_3D('',#12650,#10363,#10364);
#8188=AXIS2_PLACEMENT_3D('',#12652,#10366,#10367);
#8189=AXIS2_PLACEMENT_3D('',#12653,#10368,#10369);
#8190=AXIS2_PLACEMENT_3D('',#12654,#10370,#10371);
#8191=AXIS2_PLACEMENT_3D('',#12656,#10373,#10374);
#8192=AXIS2_PLACEMENT_3D('',#12657,#10375,#10376);
#8193=AXIS2_PLACEMENT_3D('',#12659,#10378,#10379);
#8194=AXIS2_PLACEMENT_3D('',#12661,#10381,#10382);
#8195=AXIS2_PLACEMENT_3D('',#12663,#10384,#10385);
#8196=AXIS2_PLACEMENT_3D('',#12664,#10386,#10387);
#8197=AXIS2_PLACEMENT_3D('',#12666,#10389,#10390);
#8198=AXIS2_PLACEMENT_3D('',#12668,#10392,#10393);
#8199=AXIS2_PLACEMENT_3D('',#12670,#10395,#10396);
#8200=AXIS2_PLACEMENT_3D('',#12671,#10397,#10398);
#8201=AXIS2_PLACEMENT_3D('',#12673,#10400,#10401);
#8202=AXIS2_PLACEMENT_3D('',#12675,#10403,#10404);
#8203=AXIS2_PLACEMENT_3D('',#12677,#10406,#10407);
#8204=AXIS2_PLACEMENT_3D('',#12678,#10408,#10409);
#8205=AXIS2_PLACEMENT_3D('',#12680,#10411,#10412);
#8206=AXIS2_PLACEMENT_3D('',#12682,#10414,#10415);
#8207=AXIS2_PLACEMENT_3D('',#12684,#10417,#10418);
#8208=AXIS2_PLACEMENT_3D('',#12685,#10419,#10420);
#8209=AXIS2_PLACEMENT_3D('',#12687,#10422,#10423);
#8210=AXIS2_PLACEMENT_3D('',#12689,#10425,#10426);
#8211=AXIS2_PLACEMENT_3D('',#12691,#10428,#10429);
#8212=AXIS2_PLACEMENT_3D('',#12692,#10430,#10431);
#8213=AXIS2_PLACEMENT_3D('',#12694,#10433,#10434);
#8214=AXIS2_PLACEMENT_3D('',#12696,#10436,#10437);
#8215=AXIS2_PLACEMENT_3D('',#12698,#10439,#10440);
#8216=AXIS2_PLACEMENT_3D('',#12699,#10441,#10442);
#8217=AXIS2_PLACEMENT_3D('',#12701,#10444,#10445);
#8218=AXIS2_PLACEMENT_3D('',#12703,#10447,#10448);
#8219=AXIS2_PLACEMENT_3D('',#12705,#10450,#10451);
#8220=AXIS2_PLACEMENT_3D('',#12706,#10452,#10453);
#8221=AXIS2_PLACEMENT_3D('',#12708,#10455,#10456);
#8222=AXIS2_PLACEMENT_3D('',#12710,#10458,#10459);
#8223=AXIS2_PLACEMENT_3D('',#12712,#10461,#10462);
#8224=AXIS2_PLACEMENT_3D('',#12713,#10463,#10464);
#8225=AXIS2_PLACEMENT_3D('',#12715,#10466,#10467);
#8226=AXIS2_PLACEMENT_3D('',#12717,#10469,#10470);
#8227=AXIS2_PLACEMENT_3D('',#12719,#10472,#10473);
#8228=AXIS2_PLACEMENT_3D('',#12721,#10475,#10476);
#8229=AXIS2_PLACEMENT_3D('',#12722,#10477,#10478);
#8230=AXIS2_PLACEMENT_3D('',#12724,#10480,#10481);
#8231=AXIS2_PLACEMENT_3D('',#12726,#10483,#10484);
#8232=AXIS2_PLACEMENT_3D('',#12727,#10485,#10486);
#8233=DIRECTION('axis',(0.,0.,1.));
#8234=DIRECTION('refdir',(1.,0.,0.));
#8235=DIRECTION('center_axis',(0.,0.,-1.));
#8236=DIRECTION('ref_axis',(1.,0.,0.));
#8237=DIRECTION('',(0.,0.,1.));
#8238=DIRECTION('center_axis',(0.,0.,-1.));
#8239=DIRECTION('ref_axis',(1.,0.,0.));
#8240=DIRECTION('',(0.,0.,-1.));
#8241=DIRECTION('center_axis',(0.,0.,1.));
#8242=DIRECTION('ref_axis',(1.,0.,0.));
#8243=DIRECTION('center_axis',(0.,0.,-1.));
#8244=DIRECTION('ref_axis',(1.,0.,0.));
#8245=DIRECTION('',(0.,0.,1.));
#8246=DIRECTION('center_axis',(0.,0.,-1.));
#8247=DIRECTION('ref_axis',(1.,0.,0.));
#8248=DIRECTION('',(0.,0.,-1.));
#8249=DIRECTION('center_axis',(0.,0.,1.));
#8250=DIRECTION('ref_axis',(1.,0.,0.));
#8251=DIRECTION('center_axis',(0.,0.,-1.));
#8252=DIRECTION('ref_axis',(1.,0.,0.));
#8253=DIRECTION('',(0.,0.,1.));
#8254=DIRECTION('center_axis',(0.,0.,-1.));
#8255=DIRECTION('ref_axis',(1.,0.,0.));
#8256=DIRECTION('',(0.,0.,-1.));
#8257=DIRECTION('center_axis',(0.,0.,1.));
#8258=DIRECTION('ref_axis',(1.,0.,0.));
#8259=DIRECTION('center_axis',(0.,0.,-1.));
#8260=DIRECTION('ref_axis',(1.,0.,0.));
#8261=DIRECTION('',(0.,0.,1.));
#8262=DIRECTION('center_axis',(0.,0.,-1.));
#8263=DIRECTION('ref_axis',(1.,0.,0.));
#8264=DIRECTION('',(0.,0.,-1.));
#8265=DIRECTION('center_axis',(0.,0.,1.));
#8266=DIRECTION('ref_axis',(1.,0.,0.));
#8267=DIRECTION('center_axis',(-4.33680868988646E-19,7.81297769536505E-15,
1.));
#8268=DIRECTION('ref_axis',(-1.,-6.77667791272972E-33,-4.33680868988646E-19));
#8269=DIRECTION('center_axis',(4.33680868988646E-19,-7.81297769536505E-15,
-1.));
#8270=DIRECTION('ref_axis',(-1.,-6.77667791272972E-33,-4.33680868988646E-19));
#8271=DIRECTION('center_axis',(-4.33680868988646E-19,7.81297769536505E-15,
1.));
#8272=DIRECTION('ref_axis',(-1.,-6.77667791272972E-33,-4.33680868988646E-19));
#8273=DIRECTION('center_axis',(0.,0.,-1.));
#8274=DIRECTION('ref_axis',(1.,0.,0.));
#8275=DIRECTION('center_axis',(0.,0.,-1.));
#8276=DIRECTION('ref_axis',(1.,0.,0.));
#8277=DIRECTION('center_axis',(0.,0.,1.));
#8278=DIRECTION('ref_axis',(1.,0.,0.));
#8279=DIRECTION('center_axis',(0.,1.,0.));
#8280=DIRECTION('ref_axis',(1.,0.,0.));
#8281=DIRECTION('',(0.,0.,-1.));
#8282=DIRECTION('',(-1.,0.,0.));
#8283=DIRECTION('',(0.,0.,-1.));
#8284=DIRECTION('',(1.,0.,0.));
#8285=DIRECTION('center_axis',(0.,0.,-1.));
#8286=DIRECTION('ref_axis',(1.,0.,0.));
#8287=DIRECTION('center_axis',(0.,0.,-1.));
#8288=DIRECTION('ref_axis',(1.,0.,0.));
#8289=DIRECTION('center_axis',(0.,0.,1.));
#8290=DIRECTION('ref_axis',(1.,0.,0.));
#8291=DIRECTION('center_axis',(0.,-1.,0.));
#8292=DIRECTION('ref_axis',(-1.,0.,0.));
#8293=DIRECTION('',(0.,0.,-1.));
#8294=DIRECTION('',(1.,0.,0.));
#8295=DIRECTION('',(0.,0.,-1.));
#8296=DIRECTION('',(-1.,0.,0.));
#8297=DIRECTION('center_axis',(0.,0.,-1.));
#8298=DIRECTION('ref_axis',(1.,0.,0.));
#8299=DIRECTION('center_axis',(0.,0.,-1.));
#8300=DIRECTION('ref_axis',(1.,0.,0.));
#8301=DIRECTION('center_axis',(0.,0.,1.));
#8302=DIRECTION('ref_axis',(1.,0.,0.));
#8303=DIRECTION('center_axis',(0.,-1.,0.));
#8304=DIRECTION('ref_axis',(-1.,0.,0.));
#8305=DIRECTION('',(-1.,0.,0.));
#8306=DIRECTION('',(0.,0.,-1.));
#8307=DIRECTION('',(1.,0.,0.));
#8308=DIRECTION('center_axis',(0.,0.,-1.));
#8309=DIRECTION('ref_axis',(1.,0.,0.));
#8310=DIRECTION('center_axis',(0.,0.,-1.));
#8311=DIRECTION('ref_axis',(1.,0.,0.));
#8312=DIRECTION('center_axis',(0.,0.,1.));
#8313=DIRECTION('ref_axis',(1.,0.,0.));
#8314=DIRECTION('center_axis',(0.,1.,0.));
#8315=DIRECTION('ref_axis',(1.,0.,0.));
#8316=DIRECTION('',(-1.,0.,0.));
#8317=DIRECTION('',(0.,0.,-1.));
#8318=DIRECTION('',(-1.,0.,0.));
#8319=DIRECTION('',(0.,0.,-1.));
#8320=DIRECTION('',(1.,0.,0.));
#8321=DIRECTION('center_axis',(0.,1.,0.));
#8322=DIRECTION('ref_axis',(0.707106781186549,0.,0.707106781186546));
#8323=DIRECTION('center_axis',(0.,1.,0.));
#8324=DIRECTION('ref_axis',(0.,0.,1.));
#8325=DIRECTION('',(0.,1.,0.));
#8326=DIRECTION('center_axis',(0.,-1.,0.));
#8327=DIRECTION('ref_axis',(1.,0.,0.));
#8328=DIRECTION('',(0.,-1.,0.));
#8329=DIRECTION('center_axis',(0.,0.,1.));
#8330=DIRECTION('ref_axis',(1.,0.,0.));
#8331=DIRECTION('center_axis',(1.,4.44089209850056E-15,0.));
#8332=DIRECTION('ref_axis',(-4.44089209850056E-15,1.,0.));
#8333=DIRECTION('center_axis',(0.,0.,-1.));
#8334=DIRECTION('ref_axis',(0.707106781186548,0.707106781186548,0.));
#8335=DIRECTION('center_axis',(0.,0.,1.));
#8336=DIRECTION('ref_axis',(0.707106781186548,0.707106781186548,0.));
#8337=DIRECTION('center_axis',(-1.,1.52476981922768E-16,0.));
#8338=DIRECTION('ref_axis',(0.,0.707106781186546,0.707106781186549));
#8339=DIRECTION('center_axis',(1.,0.,0.));
#8340=DIRECTION('ref_axis',(0.,1.,0.));
#8341=DIRECTION('',(1.,-1.52476981922768E-16,0.));
#8342=DIRECTION('',(-1.,1.52476981922768E-16,0.));
#8343=DIRECTION('center_axis',(0.,0.,1.));
#8344=DIRECTION('ref_axis',(1.,0.,0.));
#8345=DIRECTION('center_axis',(-2.22044604925032E-15,1.,0.));
#8346=DIRECTION('ref_axis',(-1.,-2.22044604925032E-15,0.));
#8347=DIRECTION('center_axis',(0.,0.,-1.));
#8348=DIRECTION('ref_axis',(-0.707106781186548,0.707106781186547,0.));
#8349=DIRECTION('center_axis',(0.,0.,1.));
#8350=DIRECTION('ref_axis',(-0.707106781186548,0.707106781186547,0.));
#8351=DIRECTION('center_axis',(4.27522705030145E-16,-1.,0.));
#8352=DIRECTION('ref_axis',(-0.707106781186546,0.,0.707106781186549));
#8353=DIRECTION('center_axis',(0.,1.,0.));
#8354=DIRECTION('ref_axis',(-1.,0.,0.));
#8355=DIRECTION('',(-4.27522705030145E-16,1.,0.));
#8356=DIRECTION('',(4.27522705030145E-16,-1.,0.));
#8357=DIRECTION('center_axis',(0.,0.,1.));
#8358=DIRECTION('ref_axis',(1.,0.,0.));
#8359=DIRECTION('center_axis',(-1.,0.,0.));
#8360=DIRECTION('ref_axis',(0.,-1.,0.));
#8361=DIRECTION('center_axis',(0.,0.,-1.));
#8362=DIRECTION('ref_axis',(-0.707106781186548,-0.707106781186547,0.));
#8363=DIRECTION('center_axis',(0.,0.,1.));
#8364=DIRECTION('ref_axis',(-0.707106781186548,-0.707106781186547,0.));
#8365=DIRECTION('center_axis',(1.,0.,0.));
#8366=DIRECTION('ref_axis',(0.,-0.707106781186549,0.707106781186546));
#8367=DIRECTION('center_axis',(-1.,0.,0.));
#8368=DIRECTION('ref_axis',(0.,-1.,0.));
#8369=DIRECTION('',(-1.,0.,0.));
#8370=DIRECTION('',(1.,0.,0.));
#8371=DIRECTION('center_axis',(0.,0.,1.));
#8372=DIRECTION('ref_axis',(1.,0.,0.));
#8373=DIRECTION('center_axis',(0.,0.,-1.));
#8374=DIRECTION('ref_axis',(0.707106781186548,-0.707106781186547,0.));
#8375=DIRECTION('center_axis',(0.,0.,1.));
#8376=DIRECTION('ref_axis',(0.707106781186548,-0.707106781186547,0.));
#8377=DIRECTION('center_axis',(0.,0.,-1.));
#8378=DIRECTION('ref_axis',(7.89491928622334E-16,1.,0.));
#8379=DIRECTION('',(0.,0.,-1.));
#8380=DIRECTION('center_axis',(0.,0.,-1.));
#8381=DIRECTION('ref_axis',(7.89491928622334E-16,1.,0.));
#8382=DIRECTION('',(0.,0.,-1.));
#8383=DIRECTION('center_axis',(1.52476981922768E-16,1.,0.));
#8384=DIRECTION('ref_axis',(1.,-1.52476981922768E-16,0.));
#8385=DIRECTION('',(0.,0.,-1.));
#8386=DIRECTION('',(1.,-1.52476981922768E-16,0.));
#8387=DIRECTION('center_axis',(0.,0.,-1.));
#8388=DIRECTION('ref_axis',(1.,0.,0.));
#8389=DIRECTION('',(0.,0.,-1.));
#8390=DIRECTION('center_axis',(0.,0.,-1.));
#8391=DIRECTION('ref_axis',(1.,0.,0.));
#8392=DIRECTION('center_axis',(1.,0.,0.));
#8393=DIRECTION('ref_axis',(0.,-1.,0.));
#8394=DIRECTION('',(0.,0.,-1.));
#8395=DIRECTION('',(0.,-1.,0.));
#8396=DIRECTION('center_axis',(0.,0.,1.));
#8397=DIRECTION('ref_axis',(-1.,0.,0.));
#8398=DIRECTION('',(0.866025403784436,-0.500000000000005,0.));
#8399=DIRECTION('center_axis',(0.,0.,-1.));
#8400=DIRECTION('ref_axis',(0.866025403784436,-0.500000000000005,0.));
#8401=DIRECTION('',(-0.500000000000042,-0.866025403784414,0.));
#8402=DIRECTION('center_axis',(0.,0.,-1.));
#8403=DIRECTION('ref_axis',(-0.5,-0.866025403784439,0.));
#8404=DIRECTION('',(-0.866025403784437,0.500000000000002,0.));
#8405=DIRECTION('center_axis',(0.,0.,-1.));
#8406=DIRECTION('ref_axis',(-0.866025403784441,0.499999999999996,0.));
#8407=DIRECTION('',(0.500000000000024,0.866025403784425,0.));
#8408=DIRECTION('center_axis',(0.,0.,-1.));
#8409=DIRECTION('ref_axis',(0.500000000000003,0.866025403784437,0.));
#8410=DIRECTION('',(-0.50000000000003,-0.866025403784421,0.));
#8411=DIRECTION('center_axis',(0.,0.,-1.));
#8412=DIRECTION('ref_axis',(-0.5,-0.866025403784439,0.));
#8413=DIRECTION('',(-0.866025403784435,0.500000000000006,0.));
#8414=DIRECTION('center_axis',(0.,0.,-1.));
#8415=DIRECTION('ref_axis',(-0.866025403784481,0.499999999999927,0.));
#8416=DIRECTION('',(0.499999999999996,0.866025403784441,0.));
#8417=DIRECTION('center_axis',(0.,0.,-1.));
#8418=DIRECTION('ref_axis',(0.499999999999948,0.866025403784469,0.));
#8419=DIRECTION('',(0.866025403784434,-0.500000000000007,0.));
#8420=DIRECTION('center_axis',(0.,0.,-1.));
#8421=DIRECTION('ref_axis',(0.866025403784443,-0.499999999999992,0.));
#8422=DIRECTION('',(-0.499999999999988,0.866025403784445,0.));
#8423=DIRECTION('center_axis',(0.,0.,-1.));
#8424=DIRECTION('ref_axis',(-0.500000000000017,0.866025403784429,0.));
#8425=DIRECTION('',(0.866025403784438,0.500000000000001,0.));
#8426=DIRECTION('center_axis',(0.,0.,-1.));
#8427=DIRECTION('ref_axis',(0.866025403784438,0.500000000000002,0.));
#8428=DIRECTION('',(0.500000000000023,-0.866025403784425,0.));
#8429=DIRECTION('center_axis',(0.,0.,-1.));
#8430=DIRECTION('ref_axis',(0.500000000000047,-0.866025403784411,0.));
#8431=DIRECTION('',(-0.866025403784438,-0.500000000000001,0.));
#8432=DIRECTION('center_axis',(0.,0.,-1.));
#8433=DIRECTION('ref_axis',(-0.866025403784454,-0.499999999999974,0.));
#8434=DIRECTION('center_axis',(0.,0.,-1.));
#8435=DIRECTION('ref_axis',(0.866025403784454,0.499999999999974,0.));
#8436=DIRECTION('',(0.499999999999988,-0.866025403784445,0.));
#8437=DIRECTION('center_axis',(0.,0.,-1.));
#8438=DIRECTION('ref_axis',(0.500000000000044,-0.866025403784414,0.));
#8439=DIRECTION('',(-0.866025403784438,-0.500000000000001,0.));
#8440=DIRECTION('center_axis',(0.,0.,-1.));
#8441=DIRECTION('ref_axis',(-0.866025403784454,-0.499999999999974,0.));
#8442=DIRECTION('',(-0.499999999999981,0.86602540378445,0.));
#8443=DIRECTION('center_axis',(0.,0.,-1.));
#8444=DIRECTION('ref_axis',(-0.500000000000021,0.866025403784427,0.));
#8445=DIRECTION('',(0.866025403784438,0.500000000000001,0.));
#8446=DIRECTION('center_axis',(0.,0.,-1.));
#8447=DIRECTION('ref_axis',(0.500000000000005,-0.866025403784436,0.));
#8448=DIRECTION('',(-0.866025403784438,-0.500000000000001,0.));
#8449=DIRECTION('center_axis',(0.,0.,-1.));
#8450=DIRECTION('ref_axis',(-0.866025403784454,-0.499999999999974,0.));
#8451=DIRECTION('',(-0.499999999999981,0.86602540378445,0.));
#8452=DIRECTION('center_axis',(0.,0.,-1.));
#8453=DIRECTION('ref_axis',(-0.500000000000021,0.866025403784427,0.));
#8454=DIRECTION('',(0.866025403784437,0.500000000000003,0.));
#8455=DIRECTION('center_axis',(0.,0.,-1.));
#8456=DIRECTION('ref_axis',(0.866025403784454,0.499999999999974,0.));
#8457=DIRECTION('',(0.499999999999988,-0.866025403784445,0.));
#8458=DIRECTION('center_axis',(0.,0.,-1.));
#8459=DIRECTION('ref_axis',(0.866025403784454,0.499999999999974,0.));
#8460=DIRECTION('',(0.499999999999988,-0.866025403784445,0.));
#8461=DIRECTION('center_axis',(0.,0.,-1.));
#8462=DIRECTION('ref_axis',(0.500000000000044,-0.866025403784414,0.));
#8463=DIRECTION('',(-0.866025403784438,-0.500000000000001,0.));
#8464=DIRECTION('center_axis',(0.,0.,-1.));
#8465=DIRECTION('ref_axis',(-0.866025403784454,-0.499999999999974,0.));
#8466=DIRECTION('',(-0.499999999999981,0.86602540378445,0.));
#8467=DIRECTION('center_axis',(0.,0.,-1.));
#8468=DIRECTION('ref_axis',(-0.500000000000017,0.866025403784429,0.));
#8469=DIRECTION('',(0.866025403784437,0.500000000000003,0.));
#8470=DIRECTION('',(0.866025403784436,-0.500000000000004,0.));
#8471=DIRECTION('center_axis',(0.,0.,-1.));
#8472=DIRECTION('ref_axis',(0.866025403784423,-0.500000000000026,0.));
#8473=DIRECTION('',(-0.500000000000023,-0.866025403784425,0.));
#8474=DIRECTION('center_axis',(0.,0.,-1.));
#8475=DIRECTION('ref_axis',(-0.5,-0.866025403784439,0.));
#8476=DIRECTION('',(-0.866025403784435,0.500000000000006,0.));
#8477=DIRECTION('center_axis',(0.,0.,-1.));
#8478=DIRECTION('ref_axis',(-0.866025403784441,0.499999999999996,0.));
#8479=DIRECTION('',(0.500000000000035,0.866025403784418,0.));
#8480=DIRECTION('center_axis',(0.,0.,-1.));
#8481=DIRECTION('ref_axis',(0.500000000000003,0.866025403784437,0.));
#8482=DIRECTION('',(-0.866025403784437,0.500000000000003,0.));
#8483=DIRECTION('center_axis',(0.,0.,-1.));
#8484=DIRECTION('ref_axis',(-0.866025403784441,0.499999999999996,0.));
#8485=DIRECTION('',(0.500000000000004,0.866025403784436,0.));
#8486=DIRECTION('center_axis',(0.,0.,-1.));
#8487=DIRECTION('ref_axis',(0.500000000000003,0.866025403784437,0.));
#8488=DIRECTION('',(0.866025403784438,-0.5,0.));
#8489=DIRECTION('center_axis',(0.,0.,-1.));
#8490=DIRECTION('ref_axis',(0.866025403784436,-0.500000000000005,0.));
#8491=DIRECTION('',(-0.500000000000061,-0.866025403784404,0.));
#8492=DIRECTION('center_axis',(0.,0.,-1.));
#8493=DIRECTION('ref_axis',(-0.5,-0.866025403784439,0.));
#8494=DIRECTION('center_axis',(0.,0.,-1.));
#8495=DIRECTION('ref_axis',(-1.,0.,0.));
#8496=DIRECTION('center_axis',(0.,0.,-1.));
#8497=DIRECTION('ref_axis',(-1.,0.,0.));
#8498=DIRECTION('center_axis',(0.,0.,-1.));
#8499=DIRECTION('ref_axis',(-1.,0.,0.));
#8500=DIRECTION('center_axis',(0.,0.,-1.));
#8501=DIRECTION('ref_axis',(-1.,0.,0.));
#8502=DIRECTION('center_axis',(0.,0.,-1.));
#8503=DIRECTION('ref_axis',(-1.,0.,0.));
#8504=DIRECTION('center_axis',(0.,0.,-1.));
#8505=DIRECTION('ref_axis',(-1.,0.,0.));
#8506=DIRECTION('',(-1.,0.,0.));
#8507=DIRECTION('',(0.,1.,0.));
#8508=DIRECTION('',(1.,0.,0.));
#8509=DIRECTION('center_axis',(0.,0.,1.));
#8510=DIRECTION('ref_axis',(0.,-1.,0.));
#8511=DIRECTION('',(0.,1.,0.));
#8512=DIRECTION('',(1.,0.,0.));
#8513=DIRECTION('',(0.,-1.,0.));
#8514=DIRECTION('center_axis',(0.,0.,1.));
#8515=DIRECTION('ref_axis',(-1.,0.,0.));
#8516=DIRECTION('',(1.,0.,0.));
#8517=DIRECTION('',(0.,-1.,0.));
#8518=DIRECTION('',(-1.,0.,0.));
#8519=DIRECTION('center_axis',(0.,0.,1.));
#8520=DIRECTION('ref_axis',(0.,1.,0.));
#8521=DIRECTION('',(0.,-1.,0.));
#8522=DIRECTION('',(-1.,0.,0.));
#8523=DIRECTION('',(0.,1.,0.));
#8524=DIRECTION('center_axis',(0.,0.,1.));
#8525=DIRECTION('ref_axis',(1.,0.,0.));
#8526=DIRECTION('center_axis',(0.,0.,-1.));
#8527=DIRECTION('ref_axis',(-1.,0.,0.));
#8528=DIRECTION('',(2.22044604925031E-16,1.,0.));
#8529=DIRECTION('center_axis',(0.,0.,-1.));
#8530=DIRECTION('ref_axis',(0.,1.,0.));
#8531=DIRECTION('',(1.,-2.22044604925031E-16,0.));
#8532=DIRECTION('center_axis',(0.,0.,-1.));
#8533=DIRECTION('ref_axis',(0.,1.,0.));
#8534=DIRECTION('',(-2.22044604925031E-16,-1.,0.));
#8535=DIRECTION('center_axis',(0.,0.,1.));
#8536=DIRECTION('ref_axis',(0.,1.,0.));
#8537=DIRECTION('',(1.,-2.22044604925031E-16,0.));
#8538=DIRECTION('center_axis',(0.,0.,-1.));
#8539=DIRECTION('ref_axis',(0.,1.,0.));
#8540=DIRECTION('center_axis',(0.,0.,-1.));
#8541=DIRECTION('ref_axis',(1.,0.,0.));
#8542=DIRECTION('',(-1.,1.52476981922768E-16,0.));
#8543=DIRECTION('center_axis',(0.,0.,-1.));
#8544=DIRECTION('ref_axis',(-1.,4.13106241720991E-15,0.));
#8545=DIRECTION('',(-4.27522705030144E-16,1.,0.));
#8546=DIRECTION('center_axis',(0.,0.,-1.));
#8547=DIRECTION('ref_axis',(0.,1.,0.));
#8548=DIRECTION('',(1.,0.,0.));
#8549=DIRECTION('center_axis',(0.,0.,-1.));
#8550=DIRECTION('ref_axis',(1.,3.55271367880049E-15,0.));
#8551=DIRECTION('',(0.,-1.,0.));
#8552=DIRECTION('center_axis',(0.,0.,-1.));
#8553=DIRECTION('ref_axis',(2.66453525910037E-15,-1.,0.));
#8554=DIRECTION('center_axis',(0.,0.,1.));
#8555=DIRECTION('ref_axis',(1.,0.,0.));
#8556=DIRECTION('',(-1.,0.,0.));
#8557=DIRECTION('center_axis',(0.,0.,-1.));
#8558=DIRECTION('ref_axis',(5.92118946466756E-15,-1.,0.));
#8559=DIRECTION('',(0.,1.,0.));
#8560=DIRECTION('',(-1.,0.,0.));
#8561=DIRECTION('center_axis',(0.,0.,1.));
#8562=DIRECTION('ref_axis',(-1.,3.466062125659E-15,0.));
#8563=DIRECTION('',(0.,-1.,0.));
#8564=DIRECTION('center_axis',(0.,0.,1.));
#8565=DIRECTION('ref_axis',(-1.73303106282951E-15,-1.,0.));
#8566=DIRECTION('',(1.,0.,0.));
#8567=DIRECTION('',(5.62708071274788E-16,1.,0.));
#8568=DIRECTION('center_axis',(0.,0.,-1.));
#8569=DIRECTION('ref_axis',(-1.,0.,0.));
#8570=DIRECTION('',(1.,0.,0.));
#8571=DIRECTION('',(0.,1.,0.));
#8572=DIRECTION('center_axis',(0.,0.,1.));
#8573=DIRECTION('ref_axis',(1.,0.,0.));
#8574=DIRECTION('center_axis',(0.,0.,1.));
#8575=DIRECTION('ref_axis',(-1.,0.,0.));
#8576=DIRECTION('center_axis',(0.,0.,-1.));
#8577=DIRECTION('ref_axis',(3.70074341541719E-16,-1.,0.));
#8578=DIRECTION('',(-1.,0.,0.));
#8579=DIRECTION('center_axis',(0.,0.,-1.));
#8580=DIRECTION('ref_axis',(-1.,7.89491928622333E-16,0.));
#8581=DIRECTION('',(-4.27522705030145E-16,1.,0.));
#8582=DIRECTION('center_axis',(0.,0.,-1.));
#8583=DIRECTION('ref_axis',(-1.,4.13106241720991E-15,0.));
#8584=DIRECTION('',(-1.,1.52476981922768E-16,0.));
#8585=DIRECTION('center_axis',(0.,0.,-1.));
#8586=DIRECTION('ref_axis',(2.66453525910037E-15,-1.,0.));
#8587=DIRECTION('',(0.,-1.,0.));
#8588=DIRECTION('center_axis',(0.,0.,-1.));
#8589=DIRECTION('ref_axis',(1.,3.55271367880049E-15,0.));
#8590=DIRECTION('',(1.,0.,0.));
#8591=DIRECTION('center_axis',(0.,0.,-1.));
#8592=DIRECTION('ref_axis',(0.,1.,0.));
#8593=DIRECTION('',(-4.27522705030144E-16,1.,0.));
#8594=DIRECTION('center_axis',(0.,0.,1.));
#8595=DIRECTION('ref_axis',(1.,3.55271367880049E-15,0.));
#8596=DIRECTION('',(0.,0.,1.));
#8597=DIRECTION('',(0.,0.,1.));
#8598=DIRECTION('center_axis',(-1.,0.,0.));
#8599=DIRECTION('ref_axis',(0.,-1.,0.));
#8600=DIRECTION('',(0.,0.,1.));
#8601=DIRECTION('center_axis',(0.,0.,1.));
#8602=DIRECTION('ref_axis',(2.66453525910037E-15,-1.,0.));
#8603=DIRECTION('',(0.,0.,1.));
#8604=DIRECTION('center_axis',(1.52476981922768E-16,1.,0.));
#8605=DIRECTION('ref_axis',(-1.,1.52476981922768E-16,0.));
#8606=DIRECTION('',(0.,0.,-1.));
#8607=DIRECTION('center_axis',(-0.816496580927726,0.408248290463863,0.408248290463863));
#8608=DIRECTION('ref_axis',(0.577350269189626,0.577350269189626,0.577350269189626));
#8609=DIRECTION('center_axis',(1.,-2.22044604925031E-16,0.));
#8610=DIRECTION('ref_axis',(0.,0.,1.));
#8611=DIRECTION('center_axis',(2.22044604925031E-16,1.,0.));
#8612=DIRECTION('ref_axis',(1.,-2.22044604925031E-16,0.));
#8613=DIRECTION('center_axis',(-0.816496580927726,0.408248290463864,-0.408248290463864));
#8614=DIRECTION('ref_axis',(-0.577350269189628,-0.577350269189623,0.577350269189626));
#8615=DIRECTION('center_axis',(-1.,-1.99840144432529E-15,0.));
#8616=DIRECTION('ref_axis',(0.,0.,1.));
#8617=DIRECTION('center_axis',(-2.22044604925031E-16,-1.,0.));
#8618=DIRECTION('ref_axis',(-1.,2.22044604925031E-16,0.));
#8619=DIRECTION('center_axis',(0.408248290463864,0.816496580927726,-0.408248290463863));
#8620=DIRECTION('ref_axis',(-0.577350269189628,0.577350269189626,0.577350269189623));
#8621=DIRECTION('center_axis',(2.22044604925031E-16,1.,0.));
#8622=DIRECTION('ref_axis',(0.,0.,1.));
#8623=DIRECTION('center_axis',(-1.,2.22044604925031E-16,-8.88178419700125E-15));
#8624=DIRECTION('ref_axis',(2.22044604925031E-16,1.,0.));
#8625=DIRECTION('center_axis',(-0.816496580927726,-0.408248290463863,0.408248290463863));
#8626=DIRECTION('ref_axis',(0.577350269189629,-0.577350269189623,0.577350269189626));
#8627=DIRECTION('center_axis',(-2.22044604925031E-16,-1.,0.));
#8628=DIRECTION('ref_axis',(0.,0.,1.));
#8629=DIRECTION('center_axis',(1.,-2.22044604925031E-16,0.));
#8630=DIRECTION('ref_axis',(-2.22044604925031E-16,-1.,0.));
#8631=DIRECTION('center_axis',(1.,-2.22044604925031E-16,0.));
#8632=DIRECTION('ref_axis',(-1.57009245868377E-16,-0.707106781186546,0.707106781186549));
#8633=DIRECTION('',(1.,-2.22044604925031E-16,0.));
#8634=DIRECTION('center_axis',(2.22044604925031E-16,1.,0.));
#8635=DIRECTION('ref_axis',(0.707106781186546,-1.57009245868377E-16,0.707106781186549));
#8636=DIRECTION('',(2.22044604925031E-16,1.,0.));
#8637=DIRECTION('center_axis',(-2.22044604925031E-16,-1.,0.));
#8638=DIRECTION('ref_axis',(-0.707106781186547,1.57009245868377E-16,0.707106781186548));
#8639=DIRECTION('',(-2.22044604925031E-16,-1.,0.));
#8640=DIRECTION('center_axis',(-1.,2.22044604925031E-16,0.));
#8641=DIRECTION('ref_axis',(1.57009245868378E-16,0.707106781186548,0.707106781186547));
#8642=DIRECTION('',(-1.,2.22044604925031E-16,0.));
#8643=DIRECTION('center_axis',(0.,0.,-1.));
#8644=DIRECTION('ref_axis',(1.,0.,0.));
#8645=DIRECTION('',(0.,0.,-1.));
#8646=DIRECTION('center_axis',(0.,0.,-1.));
#8647=DIRECTION('ref_axis',(1.,0.,0.));
#8648=DIRECTION('',(0.,0.,-1.));
#8649=DIRECTION('center_axis',(0.,1.,0.));
#8650=DIRECTION('ref_axis',(1.,0.,0.));
#8651=DIRECTION('',(0.,0.,-1.));
#8652=DIRECTION('',(1.,0.,0.));
#8653=DIRECTION('center_axis',(0.,0.,-1.));
#8654=DIRECTION('ref_axis',(0.,1.,0.));
#8655=DIRECTION('',(0.,0.,-1.));
#8656=DIRECTION('center_axis',(0.,0.,-1.));
#8657=DIRECTION('ref_axis',(0.,1.,0.));
#8658=DIRECTION('center_axis',(0.,0.,-1.));
#8659=DIRECTION('ref_axis',(0.,1.,0.));
#8660=DIRECTION('center_axis',(-1.,0.,0.));
#8661=DIRECTION('ref_axis',(0.,-1.,0.));
#8662=DIRECTION('',(0.,-1.,0.));
#8663=DIRECTION('',(0.,0.,1.));
#8664=DIRECTION('',(0.,-1.,0.));
#8665=DIRECTION('',(0.,0.,1.));
#8666=DIRECTION('center_axis',(0.,-1.,0.));
#8667=DIRECTION('ref_axis',(1.,0.,0.));
#8668=DIRECTION('',(1.,0.,0.));
#8669=DIRECTION('',(1.,0.,0.));
#8670=DIRECTION('',(-1.,0.,0.));
#8671=DIRECTION('',(0.,0.,1.));
#8672=DIRECTION('center_axis',(1.,0.,0.));
#8673=DIRECTION('ref_axis',(0.,1.,0.));
#8674=DIRECTION('',(0.,1.,0.));
#8675=DIRECTION('',(0.,-1.,0.));
#8676=DIRECTION('',(0.,0.,1.));
#8677=DIRECTION('center_axis',(0.,1.,0.));
#8678=DIRECTION('ref_axis',(-1.,0.,0.));
#8679=DIRECTION('',(-1.,0.,0.));
#8680=DIRECTION('',(1.,0.,0.));
#8681=DIRECTION('',(-1.,0.,0.));
#8682=DIRECTION('center_axis',(0.,0.,1.));
#8683=DIRECTION('ref_axis',(1.,0.,0.));
#8684=DIRECTION('',(0.,1.,0.));
#8685=DIRECTION('center_axis',(0.,0.,-1.));
#8686=DIRECTION('ref_axis',(-1.,0.,0.));
#8687=DIRECTION('center_axis',(0.,0.,-1.));
#8688=DIRECTION('ref_axis',(1.,0.,0.));
#8689=DIRECTION('',(0.,-1.,0.));
#8690=DIRECTION('center_axis',(0.,0.,-1.));
#8691=DIRECTION('ref_axis',(5.92118946466756E-15,-1.,0.));
#8692=DIRECTION('',(1.,0.,0.));
#8693=DIRECTION('',(-1.19138621019467E-16,-1.,0.));
#8694=DIRECTION('center_axis',(0.,0.,-1.));
#8695=DIRECTION('ref_axis',(4.4408920985006E-15,1.,0.));
#8696=DIRECTION('',(1.,0.,0.));
#8697=DIRECTION('center_axis',(0.,0.,1.));
#8698=DIRECTION('ref_axis',(1.,0.,0.));
#8699=DIRECTION('center_axis',(0.,0.,1.));
#8700=DIRECTION('ref_axis',(-1.,0.,0.));
#8701=DIRECTION('center_axis',(0.,0.,-1.));
#8702=DIRECTION('ref_axis',(-1.,0.,0.));
#8703=DIRECTION('',(-1.,0.,0.));
#8704=DIRECTION('center_axis',(0.,0.,-1.));
#8705=DIRECTION('ref_axis',(0.,-1.,0.));
#8706=DIRECTION('',(0.,-1.,0.));
#8707=DIRECTION('center_axis',(0.,0.,1.));
#8708=DIRECTION('ref_axis',(0.,1.,0.));
#8709=DIRECTION('',(-1.19138621019467E-16,-1.,0.));
#8710=DIRECTION('',(1.,0.,0.));
#8711=DIRECTION('',(0.,1.,0.));
#8712=DIRECTION('',(-1.,0.,0.));
#8713=DIRECTION('center_axis',(-1.,0.,0.));
#8714=DIRECTION('ref_axis',(0.,0.,1.));
#8715=DIRECTION('',(0.,0.,1.));
#8716=DIRECTION('',(0.,0.,-1.));
#8717=DIRECTION('center_axis',(0.,-1.,0.));
#8718=DIRECTION('ref_axis',(-1.,0.,0.));
#8719=DIRECTION('',(0.,0.,-1.));
#8720=DIRECTION('',(0.,0.,-1.));
#8721=DIRECTION('center_axis',(-1.,1.19138621019467E-16,0.));
#8722=DIRECTION('ref_axis',(1.19138621019467E-16,1.,0.));
#8723=DIRECTION('',(0.,0.,1.));
#8724=DIRECTION('',(-1.19138621019467E-16,-1.,0.));
#8725=DIRECTION('',(0.,0.,-1.));
#8726=DIRECTION('',(-1.19138621019467E-16,-1.,0.));
#8727=DIRECTION('',(0.,0.,-1.));
#8728=DIRECTION('center_axis',(0.,0.,1.));
#8729=DIRECTION('ref_axis',(1.,0.,0.));
#8730=DIRECTION('',(-1.,0.,0.));
#8731=DIRECTION('',(0.,1.,0.));
#8732=DIRECTION('',(1.,0.,0.));
#8733=DIRECTION('',(0.,-1.,0.));
#8734=DIRECTION('center_axis',(-1.,0.,0.));
#8735=DIRECTION('ref_axis',(0.,1.,0.));
#8736=DIRECTION('',(0.,-1.,0.));
#8737=DIRECTION('',(0.,0.,-1.));
#8738=DIRECTION('',(0.,1.,0.));
#8739=DIRECTION('',(0.,0.,-1.));
#8740=DIRECTION('center_axis',(0.,-1.,0.));
#8741=DIRECTION('ref_axis',(-1.,0.,0.));
#8742=DIRECTION('',(-1.,0.,0.));
#8743=DIRECTION('',(0.,0.,1.));
#8744=DIRECTION('',(0.,0.,1.));
#8745=DIRECTION('',(-1.,0.,0.));
#8746=DIRECTION('center_axis',(-1.,0.,0.));
#8747=DIRECTION('ref_axis',(0.,1.,0.));
#8748=DIRECTION('',(0.,1.,0.));
#8749=DIRECTION('',(0.,0.,1.));
#8750=DIRECTION('center_axis',(0.,1.,0.));
#8751=DIRECTION('ref_axis',(1.,0.,0.));
#8752=DIRECTION('',(1.,0.,0.));
#8753=DIRECTION('',(0.,0.,1.));
#8754=DIRECTION('center_axis',(1.,0.,0.));
#8755=DIRECTION('ref_axis',(0.,-1.,0.));
#8756=DIRECTION('',(0.,-1.,0.));
#8757=DIRECTION('',(0.,0.,-1.));
#8758=DIRECTION('',(0.,1.,0.));
#8759=DIRECTION('center_axis',(0.,1.,0.));
#8760=DIRECTION('ref_axis',(1.,0.,0.));
#8761=DIRECTION('',(-1.,0.,0.));
#8762=DIRECTION('',(1.,0.,0.));
#8763=DIRECTION('',(0.,0.,-1.));
#8764=DIRECTION('center_axis',(0.,-1.,0.));
#8765=DIRECTION('ref_axis',(-1.,0.,0.));
#8766=DIRECTION('',(1.,0.,0.));
#8767=DIRECTION('',(0.,0.,1.));
#8768=DIRECTION('',(-1.,0.,0.));
#8769=DIRECTION('',(0.,0.,-1.));
#8770=DIRECTION('center_axis',(1.,0.,0.));
#8771=DIRECTION('ref_axis',(0.,-1.,0.));
#8772=DIRECTION('',(0.,1.,0.));
#8773=DIRECTION('',(0.,-1.,0.));
#8774=DIRECTION('',(0.,0.,-1.));
#8775=DIRECTION('center_axis',(0.,1.,0.));
#8776=DIRECTION('ref_axis',(1.,0.,0.));
#8777=DIRECTION('',(-1.,0.,0.));
#8778=DIRECTION('',(1.,0.,0.));
#8779=DIRECTION('center_axis',(0.,0.,-1.));
#8780=DIRECTION('ref_axis',(-1.,0.,0.));
#8781=DIRECTION('',(0.,-1.,0.));
#8782=DIRECTION('center_axis',(1.,0.,0.));
#8783=DIRECTION('ref_axis',(0.,-1.,0.));
#8784=DIRECTION('',(0.,1.,0.));
#8785=DIRECTION('',(0.,0.,-1.));
#8786=DIRECTION('',(0.,0.,-1.));
#8787=DIRECTION('',(0.,1.,0.));
#8788=DIRECTION('',(0.,0.,-1.));
#8789=DIRECTION('',(0.,-1.,0.));
#8790=DIRECTION('',(0.,0.,1.));
#8791=DIRECTION('',(0.,1.,0.));
#8792=DIRECTION('center_axis',(0.,0.,-1.));
#8793=DIRECTION('ref_axis',(1.,0.,0.));
#8794=DIRECTION('center_axis',(0.,0.,1.));
#8795=DIRECTION('ref_axis',(1.,0.,0.));
#8796=DIRECTION('',(0.,0.,1.));
#8797=DIRECTION('center_axis',(0.,0.,-1.));
#8798=DIRECTION('ref_axis',(1.,0.,0.));
#8799=DIRECTION('center_axis',(0.,0.,-1.));
#8800=DIRECTION('ref_axis',(1.,0.,0.));
#8801=DIRECTION('center_axis',(0.,0.,-1.));
#8802=DIRECTION('ref_axis',(1.,0.,0.));
#8803=DIRECTION('',(0.,0.,1.));
#8804=DIRECTION('center_axis',(0.,0.,1.));
#8805=DIRECTION('ref_axis',(1.,0.,0.));
#8806=DIRECTION('center_axis',(0.,0.,-1.));
#8807=DIRECTION('ref_axis',(1.,0.,0.));
#8808=DIRECTION('center_axis',(0.,0.,1.));
#8809=DIRECTION('ref_axis',(-1.,0.,0.));
#8810=DIRECTION('',(0.866025403784445,-0.49999999999999,0.));
#8811=DIRECTION('',(0.499999999999994,0.866025403784442,0.));
#8812=DIRECTION('',(0.866025403784438,-0.500000000000001,0.));
#8813=DIRECTION('',(-0.499999999999994,-0.866025403784442,0.));
#8814=DIRECTION('',(0.866025403784439,-0.499999999999999,0.));
#8815=DIRECTION('',(0.500000000000002,0.866025403784437,0.));
#8816=DIRECTION('',(-0.866025403784438,0.5,0.));
#8817=DIRECTION('',(-0.5,-0.866025403784439,0.));
#8818=DIRECTION('center_axis',(0.,0.,-1.));
#8819=DIRECTION('ref_axis',(-1.,3.466062125659E-15,0.));
#8820=DIRECTION('center_axis',(0.,0.,1.));
#8821=DIRECTION('ref_axis',(1.,0.,0.));
#8822=DIRECTION('center_axis',(0.,0.,1.));
#8823=DIRECTION('ref_axis',(1.,0.,0.));
#8824=DIRECTION('',(1.,0.,0.));
#8825=DIRECTION('center_axis',(0.,0.,-1.));
#8826=DIRECTION('ref_axis',(4.4408920985006E-15,1.,0.));
#8827=DIRECTION('center_axis',(0.,0.,-1.));
#8828=DIRECTION('ref_axis',(1.,-2.22044604925031E-15,0.));
#8829=DIRECTION('center_axis',(0.,0.,1.));
#8830=DIRECTION('ref_axis',(1.,0.,0.));
#8831=DIRECTION('center_axis',(0.,0.,1.));
#8832=DIRECTION('ref_axis',(1.,0.,0.));
#8833=DIRECTION('',(-1.,0.,0.));
#8834=DIRECTION('center_axis',(0.,0.,-1.));
#8835=DIRECTION('ref_axis',(-1.73303106282951E-15,-1.,0.));
#8836=DIRECTION('center_axis',(0.,0.,1.));
#8837=DIRECTION('ref_axis',(1.,0.,0.));
#8838=DIRECTION('center_axis',(0.,0.,1.));
#8839=DIRECTION('ref_axis',(-1.,-2.05046946030624E-33,0.));
#8840=DIRECTION('center_axis',(0.,0.,1.));
#8841=DIRECTION('ref_axis',(-1.,-4.41357368651798E-33,0.));
#8842=DIRECTION('center_axis',(0.,0.,1.));
#8843=DIRECTION('ref_axis',(-1.,-4.41357368651798E-33,0.));
#8844=DIRECTION('center_axis',(0.,0.,1.));
#8845=DIRECTION('ref_axis',(-1.,-3.23202157341211E-33,0.));
#8846=DIRECTION('center_axis',(0.,0.,1.));
#8847=DIRECTION('ref_axis',(-1.,-4.41357368651798E-33,0.));
#8848=DIRECTION('center_axis',(0.,0.,1.));
#8849=DIRECTION('ref_axis',(1.,0.,0.));
#8850=DIRECTION('center_axis',(0.,0.,1.));
#8851=DIRECTION('ref_axis',(1.,0.,0.));
#8852=DIRECTION('',(0.707106781186548,-0.707106781186548,0.));
#8853=DIRECTION('center_axis',(0.,0.,1.));
#8854=DIRECTION('ref_axis',(0.990923320367224,0.134428319755909,0.));
#8855=DIRECTION('',(0.707106781186548,0.707106781186548,0.));
#8856=DIRECTION('center_axis',(0.,0.,1.));
#8857=DIRECTION('ref_axis',(-0.130873129333399,0.991399124479381,0.));
#8858=DIRECTION('',(-0.707106781186523,0.707106781186572,0.));
#8859=DIRECTION('center_axis',(0.,0.,1.));
#8860=DIRECTION('ref_axis',(-0.990802834096489,-0.135313502453988,0.));
#8861=DIRECTION('',(-0.706747901817467,-0.707465478505211,0.));
#8862=DIRECTION('center_axis',(0.,0.,1.));
#8863=DIRECTION('ref_axis',(0.133242109760126,-0.991083518270116,0.));
#8864=DIRECTION('center_axis',(0.,0.,1.));
#8865=DIRECTION('ref_axis',(0.836478332056483,-0.548000000000004,0.));
#8866=DIRECTION('',(-1.,0.,0.));
#8867=DIRECTION('',(0.,-1.,0.));
#8868=DIRECTION('',(1.,9.428645644375E-16,0.));
#8869=DIRECTION('',(0.,1.,0.));
#8870=DIRECTION('center_axis',(0.,0.,1.));
#8871=DIRECTION('ref_axis',(-0.548000000000006,-0.836478332056481,0.));
#8872=DIRECTION('',(0.,1.,0.));
#8873=DIRECTION('',(-1.,0.,0.));
#8874=DIRECTION('center_axis',(0.,0.,1.));
#8875=DIRECTION('ref_axis',(0.547999999999999,0.836478332056486,0.));
#8876=DIRECTION('',(0.,-1.,0.));
#8877=DIRECTION('',(1.,0.,0.));
#8878=DIRECTION('',(0.,1.,0.));
#8879=DIRECTION('',(-1.,-1.0153689579327E-15,0.));
#8880=DIRECTION('center_axis',(0.,0.,1.));
#8881=DIRECTION('ref_axis',(0.836478332056485,-0.548000000000001,0.));
#8882=DIRECTION('',(-1.,-1.0153689579327E-15,0.));
#8883=DIRECTION('',(0.,-1.,0.));
#8884=DIRECTION('center_axis',(0.,0.,-1.));
#8885=DIRECTION('ref_axis',(0.99991227310701,-0.0132456064403287,0.));
#8886=DIRECTION('center_axis',(0.,0.,1.));
#8887=DIRECTION('ref_axis',(-0.0132456064403643,-0.99991227310701,0.));
#8888=DIRECTION('center_axis',(0.,0.,-1.));
#8889=DIRECTION('ref_axis',(0.0132456064404245,0.999912273107009,0.));
#8890=DIRECTION('center_axis',(0.,0.,1.));
#8891=DIRECTION('ref_axis',(0.99991227310701,-0.0132456064403421,0.));
#8892=DIRECTION('center_axis',(0.,0.,-1.));
#8893=DIRECTION('ref_axis',(-0.999912273107008,0.0132456064404602,0.));
#8894=DIRECTION('center_axis',(0.,0.,1.));
#8895=DIRECTION('ref_axis',(0.013245606440345,0.99991227310701,0.));
#8896=DIRECTION('center_axis',(0.,0.,-1.));
#8897=DIRECTION('ref_axis',(-0.01324560644039,-0.999912273107009,0.));
#8898=DIRECTION('center_axis',(0.,0.,1.));
#8899=DIRECTION('ref_axis',(-0.99991227310701,0.0132456064403299,0.));
#8900=DIRECTION('center_axis',(0.,0.,1.));
#8901=DIRECTION('ref_axis',(1.,0.,0.));
#8902=DIRECTION('center_axis',(0.,0.,1.));
#8903=DIRECTION('ref_axis',(1.,0.,0.));
#8904=DIRECTION('',(-0.866025403784439,-0.5,0.));
#8905=DIRECTION('',(-0.499999999999999,0.866025403784439,0.));
#8906=DIRECTION('',(-0.866025403784438,-0.5,0.));
#8907=DIRECTION('',(0.5,-0.866025403784439,0.));
#8908=DIRECTION('',(0.866025403784439,0.5,0.));
#8909=DIRECTION('',(-0.5,0.866025403784439,0.));
#8910=DIRECTION('',(-0.86602540378444,-0.499999999999997,0.));
#8911=DIRECTION('',(0.500000000000002,-0.866025403784437,0.));
#8912=DIRECTION('',(0.,-1.,0.));
#8913=DIRECTION('center_axis',(0.,0.,1.));
#8914=DIRECTION('ref_axis',(-0.775000000000001,0.631961232988225,0.));
#8915=DIRECTION('center_axis',(0.,0.,1.));
#8916=DIRECTION('ref_axis',(-1.,-2.05046946030624E-33,0.));
#8917=DIRECTION('center_axis',(0.,0.,1.));
#8918=DIRECTION('ref_axis',(-1.,-2.05046946030624E-33,0.));
#8919=DIRECTION('center_axis',(0.,0.,1.));
#8920=DIRECTION('ref_axis',(-1.,-2.05046946030624E-33,0.));
#8921=DIRECTION('center_axis',(0.,0.,1.));
#8922=DIRECTION('ref_axis',(-1.,-2.05046946030624E-33,0.));
#8923=DIRECTION('center_axis',(0.,0.,1.));
#8924=DIRECTION('ref_axis',(-1.,-4.41357368651798E-33,0.));
#8925=DIRECTION('center_axis',(0.,0.,1.));
#8926=DIRECTION('ref_axis',(-1.,-4.41357368651798E-33,0.));
#8927=DIRECTION('center_axis',(0.,0.,-1.));
#8928=DIRECTION('ref_axis',(1.,0.,0.));
#8929=DIRECTION('center_axis',(0.,0.,1.));
#8930=DIRECTION('ref_axis',(1.,0.,0.));
#8931=DIRECTION('',(0.,0.,1.));
#8932=DIRECTION('center_axis',(0.,0.,-1.));
#8933=DIRECTION('ref_axis',(1.,0.,0.));
#8934=DIRECTION('center_axis',(0.,0.,-1.));
#8935=DIRECTION('ref_axis',(1.,0.,0.));
#8936=DIRECTION('center_axis',(0.,0.,-1.));
#8937=DIRECTION('ref_axis',(1.,0.,0.));
#8938=DIRECTION('',(0.,0.,1.));
#8939=DIRECTION('center_axis',(0.,0.,-1.));
#8940=DIRECTION('ref_axis',(1.,0.,0.));
#8941=DIRECTION('center_axis',(0.,0.,1.));
#8942=DIRECTION('ref_axis',(-1.,0.,0.));
#8943=DIRECTION('center_axis',(0.,-1.,0.));
#8944=DIRECTION('ref_axis',(1.,0.,0.));
#8945=DIRECTION('',(0.,0.,1.));
#8946=DIRECTION('center_axis',(0.,0.,1.));
#8947=DIRECTION('ref_axis',(0.,1.,0.));
#8948=DIRECTION('',(0.,0.,1.));
#8949=DIRECTION('center_axis',(1.,4.27522705030144E-16,0.));
#8950=DIRECTION('ref_axis',(-4.27522705030144E-16,1.,0.));
#8951=DIRECTION('',(0.,0.,1.));
#8952=DIRECTION('center_axis',(0.,0.,1.));
#8953=DIRECTION('ref_axis',(-1.,4.13106241720991E-15,0.));
#8954=DIRECTION('center_axis',(0.,0.,-1.));
#8955=DIRECTION('ref_axis',(3.70074341541719E-16,-1.,0.));
#8956=DIRECTION('',(0.,0.,-1.));
#8957=DIRECTION('center_axis',(0.,5.44894736012347E-15,1.));
#8958=DIRECTION('ref_axis',(-1.,-4.41357368651798E-33,0.));
#8959=DIRECTION('center_axis',(0.,0.,-1.));
#8960=DIRECTION('ref_axis',(-1.,-4.41357368651798E-33,0.));
#8961=DIRECTION('',(0.,-5.44894736012347E-15,-1.));
#8962=DIRECTION('center_axis',(4.33680868988646E-19,-7.81297769536505E-15,
-1.));
#8963=DIRECTION('ref_axis',(-1.,-6.77667791272972E-33,-4.33680868988646E-19));
#8964=DIRECTION('center_axis',(0.,5.44894736012347E-15,1.));
#8965=DIRECTION('ref_axis',(-1.,-4.41357368651798E-33,0.));
#8966=DIRECTION('',(0.,-5.44894736012347E-15,-1.));
#8967=DIRECTION('center_axis',(-4.33680868988646E-19,7.81297769536505E-15,
1.));
#8968=DIRECTION('ref_axis',(-1.,-6.77667791272971E-33,-4.33680868988646E-19));
#8969=DIRECTION('center_axis',(-4.33680868988646E-19,7.81297769536505E-15,
1.));
#8970=DIRECTION('ref_axis',(-1.,-6.77667791272972E-33,-4.33680868988646E-19));
#8971=DIRECTION('center_axis',(0.,0.,1.));
#8972=DIRECTION('ref_axis',(-1.,0.,0.));
#8973=DIRECTION('center_axis',(0.,1.08978947202469E-14,1.));
#8974=DIRECTION('ref_axis',(-1.,-2.05046946030624E-33,0.));
#8975=DIRECTION('center_axis',(0.,0.,-1.));
#8976=DIRECTION('ref_axis',(-1.,-2.05046946030624E-33,0.));
#8977=DIRECTION('',(0.,-1.08978947202469E-14,-1.));
#8978=DIRECTION('center_axis',(4.33680868988646E-19,-7.81297769536505E-15,
-1.));
#8979=DIRECTION('ref_axis',(-1.,-6.77667791272972E-33,-4.33680868988646E-19));
#8980=DIRECTION('center_axis',(0.,1.08978947202469E-14,1.));
#8981=DIRECTION('ref_axis',(-1.,-2.05046946030624E-33,0.));
#8982=DIRECTION('',(0.,-1.08978947202469E-14,-1.));
#8983=DIRECTION('center_axis',(-4.33680868988646E-19,7.81297769536505E-15,
1.));
#8984=DIRECTION('ref_axis',(-1.,-6.77667791272971E-33,-4.33680868988646E-19));
#8985=DIRECTION('center_axis',(-4.33680868988646E-19,7.81297769536505E-15,
1.));
#8986=DIRECTION('ref_axis',(-1.,-6.77667791272972E-33,-4.33680868988646E-19));
#8987=DIRECTION('center_axis',(0.,0.,1.));
#8988=DIRECTION('ref_axis',(-1.,0.,0.));
#8989=DIRECTION('center_axis',(0.,5.44894736012347E-15,1.));
#8990=DIRECTION('ref_axis',(-1.,-4.41357368651798E-33,0.));
#8991=DIRECTION('center_axis',(0.,0.,-1.));
#8992=DIRECTION('ref_axis',(-1.,-4.41357368651798E-33,0.));
#8993=DIRECTION('',(0.,-5.44894736012347E-15,-1.));
#8994=DIRECTION('center_axis',(4.33680868988646E-19,-7.81297769536505E-15,
-1.));
#8995=DIRECTION('ref_axis',(-1.,-6.77667791272972E-33,-4.33680868988646E-19));
#8996=DIRECTION('center_axis',(0.,5.44894736012347E-15,1.));
#8997=DIRECTION('ref_axis',(-1.,-4.41357368651798E-33,0.));
#8998=DIRECTION('',(0.,-5.44894736012347E-15,-1.));
#8999=DIRECTION('center_axis',(-4.33680868988646E-19,7.81297769536505E-15,
1.));
#9000=DIRECTION('ref_axis',(-1.,-6.77667791272971E-33,-4.33680868988646E-19));
#9001=DIRECTION('center_axis',(-4.33680868988646E-19,7.81297769536505E-15,
1.));
#9002=DIRECTION('ref_axis',(-1.,-6.77667791272972E-33,-4.33680868988646E-19));
#9003=DIRECTION('center_axis',(0.,0.,1.));
#9004=DIRECTION('ref_axis',(-1.,0.,0.));
#9005=DIRECTION('center_axis',(0.,5.44894736012347E-15,1.));
#9006=DIRECTION('ref_axis',(-1.,-4.41357368651798E-33,0.));
#9007=DIRECTION('center_axis',(0.,0.,-1.));
#9008=DIRECTION('ref_axis',(-1.,-4.41357368651798E-33,0.));
#9009=DIRECTION('',(0.,-5.44894736012347E-15,-1.));
#9010=DIRECTION('center_axis',(4.33680868988646E-19,-7.81297769536505E-15,
-1.));
#9011=DIRECTION('ref_axis',(-1.,-6.77667791272972E-33,-4.33680868988646E-19));
#9012=DIRECTION('center_axis',(0.,5.44894736012347E-15,1.));
#9013=DIRECTION('ref_axis',(-1.,-4.41357368651798E-33,0.));
#9014=DIRECTION('',(0.,-5.44894736012347E-15,-1.));
#9015=DIRECTION('center_axis',(-4.33680868988646E-19,7.81297769536505E-15,
1.));
#9016=DIRECTION('ref_axis',(-1.,-6.77667791272971E-33,-4.33680868988646E-19));
#9017=DIRECTION('center_axis',(-4.33680868988646E-19,7.81297769536505E-15,
1.));
#9018=DIRECTION('ref_axis',(-1.,-6.77667791272972E-33,-4.33680868988646E-19));
#9019=DIRECTION('center_axis',(0.,0.,1.));
#9020=DIRECTION('ref_axis',(-1.,0.,0.));
#9021=DIRECTION('center_axis',(0.,1.08978947202469E-14,1.));
#9022=DIRECTION('ref_axis',(-1.,-2.05046946030624E-33,0.));
#9023=DIRECTION('center_axis',(0.,0.,-1.));
#9024=DIRECTION('ref_axis',(-1.,-2.05046946030624E-33,0.));
#9025=DIRECTION('',(0.,-1.08978947202469E-14,-1.));
#9026=DIRECTION('center_axis',(4.33680868988646E-19,-7.81297769536505E-15,
-1.));
#9027=DIRECTION('ref_axis',(-1.,-6.77667791272972E-33,-4.33680868988646E-19));
#9028=DIRECTION('center_axis',(0.,1.08978947202469E-14,1.));
#9029=DIRECTION('ref_axis',(-1.,-2.05046946030624E-33,0.));
#9030=DIRECTION('',(0.,-1.08978947202469E-14,-1.));
#9031=DIRECTION('center_axis',(-4.33680868988646E-19,7.81297769536505E-15,
1.));
#9032=DIRECTION('ref_axis',(-1.,-6.77667791272972E-33,-4.33680868988646E-19));
#9033=DIRECTION('center_axis',(-4.33680868988646E-19,7.81297769536505E-15,
1.));
#9034=DIRECTION('ref_axis',(-1.,-6.77667791272972E-33,-4.33680868988646E-19));
#9035=DIRECTION('center_axis',(0.,0.,1.));
#9036=DIRECTION('ref_axis',(-1.,0.,0.));
#9037=DIRECTION('center_axis',(0.,5.44894736012347E-15,1.));
#9038=DIRECTION('ref_axis',(-1.,-4.41357368651798E-33,0.));
#9039=DIRECTION('center_axis',(0.,0.,-1.));
#9040=DIRECTION('ref_axis',(-1.,-4.41357368651798E-33,0.));
#9041=DIRECTION('',(0.,-5.44894736012347E-15,-1.));
#9042=DIRECTION('center_axis',(4.33680868988646E-19,-7.81297769536505E-15,
-1.));
#9043=DIRECTION('ref_axis',(-1.,-6.77667791272972E-33,-4.33680868988646E-19));
#9044=DIRECTION('center_axis',(0.,5.44894736012347E-15,1.));
#9045=DIRECTION('ref_axis',(-1.,-4.41357368651798E-33,0.));
#9046=DIRECTION('',(0.,-5.44894736012347E-15,-1.));
#9047=DIRECTION('center_axis',(-4.33680868988646E-19,7.81297769536505E-15,
1.));
#9048=DIRECTION('ref_axis',(-1.,-6.77667791272971E-33,-4.33680868988646E-19));
#9049=DIRECTION('center_axis',(-4.33680868988646E-19,7.81297769536505E-15,
1.));
#9050=DIRECTION('ref_axis',(-1.,-6.77667791272972E-33,-4.33680868988646E-19));
#9051=DIRECTION('center_axis',(0.,0.,1.));
#9052=DIRECTION('ref_axis',(-1.,0.,0.));
#9053=DIRECTION('center_axis',(0.,1.08978947202469E-14,1.));
#9054=DIRECTION('ref_axis',(-1.,-2.05046946030624E-33,0.));
#9055=DIRECTION('center_axis',(0.,0.,-1.));
#9056=DIRECTION('ref_axis',(-1.,-2.05046946030624E-33,0.));
#9057=DIRECTION('',(0.,-1.08978947202469E-14,-1.));
#9058=DIRECTION('center_axis',(4.33680868988646E-19,-7.81297769536505E-15,
-1.));
#9059=DIRECTION('ref_axis',(-1.,-6.77667791272972E-33,-4.33680868988646E-19));
#9060=DIRECTION('center_axis',(0.,1.08978947202469E-14,1.));
#9061=DIRECTION('ref_axis',(-1.,-2.05046946030624E-33,0.));
#9062=DIRECTION('',(0.,-1.08978947202469E-14,-1.));
#9063=DIRECTION('center_axis',(-4.33680868988646E-19,7.81297769536505E-15,
1.));
#9064=DIRECTION('ref_axis',(-1.,-6.77667791272971E-33,-4.33680868988646E-19));
#9065=DIRECTION('center_axis',(-4.33680868988646E-19,7.81297769536505E-15,
1.));
#9066=DIRECTION('ref_axis',(-1.,-6.77667791272972E-33,-4.33680868988646E-19));
#9067=DIRECTION('center_axis',(0.,0.,1.));
#9068=DIRECTION('ref_axis',(-1.,0.,0.));
#9069=DIRECTION('center_axis',(0.,8.17342104018521E-15,1.));
#9070=DIRECTION('ref_axis',(-1.,-3.23202157341211E-33,0.));
#9071=DIRECTION('center_axis',(0.,0.,-1.));
#9072=DIRECTION('ref_axis',(-1.,-3.23202157341211E-33,0.));
#9073=DIRECTION('',(0.,-8.17342104018521E-15,-1.));
#9074=DIRECTION('center_axis',(4.33680868988646E-19,-7.81297769536505E-15,
-1.));
#9075=DIRECTION('ref_axis',(-1.,-6.77667791272972E-33,-4.33680868988646E-19));
#9076=DIRECTION('center_axis',(0.,8.17342104018521E-15,1.));
#9077=DIRECTION('ref_axis',(-1.,-3.23202157341211E-33,0.));
#9078=DIRECTION('',(0.,-8.17342104018521E-15,-1.));
#9079=DIRECTION('center_axis',(-4.33680868988646E-19,7.81297769536505E-15,
1.));
#9080=DIRECTION('ref_axis',(-1.,-6.77667791272972E-33,-4.33680868988646E-19));
#9081=DIRECTION('center_axis',(-4.33680868988646E-19,7.81297769536505E-15,
1.));
#9082=DIRECTION('ref_axis',(-1.,-6.77667791272972E-33,-4.33680868988646E-19));
#9083=DIRECTION('center_axis',(0.,0.,1.));
#9084=DIRECTION('ref_axis',(-1.,0.,0.));
#9085=DIRECTION('center_axis',(0.,1.08978947202469E-14,1.));
#9086=DIRECTION('ref_axis',(-1.,-2.05046946030624E-33,0.));
#9087=DIRECTION('center_axis',(0.,0.,-1.));
#9088=DIRECTION('ref_axis',(-1.,-2.05046946030624E-33,0.));
#9089=DIRECTION('',(0.,-1.08978947202469E-14,-1.));
#9090=DIRECTION('center_axis',(4.33680868988646E-19,-7.81297769536505E-15,
-1.));
#9091=DIRECTION('ref_axis',(-1.,-6.77667791272972E-33,-4.33680868988646E-19));
#9092=DIRECTION('center_axis',(0.,1.08978947202469E-14,1.));
#9093=DIRECTION('ref_axis',(-1.,-2.05046946030624E-33,0.));
#9094=DIRECTION('',(0.,-1.08978947202469E-14,-1.));
#9095=DIRECTION('center_axis',(-4.33680868988646E-19,7.81297769536505E-15,
1.));
#9096=DIRECTION('ref_axis',(-1.,-6.77667791272972E-33,-4.33680868988646E-19));
#9097=DIRECTION('center_axis',(-4.33680868988646E-19,7.81297769536505E-15,
1.));
#9098=DIRECTION('ref_axis',(-1.,-6.77667791272972E-33,-4.33680868988646E-19));
#9099=DIRECTION('center_axis',(0.,0.,1.));
#9100=DIRECTION('ref_axis',(-1.,0.,0.));
#9101=DIRECTION('center_axis',(0.,5.44894736012347E-15,1.));
#9102=DIRECTION('ref_axis',(-1.,-4.41357368651798E-33,0.));
#9103=DIRECTION('center_axis',(0.,0.,-1.));
#9104=DIRECTION('ref_axis',(-1.,-4.41357368651798E-33,0.));
#9105=DIRECTION('',(0.,-5.44894736012347E-15,-1.));
#9106=DIRECTION('center_axis',(0.,5.44894736012347E-15,1.));
#9107=DIRECTION('ref_axis',(-1.,-4.41357368651798E-33,0.));
#9108=DIRECTION('',(0.,-5.44894736012347E-15,-1.));
#9109=DIRECTION('center_axis',(0.,0.,1.));
#9110=DIRECTION('ref_axis',(-1.,0.,0.));
#9111=DIRECTION('center_axis',(0.,1.08978947202469E-14,1.));
#9112=DIRECTION('ref_axis',(-1.,-2.05046946030624E-33,0.));
#9113=DIRECTION('center_axis',(0.,0.,-1.));
#9114=DIRECTION('ref_axis',(-1.,-2.05046946030624E-33,0.));
#9115=DIRECTION('',(0.,-1.08978947202469E-14,-1.));
#9116=DIRECTION('center_axis',(4.33680868988646E-19,-7.81297769536505E-15,
-1.));
#9117=DIRECTION('ref_axis',(-1.,-6.77667791272972E-33,-4.33680868988646E-19));
#9118=DIRECTION('center_axis',(0.,1.08978947202469E-14,1.));
#9119=DIRECTION('ref_axis',(-1.,-2.05046946030624E-33,0.));
#9120=DIRECTION('',(0.,-1.08978947202469E-14,-1.));
#9121=DIRECTION('center_axis',(-4.33680868988646E-19,7.81297769536505E-15,
1.));
#9122=DIRECTION('ref_axis',(-1.,-6.77667791272971E-33,-4.33680868988646E-19));
#9123=DIRECTION('center_axis',(-4.33680868988646E-19,7.81297769536505E-15,
1.));
#9124=DIRECTION('ref_axis',(-1.,-6.77667791272972E-33,-4.33680868988646E-19));
#9125=DIRECTION('center_axis',(0.,0.,1.));
#9126=DIRECTION('ref_axis',(-1.,0.,0.));
#9127=DIRECTION('center_axis',(-1.,0.,0.));
#9128=DIRECTION('ref_axis',(0.,-1.,0.));
#9129=DIRECTION('',(0.,0.,1.));
#9130=DIRECTION('',(0.,-1.,0.));
#9131=DIRECTION('',(0.,-1.,0.));
#9132=DIRECTION('',(0.,0.,1.));
#9133=DIRECTION('center_axis',(0.,0.,1.));
#9134=DIRECTION('ref_axis',(1.,-4.16333634234434E-16,0.));
#9135=DIRECTION('center_axis',(0.,0.,1.));
#9136=DIRECTION('ref_axis',(-0.775000000000001,0.631961232988225,0.));
#9137=DIRECTION('center_axis',(0.,0.,-1.));
#9138=DIRECTION('ref_axis',(1.,0.,0.));
#9139=DIRECTION('center_axis',(0.,0.,-1.));
#9140=DIRECTION('ref_axis',(-1.,0.,0.));
#9141=DIRECTION('center_axis',(0.,0.,-1.));
#9142=DIRECTION('ref_axis',(-1.,0.,0.));
#9143=DIRECTION('center_axis',(0.,0.,-1.));
#9144=DIRECTION('ref_axis',(-1.,0.,0.));
#9145=DIRECTION('',(0.,0.,-1.));
#9146=DIRECTION('center_axis',(0.,0.,-1.));
#9147=DIRECTION('ref_axis',(1.,0.,0.));
#9148=DIRECTION('',(0.,0.,1.));
#9149=DIRECTION('center_axis',(0.,0.,1.));
#9150=DIRECTION('ref_axis',(1.,0.,0.));
#9151=DIRECTION('center_axis',(0.,1.,0.));
#9152=DIRECTION('ref_axis',(1.,0.,0.));
#9153=DIRECTION('',(0.,0.,-1.));
#9154=DIRECTION('',(-1.,0.,0.));
#9155=DIRECTION('center_axis',(0.,0.,-1.));
#9156=DIRECTION('ref_axis',(-1.,0.,0.));
#9157=DIRECTION('center_axis',(0.,0.,-1.));
#9158=DIRECTION('ref_axis',(-1.,0.,0.));
#9159=DIRECTION('',(0.,0.,-1.));
#9160=DIRECTION('center_axis',(-1.,5.62708071274788E-16,0.));
#9161=DIRECTION('ref_axis',(5.62708071274788E-16,1.,0.));
#9162=DIRECTION('',(-5.62708071274788E-16,-1.,0.));
#9163=DIRECTION('center_axis',(0.,0.,-1.));
#9164=DIRECTION('ref_axis',(1.,0.,0.));
#9165=DIRECTION('center_axis',(0.,0.,-1.));
#9166=DIRECTION('ref_axis',(1.,-2.22044604925031E-15,0.));
#9167=DIRECTION('center_axis',(0.,0.,-1.));
#9168=DIRECTION('ref_axis',(1.,-2.22044604925031E-15,0.));
#9169=DIRECTION('center_axis',(0.,0.,-1.));
#9170=DIRECTION('ref_axis',(1.,0.,0.));
#9171=DIRECTION('',(0.,0.,1.));
#9172=DIRECTION('center_axis',(-1.,0.,0.));
#9173=DIRECTION('ref_axis',(0.,1.,0.));
#9174=DIRECTION('',(0.,0.,1.));
#9175=DIRECTION('',(0.,0.,-1.));
#9176=DIRECTION('center_axis',(0.,0.,-1.));
#9177=DIRECTION('ref_axis',(5.92118946466756E-15,-1.,0.));
#9178=DIRECTION('center_axis',(0.,0.,-1.));
#9179=DIRECTION('ref_axis',(1.,0.,0.));
#9180=DIRECTION('',(0.,0.,1.));
#9181=DIRECTION('center_axis',(0.,0.,-1.));
#9182=DIRECTION('ref_axis',(1.,0.,0.));
#9183=DIRECTION('center_axis',(0.,0.,-1.));
#9184=DIRECTION('ref_axis',(1.,0.,0.));
#9185=DIRECTION('center_axis',(0.,-1.,0.));
#9186=DIRECTION('ref_axis',(-1.,0.,0.));
#9187=DIRECTION('',(0.,0.,-1.));
#9188=DIRECTION('center_axis',(0.,0.,1.));
#9189=DIRECTION('ref_axis',(-1.,0.,0.));
#9190=DIRECTION('center_axis',(0.,0.,-1.));
#9191=DIRECTION('ref_axis',(1.,0.,0.));
#9192=DIRECTION('',(0.,0.,1.));
#9193=DIRECTION('center_axis',(0.,0.,-1.));
#9194=DIRECTION('ref_axis',(1.,0.,0.));
#9195=DIRECTION('center_axis',(0.,0.,-1.));
#9196=DIRECTION('ref_axis',(1.,0.,0.));
#9197=DIRECTION('center_axis',(0.,0.,1.));
#9198=DIRECTION('ref_axis',(-1.,0.,0.));
#9199=DIRECTION('center_axis',(0.,0.,-1.));
#9200=DIRECTION('ref_axis',(1.,0.,0.));
#9201=DIRECTION('',(0.,0.,1.));
#9202=DIRECTION('center_axis',(0.,0.,-1.));
#9203=DIRECTION('ref_axis',(1.,0.,0.));
#9204=DIRECTION('center_axis',(0.,0.,-1.));
#9205=DIRECTION('ref_axis',(1.,0.,0.));
#9206=DIRECTION('center_axis',(0.,0.,1.));
#9207=DIRECTION('ref_axis',(-1.,0.,0.));
#9208=DIRECTION('center_axis',(0.,0.,-1.));
#9209=DIRECTION('ref_axis',(1.,0.,0.));
#9210=DIRECTION('',(0.,0.,1.));
#9211=DIRECTION('center_axis',(0.,0.,-1.));
#9212=DIRECTION('ref_axis',(1.,0.,0.));
#9213=DIRECTION('center_axis',(0.,0.,-1.));
#9214=DIRECTION('ref_axis',(1.,0.,0.));
#9215=DIRECTION('center_axis',(0.,0.,1.));
#9216=DIRECTION('ref_axis',(-1.,0.,0.));
#9217=DIRECTION('center_axis',(0.,0.,1.));
#9218=DIRECTION('ref_axis',(1.,0.,0.));
#9219=DIRECTION('',(-0.500000000000002,-0.866025403784438,0.));
#9220=DIRECTION('',(-0.866025403784438,0.500000000000001,0.));
#9221=DIRECTION('',(0.500000000000002,0.866025403784438,0.));
#9222=DIRECTION('',(0.866025403784438,-0.500000000000001,0.));
#9223=DIRECTION('',(-0.866025403784437,0.500000000000003,0.));
#9224=DIRECTION('center_axis',(0.,0.,-1.));
#9225=DIRECTION('ref_axis',(-0.5,-0.866025403784439,0.));
#9226=DIRECTION('',(-0.500000000000061,-0.866025403784404,0.));
#9227=DIRECTION('center_axis',(0.,0.,-1.));
#9228=DIRECTION('ref_axis',(0.866025403784436,-0.500000000000005,0.));
#9229=DIRECTION('',(0.866025403784438,-0.5,0.));
#9230=DIRECTION('center_axis',(0.,0.,-1.));
#9231=DIRECTION('ref_axis',(0.500000000000003,0.866025403784437,0.));
#9232=DIRECTION('',(0.500000000000004,0.866025403784436,0.));
#9233=DIRECTION('center_axis',(0.,0.,-1.));
#9234=DIRECTION('ref_axis',(-0.866025403784441,0.499999999999996,0.));
#9235=DIRECTION('',(0.866025403784436,-0.500000000000004,0.));
#9236=DIRECTION('center_axis',(0.,0.,-1.));
#9237=DIRECTION('ref_axis',(0.500000000000003,0.866025403784437,0.));
#9238=DIRECTION('',(0.500000000000035,0.866025403784418,0.));
#9239=DIRECTION('center_axis',(0.,0.,-1.));
#9240=DIRECTION('ref_axis',(-0.866025403784441,0.499999999999996,0.));
#9241=DIRECTION('',(-0.866025403784435,0.500000000000006,0.));
#9242=DIRECTION('center_axis',(0.,0.,-1.));
#9243=DIRECTION('ref_axis',(-0.5,-0.866025403784439,0.));
#9244=DIRECTION('',(-0.500000000000023,-0.866025403784425,0.));
#9245=DIRECTION('center_axis',(0.,0.,-1.));
#9246=DIRECTION('ref_axis',(0.866025403784423,-0.500000000000026,0.));
#9247=DIRECTION('',(-0.50000000000003,-0.866025403784421,0.));
#9248=DIRECTION('center_axis',(0.,0.,-1.));
#9249=DIRECTION('ref_axis',(0.866025403784443,-0.499999999999992,0.));
#9250=DIRECTION('',(0.866025403784434,-0.500000000000007,0.));
#9251=DIRECTION('center_axis',(0.,0.,-1.));
#9252=DIRECTION('ref_axis',(0.499999999999948,0.866025403784469,0.));
#9253=DIRECTION('',(0.499999999999996,0.866025403784441,0.));
#9254=DIRECTION('center_axis',(0.,0.,-1.));
#9255=DIRECTION('ref_axis',(-0.866025403784481,0.499999999999927,0.));
#9256=DIRECTION('',(-0.866025403784435,0.500000000000006,0.));
#9257=DIRECTION('center_axis',(0.,0.,-1.));
#9258=DIRECTION('ref_axis',(-0.5,-0.866025403784439,0.));
#9259=DIRECTION('',(0.866025403784436,-0.500000000000005,0.));
#9260=DIRECTION('center_axis',(0.,0.,-1.));
#9261=DIRECTION('ref_axis',(0.500000000000003,0.866025403784437,0.));
#9262=DIRECTION('',(0.500000000000024,0.866025403784425,0.));
#9263=DIRECTION('center_axis',(0.,0.,-1.));
#9264=DIRECTION('ref_axis',(-0.866025403784441,0.499999999999996,0.));
#9265=DIRECTION('',(-0.866025403784437,0.500000000000002,0.));
#9266=DIRECTION('center_axis',(0.,0.,-1.));
#9267=DIRECTION('ref_axis',(-0.5,-0.866025403784439,0.));
#9268=DIRECTION('',(-0.500000000000042,-0.866025403784414,0.));
#9269=DIRECTION('center_axis',(0.,0.,-1.));
#9270=DIRECTION('ref_axis',(0.866025403784436,-0.500000000000005,0.));
#9271=DIRECTION('center_axis',(0.,0.,1.));
#9272=DIRECTION('ref_axis',(1.,0.,0.));
#9273=DIRECTION('',(-0.5,0.866025403784438,0.));
#9274=DIRECTION('',(0.866025403784438,0.5,0.));
#9275=DIRECTION('',(0.5,-0.866025403784439,0.));
#9276=DIRECTION('',(-0.866025403784439,-0.5,0.));
#9277=DIRECTION('center_axis',(0.,0.,-1.));
#9278=DIRECTION('ref_axis',(0.866025403784454,0.499999999999974,0.));
#9279=DIRECTION('',(0.866025403784437,0.500000000000003,0.));
#9280=DIRECTION('center_axis',(0.,0.,-1.));
#9281=DIRECTION('ref_axis',(-0.500000000000017,0.866025403784429,0.));
#9282=DIRECTION('',(-0.499999999999981,0.86602540378445,0.));
#9283=DIRECTION('center_axis',(0.,0.,-1.));
#9284=DIRECTION('ref_axis',(-0.866025403784454,-0.499999999999974,0.));
#9285=DIRECTION('',(-0.866025403784438,-0.500000000000001,0.));
#9286=DIRECTION('center_axis',(0.,0.,-1.));
#9287=DIRECTION('ref_axis',(0.500000000000044,-0.866025403784414,0.));
#9288=DIRECTION('',(0.499999999999988,-0.866025403784445,0.));
#9289=DIRECTION('center_axis',(0.,0.,-1.));
#9290=DIRECTION('ref_axis',(0.500000000000005,-0.866025403784436,0.));
#9291=DIRECTION('',(0.499999999999988,-0.866025403784445,0.));
#9292=DIRECTION('center_axis',(0.,0.,-1.));
#9293=DIRECTION('ref_axis',(0.866025403784454,0.499999999999974,0.));
#9294=DIRECTION('',(0.866025403784437,0.500000000000003,0.));
#9295=DIRECTION('center_axis',(0.,0.,-1.));
#9296=DIRECTION('ref_axis',(-0.500000000000021,0.866025403784427,0.));
#9297=DIRECTION('',(-0.499999999999981,0.86602540378445,0.));
#9298=DIRECTION('center_axis',(0.,0.,-1.));
#9299=DIRECTION('ref_axis',(-0.866025403784454,-0.499999999999974,0.));
#9300=DIRECTION('',(-0.866025403784438,-0.500000000000001,0.));
#9301=DIRECTION('center_axis',(0.,0.,-1.));
#9302=DIRECTION('ref_axis',(0.866025403784454,0.499999999999974,0.));
#9303=DIRECTION('',(0.866025403784438,0.500000000000001,0.));
#9304=DIRECTION('center_axis',(0.,0.,-1.));
#9305=DIRECTION('ref_axis',(-0.500000000000021,0.866025403784427,0.));
#9306=DIRECTION('',(-0.499999999999981,0.86602540378445,0.));
#9307=DIRECTION('center_axis',(0.,0.,-1.));
#9308=DIRECTION('ref_axis',(-0.866025403784454,-0.499999999999974,0.));
#9309=DIRECTION('',(-0.866025403784438,-0.500000000000001,0.));
#9310=DIRECTION('center_axis',(0.,0.,-1.));
#9311=DIRECTION('ref_axis',(0.500000000000044,-0.866025403784414,0.));
#9312=DIRECTION('',(0.499999999999988,-0.866025403784445,0.));
#9313=DIRECTION('',(-0.499999999999988,0.866025403784445,0.));
#9314=DIRECTION('center_axis',(0.,0.,-1.));
#9315=DIRECTION('ref_axis',(-0.866025403784454,-0.499999999999974,0.));
#9316=DIRECTION('',(-0.866025403784438,-0.500000000000001,0.));
#9317=DIRECTION('center_axis',(0.,0.,-1.));
#9318=DIRECTION('ref_axis',(0.500000000000047,-0.866025403784411,0.));
#9319=DIRECTION('',(0.500000000000023,-0.866025403784425,0.));
#9320=DIRECTION('center_axis',(0.,0.,-1.));
#9321=DIRECTION('ref_axis',(0.866025403784438,0.500000000000002,0.));
#9322=DIRECTION('',(0.866025403784438,0.500000000000001,0.));
#9323=DIRECTION('center_axis',(0.,0.,-1.));
#9324=DIRECTION('ref_axis',(-0.500000000000017,0.866025403784429,0.));
#9325=DIRECTION('center_axis',(0.5,0.866025403784438,0.));
#9326=DIRECTION('ref_axis',(0.866025403784438,-0.5,0.));
#9327=DIRECTION('',(0.,0.,1.));
#9328=DIRECTION('',(0.,0.,1.));
#9329=DIRECTION('center_axis',(0.,0.,-1.));
#9330=DIRECTION('ref_axis',(0.866025403784436,-0.500000000000005,0.));
#9331=DIRECTION('',(0.,0.,1.));
#9332=DIRECTION('center_axis',(0.866025403784404,-0.500000000000061,0.));
#9333=DIRECTION('ref_axis',(-0.500000000000061,-0.866025403784404,0.));
#9334=DIRECTION('',(0.,0.,1.));
#9335=DIRECTION('center_axis',(0.,0.,-1.));
#9336=DIRECTION('ref_axis',(-0.5,-0.866025403784439,0.));
#9337=DIRECTION('',(0.,0.,1.));
#9338=DIRECTION('center_axis',(-0.500000000000006,-0.866025403784435,0.));
#9339=DIRECTION('ref_axis',(-0.866025403784435,0.500000000000006,0.));
#9340=DIRECTION('',(0.,0.,1.));
#9341=DIRECTION('',(0.,0.,1.));
#9342=DIRECTION('center_axis',(0.,0.,-1.));
#9343=DIRECTION('ref_axis',(-0.866025403784441,0.499999999999996,0.));
#9344=DIRECTION('',(0.,0.,1.));
#9345=DIRECTION('center_axis',(-0.866025403784418,0.500000000000035,0.));
#9346=DIRECTION('ref_axis',(0.500000000000035,0.866025403784418,0.));
#9347=DIRECTION('',(0.,0.,1.));
#9348=DIRECTION('center_axis',(0.,0.,-1.));
#9349=DIRECTION('ref_axis',(0.500000000000003,0.866025403784437,0.));
#9350=DIRECTION('',(0.,0.,1.));
#9351=DIRECTION('center_axis',(-0.866025403784441,0.499999999999996,0.));
#9352=DIRECTION('ref_axis',(0.499999999999996,0.866025403784441,0.));
#9353=DIRECTION('',(0.,0.,1.));
#9354=DIRECTION('',(0.,0.,1.));
#9355=DIRECTION('center_axis',(0.,0.,-1.));
#9356=DIRECTION('ref_axis',(0.499999999999948,0.866025403784469,0.));
#9357=DIRECTION('',(0.,0.,1.));
#9358=DIRECTION('center_axis',(0.500000000000007,0.866025403784434,0.));
#9359=DIRECTION('ref_axis',(0.866025403784434,-0.500000000000007,0.));
#9360=DIRECTION('',(0.,0.,1.));
#9361=DIRECTION('center_axis',(0.,0.,-1.));
#9362=DIRECTION('ref_axis',(0.866025403784443,-0.499999999999992,0.));
#9363=DIRECTION('',(0.,0.,1.));
#9364=DIRECTION('center_axis',(-0.500000000000002,-0.866025403784437,0.));
#9365=DIRECTION('ref_axis',(-0.866025403784437,0.500000000000002,0.));
#9366=DIRECTION('',(0.,0.,1.));
#9367=DIRECTION('',(0.,0.,1.));
#9368=DIRECTION('center_axis',(0.,0.,-1.));
#9369=DIRECTION('ref_axis',(-0.866025403784441,0.499999999999996,0.));
#9370=DIRECTION('',(0.,0.,1.));
#9371=DIRECTION('center_axis',(-0.866025403784425,0.500000000000024,0.));
#9372=DIRECTION('ref_axis',(0.500000000000024,0.866025403784425,0.));
#9373=DIRECTION('',(0.,0.,1.));
#9374=DIRECTION('center_axis',(0.,0.,-1.));
#9375=DIRECTION('ref_axis',(0.500000000000003,0.866025403784437,0.));
#9376=DIRECTION('',(0.,0.,1.));
#9377=DIRECTION('center_axis',(0.,0.,-1.));
#9378=DIRECTION('ref_axis',(-0.866025403784454,-0.499999999999974,0.));
#9379=DIRECTION('',(0.,0.,1.));
#9380=DIRECTION('',(0.,0.,1.));
#9381=DIRECTION('center_axis',(-0.86602540378445,-0.499999999999981,0.));
#9382=DIRECTION('ref_axis',(-0.499999999999981,0.86602540378445,0.));
#9383=DIRECTION('',(0.,0.,1.));
#9384=DIRECTION('center_axis',(0.,0.,-1.));
#9385=DIRECTION('ref_axis',(-0.500000000000017,0.866025403784429,0.));
#9386=DIRECTION('',(0.,0.,1.));
#9387=DIRECTION('center_axis',(-0.500000000000003,0.866025403784437,0.));
#9388=DIRECTION('ref_axis',(0.866025403784437,0.500000000000003,0.));
#9389=DIRECTION('',(0.,0.,1.));
#9390=DIRECTION('center_axis',(0.,0.,-1.));
#9391=DIRECTION('ref_axis',(-0.500000000000021,0.866025403784427,0.));
#9392=DIRECTION('',(0.,0.,1.));
#9393=DIRECTION('',(0.,0.,1.));
#9394=DIRECTION('center_axis',(-0.500000000000003,0.866025403784437,0.));
#9395=DIRECTION('ref_axis',(0.866025403784437,0.500000000000003,0.));
#9396=DIRECTION('',(0.,0.,1.));
#9397=DIRECTION('center_axis',(0.,0.,-1.));
#9398=DIRECTION('ref_axis',(0.866025403784454,0.499999999999974,0.));
#9399=DIRECTION('',(0.,0.,1.));
#9400=DIRECTION('center_axis',(0.866025403784445,0.499999999999988,0.));
#9401=DIRECTION('ref_axis',(0.499999999999988,-0.866025403784445,0.));
#9402=DIRECTION('',(0.,0.,1.));
#9403=DIRECTION('center_axis',(0.,0.,-1.));
#9404=DIRECTION('ref_axis',(-0.866025403784454,-0.499999999999974,0.));
#9405=DIRECTION('',(0.,0.,1.));
#9406=DIRECTION('',(0.,0.,1.));
#9407=DIRECTION('center_axis',(-0.86602540378445,-0.499999999999981,0.));
#9408=DIRECTION('ref_axis',(-0.499999999999981,0.86602540378445,0.));
#9409=DIRECTION('',(0.,0.,1.));
#9410=DIRECTION('center_axis',(0.,0.,-1.));
#9411=DIRECTION('ref_axis',(-0.500000000000021,0.866025403784427,0.));
#9412=DIRECTION('',(0.,0.,1.));
#9413=DIRECTION('center_axis',(-0.500000000000001,0.866025403784438,0.));
#9414=DIRECTION('ref_axis',(0.866025403784438,0.500000000000001,0.));
#9415=DIRECTION('',(0.,0.,1.));
#9416=DIRECTION('center_axis',(0.866025403784425,0.500000000000023,0.));
#9417=DIRECTION('ref_axis',(0.500000000000023,-0.866025403784425,0.));
#9418=DIRECTION('',(0.,0.,1.));
#9419=DIRECTION('',(0.,0.,1.));
#9420=DIRECTION('center_axis',(0.,0.,-1.));
#9421=DIRECTION('ref_axis',(0.500000000000047,-0.866025403784411,0.));
#9422=DIRECTION('',(0.,0.,1.));
#9423=DIRECTION('center_axis',(0.500000000000001,-0.866025403784438,0.));
#9424=DIRECTION('ref_axis',(-0.866025403784438,-0.500000000000001,0.));
#9425=DIRECTION('',(0.,0.,1.));
#9426=DIRECTION('center_axis',(0.,0.,-1.));
#9427=DIRECTION('ref_axis',(-0.866025403784454,-0.499999999999974,0.));
#9428=DIRECTION('',(0.,0.,1.));
#9429=DIRECTION('center_axis',(0.,0.,-1.));
#9430=DIRECTION('ref_axis',(1.,0.,0.));
#9431=DIRECTION('center_axis',(0.,0.,1.));
#9432=DIRECTION('ref_axis',(1.,0.,0.));
#9433=DIRECTION('',(0.,0.,1.));
#9434=DIRECTION('center_axis',(0.,0.,-1.));
#9435=DIRECTION('ref_axis',(1.,0.,0.));
#9436=DIRECTION('center_axis',(0.,0.,-1.));
#9437=DIRECTION('ref_axis',(1.,0.,0.));
#9438=DIRECTION('center_axis',(0.,0.,-1.));
#9439=DIRECTION('ref_axis',(1.,0.,0.));
#9440=DIRECTION('',(0.,0.,1.));
#9441=DIRECTION('center_axis',(0.,0.,-1.));
#9442=DIRECTION('ref_axis',(1.,0.,0.));
#9443=DIRECTION('center_axis',(0.,0.,1.));
#9444=DIRECTION('ref_axis',(-1.,0.,0.));
#9445=DIRECTION('center_axis',(0.86602540378444,0.499999999999999,0.));
#9446=DIRECTION('ref_axis',(0.499999999999999,-0.866025403784439,0.));
#9447=DIRECTION('',(0.,0.,-1.));
#9448=DIRECTION('',(0.499999999999998,-0.866025403784439,0.));
#9449=DIRECTION('',(0.,0.,-1.));
#9450=DIRECTION('center_axis',(-0.5,0.866025403784439,0.));
#9451=DIRECTION('ref_axis',(0.866025403784439,0.5,0.));
#9452=DIRECTION('',(0.866025403784438,0.5,0.));
#9453=DIRECTION('',(0.,0.,-1.));
#9454=DIRECTION('center_axis',(-0.866025403784439,-0.5,0.));
#9455=DIRECTION('ref_axis',(-0.5,0.866025403784439,0.));
#9456=DIRECTION('',(-0.5,0.866025403784439,0.));
#9457=DIRECTION('',(0.,0.,-1.));
#9458=DIRECTION('center_axis',(0.5,-0.866025403784439,0.));
#9459=DIRECTION('ref_axis',(-0.866025403784439,-0.5,0.));
#9460=DIRECTION('',(-0.866025403784439,-0.5,0.));
#9461=DIRECTION('',(0.,0.,-1.));
#9462=DIRECTION('center_axis',(0.866025403784439,0.5,0.));
#9463=DIRECTION('ref_axis',(0.5,-0.866025403784439,0.));
#9464=DIRECTION('',(0.5,-0.866025403784439,0.));
#9465=DIRECTION('',(0.,0.,-1.));
#9466=DIRECTION('center_axis',(-0.499999999999997,0.86602540378444,0.));
#9467=DIRECTION('ref_axis',(0.86602540378444,0.499999999999997,0.));
#9468=DIRECTION('',(0.86602540378444,0.499999999999997,0.));
#9469=DIRECTION('',(0.,0.,-1.));
#9470=DIRECTION('center_axis',(-0.866025403784437,-0.500000000000003,0.));
#9471=DIRECTION('ref_axis',(-0.500000000000002,0.866025403784437,0.));
#9472=DIRECTION('',(-0.500000000000002,0.866025403784437,0.));
#9473=DIRECTION('',(0.,0.,1.));
#9474=DIRECTION('',(0.,0.,1.));
#9475=DIRECTION('center_axis',(-0.499999999999997,0.86602540378444,0.));
#9476=DIRECTION('ref_axis',(0.86602540378444,0.499999999999997,0.));
#9477=DIRECTION('',(0.86602540378444,0.499999999999997,0.));
#9478=DIRECTION('',(0.,0.,1.));
#9479=DIRECTION('center_axis',(0.866025403784439,0.5,0.));
#9480=DIRECTION('ref_axis',(0.5,-0.866025403784439,0.));
#9481=DIRECTION('',(0.5,-0.866025403784439,0.));
#9482=DIRECTION('',(0.,0.,1.));
#9483=DIRECTION('center_axis',(0.499999999999999,-0.866025403784439,0.));
#9484=DIRECTION('ref_axis',(-0.866025403784439,-0.499999999999999,0.));
#9485=DIRECTION('',(-0.866025403784439,-0.499999999999999,0.));
#9486=DIRECTION('center_axis',(0.,0.,-1.));
#9487=DIRECTION('ref_axis',(-1.,0.,0.));
#9488=DIRECTION('center_axis',(0.,0.,-1.));
#9489=DIRECTION('ref_axis',(1.,0.,0.));
#9490=DIRECTION('center_axis',(0.,0.,1.));
#9491=DIRECTION('ref_axis',(1.,0.,0.));
#9492=DIRECTION('',(0.,0.,1.));
#9493=DIRECTION('center_axis',(0.,0.,-1.));
#9494=DIRECTION('ref_axis',(1.,0.,0.));
#9495=DIRECTION('center_axis',(0.,0.,-1.));
#9496=DIRECTION('ref_axis',(1.,0.,0.));
#9497=DIRECTION('center_axis',(0.,0.,-1.));
#9498=DIRECTION('ref_axis',(1.,0.,0.));
#9499=DIRECTION('',(0.,0.,1.));
#9500=DIRECTION('center_axis',(0.,0.,-1.));
#9501=DIRECTION('ref_axis',(1.,0.,0.));
#9502=DIRECTION('center_axis',(0.,0.,1.));
#9503=DIRECTION('ref_axis',(-1.,0.,0.));
#9504=DIRECTION('center_axis',(0.,0.,-1.));
#9505=DIRECTION('ref_axis',(1.,0.,0.));
#9506=DIRECTION('center_axis',(0.,0.,1.));
#9507=DIRECTION('ref_axis',(1.,0.,0.));
#9508=DIRECTION('',(0.,0.,1.));
#9509=DIRECTION('center_axis',(0.,0.,-1.));
#9510=DIRECTION('ref_axis',(1.,0.,0.));
#9511=DIRECTION('center_axis',(0.,0.,-1.));
#9512=DIRECTION('ref_axis',(1.,0.,0.));
#9513=DIRECTION('center_axis',(0.,0.,-1.));
#9514=DIRECTION('ref_axis',(1.,0.,0.));
#9515=DIRECTION('',(0.,0.,1.));
#9516=DIRECTION('center_axis',(0.,0.,-1.));
#9517=DIRECTION('ref_axis',(1.,0.,0.));
#9518=DIRECTION('center_axis',(0.,0.,1.));
#9519=DIRECTION('ref_axis',(-1.,0.,0.));
#9520=DIRECTION('center_axis',(0.,0.,-1.));
#9521=DIRECTION('ref_axis',(1.,0.,0.));
#9522=DIRECTION('center_axis',(0.,0.,1.));
#9523=DIRECTION('ref_axis',(1.,0.,0.));
#9524=DIRECTION('',(0.,0.,1.));
#9525=DIRECTION('center_axis',(0.,0.,-1.));
#9526=DIRECTION('ref_axis',(1.,0.,0.));
#9527=DIRECTION('center_axis',(0.,0.,-1.));
#9528=DIRECTION('ref_axis',(1.,0.,0.));
#9529=DIRECTION('center_axis',(0.,0.,-1.));
#9530=DIRECTION('ref_axis',(1.,0.,0.));
#9531=DIRECTION('',(0.,0.,1.));
#9532=DIRECTION('center_axis',(0.,0.,-1.));
#9533=DIRECTION('ref_axis',(1.,0.,0.));
#9534=DIRECTION('center_axis',(0.,0.,1.));
#9535=DIRECTION('ref_axis',(-1.,0.,0.));
#9536=DIRECTION('center_axis',(-0.866025403784442,0.499999999999994,0.));
#9537=DIRECTION('ref_axis',(0.499999999999994,0.866025403784442,0.));
#9538=DIRECTION('',(0.,0.,-1.));
#9539=DIRECTION('',(0.499999999999994,0.866025403784442,0.));
#9540=DIRECTION('',(0.,0.,-1.));
#9541=DIRECTION('center_axis',(-0.499999999999999,-0.866025403784439,0.));
#9542=DIRECTION('ref_axis',(-0.866025403784439,0.499999999999999,0.));
#9543=DIRECTION('',(-0.866025403784439,0.499999999999999,0.));
#9544=DIRECTION('',(0.,0.,-1.));
#9545=DIRECTION('center_axis',(0.866025403784437,-0.500000000000002,0.));
#9546=DIRECTION('ref_axis',(-0.500000000000002,-0.866025403784437,0.));
#9547=DIRECTION('',(-0.500000000000002,-0.866025403784437,0.));
#9548=DIRECTION('',(0.,0.,-1.));
#9549=DIRECTION('center_axis',(0.5,0.866025403784438,0.));
#9550=DIRECTION('ref_axis',(0.866025403784438,-0.5,0.));
#9551=DIRECTION('',(0.866025403784438,-0.5,0.));
#9552=DIRECTION('',(0.,0.,-1.));
#9553=DIRECTION('center_axis',(-0.866025403784439,0.5,0.));
#9554=DIRECTION('ref_axis',(0.5,0.866025403784439,0.));
#9555=DIRECTION('',(0.5,0.866025403784439,0.));
#9556=DIRECTION('center_axis',(-0.49999999999999,-0.866025403784445,0.));
#9557=DIRECTION('ref_axis',(-0.866025403784445,0.49999999999999,0.));
#9558=DIRECTION('',(-0.866025403784445,0.49999999999999,0.));
#9559=DIRECTION('',(0.,0.,-1.));
#9560=DIRECTION('center_axis',(0.866025403784442,-0.499999999999994,0.));
#9561=DIRECTION('ref_axis',(-0.499999999999994,-0.866025403784442,0.));
#9562=DIRECTION('',(-0.499999999999994,-0.866025403784442,0.));
#9563=DIRECTION('',(0.,0.,1.));
#9564=DIRECTION('',(0.,0.,1.));
#9565=DIRECTION('center_axis',(-0.500000000000004,-0.866025403784436,0.));
#9566=DIRECTION('ref_axis',(-0.866025403784436,0.500000000000004,0.));
#9567=DIRECTION('',(-0.866025403784436,0.500000000000004,0.));
#9568=DIRECTION('',(0.,0.,1.));
#9569=DIRECTION('center_axis',(-0.866025403784438,0.500000000000002,0.));
#9570=DIRECTION('ref_axis',(0.500000000000002,0.866025403784438,0.));
#9571=DIRECTION('',(0.500000000000002,0.866025403784438,0.));
#9572=DIRECTION('',(0.,0.,1.));
#9573=DIRECTION('center_axis',(0.500000000000003,0.866025403784437,0.));
#9574=DIRECTION('ref_axis',(0.866025403784437,-0.500000000000003,0.));
#9575=DIRECTION('',(0.866025403784437,-0.500000000000003,0.));
#9576=DIRECTION('center_axis',(0.,0.,-1.));
#9577=DIRECTION('ref_axis',(-1.,0.,0.));
#9578=DIRECTION('center_axis',(0.,0.,1.));
#9579=DIRECTION('ref_axis',(-1.,0.,0.));
#9580=DIRECTION('center_axis',(0.,0.,1.));
#9581=DIRECTION('ref_axis',(1.,-1.22464679914735E-16,0.));
#9582=DIRECTION('center_axis',(0.,0.,-1.));
#9583=DIRECTION('ref_axis',(-1.,0.,0.));
#9584=DIRECTION('',(0.,0.,1.));
#9585=DIRECTION('center_axis',(0.,0.,-1.));
#9586=DIRECTION('ref_axis',(-1.,0.,0.));
#9587=DIRECTION('',(0.,0.,1.));
#9588=DIRECTION('center_axis',(0.,0.,1.));
#9589=DIRECTION('ref_axis',(0.88939328092991,0.457142857142852,0.));
#9590=DIRECTION('center_axis',(0.,0.,-1.));
#9591=DIRECTION('ref_axis',(0.88939328092991,0.457142857142852,0.));
#9592=DIRECTION('',(0.,0.,1.));
#9593=DIRECTION('center_axis',(0.,0.,-1.));
#9594=DIRECTION('ref_axis',(0.88939328092991,0.457142857142852,0.));
#9595=DIRECTION('',(0.,0.,1.));
#9596=DIRECTION('center_axis',(0.,0.,1.));
#9597=DIRECTION('ref_axis',(-1.,0.,0.));
#9598=DIRECTION('center_axis',(0.,0.,-1.));
#9599=DIRECTION('ref_axis',(-1.,0.,0.));
#9600=DIRECTION('',(0.,0.,1.));
#9601=DIRECTION('center_axis',(0.,0.,-1.));
#9602=DIRECTION('ref_axis',(-1.,0.,0.));
#9603=DIRECTION('',(0.,0.,1.));
#9604=DIRECTION('center_axis',(0.,0.,1.));
#9605=DIRECTION('ref_axis',(-0.457142857142858,0.889393280929907,0.));
#9606=DIRECTION('center_axis',(0.,0.,-1.));
#9607=DIRECTION('ref_axis',(-0.457142857142858,0.889393280929907,0.));
#9608=DIRECTION('',(0.,0.,1.));
#9609=DIRECTION('center_axis',(0.,0.,-1.));
#9610=DIRECTION('ref_axis',(-0.457142857142858,0.889393280929907,0.));
#9611=DIRECTION('',(0.,0.,1.));
#9612=DIRECTION('center_axis',(0.,0.,1.));
#9613=DIRECTION('ref_axis',(-1.,0.,0.));
#9614=DIRECTION('center_axis',(0.,0.,-1.));
#9615=DIRECTION('ref_axis',(-1.,0.,0.));
#9616=DIRECTION('',(0.,0.,1.));
#9617=DIRECTION('center_axis',(0.,0.,-1.));
#9618=DIRECTION('ref_axis',(-1.,0.,0.));
#9619=DIRECTION('',(0.,0.,1.));
#9620=DIRECTION('center_axis',(0.,0.,1.));
#9621=DIRECTION('ref_axis',(-0.889393280929907,-0.457142857142858,0.));
#9622=DIRECTION('center_axis',(0.,0.,-1.));
#9623=DIRECTION('ref_axis',(-0.889393280929907,-0.457142857142858,0.));
#9624=DIRECTION('',(0.,0.,1.));
#9625=DIRECTION('center_axis',(0.,0.,-1.));
#9626=DIRECTION('ref_axis',(-0.889393280929907,-0.457142857142858,0.));
#9627=DIRECTION('',(0.,0.,1.));
#9628=DIRECTION('center_axis',(0.,0.,1.));
#9629=DIRECTION('ref_axis',(-1.,0.,0.));
#9630=DIRECTION('center_axis',(0.,0.,-1.));
#9631=DIRECTION('ref_axis',(-1.,0.,0.));
#9632=DIRECTION('',(0.,0.,1.));
#9633=DIRECTION('center_axis',(0.,0.,-1.));
#9634=DIRECTION('ref_axis',(-1.,0.,0.));
#9635=DIRECTION('',(0.,0.,1.));
#9636=DIRECTION('center_axis',(0.,0.,1.));
#9637=DIRECTION('ref_axis',(0.457142857142858,-0.889393280929907,0.));
#9638=DIRECTION('center_axis',(0.,0.,-1.));
#9639=DIRECTION('ref_axis',(0.457142857142858,-0.889393280929907,0.));
#9640=DIRECTION('',(0.,0.,1.));
#9641=DIRECTION('center_axis',(0.,0.,-1.));
#9642=DIRECTION('ref_axis',(0.457142857142858,-0.889393280929907,0.));
#9643=DIRECTION('',(0.,0.,1.));
#9644=DIRECTION('center_axis',(0.707120135720105,0.70709342640077,0.));
#9645=DIRECTION('ref_axis',(-0.70709342640077,0.707120135720105,0.));
#9646=DIRECTION('',(0.70709342640077,-0.707120135720105,0.));
#9647=DIRECTION('',(0.,0.,1.));
#9648=DIRECTION('',(-0.70709342640077,0.707120135720105,0.));
#9649=DIRECTION('',(0.,0.,1.));
#9650=DIRECTION('center_axis',(-0.000490082179128542,0.999999879909722,
0.));
#9651=DIRECTION('ref_axis',(-0.999999879909722,-0.000490082179128542,0.));
#9652=DIRECTION('',(0.999999879909722,0.000490082179128542,0.));
#9653=DIRECTION('',(-0.999999879909722,-0.000490082179128542,0.));
#9654=DIRECTION('',(0.,0.,1.));
#9655=DIRECTION('center_axis',(0.,0.,1.));
#9656=DIRECTION('ref_axis',(0.000490082179137088,-0.999999879909722,0.));
#9657=DIRECTION('center_axis',(0.,0.,1.));
#9658=DIRECTION('ref_axis',(0.000490082179137088,-0.999999879909722,0.));
#9659=DIRECTION('center_axis',(0.,0.,1.));
#9660=DIRECTION('ref_axis',(0.000490082179137088,-0.999999879909722,0.));
#9661=DIRECTION('',(0.,0.,1.));
#9662=DIRECTION('center_axis',(0.000490082179164026,-0.999999879909722,
0.));
#9663=DIRECTION('ref_axis',(0.999999879909722,0.000490082179164026,0.));
#9664=DIRECTION('',(0.999999879909722,0.000490082179164026,0.));
#9665=DIRECTION('',(0.999999879909722,0.000490082179164026,0.));
#9666=DIRECTION('',(0.,0.,1.));
#9667=DIRECTION('center_axis',(0.707106781186548,-0.707106781186548,0.));
#9668=DIRECTION('ref_axis',(0.707106781186548,0.707106781186548,0.));
#9669=DIRECTION('',(-0.707106781186548,-0.707106781186548,0.));
#9670=DIRECTION('',(0.707106781186548,0.707106781186548,0.));
#9671=DIRECTION('',(0.,0.,1.));
#9672=DIRECTION('center_axis',(1.,-2.74899299972716E-14,0.));
#9673=DIRECTION('ref_axis',(2.74899299972716E-14,1.,0.));
#9674=DIRECTION('',(-2.74899299972716E-14,-1.,0.));
#9675=DIRECTION('',(2.74899299972716E-14,1.,0.));
#9676=DIRECTION('',(0.,0.,1.));
#9677=DIRECTION('center_axis',(0.,0.,1.));
#9678=DIRECTION('ref_axis',(-1.,0.,0.));
#9679=DIRECTION('center_axis',(0.,0.,1.));
#9680=DIRECTION('ref_axis',(-1.,0.,0.));
#9681=DIRECTION('center_axis',(0.,0.,1.));
#9682=DIRECTION('ref_axis',(-1.,0.,0.));
#9683=DIRECTION('',(0.,0.,1.));
#9684=DIRECTION('center_axis',(-1.,-1.39909186074093E-14,0.));
#9685=DIRECTION('ref_axis',(1.39909186074093E-14,-1.,0.));
#9686=DIRECTION('',(1.39909186074093E-14,-1.,0.));
#9687=DIRECTION('',(1.39909186074093E-14,-1.,0.));
#9688=DIRECTION('',(0.,0.,1.));
#9689=DIRECTION('center_axis',(-0.707102953943717,-0.707110608408663,0.));
#9690=DIRECTION('ref_axis',(0.707110608408663,-0.707102953943717,0.));
#9691=DIRECTION('',(0.707110608408663,-0.707102953943717,0.));
#9692=DIRECTION('',(0.707110608408663,-0.707102953943717,0.));
#9693=DIRECTION('',(0.,0.,1.));
#9694=DIRECTION('center_axis',(0.000490082179130403,-0.999999879909722,
0.));
#9695=DIRECTION('ref_axis',(0.999999879909722,0.000490082179130403,0.));
#9696=DIRECTION('',(-0.999999879909722,-0.000490082179130403,0.));
#9697=DIRECTION('',(0.999999879909722,0.000490082179130403,0.));
#9698=DIRECTION('',(0.,0.,1.));
#9699=DIRECTION('center_axis',(0.,0.,1.));
#9700=DIRECTION('ref_axis',(-0.000490082179137087,0.999999879909722,0.));
#9701=DIRECTION('center_axis',(0.,0.,1.));
#9702=DIRECTION('ref_axis',(-0.000490082179137087,0.999999879909722,0.));
#9703=DIRECTION('center_axis',(0.,0.,1.));
#9704=DIRECTION('ref_axis',(-0.000490082179137087,0.999999879909722,0.));
#9705=DIRECTION('',(0.,0.,1.));
#9706=DIRECTION('center_axis',(-0.000490082179144925,0.999999879909722,
0.));
#9707=DIRECTION('ref_axis',(-0.999999879909722,-0.000490082179144925,0.));
#9708=DIRECTION('',(-0.999999879909722,-0.000490082179144925,0.));
#9709=DIRECTION('',(-0.999999879909722,-0.000490082179144925,0.));
#9710=DIRECTION('',(0.,0.,1.));
#9711=DIRECTION('center_axis',(-0.707465478505216,0.706747901817463,0.));
#9712=DIRECTION('ref_axis',(-0.706747901817463,-0.707465478505216,0.));
#9713=DIRECTION('',(-0.706747901817463,-0.707465478505216,0.));
#9714=DIRECTION('',(-0.706747901817463,-0.707465478505216,0.));
#9715=DIRECTION('',(0.,0.,1.));
#9716=DIRECTION('center_axis',(-1.,0.,0.));
#9717=DIRECTION('ref_axis',(0.,-1.,0.));
#9718=DIRECTION('',(0.,1.,0.));
#9719=DIRECTION('',(0.,-1.,0.));
#9720=DIRECTION('',(0.,0.,1.));
#9721=DIRECTION('center_axis',(0.,0.,1.));
#9722=DIRECTION('ref_axis',(0.00287152960951145,0.999995877150352,0.));
#9723=DIRECTION('center_axis',(0.,0.,1.));
#9724=DIRECTION('ref_axis',(0.999983508635404,-0.00574303554124164,0.));
#9725=DIRECTION('center_axis',(0.,0.,1.));
#9726=DIRECTION('ref_axis',(0.999983508635404,-0.00574303554124164,0.));
#9727=DIRECTION('',(0.,0.,1.));
#9728=DIRECTION('center_axis',(0.999983508635405,-0.00574303554099774,0.));
#9729=DIRECTION('ref_axis',(0.00574303554099774,0.999983508635405,0.));
#9730=DIRECTION('',(0.00574303554099774,0.999983508635405,0.));
#9731=DIRECTION('',(0.00574303554099774,0.999983508635405,0.));
#9732=DIRECTION('center_axis',(0.,0.,1.));
#9733=DIRECTION('ref_axis',(-1.,0.,0.));
#9734=DIRECTION('',(-1.,0.,0.));
#9735=DIRECTION('',(0.,-1.,0.));
#9736=DIRECTION('',(0.,-1.,0.));
#9737=DIRECTION('',(1.,0.,0.));
#9738=DIRECTION('',(0.,-1.,0.));
#9739=DIRECTION('',(1.,0.,0.));
#9740=DIRECTION('',(1.,0.,0.));
#9741=DIRECTION('',(0.,1.,0.));
#9742=DIRECTION('',(1.,0.,0.));
#9743=DIRECTION('',(0.,1.,0.));
#9744=DIRECTION('',(0.,1.,0.));
#9745=DIRECTION('',(-1.,0.,0.));
#9746=DIRECTION('',(0.,1.,0.));
#9747=DIRECTION('',(-1.,0.,0.));
#9748=DIRECTION('',(-1.,0.,0.));
#9749=DIRECTION('',(0.,-1.,0.));
#9750=DIRECTION('center_axis',(0.,0.,-1.));
#9751=DIRECTION('ref_axis',(1.,0.,0.));
#9752=DIRECTION('',(-1.,0.,0.));
#9753=DIRECTION('center_axis',(0.,0.,-1.));
#9754=DIRECTION('ref_axis',(1.,0.,0.));
#9755=DIRECTION('',(-1.,0.,0.));
#9756=DIRECTION('center_axis',(0.,0.,-1.));
#9757=DIRECTION('ref_axis',(-1.,0.,0.));
#9758=DIRECTION('',(0.,1.,0.));
#9759=DIRECTION('center_axis',(0.,0.,-1.));
#9760=DIRECTION('ref_axis',(1.,0.,0.));
#9761=DIRECTION('',(0.,1.,0.));
#9762=DIRECTION('center_axis',(0.,0.,-1.));
#9763=DIRECTION('ref_axis',(1.,0.,0.));
#9764=DIRECTION('',(0.,1.,0.));
#9765=DIRECTION('center_axis',(0.,0.,-1.));
#9766=DIRECTION('ref_axis',(0.,1.,0.));
#9767=DIRECTION('',(1.,0.,0.));
#9768=DIRECTION('center_axis',(0.,0.,-1.));
#9769=DIRECTION('ref_axis',(1.,0.,0.));
#9770=DIRECTION('',(1.,0.,0.));
#9771=DIRECTION('center_axis',(0.,0.,-1.));
#9772=DIRECTION('ref_axis',(1.,0.,0.));
#9773=DIRECTION('',(1.,0.,0.));
#9774=DIRECTION('center_axis',(0.,0.,-1.));
#9775=DIRECTION('ref_axis',(1.,0.,0.));
#9776=DIRECTION('',(0.,-1.,0.));
#9777=DIRECTION('center_axis',(0.,0.,-1.));
#9778=DIRECTION('ref_axis',(1.,0.,0.));
#9779=DIRECTION('',(0.,-1.,0.));
#9780=DIRECTION('center_axis',(0.,0.,-1.));
#9781=DIRECTION('ref_axis',(1.,0.,0.));
#9782=DIRECTION('',(0.,-1.,0.));
#9783=DIRECTION('center_axis',(0.,0.,-1.));
#9784=DIRECTION('ref_axis',(0.,-1.,0.));
#9785=DIRECTION('',(-1.,0.,0.));
#9786=DIRECTION('center_axis',(0.,1.,0.));
#9787=DIRECTION('ref_axis',(1.,0.,0.));
#9788=DIRECTION('',(0.,0.,-1.));
#9789=DIRECTION('',(0.,0.,1.));
#9790=DIRECTION('center_axis',(1.,0.,0.));
#9791=DIRECTION('ref_axis',(0.,-1.,0.));
#9792=DIRECTION('',(0.,0.,1.));
#9793=DIRECTION('center_axis',(0.,-1.,0.));
#9794=DIRECTION('ref_axis',(-1.,0.,0.));
#9795=DIRECTION('',(0.,0.,-1.));
#9796=DIRECTION('center_axis',(0.,0.,-1.));
#9797=DIRECTION('ref_axis',(0.,1.,0.));
#9798=DIRECTION('',(0.,0.,-1.));
#9799=DIRECTION('center_axis',(1.,0.,0.));
#9800=DIRECTION('ref_axis',(0.,-1.,0.));
#9801=DIRECTION('',(0.,0.,1.));
#9802=DIRECTION('center_axis',(0.,-1.,0.));
#9803=DIRECTION('ref_axis',(-1.,0.,0.));
#9804=DIRECTION('',(0.,0.,1.));
#9805=DIRECTION('center_axis',(-1.,0.,0.));
#9806=DIRECTION('ref_axis',(0.,1.,0.));
#9807=DIRECTION('',(0.,0.,-1.));
#9808=DIRECTION('center_axis',(0.,0.,-1.));
#9809=DIRECTION('ref_axis',(1.,0.,0.));
#9810=DIRECTION('',(0.,0.,-1.));
#9811=DIRECTION('center_axis',(0.,-1.,0.));
#9812=DIRECTION('ref_axis',(-1.,0.,0.));
#9813=DIRECTION('',(0.,0.,-1.));
#9814=DIRECTION('center_axis',(0.,0.,-1.));
#9815=DIRECTION('ref_axis',(-1.,0.,0.));
#9816=DIRECTION('',(0.,0.,-1.));
#9817=DIRECTION('center_axis',(1.,0.,0.));
#9818=DIRECTION('ref_axis',(0.,-1.,0.));
#9819=DIRECTION('',(0.,0.,1.));
#9820=DIRECTION('center_axis',(0.,1.,0.));
#9821=DIRECTION('ref_axis',(1.,0.,0.));
#9822=DIRECTION('',(0.,0.,1.));
#9823=DIRECTION('center_axis',(-1.,0.,0.));
#9824=DIRECTION('ref_axis',(0.,1.,0.));
#9825=DIRECTION('',(0.,0.,-1.));
#9826=DIRECTION('center_axis',(0.,0.,-1.));
#9827=DIRECTION('ref_axis',(0.,-1.,0.));
#9828=DIRECTION('',(0.,0.,-1.));
#9829=DIRECTION('center_axis',(0.,1.,0.));
#9830=DIRECTION('ref_axis',(1.,0.,0.));
#9831=DIRECTION('',(0.,0.,1.));
#9832=DIRECTION('center_axis',(-1.,0.,0.));
#9833=DIRECTION('ref_axis',(0.,1.,0.));
#9834=DIRECTION('center_axis',(0.707106781186572,0.707106781186523,0.));
#9835=DIRECTION('ref_axis',(-0.707106781186523,0.707106781186572,0.));
#9836=DIRECTION('',(0.,0.,1.));
#9837=DIRECTION('',(-0.707106781186523,0.707106781186572,0.));
#9838=DIRECTION('',(0.,0.,1.));
#9839=DIRECTION('center_axis',(0.,0.,1.));
#9840=DIRECTION('ref_axis',(-0.00224011582685272,0.999997490937394,0.));
#9841=DIRECTION('center_axis',(0.,0.,1.));
#9842=DIRECTION('ref_axis',(-0.990802834096489,-0.135313502453988,0.));
#9843=DIRECTION('',(0.,0.,1.));
#9844=DIRECTION('center_axis',(-0.707465478505211,0.706747901817467,0.));
#9845=DIRECTION('ref_axis',(-0.706747901817467,-0.707465478505211,0.));
#9846=DIRECTION('',(-0.706747901817467,-0.707465478505211,0.));
#9847=DIRECTION('',(0.,0.,1.));
#9848=DIRECTION('center_axis',(0.,0.,1.));
#9849=DIRECTION('ref_axis',(-0.999999364293873,0.00112756900001588,0.));
#9850=DIRECTION('center_axis',(0.,0.,1.));
#9851=DIRECTION('ref_axis',(0.133242109760126,-0.991083518270116,0.));
#9852=DIRECTION('',(0.,0.,1.));
#9853=DIRECTION('center_axis',(-0.707106781186548,-0.707106781186548,0.));
#9854=DIRECTION('ref_axis',(0.707106781186548,-0.707106781186548,0.));
#9855=DIRECTION('',(0.707106781186548,-0.707106781186548,0.));
#9856=DIRECTION('',(0.,0.,1.));
#9857=DIRECTION('center_axis',(0.,0.,1.));
#9858=DIRECTION('ref_axis',(0.999998391777645,-0.00179344420692815,0.));
#9859=DIRECTION('',(0.,0.,1.));
#9860=DIRECTION('center_axis',(0.,0.,1.));
#9861=DIRECTION('ref_axis',(-0.130873129333399,0.991399124479381,0.));
#9862=DIRECTION('center_axis',(0.707106781186548,-0.707106781186548,0.));
#9863=DIRECTION('ref_axis',(0.707106781186548,0.707106781186548,0.));
#9864=DIRECTION('',(0.,0.,1.));
#9865=DIRECTION('',(0.707106781186547,0.707106781186547,0.));
#9866=DIRECTION('center_axis',(0.,0.,1.));
#9867=DIRECTION('ref_axis',(0.000598489248477298,-0.999999820905294,0.));
#9868=DIRECTION('center_axis',(0.,0.,1.));
#9869=DIRECTION('ref_axis',(0.990923320367224,0.134428319755909,0.));
#9870=DIRECTION('center_axis',(0.,0.,-1.));
#9871=DIRECTION('ref_axis',(1.,0.,0.));
#9872=DIRECTION('center_axis',(7.17974275560527E-16,-0.707106781186548,
-0.707106781186548));
#9873=DIRECTION('ref_axis',(-1.,0.,-1.0153689579327E-15));
#9874=DIRECTION('center_axis',(7.17974275560527E-16,-0.707106781186548,
-0.707106781186548));
#9875=DIRECTION('ref_axis',(9.02803163743169E-16,-0.707106781186548,0.707106781186547));
#9876=DIRECTION('',(1.,1.0153689579327E-15,0.));
#9877=DIRECTION('center_axis',(7.17974275560527E-16,-0.707106781186548,
-0.707106781186548));
#9878=DIRECTION('ref_axis',(9.02803163743169E-16,-0.707106781186548,0.707106781186547));
#9879=DIRECTION('',(-1.,-1.0153689579327E-15,0.));
#9880=DIRECTION('center_axis',(0.,0.,1.));
#9881=DIRECTION('ref_axis',(-1.,0.,0.));
#9882=DIRECTION('center_axis',(0.,0.,-1.));
#9883=DIRECTION('ref_axis',(0.836478332056485,-0.548000000000001,0.));
#9884=DIRECTION('center_axis',(0.,0.,1.));
#9885=DIRECTION('ref_axis',(-1.,0.,0.));
#9886=DIRECTION('center_axis',(0.707106781186541,0.,-0.707106781186554));
#9887=DIRECTION('ref_axis',(-0.707106781186554,0.,-0.707106781186541));
#9888=DIRECTION('center_axis',(0.707106781186541,0.,-0.707106781186554));
#9889=DIRECTION('ref_axis',(0.707106781186554,0.,0.707106781186541));
#9890=DIRECTION('',(0.,1.,0.));
#9891=DIRECTION('center_axis',(0.707106781186541,0.,-0.707106781186554));
#9892=DIRECTION('ref_axis',(0.707106781186554,0.,0.707106781186541));
#9893=DIRECTION('',(0.,-1.,0.));
#9894=DIRECTION('center_axis',(0.,0.,1.));
#9895=DIRECTION('ref_axis',(-1.,0.,0.));
#9896=DIRECTION('center_axis',(0.,0.,-1.));
#9897=DIRECTION('ref_axis',(0.547999999999999,0.836478332056486,0.));
#9898=DIRECTION('center_axis',(0.,0.,1.));
#9899=DIRECTION('ref_axis',(-1.,0.,0.));
#9900=DIRECTION('center_axis',(-0.707106781186548,0.,-0.707106781186548));
#9901=DIRECTION('ref_axis',(-0.707106781186548,0.,0.707106781186548));
#9902=DIRECTION('center_axis',(-0.707106781186548,0.,-0.707106781186548));
#9903=DIRECTION('ref_axis',(-0.707106781186547,-3.92523114670944E-17,0.707106781186547));
#9904=DIRECTION('',(0.,-1.,0.));
#9905=DIRECTION('center_axis',(-0.707106781186548,0.,-0.707106781186548));
#9906=DIRECTION('ref_axis',(-0.707106781186547,-3.92523114670944E-17,0.707106781186547));
#9907=DIRECTION('',(0.,1.,0.));
#9908=DIRECTION('center_axis',(0.,0.,1.));
#9909=DIRECTION('ref_axis',(-1.,0.,0.));
#9910=DIRECTION('center_axis',(0.,0.,-1.));
#9911=DIRECTION('ref_axis',(-0.548000000000006,-0.836478332056481,0.));
#9912=DIRECTION('center_axis',(0.,0.,1.));
#9913=DIRECTION('ref_axis',(-1.,0.,0.));
#9914=DIRECTION('center_axis',(0.,-0.707106781186541,-0.707106781186554));
#9915=DIRECTION('ref_axis',(-1.,0.,0.));
#9916=DIRECTION('center_axis',(0.,-0.707106781186541,-0.707106781186554));
#9917=DIRECTION('ref_axis',(0.,-0.707106781186554,0.707106781186541));
#9918=DIRECTION('',(1.,0.,0.));
#9919=DIRECTION('center_axis',(0.,-0.707106781186541,-0.707106781186554));
#9920=DIRECTION('ref_axis',(0.,-0.707106781186554,0.707106781186541));
#9921=DIRECTION('',(-1.,0.,0.));
#9922=DIRECTION('center_axis',(0.,0.,1.));
#9923=DIRECTION('ref_axis',(-1.,0.,0.));
#9924=DIRECTION('center_axis',(0.,0.,-1.));
#9925=DIRECTION('ref_axis',(0.836478332056483,-0.548000000000004,0.));
#9926=DIRECTION('center_axis',(0.,0.,1.));
#9927=DIRECTION('ref_axis',(-1.,0.,0.));
#9928=DIRECTION('center_axis',(0.,0.,-1.));
#9929=DIRECTION('ref_axis',(-1.,0.,0.));
#9930=DIRECTION('',(0.,0.,1.));
#9931=DIRECTION('center_axis',(0.,0.,-1.));
#9932=DIRECTION('ref_axis',(-1.,0.,0.));
#9933=DIRECTION('center_axis',(0.,0.,-1.));
#9934=DIRECTION('ref_axis',(-1.,-1.99840144432527E-15,0.));
#9935=DIRECTION('',(0.,0.,-1.));
#9936=DIRECTION('',(0.,0.,-1.));
#9937=DIRECTION('center_axis',(0.,0.,-1.));
#9938=DIRECTION('ref_axis',(-1.,0.,0.));
#9939=DIRECTION('',(0.,0.,1.));
#9940=DIRECTION('center_axis',(0.,0.,-1.));
#9941=DIRECTION('ref_axis',(-1.,0.,0.));
#9942=DIRECTION('center_axis',(0.,0.,-1.));
#9943=DIRECTION('ref_axis',(2.22044604925032E-16,1.,0.));
#9944=DIRECTION('',(0.,0.,-1.));
#9945=DIRECTION('',(0.,0.,-1.));
#9946=DIRECTION('center_axis',(0.,0.,1.));
#9947=DIRECTION('ref_axis',(-1.,0.,0.));
#9948=DIRECTION('center_axis',(0.,0.,-1.));
#9949=DIRECTION('ref_axis',(-1.,0.,0.));
#9950=DIRECTION('',(0.,0.,1.));
#9951=DIRECTION('center_axis',(0.,0.,-1.));
#9952=DIRECTION('ref_axis',(-1.,0.,0.));
#9953=DIRECTION('center_axis',(0.,0.,-1.));
#9954=DIRECTION('ref_axis',(1.,3.33066907387548E-16,0.));
#9955=DIRECTION('',(0.,0.,-1.));
#9956=DIRECTION('',(0.,0.,-1.));
#9957=DIRECTION('center_axis',(0.,0.,1.));
#9958=DIRECTION('ref_axis',(-1.,0.,0.));
#9959=DIRECTION('center_axis',(0.,0.,-1.));
#9960=DIRECTION('ref_axis',(-1.,0.,0.));
#9961=DIRECTION('',(0.,0.,1.));
#9962=DIRECTION('center_axis',(0.,0.,-1.));
#9963=DIRECTION('ref_axis',(-1.,0.,0.));
#9964=DIRECTION('center_axis',(0.,0.,-1.));
#9965=DIRECTION('ref_axis',(-5.55111512312577E-17,1.,0.));
#9966=DIRECTION('',(0.,0.,-1.));
#9967=DIRECTION('',(0.,0.,-1.));
#9968=DIRECTION('center_axis',(0.,0.,1.));
#9969=DIRECTION('ref_axis',(-1.,0.,0.));
#9970=DIRECTION('center_axis',(0.,0.,-1.));
#9971=DIRECTION('ref_axis',(-1.,0.,0.));
#9972=DIRECTION('',(0.,0.,-1.));
#9973=DIRECTION('center_axis',(0.,0.,1.));
#9974=DIRECTION('ref_axis',(-1.,0.,0.));
#9975=DIRECTION('center_axis',(0.,0.,-1.));
#9976=DIRECTION('ref_axis',(-1.,0.,0.));
#9977=DIRECTION('',(0.,0.,-1.));
#9978=DIRECTION('center_axis',(0.,0.,1.));
#9979=DIRECTION('ref_axis',(-1.,0.,0.));
#9980=DIRECTION('center_axis',(-1.,0.,0.));
#9981=DIRECTION('ref_axis',(0.,1.,0.));
#9982=DIRECTION('',(0.,-1.,0.));
#9983=DIRECTION('',(0.,0.,-1.));
#9984=DIRECTION('',(0.,0.,-1.));
#9985=DIRECTION('center_axis',(9.428645644375E-16,-1.,0.));
#9986=DIRECTION('ref_axis',(-1.,-9.428645644375E-16,0.));
#9987=DIRECTION('',(1.,9.428645644375E-16,0.));
#9988=DIRECTION('',(0.,0.,-1.));
#9989=DIRECTION('center_axis',(1.,0.,0.));
#9990=DIRECTION('ref_axis',(0.,-1.,0.));
#9991=DIRECTION('',(0.,1.,0.));
#9992=DIRECTION('',(0.,0.,-1.));
#9993=DIRECTION('center_axis',(0.,1.,0.));
#9994=DIRECTION('ref_axis',(1.,0.,0.));
#9995=DIRECTION('',(-1.,0.,0.));
#9996=DIRECTION('center_axis',(0.,0.,1.));
#9997=DIRECTION('ref_axis',(-1.,0.,0.));
#9998=DIRECTION('center_axis',(-1.,0.,0.));
#9999=DIRECTION('ref_axis',(0.,1.,0.));
#10000=DIRECTION('',(0.,0.,-1.));
#10001=DIRECTION('',(0.,-1.,0.));
#10002=DIRECTION('',(0.,0.,-1.));
#10003=DIRECTION('center_axis',(0.,-1.,0.));
#10004=DIRECTION('ref_axis',(-1.,0.,0.));
#10005=DIRECTION('',(1.,0.,0.));
#10006=DIRECTION('',(0.,0.,-1.));
#10007=DIRECTION('center_axis',(1.,0.,0.));
#10008=DIRECTION('ref_axis',(0.,-1.,0.));
#10009=DIRECTION('',(0.,1.,0.));
#10010=DIRECTION('',(0.,0.,-1.));
#10011=DIRECTION('center_axis',(-1.0153689579327E-15,1.,0.));
#10012=DIRECTION('ref_axis',(1.,1.0153689579327E-15,0.));
#10013=DIRECTION('',(-1.,-1.0153689579327E-15,0.));
#10014=DIRECTION('center_axis',(0.,0.,1.));
#10015=DIRECTION('ref_axis',(-1.,0.,0.));
#10016=DIRECTION('center_axis',(-1.,0.,0.));
#10017=DIRECTION('ref_axis',(0.,1.,0.));
#10018=DIRECTION('',(0.,-1.,0.));
#10019=DIRECTION('',(0.,0.,-1.));
#10020=DIRECTION('',(0.,1.,0.));
#10021=DIRECTION('',(0.,0.,-1.));
#10022=DIRECTION('center_axis',(0.,-1.,0.));
#10023=DIRECTION('ref_axis',(-1.,0.,0.));
#10024=DIRECTION('',(1.,0.,0.));
#10025=DIRECTION('',(-1.,0.,0.));
#10026=DIRECTION('',(0.,0.,-1.));
#10027=DIRECTION('center_axis',(1.,0.,0.));
#10028=DIRECTION('ref_axis',(0.,-1.,0.));
#10029=DIRECTION('',(0.,1.,0.));
#10030=DIRECTION('',(0.,-1.,0.));
#10031=DIRECTION('',(0.,0.,-1.));
#10032=DIRECTION('center_axis',(0.,1.,0.));
#10033=DIRECTION('ref_axis',(1.,0.,0.));
#10034=DIRECTION('',(-1.,0.,0.));
#10035=DIRECTION('',(1.,0.,0.));
#10036=DIRECTION('center_axis',(0.,0.,-1.));
#10037=DIRECTION('ref_axis',(-1.,0.,0.));
#10038=DIRECTION('center_axis',(-0.707106781186548,0.707106781186548,0.));
#10039=DIRECTION('ref_axis',(-0.707106781186548,-0.707106781186548,0.));
#10040=DIRECTION('',(0.707106781186548,0.707106781186548,0.));
#10041=DIRECTION('',(0.,0.,1.));
#10042=DIRECTION('',(-0.707106781186548,-0.707106781186548,0.));
#10043=DIRECTION('',(0.,0.,1.));
#10044=DIRECTION('center_axis',(0.,0.,1.));
#10045=DIRECTION('ref_axis',(0.894998817124792,0.446068511940961,0.));
#10046=DIRECTION('center_axis',(0.,0.,1.));
#10047=DIRECTION('ref_axis',(0.894998817124792,0.446068511940961,0.));
#10048=DIRECTION('center_axis',(0.,0.,1.));
#10049=DIRECTION('ref_axis',(0.894998817124792,0.446068511940961,0.));
#10050=DIRECTION('',(0.,0.,1.));
#10051=DIRECTION('center_axis',(0.,0.,1.));
#10052=DIRECTION('ref_axis',(0.999224627575045,-0.0393718636530349,0.));
#10053=DIRECTION('center_axis',(0.,0.,1.));
#10054=DIRECTION('ref_axis',(0.999224627575045,-0.0393718636530349,0.));
#10055=DIRECTION('center_axis',(0.,0.,1.));
#10056=DIRECTION('ref_axis',(0.999224627575045,-0.0393718636530349,0.));
#10057=DIRECTION('',(0.,0.,1.));
#10058=DIRECTION('center_axis',(0.,0.,1.));
#10059=DIRECTION('ref_axis',(-0.999224627575044,0.0393718636530417,0.));
#10060=DIRECTION('center_axis',(0.,0.,1.));
#10061=DIRECTION('ref_axis',(-0.999224627575044,0.0393718636530417,0.));
#10062=DIRECTION('center_axis',(0.,0.,-1.));
#10063=DIRECTION('ref_axis',(-0.999224627575044,0.0393718636530417,0.));
#10064=DIRECTION('',(0.,0.,1.));
#10065=DIRECTION('center_axis',(0.,0.,1.));
#10066=DIRECTION('ref_axis',(0.894900493593704,-0.446265735370469,0.));
#10067=DIRECTION('center_axis',(0.,0.,1.));
#10068=DIRECTION('ref_axis',(0.894900493593704,-0.446265735370469,0.));
#10069=DIRECTION('center_axis',(0.,0.,1.));
#10070=DIRECTION('ref_axis',(0.894900493593704,-0.446265735370469,0.));
#10071=DIRECTION('',(0.,0.,1.));
#10072=DIRECTION('center_axis',(0.,0.,1.));
#10073=DIRECTION('ref_axis',(-0.707106781186547,-0.707106781186547,0.));
#10074=DIRECTION('center_axis',(0.,0.,1.));
#10075=DIRECTION('ref_axis',(-0.707106781186547,-0.707106781186547,0.));
#10076=DIRECTION('center_axis',(0.,0.,1.));
#10077=DIRECTION('ref_axis',(-0.707106781186547,-0.707106781186547,0.));
#10078=DIRECTION('',(0.,0.,1.));
#10079=DIRECTION('center_axis',(-0.707106781186548,-0.707106781186548,0.));
#10080=DIRECTION('ref_axis',(0.707106781186548,-0.707106781186548,0.));
#10081=DIRECTION('',(0.707106781186547,-0.707106781186547,0.));
#10082=DIRECTION('',(0.707106781186548,-0.707106781186548,0.));
#10083=DIRECTION('',(0.,0.,1.));
#10084=DIRECTION('center_axis',(0.,0.,1.));
#10085=DIRECTION('ref_axis',(-0.90077563370602,0.43428476570278,0.));
#10086=DIRECTION('center_axis',(0.,0.,1.));
#10087=DIRECTION('ref_axis',(-0.90077563370602,0.43428476570278,0.));
#10088=DIRECTION('center_axis',(0.,0.,1.));
#10089=DIRECTION('ref_axis',(-0.90077563370602,0.43428476570278,0.));
#10090=DIRECTION('',(0.,0.,1.));
#10091=DIRECTION('center_axis',(0.,0.,1.));
#10092=DIRECTION('ref_axis',(-0.708229295991214,0.70598248158137,0.));
#10093=DIRECTION('center_axis',(0.,0.,1.));
#10094=DIRECTION('ref_axis',(0.900775633706027,-0.434284765702766,0.));
#10095=DIRECTION('center_axis',(0.,0.,-1.));
#10096=DIRECTION('ref_axis',(0.900775633706027,-0.434284765702766,0.));
#10097=DIRECTION('',(0.,0.,1.));
#10098=DIRECTION('center_axis',(0.,0.,1.));
#10099=DIRECTION('ref_axis',(0.70710678118657,0.707106781186525,0.));
#10100=DIRECTION('center_axis',(0.,0.,1.));
#10101=DIRECTION('ref_axis',(0.70710678118657,0.707106781186525,0.));
#10102=DIRECTION('center_axis',(0.,0.,1.));
#10103=DIRECTION('ref_axis',(0.70710678118657,0.707106781186525,0.));
#10104=DIRECTION('',(0.,0.,1.));
#10105=DIRECTION('center_axis',(0.707106781186548,0.707106781186548,0.));
#10106=DIRECTION('ref_axis',(-0.707106781186548,0.707106781186548,0.));
#10107=DIRECTION('',(0.707106781186548,-0.707106781186548,0.));
#10108=DIRECTION('',(-0.707106781186548,0.707106781186548,0.));
#10109=DIRECTION('',(0.,0.,1.));
#10110=DIRECTION('center_axis',(0.,0.,1.));
#10111=DIRECTION('ref_axis',(0.448986024348539,-0.893538779203059,0.));
#10112=DIRECTION('center_axis',(0.,0.,1.));
#10113=DIRECTION('ref_axis',(0.448986024348539,-0.893538779203059,0.));
#10114=DIRECTION('center_axis',(0.,0.,1.));
#10115=DIRECTION('ref_axis',(0.448986024348539,-0.893538779203059,0.));
#10116=DIRECTION('',(0.,0.,1.));
#10117=DIRECTION('center_axis',(0.,0.,1.));
#10118=DIRECTION('ref_axis',(-0.0393718636530283,-0.999224627575045,0.));
#10119=DIRECTION('center_axis',(0.,0.,1.));
#10120=DIRECTION('ref_axis',(-0.0393718636530283,-0.999224627575045,0.));
#10121=DIRECTION('center_axis',(0.,0.,1.));
#10122=DIRECTION('ref_axis',(-0.0393718636530283,-0.999224627575045,0.));
#10123=DIRECTION('',(0.,0.,1.));
#10124=DIRECTION('center_axis',(0.,0.,1.));
#10125=DIRECTION('ref_axis',(0.0393718636530299,0.999224627575045,0.));
#10126=DIRECTION('center_axis',(0.,0.,1.));
#10127=DIRECTION('ref_axis',(0.0393718636530299,0.999224627575045,0.));
#10128=DIRECTION('center_axis',(0.,0.,-1.));
#10129=DIRECTION('ref_axis',(0.0393718636530299,0.999224627575045,0.));
#10130=DIRECTION('',(0.,0.,1.));
#10131=DIRECTION('center_axis',(0.,0.,1.));
#10132=DIRECTION('ref_axis',(-0.449468946103254,-0.893295956830003,0.));
#10133=DIRECTION('center_axis',(0.,0.,1.));
#10134=DIRECTION('ref_axis',(-0.449468946103254,-0.893295956830003,0.));
#10135=DIRECTION('center_axis',(0.,0.,1.));
#10136=DIRECTION('ref_axis',(-0.449468946103254,-0.893295956830003,0.));
#10137=DIRECTION('',(0.,0.,1.));
#10138=DIRECTION('center_axis',(0.,0.,1.));
#10139=DIRECTION('ref_axis',(-0.707106781186547,0.707106781186547,0.));
#10140=DIRECTION('center_axis',(0.,0.,1.));
#10141=DIRECTION('ref_axis',(-0.707106781186547,0.707106781186547,0.));
#10142=DIRECTION('center_axis',(0.,0.,1.));
#10143=DIRECTION('ref_axis',(-0.707106781186547,0.707106781186547,0.));
#10144=DIRECTION('',(0.,0.,1.));
#10145=DIRECTION('center_axis',(-0.707106781186505,0.70710678118659,0.));
#10146=DIRECTION('ref_axis',(-0.70710678118659,-0.707106781186505,0.));
#10147=DIRECTION('',(-0.70710678118659,-0.707106781186505,0.));
#10148=DIRECTION('',(-0.70710678118659,-0.707106781186505,0.));
#10149=DIRECTION('',(0.,0.,1.));
#10150=DIRECTION('center_axis',(0.,0.,1.));
#10151=DIRECTION('ref_axis',(0.437652453506292,0.899144220878899,0.));
#10152=DIRECTION('center_axis',(0.,0.,1.));
#10153=DIRECTION('ref_axis',(0.437652453506292,0.899144220878899,0.));
#10154=DIRECTION('center_axis',(0.,0.,1.));
#10155=DIRECTION('ref_axis',(0.437652453506292,0.899144220878899,0.));
#10156=DIRECTION('',(0.,0.,1.));
#10157=DIRECTION('center_axis',(0.,0.,1.));
#10158=DIRECTION('ref_axis',(0.708628012454723,0.705582270160233,0.));
#10159=DIRECTION('center_axis',(0.,0.,1.));
#10160=DIRECTION('ref_axis',(-0.437652453506302,-0.899144220878895,0.));
#10161=DIRECTION('center_axis',(0.,0.,-1.));
#10162=DIRECTION('ref_axis',(-0.437652453506302,-0.899144220878895,0.));
#10163=DIRECTION('',(0.,0.,1.));
#10164=DIRECTION('center_axis',(0.,0.,1.));
#10165=DIRECTION('ref_axis',(0.707106781186536,-0.707106781186559,0.));
#10166=DIRECTION('center_axis',(0.,0.,1.));
#10167=DIRECTION('ref_axis',(0.707106781186536,-0.707106781186559,0.));
#10168=DIRECTION('center_axis',(0.,0.,1.));
#10169=DIRECTION('ref_axis',(0.707106781186536,-0.707106781186559,0.));
#10170=DIRECTION('',(0.,0.,1.));
#10171=DIRECTION('center_axis',(0.707106781186526,-0.707106781186569,0.));
#10172=DIRECTION('ref_axis',(0.707106781186569,0.707106781186526,0.));
#10173=DIRECTION('',(-0.707106781186569,-0.707106781186526,0.));
#10174=DIRECTION('',(0.707106781186569,0.707106781186526,0.));
#10175=DIRECTION('',(0.,0.,1.));
#10176=DIRECTION('center_axis',(0.,0.,1.));
#10177=DIRECTION('ref_axis',(-0.895141871800942,-0.445781369449988,0.));
#10178=DIRECTION('center_axis',(0.,0.,1.));
#10179=DIRECTION('ref_axis',(-0.895141871800942,-0.445781369449988,0.));
#10180=DIRECTION('center_axis',(0.,0.,1.));
#10181=DIRECTION('ref_axis',(-0.895141871800942,-0.445781369449988,0.));
#10182=DIRECTION('',(0.,0.,1.));
#10183=DIRECTION('center_axis',(0.,0.,1.));
#10184=DIRECTION('ref_axis',(-0.999224627575044,0.039371863653042,0.));
#10185=DIRECTION('center_axis',(0.,0.,1.));
#10186=DIRECTION('ref_axis',(-0.999224627575044,0.039371863653042,0.));
#10187=DIRECTION('center_axis',(0.,0.,1.));
#10188=DIRECTION('ref_axis',(-0.999224627575044,0.039371863653042,0.));
#10189=DIRECTION('',(0.,0.,1.));
#10190=DIRECTION('center_axis',(0.,0.,1.));
#10191=DIRECTION('ref_axis',(0.999224627575044,-0.0393718636530413,0.));
#10192=DIRECTION('center_axis',(0.,0.,1.));
#10193=DIRECTION('ref_axis',(0.999224627575044,-0.0393718636530413,0.));
#10194=DIRECTION('center_axis',(0.,0.,-1.));
#10195=DIRECTION('ref_axis',(0.999224627575044,-0.0393718636530413,0.));
#10196=DIRECTION('',(0.,0.,1.));
#10197=DIRECTION('center_axis',(0.,0.,1.));
#10198=DIRECTION('ref_axis',(-0.893384676771692,0.449292576512833,0.));
#10199=DIRECTION('center_axis',(0.,0.,1.));
#10200=DIRECTION('ref_axis',(-0.893384676771692,0.449292576512833,0.));
#10201=DIRECTION('center_axis',(0.,0.,1.));
#10202=DIRECTION('ref_axis',(-0.893384676771692,0.449292576512833,0.));
#10203=DIRECTION('',(0.,0.,1.));
#10204=DIRECTION('center_axis',(0.,0.,1.));
#10205=DIRECTION('ref_axis',(0.707106781186536,0.707106781186559,0.));
#10206=DIRECTION('center_axis',(0.,0.,1.));
#10207=DIRECTION('ref_axis',(0.707106781186536,0.707106781186559,0.));
#10208=DIRECTION('center_axis',(0.,0.,1.));
#10209=DIRECTION('ref_axis',(0.707106781186536,0.707106781186559,0.));
#10210=DIRECTION('',(0.,0.,1.));
#10211=DIRECTION('center_axis',(0.707106781186569,0.707106781186526,0.));
#10212=DIRECTION('ref_axis',(-0.707106781186526,0.707106781186569,0.));
#10213=DIRECTION('',(-0.707106781186526,0.707106781186569,0.));
#10214=DIRECTION('',(-0.707106781186526,0.707106781186569,0.));
#10215=DIRECTION('',(0.,0.,1.));
#10216=DIRECTION('center_axis',(0.,0.,1.));
#10217=DIRECTION('ref_axis',(0.899234446582008,-0.437467038850186,0.));
#10218=DIRECTION('center_axis',(0.,0.,1.));
#10219=DIRECTION('ref_axis',(0.899234446582008,-0.437467038850186,0.));
#10220=DIRECTION('center_axis',(0.,0.,1.));
#10221=DIRECTION('ref_axis',(0.899234446582008,-0.437467038850186,0.));
#10222=DIRECTION('',(0.,0.,1.));
#10223=DIRECTION('center_axis',(0.,0.,1.));
#10224=DIRECTION('ref_axis',(0.705728479896015,-0.70848240109664,0.));
#10225=DIRECTION('center_axis',(0.,0.,1.));
#10226=DIRECTION('ref_axis',(-0.899234446582014,0.437467038850173,0.));
#10227=DIRECTION('center_axis',(0.,0.,-1.));
#10228=DIRECTION('ref_axis',(-0.899234446582014,0.437467038850173,0.));
#10229=DIRECTION('',(0.,0.,1.));
#10230=DIRECTION('center_axis',(0.,0.,1.));
#10231=DIRECTION('ref_axis',(-0.707106781186559,-0.707106781186536,0.));
#10232=DIRECTION('center_axis',(0.,0.,1.));
#10233=DIRECTION('ref_axis',(-0.707106781186559,-0.707106781186536,0.));
#10234=DIRECTION('center_axis',(0.,0.,1.));
#10235=DIRECTION('ref_axis',(-0.707106781186559,-0.707106781186536,0.));
#10236=DIRECTION('',(0.,0.,1.));
#10237=DIRECTION('center_axis',(-0.707106781186548,-0.707106781186548,0.));
#10238=DIRECTION('ref_axis',(0.707106781186548,-0.707106781186548,0.));
#10239=DIRECTION('',(-0.707106781186547,0.707106781186547,0.));
#10240=DIRECTION('',(0.707106781186548,-0.707106781186548,0.));
#10241=DIRECTION('',(0.,0.,1.));
#10242=DIRECTION('center_axis',(0.,0.,1.));
#10243=DIRECTION('ref_axis',(-0.445958317087926,0.895053729906817,0.));
#10244=DIRECTION('center_axis',(0.,0.,1.));
#10245=DIRECTION('ref_axis',(-0.445958317087926,0.895053729906817,0.));
#10246=DIRECTION('center_axis',(0.,0.,1.));
#10247=DIRECTION('ref_axis',(-0.445958317087926,0.895053729906817,0.));
#10248=DIRECTION('',(0.,0.,1.));
#10249=DIRECTION('center_axis',(0.,0.,1.));
#10250=DIRECTION('ref_axis',(0.0393718636529985,0.999224627575046,0.));
#10251=DIRECTION('center_axis',(0.,0.,1.));
#10252=DIRECTION('ref_axis',(0.0393718636529985,0.999224627575046,0.));
#10253=DIRECTION('center_axis',(0.,0.,1.));
#10254=DIRECTION('ref_axis',(0.0393718636529985,0.999224627575046,0.));
#10255=DIRECTION('',(0.,0.,1.));
#10256=DIRECTION('center_axis',(0.,0.,1.));
#10257=DIRECTION('ref_axis',(-0.0393718636529732,-0.999224627575047,0.));
#10258=DIRECTION('center_axis',(0.,0.,1.));
#10259=DIRECTION('ref_axis',(-0.0393718636529732,-0.999224627575047,0.));
#10260=DIRECTION('center_axis',(0.,0.,-1.));
#10261=DIRECTION('ref_axis',(-0.0393718636529732,-0.999224627575047,0.));
#10262=DIRECTION('',(0.,0.,1.));
#10263=DIRECTION('center_axis',(0.,0.,1.));
#10264=DIRECTION('ref_axis',(0.4491827122906,0.893439920184486,0.));
#10265=DIRECTION('center_axis',(0.,0.,1.));
#10266=DIRECTION('ref_axis',(0.4491827122906,0.893439920184486,0.));
#10267=DIRECTION('center_axis',(0.,0.,1.));
#10268=DIRECTION('ref_axis',(0.4491827122906,0.893439920184486,0.));
#10269=DIRECTION('',(0.,0.,1.));
#10270=DIRECTION('center_axis',(0.,0.,1.));
#10271=DIRECTION('ref_axis',(0.707106781186559,-0.707106781186536,0.));
#10272=DIRECTION('center_axis',(0.,0.,1.));
#10273=DIRECTION('ref_axis',(0.707106781186559,-0.707106781186536,0.));
#10274=DIRECTION('center_axis',(0.,0.,1.));
#10275=DIRECTION('ref_axis',(0.707106781186559,-0.707106781186536,0.));
#10276=DIRECTION('',(0.,0.,1.));
#10277=DIRECTION('center_axis',(0.707106781186569,-0.707106781186526,0.));
#10278=DIRECTION('ref_axis',(0.707106781186526,0.707106781186569,0.));
#10279=DIRECTION('',(0.707106781186526,0.707106781186569,0.));
#10280=DIRECTION('',(0.707106781186526,0.707106781186569,0.));
#10281=DIRECTION('',(0.,0.,1.));
#10282=DIRECTION('center_axis',(0.,0.,1.));
#10283=DIRECTION('ref_axis',(-0.437351539619272,-0.899290626434332,0.));
#10284=DIRECTION('center_axis',(0.,0.,1.));
#10285=DIRECTION('ref_axis',(-0.437351539619272,-0.899290626434332,0.));
#10286=DIRECTION('center_axis',(0.,0.,1.));
#10287=DIRECTION('ref_axis',(-0.437351539619272,-0.899290626434332,0.));
#10288=DIRECTION('',(0.,0.,1.));
#10289=DIRECTION('center_axis',(0.,0.,1.));
#10290=DIRECTION('ref_axis',(-0.708391693713394,-0.705819529538443,0.));
#10291=DIRECTION('center_axis',(0.,0.,1.));
#10292=DIRECTION('ref_axis',(0.437351539619286,0.899290626434325,0.));
#10293=DIRECTION('center_axis',(0.,0.,-1.));
#10294=DIRECTION('ref_axis',(0.437351539619286,0.899290626434325,0.));
#10295=DIRECTION('',(0.,0.,1.));
#10296=DIRECTION('center_axis',(0.,0.,1.));
#10297=DIRECTION('ref_axis',(-0.707106781186592,0.707106781186503,0.));
#10298=DIRECTION('center_axis',(0.,0.,1.));
#10299=DIRECTION('ref_axis',(-0.707106781186592,0.707106781186503,0.));
#10300=DIRECTION('center_axis',(0.,0.,1.));
#10301=DIRECTION('ref_axis',(-0.707106781186592,0.707106781186503,0.));
#10302=DIRECTION('center_axis',(0.,0.,1.));
#10303=DIRECTION('ref_axis',(-1.,0.,0.));
#10304=DIRECTION('center_axis',(0.,0.,1.));
#10305=DIRECTION('ref_axis',(-0.999912273107008,0.0132456064404602,0.));
#10306=DIRECTION('',(0.,0.,1.));
#10307=DIRECTION('center_axis',(0.,0.,-1.));
#10308=DIRECTION('ref_axis',(-0.999912273107008,0.0132456064404602,0.));
#10309=DIRECTION('',(0.,0.,1.));
#10310=DIRECTION('center_axis',(0.,0.,1.));
#10311=DIRECTION('ref_axis',(0.013245606440345,0.99991227310701,0.));
#10312=DIRECTION('center_axis',(0.,0.,1.));
#10313=DIRECTION('ref_axis',(0.013245606440345,0.99991227310701,0.));
#10314=DIRECTION('',(0.,0.,1.));
#10315=DIRECTION('center_axis',(0.,0.,1.));
#10316=DIRECTION('ref_axis',(-0.01324560644039,-0.999912273107009,0.));
#10317=DIRECTION('center_axis',(0.,0.,-1.));
#10318=DIRECTION('ref_axis',(-0.01324560644039,-0.999912273107009,0.));
#10319=DIRECTION('',(0.,0.,1.));
#10320=DIRECTION('center_axis',(0.,0.,1.));
#10321=DIRECTION('ref_axis',(-0.99991227310701,0.0132456064403299,0.));
#10322=DIRECTION('center_axis',(0.,0.,1.));
#10323=DIRECTION('ref_axis',(-0.99991227310701,0.0132456064403299,0.));
#10324=DIRECTION('',(0.,0.,1.));
#10325=DIRECTION('center_axis',(0.,0.,1.));
#10326=DIRECTION('ref_axis',(0.99991227310701,-0.0132456064403287,0.));
#10327=DIRECTION('center_axis',(0.,0.,-1.));
#10328=DIRECTION('ref_axis',(0.99991227310701,-0.0132456064403287,0.));
#10329=DIRECTION('',(0.,0.,1.));
#10330=DIRECTION('center_axis',(0.,0.,1.));
#10331=DIRECTION('ref_axis',(0.99991227310701,-0.0132456064403421,0.));
#10332=DIRECTION('',(0.,0.,1.));
#10333=DIRECTION('center_axis',(0.,0.,1.));
#10334=DIRECTION('ref_axis',(0.99991227310701,-0.0132456064403421,0.));
#10335=DIRECTION('center_axis',(0.,0.,1.));
#10336=DIRECTION('ref_axis',(0.0132456064404245,0.999912273107009,0.));
#10337=DIRECTION('',(0.,0.,1.));
#10338=DIRECTION('center_axis',(0.,0.,-1.));
#10339=DIRECTION('ref_axis',(0.0132456064404245,0.999912273107009,0.));
#10340=DIRECTION('center_axis',(0.,0.,1.));
#10341=DIRECTION('ref_axis',(-0.0132456064403643,-0.99991227310701,0.));
#10342=DIRECTION('center_axis',(0.,0.,1.));
#10343=DIRECTION('ref_axis',(-0.0132456064403643,-0.99991227310701,0.));
#10344=DIRECTION('center_axis',(0.,0.,-1.));
#10345=DIRECTION('ref_axis',(1.,0.,0.));
#10346=DIRECTION('center_axis',(0.,0.,-1.));
#10347=DIRECTION('ref_axis',(-1.,0.,0.));
#10348=DIRECTION('center_axis',(0.,0.,-1.));
#10349=DIRECTION('ref_axis',(-1.,0.,0.));
#10350=DIRECTION('center_axis',(0.,0.,-1.));
#10351=DIRECTION('ref_axis',(-1.,0.,0.));
#10352=DIRECTION('center_axis',(0.,0.,-1.));
#10353=DIRECTION('ref_axis',(-1.,0.,0.));
#10354=DIRECTION('center_axis',(0.,0.,1.));
#10355=DIRECTION('ref_axis',(-1.,0.,0.));
#10356=DIRECTION('',(0.,0.,1.));
#10357=DIRECTION('center_axis',(0.,0.,1.));
#10358=DIRECTION('ref_axis',(-1.,0.,0.));
#10359=DIRECTION('',(0.,0.,1.));
#10360=DIRECTION('center_axis',(0.,0.,1.));
#10361=DIRECTION('ref_axis',(-1.,0.,0.));
#10362=DIRECTION('',(0.,0.,1.));
#10363=DIRECTION('center_axis',(0.,0.,1.));
#10364=DIRECTION('ref_axis',(-1.,0.,0.));
#10365=DIRECTION('',(0.,0.,1.));
#10366=DIRECTION('center_axis',(0.,0.,-1.));
#10367=DIRECTION('ref_axis',(-1.,3.466062125659E-15,0.));
#10368=DIRECTION('center_axis',(0.,0.,-1.));
#10369=DIRECTION('ref_axis',(4.4408920985006E-15,1.,0.));
#10370=DIRECTION('center_axis',(0.,1.,0.));
#10371=DIRECTION('ref_axis',(1.,0.,0.));
#10372=DIRECTION('',(0.,0.,-1.));
#10373=DIRECTION('center_axis',(0.,0.,-1.));
#10374=DIRECTION('ref_axis',(-1.73303106282951E-15,-1.,0.));
#10375=DIRECTION('center_axis',(-0.500000000000003,-0.866025403784437,0.));
#10376=DIRECTION('ref_axis',(-0.866025403784437,0.500000000000003,0.));
#10377=DIRECTION('',(0.,0.,1.));
#10378=DIRECTION('center_axis',(0.,0.,-1.));
#10379=DIRECTION('ref_axis',(0.500000000000003,0.866025403784437,0.));
#10380=DIRECTION('',(0.,0.,1.));
#10381=DIRECTION('center_axis',(-0.866025403784436,0.500000000000004,0.));
#10382=DIRECTION('ref_axis',(0.500000000000004,0.866025403784436,0.));
#10383=DIRECTION('',(0.,0.,-1.));
#10384=DIRECTION('center_axis',(0.,0.,-1.));
#10385=DIRECTION('ref_axis',(-0.866025403784441,0.499999999999996,0.));
#10386=DIRECTION('center_axis',(0.500000000000004,0.866025403784436,0.));
#10387=DIRECTION('ref_axis',(0.866025403784436,-0.500000000000004,0.));
#10388=DIRECTION('',(0.,0.,1.));
#10389=DIRECTION('center_axis',(0.,0.,-1.));
#10390=DIRECTION('ref_axis',(-0.5,-0.866025403784439,0.));
#10391=DIRECTION('',(0.,0.,1.));
#10392=DIRECTION('center_axis',(0.866025403784425,-0.500000000000023,0.));
#10393=DIRECTION('ref_axis',(-0.500000000000023,-0.866025403784425,0.));
#10394=DIRECTION('',(0.,0.,-1.));
#10395=DIRECTION('center_axis',(0.,0.,-1.));
#10396=DIRECTION('ref_axis',(0.866025403784423,-0.500000000000026,0.));
#10397=DIRECTION('center_axis',(0.,0.,-1.));
#10398=DIRECTION('ref_axis',(0.866025403784454,0.499999999999974,0.));
#10399=DIRECTION('',(0.,0.,1.));
#10400=DIRECTION('center_axis',(0.500000000000001,-0.866025403784438,0.));
#10401=DIRECTION('ref_axis',(-0.866025403784438,-0.500000000000001,0.));
#10402=DIRECTION('',(0.,0.,1.));
#10403=DIRECTION('center_axis',(0.,0.,-1.));
#10404=DIRECTION('ref_axis',(0.500000000000044,-0.866025403784414,0.));
#10405=DIRECTION('',(0.,0.,-1.));
#10406=DIRECTION('center_axis',(0.866025403784445,0.499999999999988,0.));
#10407=DIRECTION('ref_axis',(0.499999999999988,-0.866025403784445,0.));
#10408=DIRECTION('center_axis',(0.,0.,-1.));
#10409=DIRECTION('ref_axis',(0.500000000000005,-0.866025403784436,0.));
#10410=DIRECTION('',(0.,0.,1.));
#10411=DIRECTION('center_axis',(-0.86602540378445,-0.499999999999981,0.));
#10412=DIRECTION('ref_axis',(-0.499999999999981,0.86602540378445,0.));
#10413=DIRECTION('',(0.,0.,1.));
#10414=DIRECTION('center_axis',(0.,0.,-1.));
#10415=DIRECTION('ref_axis',(-0.866025403784454,-0.499999999999974,0.));
#10416=DIRECTION('',(0.,0.,-1.));
#10417=DIRECTION('center_axis',(0.500000000000001,-0.866025403784438,0.));
#10418=DIRECTION('ref_axis',(-0.866025403784438,-0.500000000000001,0.));
#10419=DIRECTION('center_axis',(0.,0.,-1.));
#10420=DIRECTION('ref_axis',(0.866025403784454,0.499999999999974,0.));
#10421=DIRECTION('',(0.,0.,1.));
#10422=DIRECTION('center_axis',(0.500000000000001,-0.866025403784438,0.));
#10423=DIRECTION('ref_axis',(-0.866025403784438,-0.500000000000001,0.));
#10424=DIRECTION('',(0.,0.,1.));
#10425=DIRECTION('center_axis',(0.,0.,-1.));
#10426=DIRECTION('ref_axis',(0.500000000000044,-0.866025403784414,0.));
#10427=DIRECTION('',(0.,0.,-1.));
#10428=DIRECTION('center_axis',(0.866025403784445,0.499999999999988,0.));
#10429=DIRECTION('ref_axis',(0.499999999999988,-0.866025403784445,0.));
#10430=DIRECTION('center_axis',(-0.866025403784445,-0.499999999999988,0.));
#10431=DIRECTION('ref_axis',(-0.499999999999988,0.866025403784445,0.));
#10432=DIRECTION('',(0.,0.,1.));
#10433=DIRECTION('center_axis',(0.,0.,-1.));
#10434=DIRECTION('ref_axis',(0.866025403784438,0.500000000000002,0.));
#10435=DIRECTION('',(0.,0.,1.));
#10436=DIRECTION('center_axis',(-0.500000000000001,0.866025403784438,0.));
#10437=DIRECTION('ref_axis',(0.866025403784438,0.500000000000001,0.));
#10438=DIRECTION('',(0.,0.,-1.));
#10439=DIRECTION('center_axis',(0.,0.,-1.));
#10440=DIRECTION('ref_axis',(-0.500000000000017,0.866025403784429,0.));
#10441=DIRECTION('center_axis',(0.866025403784421,-0.50000000000003,0.));
#10442=DIRECTION('ref_axis',(-0.50000000000003,-0.866025403784421,0.));
#10443=DIRECTION('',(0.,0.,1.));
#10444=DIRECTION('center_axis',(0.,0.,-1.));
#10445=DIRECTION('ref_axis',(-0.866025403784481,0.499999999999927,0.));
#10446=DIRECTION('',(0.,0.,1.));
#10447=DIRECTION('center_axis',(-0.500000000000006,-0.866025403784435,0.));
#10448=DIRECTION('ref_axis',(-0.866025403784435,0.500000000000006,0.));
#10449=DIRECTION('',(0.,0.,-1.));
#10450=DIRECTION('center_axis',(0.,0.,-1.));
#10451=DIRECTION('ref_axis',(-0.5,-0.866025403784439,0.));
#10452=DIRECTION('center_axis',(0.500000000000005,0.866025403784436,0.));
#10453=DIRECTION('ref_axis',(0.866025403784436,-0.500000000000005,0.));
#10454=DIRECTION('',(0.,0.,1.));
#10455=DIRECTION('center_axis',(0.,0.,-1.));
#10456=DIRECTION('ref_axis',(-0.5,-0.866025403784439,0.));
#10457=DIRECTION('',(0.,0.,1.));
#10458=DIRECTION('center_axis',(0.866025403784414,-0.500000000000042,0.));
#10459=DIRECTION('ref_axis',(-0.500000000000042,-0.866025403784414,0.));
#10460=DIRECTION('',(0.,0.,-1.));
#10461=DIRECTION('center_axis',(0.,0.,-1.));
#10462=DIRECTION('ref_axis',(0.866025403784436,-0.500000000000005,0.));
#10463=DIRECTION('center_axis',(-1.,0.,0.));
#10464=DIRECTION('ref_axis',(0.,1.,0.));
#10465=DIRECTION('',(0.,0.,-1.));
#10466=DIRECTION('center_axis',(0.,0.,-1.));
#10467=DIRECTION('ref_axis',(-1.,0.,0.));
#10468=DIRECTION('',(0.,0.,-1.));
#10469=DIRECTION('center_axis',(0.,-1.,0.));
#10470=DIRECTION('ref_axis',(-1.,0.,0.));
#10471=DIRECTION('',(0.,0.,-1.));
#10472=DIRECTION('center_axis',(0.,0.,-1.));
#10473=DIRECTION('ref_axis',(0.,-1.,0.));
#10474=DIRECTION('',(0.,0.,-1.));
#10475=DIRECTION('center_axis',(1.,0.,0.));
#10476=DIRECTION('ref_axis',(0.,-1.,0.));
#10477=DIRECTION('center_axis',(-1.,-4.27522705030145E-16,0.));
#10478=DIRECTION('ref_axis',(-4.27522705030145E-16,1.,0.));
#10479=DIRECTION('',(0.,0.,-1.));
#10480=DIRECTION('center_axis',(0.,0.,-1.));
#10481=DIRECTION('ref_axis',(-1.,7.89491928622333E-16,0.));
#10482=DIRECTION('',(0.,0.,-1.));
#10483=DIRECTION('center_axis',(0.,-1.,0.));
#10484=DIRECTION('ref_axis',(-1.,0.,0.));
#10485=DIRECTION('center_axis',(0.,0.,1.));
#10486=DIRECTION('ref_axis',(-1.,0.,0.));
#10487=CARTESIAN_POINT('',(0.,0.,0.));
#10488=CARTESIAN_POINT('Origin',(-44.602652822817,-38.775,25.5));
#10489=CARTESIAN_POINT('',(-47.102652822817,-38.775,19.));
#10490=CARTESIAN_POINT('',(-47.102652822817,-38.775,25.5));
#10491=CARTESIAN_POINT('',(-47.102652822817,-38.775,25.5));
#10492=CARTESIAN_POINT('',(-44.602652822817,-41.275,19.));
#10493=CARTESIAN_POINT('Origin',(-44.602652822817,-38.775,19.));
#10494=CARTESIAN_POINT('',(-44.602652822817,-41.275,25.5));
#10495=CARTESIAN_POINT('',(-44.602652822817,-41.275,25.5));
#10496=CARTESIAN_POINT('Origin',(-44.602652822817,-38.775,25.5));
#10497=CARTESIAN_POINT('Origin',(-4.27499999999997,38.775,25.5));
#10498=CARTESIAN_POINT('',(-6.77499999999997,38.775,19.));
#10499=CARTESIAN_POINT('',(-6.77499999999997,38.775,25.5));
#10500=CARTESIAN_POINT('',(-6.77499999999997,38.775,25.5));
#10501=CARTESIAN_POINT('',(-4.27499999999997,41.275,19.));
#10502=CARTESIAN_POINT('Origin',(-4.27499999999997,38.775,19.));
#10503=CARTESIAN_POINT('',(-4.27499999999997,41.275,25.5));
#10504=CARTESIAN_POINT('',(-4.27499999999997,41.275,25.5));
#10505=CARTESIAN_POINT('Origin',(-4.27499999999997,38.775,25.5));
#10506=CARTESIAN_POINT('Origin',(-4.27499945838487,-38.775,25.5));
#10507=CARTESIAN_POINT('',(-6.77499945838487,-38.775,19.));
#10508=CARTESIAN_POINT('',(-6.77499945838487,-38.775,25.5));
#10509=CARTESIAN_POINT('',(-6.77499945838487,-38.775,25.5));
#10510=CARTESIAN_POINT('',(-4.27499945838487,-41.275,19.));
#10511=CARTESIAN_POINT('Origin',(-4.27499945838487,-38.775,19.));
#10512=CARTESIAN_POINT('',(-4.27499945838487,-41.275,25.5));
#10513=CARTESIAN_POINT('',(-4.27499945838487,-41.275,25.5));
#10514=CARTESIAN_POINT('Origin',(-4.27499945838487,-38.775,25.5));
#10515=CARTESIAN_POINT('Origin',(-44.699820538379,38.775,25.5));
#10516=CARTESIAN_POINT('',(-47.199820538379,38.775,19.));
#10517=CARTESIAN_POINT('',(-47.199820538379,38.775,25.5));
#10518=CARTESIAN_POINT('',(-47.199820538379,38.775,25.5));
#10519=CARTESIAN_POINT('',(-44.699820538379,41.275,19.));
#10520=CARTESIAN_POINT('Origin',(-44.699820538379,38.775,19.));
#10521=CARTESIAN_POINT('',(-44.699820538379,41.275,25.5));
#10522=CARTESIAN_POINT('',(-44.699820538379,41.275,25.5));
#10523=CARTESIAN_POINT('Origin',(-44.699820538379,38.775,25.5));
#10524=CARTESIAN_POINT('Origin',(-27.2898997657068,-13.5750001543911,22.1849989891054));
#10525=CARTESIAN_POINT('',(-25.0398997657068,-13.5750001543911,22.1849989891054));
#10526=CARTESIAN_POINT('Origin',(-27.2898997657068,-13.5750001543911,22.1849989891054));
#10527=CARTESIAN_POINT('',(-26.5898997657068,-13.5750001543911,22.1849989891054));
#10528=CARTESIAN_POINT('Origin',(-27.2898997657068,-13.5750001543911,22.1849989891054));
#10529=CARTESIAN_POINT('Origin',(-44.602652822817,-38.775,19.));
#10530=CARTESIAN_POINT('Origin',(-44.602652822817,-38.775,19.));
#10531=CARTESIAN_POINT('',(-45.3026528228171,-38.775,19.));
#10532=CARTESIAN_POINT('Origin',(-44.602652822817,-38.775,19.));
#10533=CARTESIAN_POINT('Origin',(-50.0000000000001,-41.275,25.5));
#10534=CARTESIAN_POINT('',(-44.602652822817,-41.275,25.5));
#10535=CARTESIAN_POINT('',(-25.,-41.275,25.5));
#10536=CARTESIAN_POINT('',(-4.27499945838487,-41.275,25.5));
#10537=CARTESIAN_POINT('',(66.5,-41.275,19.));
#10538=CARTESIAN_POINT('Origin',(-44.699820538379,38.775,19.));
#10539=CARTESIAN_POINT('Origin',(-44.699820538379,38.775,19.));
#10540=CARTESIAN_POINT('',(-45.399820538379,38.775,19.));
#10541=CARTESIAN_POINT('Origin',(-44.699820538379,38.775,19.));
#10542=CARTESIAN_POINT('Origin',(66.5,41.275,25.5));
#10543=CARTESIAN_POINT('',(-44.699820538379,41.275,25.5));
#10544=CARTESIAN_POINT('',(-50.,41.275,25.5));
#10545=CARTESIAN_POINT('',(33.25,41.275,25.5));
#10546=CARTESIAN_POINT('',(-50.,41.275,19.));
#10547=CARTESIAN_POINT('',(-50.,41.275,25.5));
#10548=CARTESIAN_POINT('',(-50.,41.275,19.));
#10549=CARTESIAN_POINT('Origin',(-4.27499999999997,38.775,19.));
#10550=CARTESIAN_POINT('Origin',(-4.27499999999997,38.775,19.));
#10551=CARTESIAN_POINT('',(-4.97499999999997,38.775,19.));
#10552=CARTESIAN_POINT('Origin',(-4.27499999999997,38.775,19.));
#10553=CARTESIAN_POINT('Origin',(66.5,41.275,25.5));
#10554=CARTESIAN_POINT('',(-50.,41.275,19.));
#10555=CARTESIAN_POINT('',(-4.27499999999997,41.275,25.5));
#10556=CARTESIAN_POINT('',(33.25,41.275,25.5));
#10557=CARTESIAN_POINT('Origin',(-4.27499945838487,-38.775,19.));
#10558=CARTESIAN_POINT('Origin',(-4.27499945838487,-38.775,19.));
#10559=CARTESIAN_POINT('',(-4.97499945838487,-38.775,19.));
#10560=CARTESIAN_POINT('Origin',(-4.27499945838487,-38.775,19.));
#10561=CARTESIAN_POINT('Origin',(-50.0000000000001,-41.275,25.5));
#10562=CARTESIAN_POINT('',(66.5,-41.275,25.5));
#10563=CARTESIAN_POINT('',(-25.,-41.275,25.5));
#10564=CARTESIAN_POINT('',(66.5,-41.275,23.25));
#10565=CARTESIAN_POINT('',(66.5,-41.275,25.5));
#10566=CARTESIAN_POINT('',(64.3,-41.275,23.25));
#10567=CARTESIAN_POINT('',(8.69999999999998,-41.275,23.25));
#10568=CARTESIAN_POINT('',(64.3,-41.275,19.));
#10569=CARTESIAN_POINT('',(64.3,-41.275,24.375));
#10570=CARTESIAN_POINT('',(66.5,-41.275,19.));
#10571=CARTESIAN_POINT('Origin',(70.5,18.6375,25.5));
#10572=CARTESIAN_POINT('',(70.5,-37.275,27.5));
#10573=CARTESIAN_POINT('',(72.5000000000001,-37.275,25.5));
#10574=CARTESIAN_POINT('Origin',(70.5,-37.275,25.5));
#10575=CARTESIAN_POINT('',(72.5000000000001,37.275,25.5));
#10576=CARTESIAN_POINT('',(72.5,18.6375,25.5));
#10577=CARTESIAN_POINT('',(70.5,37.275,27.5));
#10578=CARTESIAN_POINT('Origin',(70.5,37.275,25.5));
#10579=CARTESIAN_POINT('',(70.5,18.6375,27.5));
#10580=CARTESIAN_POINT('Origin',(66.5,37.275,25.5));
#10581=CARTESIAN_POINT('',(66.5,43.275,25.5));
#10582=CARTESIAN_POINT('',(66.5,41.275,27.5));
#10583=CARTESIAN_POINT('Origin',(66.5,41.275,25.5));
#10584=CARTESIAN_POINT('Origin',(66.5,37.275,27.5));
#10585=CARTESIAN_POINT('Origin',(66.5,37.275,25.5));
#10586=CARTESIAN_POINT('Origin',(-25.,41.275,25.5));
#10587=CARTESIAN_POINT('',(-50.,43.275,25.5));
#10588=CARTESIAN_POINT('',(-50.,41.275,27.5));
#10589=CARTESIAN_POINT('Origin',(-50.,41.275,25.5));
#10590=CARTESIAN_POINT('',(-25.,41.275,27.5));
#10591=CARTESIAN_POINT('',(-25.,43.275,25.5));
#10592=CARTESIAN_POINT('Origin',(-50.,20.775,25.5));
#10593=CARTESIAN_POINT('',(-72.5,20.775,25.5));
#10594=CARTESIAN_POINT('',(-70.5,20.775,27.5));
#10595=CARTESIAN_POINT('Origin',(-70.5,20.775,25.5));
#10596=CARTESIAN_POINT('Origin',(-50.,20.775,27.5));
#10597=CARTESIAN_POINT('Origin',(-50.,20.775,25.5));
#10598=CARTESIAN_POINT('Origin',(-70.5,-10.3875,25.5));
#10599=CARTESIAN_POINT('',(-72.4999999999999,-20.775,25.5));
#10600=CARTESIAN_POINT('',(-70.5,-20.775,27.5));
#10601=CARTESIAN_POINT('Origin',(-70.5,-20.775,25.5));
#10602=CARTESIAN_POINT('',(-70.5,-10.3875,27.5));
#10603=CARTESIAN_POINT('',(-72.4999999999999,-10.3875,25.5));
#10604=CARTESIAN_POINT('Origin',(-49.9999999999999,-20.775,25.5));
#10605=CARTESIAN_POINT('',(-50.,-43.275,25.5));
#10606=CARTESIAN_POINT('',(-50.,-41.275,27.5));
#10607=CARTESIAN_POINT('Origin',(-50.,-41.275,25.5));
#10608=CARTESIAN_POINT('Origin',(-49.9999999999999,-20.775,27.5));
#10609=CARTESIAN_POINT('Origin',(-49.9999999999999,-20.775,25.5));
#10610=CARTESIAN_POINT('Origin',(33.25,-41.275,25.5));
#10611=CARTESIAN_POINT('',(66.5,-43.275,25.5));
#10612=CARTESIAN_POINT('',(66.5,-41.275,27.5));
#10613=CARTESIAN_POINT('Origin',(66.5,-41.275,25.5));
#10614=CARTESIAN_POINT('',(33.25,-41.275,27.5));
#10615=CARTESIAN_POINT('',(33.25,-43.275,25.5));
#10616=CARTESIAN_POINT('Origin',(66.5,-37.275,25.5));
#10617=CARTESIAN_POINT('Origin',(66.5,-37.275,27.5));
#10618=CARTESIAN_POINT('Origin',(66.5,-37.275,25.5));
#10619=CARTESIAN_POINT('Origin',(-50.,20.775,27.5));
#10620=CARTESIAN_POINT('',(-49.9999999999999,43.275,20.5));
#10621=CARTESIAN_POINT('',(-50.,43.275,27.5));
#10622=CARTESIAN_POINT('',(-72.5,20.775,20.5));
#10623=CARTESIAN_POINT('Origin',(-50.,20.775,20.5));
#10624=CARTESIAN_POINT('',(-72.5,20.775,27.5));
#10625=CARTESIAN_POINT('Origin',(-50.,43.275,27.5));
#10626=CARTESIAN_POINT('',(66.5,43.275,20.5));
#10627=CARTESIAN_POINT('',(66.5,43.275,21.5));
#10628=CARTESIAN_POINT('',(-25.,43.275,20.5));
#10629=CARTESIAN_POINT('Origin',(66.5,37.275,27.5));
#10630=CARTESIAN_POINT('',(72.5000000000001,37.275,20.5));
#10631=CARTESIAN_POINT('',(72.5000000000001,37.275,21.5));
#10632=CARTESIAN_POINT('Origin',(66.5,37.275,20.5));
#10633=CARTESIAN_POINT('Origin',(72.5,37.275,27.5));
#10634=CARTESIAN_POINT('',(72.5000000000001,-37.275,20.5));
#10635=CARTESIAN_POINT('',(72.5000000000001,-37.275,21.5));
#10636=CARTESIAN_POINT('',(72.5,18.6375,20.5));
#10637=CARTESIAN_POINT('Origin',(3.5527136788005E-14,-8.88178419700125E-15,
27.5));
#10638=CARTESIAN_POINT('',(-57.1973301514984,33.4375466640384,27.5000000000052));
#10639=CARTESIAN_POINT('',(-52.001177728792,30.4375466640385,27.5000000000052));
#10640=CARTESIAN_POINT('',(-28.5088901318654,16.8742680960726,27.5));
#10641=CARTESIAN_POINT('',(-51.6351523250076,29.071521260254,27.5000000000052));
#10642=CARTESIAN_POINT('Origin',(-52.501177728792,29.571521260254,27.5));
#10643=CARTESIAN_POINT('',(-51.8851523250076,28.6385085583619,27.5000000000052));
#10644=CARTESIAN_POINT('',(-51.4749272688907,29.3490391980939,27.5));
#10645=CARTESIAN_POINT('',(-53.251177728792,28.2724831545774,27.5000000000052));
#10646=CARTESIAN_POINT('Origin',(-52.751177728792,29.1385085583619,27.5));
#10647=CARTESIAN_POINT('',(-58.4473301514984,31.2724831545773,27.5000000000052));
#10648=CARTESIAN_POINT('',(-27.1608139205121,13.2092045866116,27.5));
#10649=CARTESIAN_POINT('',(-58.8133555552829,32.6385085583619,27.5000000000052));
#10650=CARTESIAN_POINT('Origin',(-57.9473301514984,32.1385085583618,27.5));
#10651=CARTESIAN_POINT('',(-58.563355555283,33.071521260254,27.5000000000052));
#10652=CARTESIAN_POINT('',(-58.5281304991664,33.1325328471474,27.5));
#10653=CARTESIAN_POINT('Origin',(-57.6973301514985,32.5715212602539,27.5));
#10654=CARTESIAN_POINT('',(-58.3851523250078,17.3801783091642,27.5000000000052));
#10655=CARTESIAN_POINT('',(-58.6351523250078,16.9471656072719,27.5000000000052));
#10656=CARTESIAN_POINT('',(-54.849927268891,23.5033677225486,27.5));
#10657=CARTESIAN_POINT('',(-60.0011777287923,16.5811402034875,27.5000000000052));
#10658=CARTESIAN_POINT('Origin',(-59.5011777287923,17.447165607272,27.5));
#10659=CARTESIAN_POINT('',(-65.1973301514988,19.5811402034875,27.5000000000052));
#10660=CARTESIAN_POINT('',(-33.9108139205124,1.51786163552161,27.5));
#10661=CARTESIAN_POINT('',(-65.5633555552833,20.947165607272,27.5000000000052));
#10662=CARTESIAN_POINT('Origin',(-64.6973301514988,20.447165607272,27.5));
#10663=CARTESIAN_POINT('',(-65.3133555552833,21.3801783091642,27.5000000000052));
#10664=CARTESIAN_POINT('',(-61.9031304991673,27.2868613716016,27.5));
#10665=CARTESIAN_POINT('',(-63.9473301514989,21.7462037129487,27.5000000000052));
#10666=CARTESIAN_POINT('Origin',(-64.4473301514988,20.8801783091641,27.5));
#10667=CARTESIAN_POINT('',(-58.7511777287922,18.7462037129486,27.5000000000052));
#10668=CARTESIAN_POINT('',(-35.2588901318657,5.18292514498271,27.5));
#10669=CARTESIAN_POINT('Origin',(-59.2511777287923,17.8801783091642,27.5));
#10670=CARTESIAN_POINT('',(-58.4667542960026,-33.1505777837883,27.5000000000052));
#10671=CARTESIAN_POINT('',(-58.7167542960026,-32.7175650818961,27.5000000000052));
#10672=CARTESIAN_POINT('',(-58.3357206367257,-33.3775347391576,27.5));
#10673=CARTESIAN_POINT('',(-58.3507288922181,-31.3515396781116,27.5000000000052));
#10674=CARTESIAN_POINT('Origin',(-57.8507288922181,-32.2175650818961,27.5));
#10675=CARTESIAN_POINT('',(-53.1545764695115,-28.3515396781116,27.5000000000052));
#10676=CARTESIAN_POINT('',(-29.6813981053862,-14.7992938308477,27.5));
#10677=CARTESIAN_POINT('',(-51.7885510657271,-28.7175650818961,27.5000000000052));
#10678=CARTESIAN_POINT('Origin',(-52.6545764695115,-29.217565081896,27.5));
#10679=CARTESIAN_POINT('',(-51.5385510657271,-29.1505777837883,27.5000000000052));
#10680=CARTESIAN_POINT('',(-51.5325174064495,-29.1610283882125,27.5));
#10681=CARTESIAN_POINT('',(-51.9045764695115,-30.5166031875727,27.5000000000052));
#10682=CARTESIAN_POINT('Origin',(-52.4045764695116,-29.6505777837883,27.5));
#10683=CARTESIAN_POINT('',(-57.1007288922181,-33.5166031875727,27.5000000000052));
#10684=CARTESIAN_POINT('',(-25.8333218940329,-15.4643573403088,27.5));
#10685=CARTESIAN_POINT('Origin',(-57.6007288922182,-32.6505777837883,27.5));
#10686=CARTESIAN_POINT('',(-59.9045764695112,-16.6601967270215,27.5000000000052));
#10687=CARTESIAN_POINT('',(-58.5385510657267,-17.0262221308059,27.5000000000052));
#10688=CARTESIAN_POINT('Origin',(-59.4045764695112,-17.5262221308059,27.5));
#10689=CARTESIAN_POINT('',(-58.2885510657267,-17.4592348326981,27.5000000000052));
#10690=CARTESIAN_POINT('',(-54.9075174064498,-23.3153569126664,27.5));
#10691=CARTESIAN_POINT('',(-58.6545764695112,-18.8252602364826,27.5000000000052));
#10692=CARTESIAN_POINT('Origin',(-59.1545764695112,-17.9592348326981,27.5));
#10693=CARTESIAN_POINT('',(-63.8507288922178,-21.8252602364826,27.5000000000052));
#10694=CARTESIAN_POINT('',(-32.5833218940328,-3.7730143892188,27.5));
#10695=CARTESIAN_POINT('',(-65.2167542960022,-21.4592348326982,27.5000000000052));
#10696=CARTESIAN_POINT('Origin',(-64.3507288922178,-20.9592348326982,27.5));
#10697=CARTESIAN_POINT('',(-65.4667542960022,-21.0262221308059,27.5000000000052));
#10698=CARTESIAN_POINT('',(-61.7107206367256,-27.5318632636123,27.5));
#10699=CARTESIAN_POINT('',(-65.1007288922178,-19.6601967270215,27.5000000000052));
#10700=CARTESIAN_POINT('Origin',(-64.6007288922178,-20.5262221308059,27.5));
#10701=CARTESIAN_POINT('',(-36.4313981053861,-3.10795087975772,27.5));
#10702=CARTESIAN_POINT('',(-53.788551065727,-25.2534634667582,27.5000000000052));
#10703=CARTESIAN_POINT('',(-54.1545764695114,-26.6194888705427,27.5000000000052));
#10704=CARTESIAN_POINT('Origin',(-54.6545764695115,-25.7534634667582,27.5));
#10705=CARTESIAN_POINT('',(-59.350728892218,-29.6194888705427,27.5000000000052));
#10706=CARTESIAN_POINT('',(-28.0833218940329,-11.5672430232789,27.5));
#10707=CARTESIAN_POINT('',(-60.7167542960025,-29.2534634667582,27.5000000000052));
#10708=CARTESIAN_POINT('Origin',(-59.850728892218,-28.7534634667583,27.5));
#10709=CARTESIAN_POINT('',(-60.9667542960025,-28.820450764866,27.5000000000052));
#10710=CARTESIAN_POINT('',(-59.4607206367257,-31.4289775806423,27.5));
#10711=CARTESIAN_POINT('',(-60.600728892218,-27.4544253610816,27.5000000000052));
#10712=CARTESIAN_POINT('Origin',(-60.100728892218,-28.320450764866,27.5));
#10713=CARTESIAN_POINT('',(-55.4045764695114,-24.4544253610816,27.5000000000052));
#10714=CARTESIAN_POINT('',(-31.9313981053862,-10.9021795138177,27.5));
#10715=CARTESIAN_POINT('',(-54.038551065727,-24.820450764866,27.5000000000052));
#10716=CARTESIAN_POINT('Origin',(-54.9045764695114,-25.320450764866,27.5));
#10717=CARTESIAN_POINT('',(-52.65751740645,-27.2124712296965,27.5));
#10718=CARTESIAN_POINT('',(-57.6545764695113,-20.5573110440515,27.5000000000052));
#10719=CARTESIAN_POINT('',(-56.2885510657268,-20.923336447836,27.5000000000052));
#10720=CARTESIAN_POINT('Origin',(-57.1545764695113,-21.4233364478359,27.5));
#10721=CARTESIAN_POINT('',(-56.0385510657268,-21.3563491497282,27.5000000000052));
#10722=CARTESIAN_POINT('',(-53.7825174064499,-25.2639140711815,27.5));
#10723=CARTESIAN_POINT('',(-56.4045764695113,-22.7223745535126,27.5000000000052));
#10724=CARTESIAN_POINT('Origin',(-56.9045764695113,-21.8563491497282,27.5));
#10725=CARTESIAN_POINT('',(-61.6007288922179,-25.7223745535126,27.5000000000052));
#10726=CARTESIAN_POINT('',(-30.3333218940328,-7.67012870624883,27.5));
#10727=CARTESIAN_POINT('',(-62.9667542960023,-25.3563491497282,27.5000000000052));
#10728=CARTESIAN_POINT('Origin',(-62.1007288922179,-24.8563491497282,27.5));
#10729=CARTESIAN_POINT('',(-63.2167542960023,-24.923336447836,27.5000000000052));
#10730=CARTESIAN_POINT('',(-60.5857206367257,-29.4804204221273,27.5));
#10731=CARTESIAN_POINT('',(-62.8507288922179,-23.5573110440516,27.5000000000052));
#10732=CARTESIAN_POINT('Origin',(-62.3507288922179,-24.423336447836,27.5));
#10733=CARTESIAN_POINT('',(-34.1813981053862,-7.0050651967877,27.5));
#10734=CARTESIAN_POINT('',(-59.4473301514984,29.5404323470084,27.5000000000052));
#10735=CARTESIAN_POINT('',(-54.2511777287923,26.5404323470087,27.5000000000052));
#10736=CARTESIAN_POINT('',(-30.7588901318654,12.9771537790427,27.5));
#10737=CARTESIAN_POINT('',(-53.8851523250079,25.1744069432242,27.5000000000052));
#10738=CARTESIAN_POINT('Origin',(-54.7511777287923,25.6744069432242,27.5));
#10739=CARTESIAN_POINT('',(-54.1351523250079,24.741394241332,27.5000000000052));
#10740=CARTESIAN_POINT('',(-52.5999272688913,27.4004820395785,27.5));
#10741=CARTESIAN_POINT('',(-55.5011777287923,24.3753688375476,27.5000000000052));
#10742=CARTESIAN_POINT('Origin',(-55.0011777287923,25.241394241332,27.5));
#10743=CARTESIAN_POINT('',(-60.6973301514984,27.3753688375473,27.5000000000052));
#10744=CARTESIAN_POINT('',(-29.4108139205124,9.31209026958162,27.5));
#10745=CARTESIAN_POINT('',(-61.0633555552829,28.7413942413319,27.5000000000052));
#10746=CARTESIAN_POINT('Origin',(-60.1973301514984,28.2413942413319,27.5));
#10747=CARTESIAN_POINT('',(-60.813355555283,29.174406943224,27.5000000000052));
#10748=CARTESIAN_POINT('',(-59.6531304991661,31.1839756886327,27.5));
#10749=CARTESIAN_POINT('Origin',(-59.9473301514985,28.6744069432239,27.5));
#10750=CARTESIAN_POINT('',(-57.7511777287924,20.4782545205176,27.5000000000052));
#10751=CARTESIAN_POINT('',(-62.9473301514989,23.4782545205175,27.5000000000052));
#10752=CARTESIAN_POINT('',(-31.6608139205124,5.41497595255172,27.5));
#10753=CARTESIAN_POINT('',(-63.3133555552834,24.8442799243021,27.5000000000052));
#10754=CARTESIAN_POINT('Origin',(-62.4473301514988,24.3442799243021,27.5));
#10755=CARTESIAN_POINT('',(-63.0633555552834,25.2772926261942,27.5000000000052));
#10756=CARTESIAN_POINT('',(-60.7781304991672,29.2354185301169,27.5));
#10757=CARTESIAN_POINT('',(-61.6973301514989,25.6433180299787,27.5000000000052));
#10758=CARTESIAN_POINT('Origin',(-62.1973301514989,24.7772926261942,27.5));
#10759=CARTESIAN_POINT('',(-56.5011777287924,22.6433180299788,27.5000000000052));
#10760=CARTESIAN_POINT('',(-33.0088901318655,9.08003946201293,27.5));
#10761=CARTESIAN_POINT('',(-56.1351523250079,21.2772926261943,27.5000000000052));
#10762=CARTESIAN_POINT('Origin',(-57.0011777287924,21.7772926261943,27.5));
#10763=CARTESIAN_POINT('',(-56.385152325008,20.844279924302,27.5000000000052));
#10764=CARTESIAN_POINT('',(-53.7249272688905,25.4519248810645,27.5));
#10765=CARTESIAN_POINT('Origin',(-57.2511777287924,21.3442799243021,27.5));
#10766=CARTESIAN_POINT('',(-16.1188453287967,-24.2894400390424,27.5));
#10767=CARTESIAN_POINT('Origin',(-19.9188453287967,-24.2894400390424,27.5));
#10768=CARTESIAN_POINT('',(-8.71884532879669,-16.8894400390424,27.5));
#10769=CARTESIAN_POINT('Origin',(-12.5188453287967,-16.8894400390424,27.5));
#10770=CARTESIAN_POINT('',(-8.71884532879671,-31.6894400390424,27.5));
#10771=CARTESIAN_POINT('Origin',(-12.5188453287967,-31.6894400390424,27.5));
#10772=CARTESIAN_POINT('',(-1.3188453287967,-24.2894400390424,27.5));
#10773=CARTESIAN_POINT('Origin',(-5.1188453287967,-24.2894400390424,27.5));
#10774=CARTESIAN_POINT('',(-4.86001345865911,23.7630369045541,27.5));
#10775=CARTESIAN_POINT('Origin',(-12.3600134586591,23.7630369045541,27.5));
#10776=CARTESIAN_POINT('',(-32.3198990077642,-13.187165154391,27.5));
#10777=CARTESIAN_POINT('Origin',(-39.8198990077642,-13.187165154391,27.5));
#10778=CARTESIAN_POINT('',(-43.4612009946691,9.76819796677106,27.5));
#10779=CARTESIAN_POINT('',(-49.3612009946691,9.76819796677106,27.5));
#10780=CARTESIAN_POINT('',(-21.7306004973345,9.76819796677106,27.5));
#10781=CARTESIAN_POINT('',(-49.3612009946691,16.168197966771,27.5));
#10782=CARTESIAN_POINT('',(-49.3612009946691,4.88409898338554,27.5));
#10783=CARTESIAN_POINT('',(-43.4612009946691,16.168197966771,27.5));
#10784=CARTESIAN_POINT('',(-24.6806004973346,16.168197966771,27.5));
#10785=CARTESIAN_POINT('',(-43.0612009946691,16.568197966771,27.5));
#10786=CARTESIAN_POINT('Origin',(-43.4612009946691,16.568197966771,27.5));
#10787=CARTESIAN_POINT('',(-43.0612009946691,22.4681979667711,27.5));
#10788=CARTESIAN_POINT('',(-43.0612009946691,8.2840989833855,27.5));
#10789=CARTESIAN_POINT('',(-36.6612009946691,22.4681979667711,27.5));
#10790=CARTESIAN_POINT('',(-21.5306004973345,22.4681979667711,27.5));
#10791=CARTESIAN_POINT('',(-36.6612009946691,16.568197966771,27.5));
#10792=CARTESIAN_POINT('',(-36.6612009946691,11.2340989833855,27.5));
#10793=CARTESIAN_POINT('',(-36.2612009946691,16.168197966771,27.5));
#10794=CARTESIAN_POINT('Origin',(-36.2612009946691,16.568197966771,27.5));
#10795=CARTESIAN_POINT('',(-30.3612009946691,16.168197966771,27.5));
#10796=CARTESIAN_POINT('',(-18.1306004973345,16.168197966771,27.5));
#10797=CARTESIAN_POINT('',(-30.3612009946691,9.76819796677106,27.5));
#10798=CARTESIAN_POINT('',(-30.3612009946691,8.0840989833855,27.5));
#10799=CARTESIAN_POINT('',(-36.2612009946691,9.76819796677106,27.5));
#10800=CARTESIAN_POINT('',(-15.1806004973345,9.76819796677106,27.5));
#10801=CARTESIAN_POINT('',(-36.6612009946691,9.36819796677107,27.5));
#10802=CARTESIAN_POINT('Origin',(-36.2612009946691,9.36819796677107,27.5));
#10803=CARTESIAN_POINT('',(-36.6612009946691,3.46819796677106,27.5));
#10804=CARTESIAN_POINT('',(-36.6612009946691,4.68409898338554,27.5));
#10805=CARTESIAN_POINT('',(-43.0612009946691,3.46819796677106,27.5));
#10806=CARTESIAN_POINT('',(-18.3306004973345,3.46819796677106,27.5));
#10807=CARTESIAN_POINT('',(-43.0612009946691,9.36819796677107,27.5));
#10808=CARTESIAN_POINT('',(-43.0612009946691,1.73409898338552,27.5));
#10809=CARTESIAN_POINT('Origin',(-43.4612009946691,9.36819796677107,27.5));
#10810=CARTESIAN_POINT('',(-18.6466963442131,-3.5527136788005E-14,27.5));
#10811=CARTESIAN_POINT('Origin',(-21.7466963442131,-3.5527136788005E-14,
27.5));
#10812=CARTESIAN_POINT('',(8.23182153331682,38.,27.5));
#10813=CARTESIAN_POINT('',(8.23182153331681,-38.,27.5));
#10814=CARTESIAN_POINT('',(8.23182153331682,19.5,27.5));
#10815=CARTESIAN_POINT('',(8.72500000000002,38.4931784666832,27.5));
#10816=CARTESIAN_POINT('Origin',(8.72500000000003,38.,27.5));
#10817=CARTESIAN_POINT('',(67.2250000000001,38.4931784666832,27.5));
#10818=CARTESIAN_POINT('',(53.1,38.4931784666832,27.5));
#10819=CARTESIAN_POINT('',(67.7181784666833,38.,27.5));
#10820=CARTESIAN_POINT('Origin',(67.2250000000001,38.,27.5));
#10821=CARTESIAN_POINT('',(67.7181784666832,-38.,27.5));
#10822=CARTESIAN_POINT('',(67.7181784666833,-19.5,27.5));
#10823=CARTESIAN_POINT('',(67.225,-38.4931784666832,27.5));
#10824=CARTESIAN_POINT('Origin',(67.225,-38.,27.5));
#10825=CARTESIAN_POINT('',(8.72500000000001,-38.4931784666832,27.5));
#10826=CARTESIAN_POINT('',(22.85,-38.4931784666832,27.5));
#10827=CARTESIAN_POINT('Origin',(8.72500000000001,-38.,27.5));
#10828=CARTESIAN_POINT('Origin',(1.77635683940025E-14,0.,19.));
#10829=CARTESIAN_POINT('',(66.5000000000001,-42.275,19.));
#10830=CARTESIAN_POINT('',(-50.0000000000001,-42.275,19.));
#10831=CARTESIAN_POINT('',(33.25,-42.275,19.));
#10832=CARTESIAN_POINT('',(-71.5,-20.775,19.));
#10833=CARTESIAN_POINT('Origin',(-50.0000000000002,-20.7750000000001,19.));
#10834=CARTESIAN_POINT('',(-71.5,20.775,19.));
#10835=CARTESIAN_POINT('',(-71.5,-10.3875,19.));
#10836=CARTESIAN_POINT('',(-50.,42.275,19.));
#10837=CARTESIAN_POINT('Origin',(-50.,20.775,19.));
#10838=CARTESIAN_POINT('',(66.5000000000001,42.275,19.));
#10839=CARTESIAN_POINT('',(-25.,42.275,19.));
#10840=CARTESIAN_POINT('',(71.5000000000001,37.275,19.));
#10841=CARTESIAN_POINT('Origin',(66.5,37.275,19.));
#10842=CARTESIAN_POINT('',(71.5000000000001,-37.275,19.));
#10843=CARTESIAN_POINT('',(71.5000000000001,18.6375,19.));
#10844=CARTESIAN_POINT('Origin',(66.5,-37.275,19.));
#10845=CARTESIAN_POINT('',(65.85,37.325,19.));
#10846=CARTESIAN_POINT('Origin',(66.55,37.325,19.));
#10847=CARTESIAN_POINT('',(68.5,35.075,19.));
#10848=CARTESIAN_POINT('',(66.55,35.075,19.));
#10849=CARTESIAN_POINT('',(66.55,35.075,19.));
#10850=CARTESIAN_POINT('',(64.3,37.325,19.));
#10851=CARTESIAN_POINT('Origin',(66.55,37.325,19.));
#10852=CARTESIAN_POINT('',(64.3,41.275,19.));
#10853=CARTESIAN_POINT('',(64.3,41.275,19.));
#10854=CARTESIAN_POINT('',(-50.,41.275,19.));
#10855=CARTESIAN_POINT('',(-70.5,20.7749999999999,19.));
#10856=CARTESIAN_POINT('Origin',(-49.9999999999999,20.7749999999999,19.));
#10857=CARTESIAN_POINT('',(-70.5,-20.775,19.));
#10858=CARTESIAN_POINT('',(-70.5,-20.775,19.));
#10859=CARTESIAN_POINT('',(-50.0000000000001,-41.275,19.));
#10860=CARTESIAN_POINT('Origin',(-50.,-20.775,19.));
#10861=CARTESIAN_POINT('',(66.5,-41.275,19.));
#10862=CARTESIAN_POINT('',(64.3,-37.329,19.));
#10863=CARTESIAN_POINT('',(64.3,-37.329,19.));
#10864=CARTESIAN_POINT('',(66.554,-35.075,19.));
#10865=CARTESIAN_POINT('Origin',(66.554,-37.329,19.));
#10866=CARTESIAN_POINT('',(68.5,-35.075,19.));
#10867=CARTESIAN_POINT('',(70.5,-35.075,19.));
#10868=CARTESIAN_POINT('',(68.5,-35.075,19.));
#10869=CARTESIAN_POINT('',(65.854,-37.329,19.));
#10870=CARTESIAN_POINT('Origin',(66.554,-37.329,19.));
#10871=CARTESIAN_POINT('Origin',(1.77635683940025E-14,0.,20.5));
#10872=CARTESIAN_POINT('',(66.5,-43.275,20.5));
#10873=CARTESIAN_POINT('Origin',(66.5,-37.275,20.5));
#10874=CARTESIAN_POINT('',(-50.,-43.275,20.5));
#10875=CARTESIAN_POINT('',(33.25,-43.275,20.5));
#10876=CARTESIAN_POINT('',(-72.5,-20.775,20.5));
#10877=CARTESIAN_POINT('Origin',(-49.9999999999999,-20.775,20.5));
#10878=CARTESIAN_POINT('',(-72.4999999999999,-10.3875,20.5));
#10879=CARTESIAN_POINT('',(-50.0000000000001,-42.275,20.5));
#10880=CARTESIAN_POINT('',(-71.5,-20.775,20.5));
#10881=CARTESIAN_POINT('Origin',(-50.0000000000002,-20.7750000000001,20.5));
#10882=CARTESIAN_POINT('',(66.5000000000001,-42.275,20.5));
#10883=CARTESIAN_POINT('',(33.25,-42.275,20.5));
#10884=CARTESIAN_POINT('',(71.5000000000001,-37.275,20.5));
#10885=CARTESIAN_POINT('Origin',(66.5,-37.275,20.5));
#10886=CARTESIAN_POINT('',(71.5000000000001,37.275,20.5));
#10887=CARTESIAN_POINT('',(71.5000000000001,18.6375,20.5));
#10888=CARTESIAN_POINT('',(66.5000000000001,42.275,20.5));
#10889=CARTESIAN_POINT('Origin',(66.5,37.275,20.5));
#10890=CARTESIAN_POINT('',(-50.,42.275,20.5));
#10891=CARTESIAN_POINT('',(-25.,42.275,20.5));
#10892=CARTESIAN_POINT('',(-71.5,20.775,20.5));
#10893=CARTESIAN_POINT('Origin',(-50.,20.775,20.5));
#10894=CARTESIAN_POINT('',(-71.5,-10.3875,20.5));
#10895=CARTESIAN_POINT('Origin',(66.5,37.275,20.));
#10896=CARTESIAN_POINT('',(71.5000000000001,37.275,20.));
#10897=CARTESIAN_POINT('',(66.5000000000001,42.275,20.));
#10898=CARTESIAN_POINT('Origin',(71.5000000000001,37.275,20.));
#10899=CARTESIAN_POINT('',(71.5000000000001,-37.275,20.));
#10900=CARTESIAN_POINT('Origin',(66.5,-37.275,20.));
#10901=CARTESIAN_POINT('',(66.5000000000001,-42.275,20.));
#10902=CARTESIAN_POINT('Origin',(66.5000000000001,-42.275,20.));
#10903=CARTESIAN_POINT('',(-50.0000000000001,-42.275,20.));
#10904=CARTESIAN_POINT('Origin',(67.2250000000001,38.,26.5));
#10905=CARTESIAN_POINT('',(67.2250000000001,38.8949874371066,27.1649981108404));
#10906=CARTESIAN_POINT('Origin',(67.2250000000001,38.,26.5));
#10907=CARTESIAN_POINT('',(68.1199874371066,38.,27.1649981108405));
#10908=CARTESIAN_POINT('Ctrl Pts',(68.1199874371066,38.,27.1649981108405));
#10909=CARTESIAN_POINT('Ctrl Pts',(68.1176904034248,38.0228551965601,27.1680895726872));
#10910=CARTESIAN_POINT('Ctrl Pts',(68.114631212605,38.0453548592381,27.170991479394));
#10911=CARTESIAN_POINT('Ctrl Pts',(68.0945993924583,38.1633630074707,27.1855344401305));
#10912=CARTESIAN_POINT('Ctrl Pts',(68.0620091364465,38.2648356348945,27.1954391812274));
#10913=CARTESIAN_POINT('Ctrl Pts',(67.9654499480495,38.4520281515771,27.2083518104772));
#10914=CARTESIAN_POINT('Ctrl Pts',(67.9014719171649,38.5377416452082,27.2113843633892));
#10915=CARTESIAN_POINT('Ctrl Pts',(67.7627416452085,38.6764719171647,27.2113843633892));
#10916=CARTESIAN_POINT('Ctrl Pts',(67.6770281515773,38.7404499480493,27.2083518104772));
#10917=CARTESIAN_POINT('Ctrl Pts',(67.4898356348948,38.8370091364463,27.1954391812274));
#10918=CARTESIAN_POINT('Ctrl Pts',(67.388363007471,38.8695993924582,27.1855344401305));
#10919=CARTESIAN_POINT('Ctrl Pts',(67.2703548592384,38.8896312126049,27.170991479394));
#10920=CARTESIAN_POINT('Ctrl Pts',(67.2478551965603,38.8926904034248,27.1680895726872));
#10921=CARTESIAN_POINT('Ctrl Pts',(67.2250000000001,38.8949874371066,27.1649981108404));
#10922=CARTESIAN_POINT('Origin',(67.2250000000001,38.,26.5));
#10923=CARTESIAN_POINT('Origin',(8.72500000000001,-38.,26.5));
#10924=CARTESIAN_POINT('',(8.72500000000001,-38.8949874371066,27.1649981108405));
#10925=CARTESIAN_POINT('Origin',(8.72500000000001,-38.,26.5));
#10926=CARTESIAN_POINT('',(7.83001256289342,-38.,27.1649981108405));
#10927=CARTESIAN_POINT('Ctrl Pts',(7.8300125628934,-38.,27.1649981108404));
#10928=CARTESIAN_POINT('Ctrl Pts',(7.83230959657522,-38.0228551965602,27.1680895726872));
#10929=CARTESIAN_POINT('Ctrl Pts',(7.83536878739504,-38.0453548592381,27.170991479394));
#10930=CARTESIAN_POINT('Ctrl Pts',(7.85540060754178,-38.1633630074707,27.1855344401304));
#10931=CARTESIAN_POINT('Ctrl Pts',(7.88799086355358,-38.2648356348945,27.1954391812274));
#10932=CARTESIAN_POINT('Ctrl Pts',(7.98455005195058,-38.4520281515771,27.2083518104772));
#10933=CARTESIAN_POINT('Ctrl Pts',(8.04852808283519,-38.5377416452083,27.2113843633892));
#10934=CARTESIAN_POINT('Ctrl Pts',(8.18725835479166,-38.6764719171648,27.2113843633892));
#10935=CARTESIAN_POINT('Ctrl Pts',(8.27297184842278,-38.7404499480494,27.2083518104772));
#10936=CARTESIAN_POINT('Ctrl Pts',(8.46016436510533,-38.8370091364464,27.1954391812274));
#10937=CARTESIAN_POINT('Ctrl Pts',(8.56163699252923,-38.8695993924582,27.1855344401304));
#10938=CARTESIAN_POINT('Ctrl Pts',(8.6796451407618,-38.889631212605,27.170991479394));
#10939=CARTESIAN_POINT('Ctrl Pts',(8.70214480343982,-38.8926904034248,27.1680895726872));
#10940=CARTESIAN_POINT('Ctrl Pts',(8.72500000000001,-38.8949874371066,27.1649981108404));
#10941=CARTESIAN_POINT('Origin',(8.72500000000001,-38.,26.5));
#10942=CARTESIAN_POINT('Origin',(8.72500000000003,38.,26.5));
#10943=CARTESIAN_POINT('',(7.83001256289342,38.,27.1649981108405));
#10944=CARTESIAN_POINT('Origin',(8.72500000000003,38.,26.5));
#10945=CARTESIAN_POINT('',(8.72500000000003,38.8949874371066,27.1649981108405));
#10946=CARTESIAN_POINT('Ctrl Pts',(8.72500000000002,38.8949874371066,27.1649981108405));
#10947=CARTESIAN_POINT('Ctrl Pts',(8.70214480343985,38.8926904034248,27.1680895726872));
#10948=CARTESIAN_POINT('Ctrl Pts',(8.67964514076184,38.889631212605,27.170991479394));
#10949=CARTESIAN_POINT('Ctrl Pts',(8.5616369925293,38.8695993924582,27.1855344401305));
#10950=CARTESIAN_POINT('Ctrl Pts',(8.46016436510546,38.8370091364464,27.1954391812274));
#10951=CARTESIAN_POINT('Ctrl Pts',(8.27297184842294,38.7404499480494,27.2083518104773));
#10952=CARTESIAN_POINT('Ctrl Pts',(8.1872583547918,38.6764719171648,27.2113843633892));
#10953=CARTESIAN_POINT('Ctrl Pts',(8.04852808283535,38.5377416452084,27.2113843633892));
#10954=CARTESIAN_POINT('Ctrl Pts',(7.98455005195073,38.4520281515773,27.2083518104773));
#10955=CARTESIAN_POINT('Ctrl Pts',(7.8879908635537,38.2648356348948,27.1954391812274));
#10956=CARTESIAN_POINT('Ctrl Pts',(7.85540060754187,38.163363007471,27.1855344401305));
#10957=CARTESIAN_POINT('Ctrl Pts',(7.83536878739508,38.0453548592384,27.170991479394));
#10958=CARTESIAN_POINT('Ctrl Pts',(7.83230959657523,38.0228551965603,27.1680895726872));
#10959=CARTESIAN_POINT('Ctrl Pts',(7.83001256289341,38.,27.1649981108404));
#10960=CARTESIAN_POINT('Origin',(8.72500000000004,38.,26.5));
#10961=CARTESIAN_POINT('Origin',(67.225,-38.,26.5));
#10962=CARTESIAN_POINT('',(68.1199874371066,-38.,27.1649981108405));
#10963=CARTESIAN_POINT('Origin',(67.225,-38.,26.5));
#10964=CARTESIAN_POINT('',(67.225,-38.8949874371066,27.1649981108405));
#10965=CARTESIAN_POINT('Ctrl Pts',(67.225,-38.8949874371066,27.1649981108404));
#10966=CARTESIAN_POINT('Ctrl Pts',(67.2478551965602,-38.8926904034248,27.1680895726872));
#10967=CARTESIAN_POINT('Ctrl Pts',(67.2703548592382,-38.889631212605,27.170991479394));
#10968=CARTESIAN_POINT('Ctrl Pts',(67.3883630074708,-38.8695993924582,27.1855344401305));
#10969=CARTESIAN_POINT('Ctrl Pts',(67.4898356348946,-38.8370091364464,27.1954391812274));
#10970=CARTESIAN_POINT('Ctrl Pts',(67.6770281515772,-38.7404499480494,27.2083518104772));
#10971=CARTESIAN_POINT('Ctrl Pts',(67.7627416452083,-38.6764719171648,27.2113843633892));
#10972=CARTESIAN_POINT('Ctrl Pts',(67.9014719171647,-38.5377416452084,27.2113843633892));
#10973=CARTESIAN_POINT('Ctrl Pts',(67.9654499480494,-38.4520281515773,27.2083518104772));
#10974=CARTESIAN_POINT('Ctrl Pts',(68.0620091364464,-38.2648356348948,27.1954391812274));
#10975=CARTESIAN_POINT('Ctrl Pts',(68.0945993924582,-38.1633630074709,27.1855344401305));
#10976=CARTESIAN_POINT('Ctrl Pts',(68.114631212605,-38.0453548592383,27.170991479394));
#10977=CARTESIAN_POINT('Ctrl Pts',(68.1176904034248,-38.0228551965603,27.1680895726872));
#10978=CARTESIAN_POINT('Ctrl Pts',(68.1199874371067,-38.,27.1649981108404));
#10979=CARTESIAN_POINT('Origin',(67.225,-38.,26.5));
#10980=CARTESIAN_POINT('Origin',(22.85,-38.,26.5));
#10981=CARTESIAN_POINT('',(67.125,-38.9,27.1581982983874));
#10982=CARTESIAN_POINT('Ctrl Pts',(67.125,-38.9,27.1581982983874));
#10983=CARTESIAN_POINT('Ctrl Pts',(67.1585714828435,-38.9,27.1581982983874));
#10984=CARTESIAN_POINT('Ctrl Pts',(67.191963426984,-38.8983077376234,27.1605294857399));
#10985=CARTESIAN_POINT('Ctrl Pts',(67.225,-38.8949874371066,27.1649981108404));
#10986=CARTESIAN_POINT('',(8.82500000000001,-38.9,27.1581982983874));
#10987=CARTESIAN_POINT('',(22.85,-38.9,27.1581982983873));
#10988=CARTESIAN_POINT('Ctrl Pts',(8.72500000000001,-38.8949874371066,27.1649981108404));
#10989=CARTESIAN_POINT('Ctrl Pts',(8.75803657301599,-38.8983077376234,27.1605294857399));
#10990=CARTESIAN_POINT('Ctrl Pts',(8.79142851715654,-38.9,27.1581982983873));
#10991=CARTESIAN_POINT('Ctrl Pts',(8.82500000000001,-38.9,27.1581982983873));
#10992=CARTESIAN_POINT('Origin',(67.225,-19.5,26.5));
#10993=CARTESIAN_POINT('',(68.125,37.9,27.1581982983875));
#10994=CARTESIAN_POINT('Ctrl Pts',(68.125,37.9,27.1581982983874));
#10995=CARTESIAN_POINT('Ctrl Pts',(68.125,37.9335714828434,27.1581982983874));
#10996=CARTESIAN_POINT('Ctrl Pts',(68.1233077376234,37.966963426984,27.1605294857399));
#10997=CARTESIAN_POINT('Ctrl Pts',(68.1199874371066,38.,27.1649981108405));
#10998=CARTESIAN_POINT('',(68.125,-37.9,27.1581982983874));
#10999=CARTESIAN_POINT('',(68.125,-19.5,27.1581982983874));
#11000=CARTESIAN_POINT('Ctrl Pts',(68.1199874371067,-38.,27.1649981108404));
#11001=CARTESIAN_POINT('Ctrl Pts',(68.1233077376234,-37.966963426984,27.1605294857399));
#11002=CARTESIAN_POINT('Ctrl Pts',(68.125,-37.9335714828435,27.1581982983874));
#11003=CARTESIAN_POINT('Ctrl Pts',(68.125,-37.9,27.1581982983874));
#11004=CARTESIAN_POINT('Origin',(8.72500000000003,19.5,26.5));
#11005=CARTESIAN_POINT('',(7.82500000000004,-37.9,27.1581982983874));
#11006=CARTESIAN_POINT('Ctrl Pts',(7.82500000000002,-37.9,27.1581982983874));
#11007=CARTESIAN_POINT('Ctrl Pts',(7.82500000000002,-37.9335714828435,27.1581982983874));
#11008=CARTESIAN_POINT('Ctrl Pts',(7.82669226237664,-37.966963426984,27.1605294857399));
#11009=CARTESIAN_POINT('Ctrl Pts',(7.8300125628934,-38.,27.1649981108404));
#11010=CARTESIAN_POINT('',(7.82500000000004,37.9,27.1581982983874));
#11011=CARTESIAN_POINT('',(7.82500000000002,19.5,27.1581982983873));
#11012=CARTESIAN_POINT('Ctrl Pts',(7.83001256289341,38.,27.1649981108404));
#11013=CARTESIAN_POINT('Ctrl Pts',(7.82669226237664,37.966963426984,27.1605294857399));
#11014=CARTESIAN_POINT('Ctrl Pts',(7.82500000000002,37.9335714828435,27.1581982983873));
#11015=CARTESIAN_POINT('Ctrl Pts',(7.82500000000002,37.9,27.1581982983873));
#11016=CARTESIAN_POINT('Origin',(53.1,38.,26.5));
#11017=CARTESIAN_POINT('',(8.82500000000004,38.9,27.1581982983874));
#11018=CARTESIAN_POINT('Ctrl Pts',(8.82500000000004,38.9,27.1581982983874));
#11019=CARTESIAN_POINT('Ctrl Pts',(8.79142851715657,38.9,27.1581982983874));
#11020=CARTESIAN_POINT('Ctrl Pts',(8.75803657301601,38.8983077376234,27.1605294857399));
#11021=CARTESIAN_POINT('Ctrl Pts',(8.72500000000002,38.8949874371066,27.1649981108404));
#11022=CARTESIAN_POINT('',(67.125,38.9,27.1581982983874));
#11023=CARTESIAN_POINT('',(53.1,38.9,27.1581982983873));
#11024=CARTESIAN_POINT('Ctrl Pts',(67.2250000000001,38.8949874371066,27.1649981108404));
#11025=CARTESIAN_POINT('Ctrl Pts',(67.191963426984,38.8983077376234,27.1605294857399));
#11026=CARTESIAN_POINT('Ctrl Pts',(67.1585714828435,38.9,27.1581982983873));
#11027=CARTESIAN_POINT('Ctrl Pts',(67.125,38.9,27.1581982983873));
#11028=CARTESIAN_POINT('Origin',(67.125,37.9,27.5));
#11029=CARTESIAN_POINT('',(67.125,38.9,26.25));
#11030=CARTESIAN_POINT('',(67.125,38.9,27.5));
#11031=CARTESIAN_POINT('',(68.125,37.9,26.25));
#11032=CARTESIAN_POINT('Origin',(67.125,37.9,26.25));
#11033=CARTESIAN_POINT('',(68.125,37.9,27.5));
#11034=CARTESIAN_POINT('Origin',(8.82500000000004,38.9,27.5));
#11035=CARTESIAN_POINT('',(8.82500000000004,38.9,26.25));
#11036=CARTESIAN_POINT('',(8.82500000000004,38.9,27.5));
#11037=CARTESIAN_POINT('',(67.125,38.9,26.25));
#11038=CARTESIAN_POINT('Origin',(8.82500000000004,37.9,27.5));
#11039=CARTESIAN_POINT('',(7.82500000000002,37.9,26.25));
#11040=CARTESIAN_POINT('',(7.82500000000002,37.9,27.5));
#11041=CARTESIAN_POINT('',(7.84520410288676,38.1,26.25));
#11042=CARTESIAN_POINT('Origin',(8.82500000000004,37.9,26.25));
#11043=CARTESIAN_POINT('Origin',(8.82500000000004,37.9,26.25));
#11044=CARTESIAN_POINT('Origin',(3.82500000000002,38.1,23.25));
#11045=CARTESIAN_POINT('',(3.82500000000002,38.1,25.5));
#11046=CARTESIAN_POINT('',(3.82500000000002,-38.1,25.5));
#11047=CARTESIAN_POINT('',(3.82500000000002,19.05,25.5));
#11048=CARTESIAN_POINT('',(3.82500000000002,38.1,26.25));
#11049=CARTESIAN_POINT('',(3.82500000000002,38.1,23.25));
#11050=CARTESIAN_POINT('',(3.82500000000002,-38.1,26.25));
#11051=CARTESIAN_POINT('',(3.82500000000002,38.1,26.25));
#11052=CARTESIAN_POINT('',(3.82500000000002,-38.1,23.25));
#11053=CARTESIAN_POINT('Origin',(3.82500000000002,-38.1,23.25));
#11054=CARTESIAN_POINT('',(67.325,-38.1,25.5));
#11055=CARTESIAN_POINT('',(1.91250000000003,-38.1,25.5));
#11056=CARTESIAN_POINT('',(7.84520410288675,-38.1,26.25));
#11057=CARTESIAN_POINT('',(3.82500000000002,-38.1,26.25));
#11058=CARTESIAN_POINT('',(67.325,-38.1,26.25));
#11059=CARTESIAN_POINT('',(20.9,-38.1,26.25));
#11060=CARTESIAN_POINT('',(67.325,-38.1,23.25));
#11061=CARTESIAN_POINT('Origin',(67.325,-38.1,23.25));
#11062=CARTESIAN_POINT('',(67.325,38.1,25.5));
#11063=CARTESIAN_POINT('',(67.325,-19.05,25.5));
#11064=CARTESIAN_POINT('',(67.325,38.1,26.25));
#11065=CARTESIAN_POINT('',(67.325,-19.05,26.25));
#11066=CARTESIAN_POINT('',(67.325,38.1,23.25));
#11067=CARTESIAN_POINT('Origin',(67.325,38.1,23.25));
#11068=CARTESIAN_POINT('',(33.6625,38.1,25.5));
#11069=CARTESIAN_POINT('',(52.65,38.1,26.25));
#11070=CARTESIAN_POINT('',(67.325,38.1,26.25));
#11071=CARTESIAN_POINT('Origin',(35.575,-8.88178419700125E-15,26.25));
#11072=CARTESIAN_POINT('',(7.82500000000002,-37.9,26.25));
#11073=CARTESIAN_POINT('',(7.82500000000002,37.9,26.25));
#11074=CARTESIAN_POINT('Origin',(8.82500000000001,-37.9,26.25));
#11075=CARTESIAN_POINT('Origin',(67.4,38.175,23.25));
#11076=CARTESIAN_POINT('',(64.3,41.275,23.25));
#11077=CARTESIAN_POINT('',(64.3,37.325,23.25));
#11078=CARTESIAN_POINT('',(64.3,41.275,23.25));
#11079=CARTESIAN_POINT('',(66.55,35.075,23.25));
#11080=CARTESIAN_POINT('Origin',(66.55,37.325,23.25));
#11081=CARTESIAN_POINT('',(70.5,35.075,23.25));
#11082=CARTESIAN_POINT('',(66.55,35.075,23.25));
#11083=CARTESIAN_POINT('',(70.5,37.275,23.25));
#11084=CARTESIAN_POINT('',(70.5,0.44999999999999,23.25));
#11085=CARTESIAN_POINT('',(66.5,41.275,23.25));
#11086=CARTESIAN_POINT('Origin',(66.5,37.275,23.25));
#11087=CARTESIAN_POINT('',(66.95,41.275,23.25));
#11088=CARTESIAN_POINT('',(65.85,37.325,23.25));
#11089=CARTESIAN_POINT('Origin',(66.55,37.325,23.25));
#11090=CARTESIAN_POINT('Origin',(37.975,-8.88178419700125E-15,26.25));
#11091=CARTESIAN_POINT('',(8.82500000000001,-38.9,26.25));
#11092=CARTESIAN_POINT('Origin',(8.82500000000001,-37.9,26.25));
#11093=CARTESIAN_POINT('',(67.125,-38.9,26.25));
#11094=CARTESIAN_POINT('',(8.82500000000001,-38.9,26.25));
#11095=CARTESIAN_POINT('',(68.125,-37.9,26.25));
#11096=CARTESIAN_POINT('Origin',(67.125,-37.9,26.25));
#11097=CARTESIAN_POINT('',(68.125,-37.9,26.25));
#11098=CARTESIAN_POINT('Origin',(70.5,-35.075,21.85));
#11099=CARTESIAN_POINT('',(70.5,35.075,21.85));
#11100=CARTESIAN_POINT('',(70.5,-35.075,21.85));
#11101=CARTESIAN_POINT('',(70.5,-36.175,21.85));
#11102=CARTESIAN_POINT('',(68.5,35.075,21.85));
#11103=CARTESIAN_POINT('',(70.5,35.075,21.85));
#11104=CARTESIAN_POINT('',(68.5,-35.075,21.85));
#11105=CARTESIAN_POINT('',(68.5,35.075,21.85));
#11106=CARTESIAN_POINT('',(68.527,-35.075,21.85));
#11107=CARTESIAN_POINT('Origin',(68.5,0.,20.925));
#11108=CARTESIAN_POINT('',(68.5,35.075,22.0875));
#11109=CARTESIAN_POINT('',(68.5,-35.075,22.0875));
#11110=CARTESIAN_POINT('Origin',(70.5,35.075,23.25));
#11111=CARTESIAN_POINT('',(70.5,35.075,24.375));
#11112=CARTESIAN_POINT('',(66.55,35.075,23.25));
#11113=CARTESIAN_POINT('Origin',(70.5,-37.275,25.5));
#11114=CARTESIAN_POINT('',(70.5,-35.075,23.25));
#11115=CARTESIAN_POINT('',(70.5,-35.075,24.375));
#11116=CARTESIAN_POINT('',(70.5,-37.275,23.25));
#11117=CARTESIAN_POINT('',(70.5,-37.725,23.25));
#11118=CARTESIAN_POINT('',(70.5,-37.275,25.5));
#11119=CARTESIAN_POINT('',(70.5,-37.275,25.5));
#11120=CARTESIAN_POINT('',(70.5,37.275,25.5));
#11121=CARTESIAN_POINT('',(70.5,-18.6375,25.5));
#11122=CARTESIAN_POINT('',(70.5,37.275,25.5));
#11123=CARTESIAN_POINT('Origin',(8.88178419700125E-15,-8.88178419700125E-15,
26.));
#11124=CARTESIAN_POINT('',(-63.4,5.9884748399372,26.));
#11125=CARTESIAN_POINT('',(-69.5,5.9884748399372,26.));
#11126=CARTESIAN_POINT('',(-69.5,5.9884748399372,26.));
#11127=CARTESIAN_POINT('',(-63.4,-6.1115251600628,26.));
#11128=CARTESIAN_POINT('',(-63.4,5.9884748399372,26.));
#11129=CARTESIAN_POINT('',(-69.5,-6.1115251600628,26.));
#11130=CARTESIAN_POINT('',(-63.4,-6.1115251600628,26.));
#11131=CARTESIAN_POINT('',(-69.5,-6.1115251600628,26.));
#11132=CARTESIAN_POINT('Origin',(-65.7068655057236,5.9884748399372,25.5));
#11133=CARTESIAN_POINT('',(-65.7068655057236,6.9884748399372,25.5));
#11134=CARTESIAN_POINT('',(-65.7068655057236,5.9884748399372,25.5));
#11135=CARTESIAN_POINT('',(-65.7068655057236,2.9942374199686,25.5));
#11136=CARTESIAN_POINT('',(-65.7068655057236,6.9884748399372,22.75));
#11137=CARTESIAN_POINT('',(-65.7068655057236,6.9884748399372,25.5));
#11138=CARTESIAN_POINT('',(-65.7068655057236,5.9884748399372,22.75));
#11139=CARTESIAN_POINT('',(-65.7068655057236,6.9884748399372,22.75));
#11140=CARTESIAN_POINT('',(-65.7068655057236,5.9884748399372,25.5));
#11141=CARTESIAN_POINT('Origin',(-63.4,5.9884748399372,25.5));
#11142=CARTESIAN_POINT('',(-63.4,5.9884748399372,22.75));
#11143=CARTESIAN_POINT('',(-65.7068655057236,5.9884748399372,22.75));
#11144=CARTESIAN_POINT('',(-63.4,5.9884748399372,25.5));
#11145=CARTESIAN_POINT('',(-69.5,5.9884748399372,25.5));
#11146=CARTESIAN_POINT('',(-69.5,5.9884748399372,25.5));
#11147=CARTESIAN_POINT('',(-31.7,5.9884748399372,25.5));
#11148=CARTESIAN_POINT('Origin',(-63.4,-6.1115251600628,25.5));
#11149=CARTESIAN_POINT('',(-63.4,-6.1115251600628,22.75));
#11150=CARTESIAN_POINT('',(-63.4,5.9884748399372,22.75));
#11151=CARTESIAN_POINT('',(-63.4,-6.1115251600628,25.5));
#11152=CARTESIAN_POINT('Origin',(-69.5,-6.1115251600628,25.5));
#11153=CARTESIAN_POINT('',(-69.5,-6.1115251600628,22.75));
#11154=CARTESIAN_POINT('',(-63.4,-6.1115251600628,22.75));
#11155=CARTESIAN_POINT('',(-69.5,-6.1115251600628,25.5));
#11156=CARTESIAN_POINT('Origin',(-69.5,6.9884748399372,25.5));
#11157=CARTESIAN_POINT('',(-69.5,6.9884748399372,22.75));
#11158=CARTESIAN_POINT('',(-69.5,-6.1115251600628,22.75));
#11159=CARTESIAN_POINT('',(-69.5,6.9884748399372,25.5));
#11160=CARTESIAN_POINT('',(-69.5,6.9884748399372,25.5));
#11161=CARTESIAN_POINT('',(-69.5,3.49423741996859,25.5));
#11162=CARTESIAN_POINT('Origin',(-70.5,6.9884748399372,25.5));
#11163=CARTESIAN_POINT('',(-70.5,6.9884748399372,25.5));
#11164=CARTESIAN_POINT('',(-35.25,6.9884748399372,25.5));
#11165=CARTESIAN_POINT('',(-70.5,6.9884748399372,22.75));
#11166=CARTESIAN_POINT('',(-70.5,6.9884748399372,22.75));
#11167=CARTESIAN_POINT('',(-70.5,6.9884748399372,25.5));
#11168=CARTESIAN_POINT('Origin',(-62.4,-7.11152516006281,25.5));
#11169=CARTESIAN_POINT('',(-70.5,-7.11152516006281,25.5));
#11170=CARTESIAN_POINT('',(-62.4,-7.11152516006281,25.5));
#11171=CARTESIAN_POINT('',(-31.2,-7.11152516006281,25.5));
#11172=CARTESIAN_POINT('',(-70.5,-7.11152516006281,22.75));
#11173=CARTESIAN_POINT('',(-70.5,-7.11152516006281,25.5));
#11174=CARTESIAN_POINT('',(-62.4,-7.11152516006281,22.75));
#11175=CARTESIAN_POINT('',(-62.4,-7.11152516006281,22.75));
#11176=CARTESIAN_POINT('',(-62.4,-7.11152516006281,25.5));
#11177=CARTESIAN_POINT('Origin',(-62.4,6.9884748399372,25.5));
#11178=CARTESIAN_POINT('',(-62.4,6.9884748399372,25.5));
#11179=CARTESIAN_POINT('',(-62.4,3.49423741996859,25.5));
#11180=CARTESIAN_POINT('',(-62.4,6.9884748399372,22.75));
#11181=CARTESIAN_POINT('',(-62.4,6.9884748399372,22.75));
#11182=CARTESIAN_POINT('',(-62.4,6.9884748399372,25.5));
#11183=CARTESIAN_POINT('Origin',(-65.7068655057236,6.9884748399372,25.5));
#11184=CARTESIAN_POINT('',(-32.8534327528617,6.9884748399372,25.5));
#11185=CARTESIAN_POINT('',(-65.7068655057236,6.9884748399372,22.75));
#11186=CARTESIAN_POINT('Origin',(-66.45,-0.0615251600628053,22.75));
#11187=CARTESIAN_POINT('',(-70.5,10.3567374199686,22.75));
#11188=CARTESIAN_POINT('Origin',(-70.5,20.7749999999999,25.5));
#11189=CARTESIAN_POINT('',(-70.5,-20.775,25.5));
#11190=CARTESIAN_POINT('',(-70.5,10.3875,25.5));
#11191=CARTESIAN_POINT('',(-70.5,-20.775,25.5));
#11192=CARTESIAN_POINT('',(-70.5,20.7749999999999,25.5));
#11193=CARTESIAN_POINT('',(-70.5,20.7749999999999,25.5));
#11194=CARTESIAN_POINT('',(-70.5,18.5966466101195,25.5));
#11195=CARTESIAN_POINT('',(-70.5,10.3875,25.5));
#11196=CARTESIAN_POINT('',(-70.5,18.5966466101195,22.75));
#11197=CARTESIAN_POINT('',(-70.5,18.5966466101195,25.5));
#11198=CARTESIAN_POINT('',(-70.5,18.4857161297783,22.75));
#11199=CARTESIAN_POINT('',(-70.5,10.3875,22.75));
#11200=CARTESIAN_POINT('',(-70.5,18.4857161297783,25.5));
#11201=CARTESIAN_POINT('',(-70.5,18.4857161297783,25.5));
#11202=CARTESIAN_POINT('',(-70.5,10.3875,25.5));
#11203=CARTESIAN_POINT('Origin',(0.92499923429318,-38.775,25.5));
#11204=CARTESIAN_POINT('',(0.224999234293177,-38.775,23.25));
#11205=CARTESIAN_POINT('Origin',(0.92499923429318,-38.775,23.25));
#11206=CARTESIAN_POINT('',(0.224999234293177,-38.775,25.5));
#11207=CARTESIAN_POINT('',(0.224999234293177,-38.775,25.5));
#11208=CARTESIAN_POINT('Origin',(0.92499923429318,-38.775,25.5));
#11209=CARTESIAN_POINT('Origin',(0.92499923429318,-38.775,25.5));
#11210=CARTESIAN_POINT('',(-1.32500076570682,-38.775,23.25));
#11211=CARTESIAN_POINT('Origin',(0.92499923429318,-38.775,23.25));
#11212=CARTESIAN_POINT('',(-1.32500076570682,-38.775,25.5));
#11213=CARTESIAN_POINT('',(-1.32500076570682,-38.775,25.5));
#11214=CARTESIAN_POINT('Origin',(0.92499923429318,-38.775,25.5));
#11215=CARTESIAN_POINT('Origin',(0.92499923429318,-38.775,23.25));
#11216=CARTESIAN_POINT('Origin',(3.5527136788005E-14,-8.88178419700125E-15,
25.5));
#11217=CARTESIAN_POINT('',(-69.2489962013381,17.7634487498636,25.5));
#11218=CARTESIAN_POINT('',(-39.4347231567848,0.550170181898242,25.5));
#11219=CARTESIAN_POINT('',(-68.4989962013382,19.0624868555403,25.5));
#11220=CARTESIAN_POINT('',(-59.0137711452222,35.4913785739584,25.5));
#11221=CARTESIAN_POINT('',(-64.6018818843081,16.8124868555402,25.5));
#11222=CARTESIAN_POINT('',(-38.6847231567852,1.84920828757452,25.5));
#11223=CARTESIAN_POINT('',(-65.3518818843081,15.5134487498637,25.5));
#11224=CARTESIAN_POINT('',(-60.5416568281922,23.8450029428973,25.5));
#11225=CARTESIAN_POINT('',(-58.2504735732757,11.4134487498637,25.5));
#11226=CARTESIAN_POINT('',(-33.9354618427539,-2.62482981810198,25.5));
#11227=CARTESIAN_POINT('',(-46.6504735732757,31.5052381176625,25.5));
#11228=CARTESIAN_POINT('',(-47.6402485171596,29.790897626797,25.5));
#11229=CARTESIAN_POINT('',(-58.9480343070148,38.6052381176626,25.5));
#11230=CARTESIAN_POINT('',(-28.4842422096235,21.0169595496969,25.5));
#11231=CARTESIAN_POINT('',(-65.7137920973913,26.8866018730254,25.5));
#11232=CARTESIAN_POINT('Origin',(-49.9999999999999,20.7749999999999,25.5));
#11233=CARTESIAN_POINT('Origin',(-44.699820538379,38.775,25.5));
#11234=CARTESIAN_POINT('Origin',(-4.27499999999997,38.775,25.5));
#11235=CARTESIAN_POINT('',(66.5,41.275,25.5));
#11236=CARTESIAN_POINT('',(33.25,41.275,25.5));
#11237=CARTESIAN_POINT('Origin',(66.5,37.275,25.5));
#11238=CARTESIAN_POINT('Origin',(66.5,-37.275,25.5));
#11239=CARTESIAN_POINT('Origin',(-4.27499945838487,-38.775,25.5));
#11240=CARTESIAN_POINT('Origin',(-44.602652822817,-38.775,25.5));
#11241=CARTESIAN_POINT('',(-50.0000000000001,-41.275,25.5));
#11242=CARTESIAN_POINT('',(-25.,-41.275,25.5));
#11243=CARTESIAN_POINT('Origin',(-50.,-20.775,25.5));
#11244=CARTESIAN_POINT('',(-1.32500076570675,38.775,25.5));
#11245=CARTESIAN_POINT('Origin',(0.924999234293242,38.775,25.5));
#11246=CARTESIAN_POINT('',(-21.6100137657068,27.8228348456089,25.499998989105));
#11247=CARTESIAN_POINT('Origin',(-23.8600137657068,27.8228348456089,25.4999999999997));
#11248=CARTESIAN_POINT('',(3.1749992342932,-13.5750001543911,25.4999989891054));
#11249=CARTESIAN_POINT('Origin',(0.924999234293207,-13.5750001543911,25.5000000000001));
#11250=CARTESIAN_POINT('',(-45.2684227657068,2.92283484560897,25.4999989891052));
#11251=CARTESIAN_POINT('Origin',(-47.5184227657068,2.92283484560897,25.5));
#11252=CARTESIAN_POINT('',(-25.0398997657069,-38.0750001543911,25.4999989891055));
#11253=CARTESIAN_POINT('Origin',(-27.2898997657069,-38.0750001543911,25.5000000000003));
#11254=CARTESIAN_POINT('',(-25.0398997657068,-13.5750001543911,25.4999989891054));
#11255=CARTESIAN_POINT('Origin',(-27.2898997657068,-13.5750001543911,25.5000000000001));
#11256=CARTESIAN_POINT('',(-52.9492539401453,38.6925448135572,25.5));
#11257=CARTESIAN_POINT('Origin',(-50.6992539401453,38.6925448135572,25.5));
#11258=CARTESIAN_POINT('',(-69.25,11.8461880340977,25.5));
#11259=CARTESIAN_POINT('Origin',(-67.,11.8461880340977,25.5));
#11260=CARTESIAN_POINT('',(-46.3283693909884,7.51723861628544,25.5));
#11261=CARTESIAN_POINT('',(-45.3121603451548,6.50102957045177,25.5));
#11262=CARTESIAN_POINT('',(-32.86696738917,-5.94416338553304,25.5));
#11263=CARTESIAN_POINT('',(-34.4111227326494,6.50755372542855,25.5));
#11264=CARTESIAN_POINT('Origin',(-39.8612009946691,5.76819796677104,25.5));
#11265=CARTESIAN_POINT('',(-33.4005567533266,7.51811970475134,25.5));
#11266=CARTESIAN_POINT('',(-27.4352304808442,13.4834459772338,25.5));
#11267=CARTESIAN_POINT('',(-33.3810032060028,18.4208931514077,25.5));
#11268=CARTESIAN_POINT('Origin',(-32.6612009946691,12.9681979667711,25.5));
#11269=CARTESIAN_POINT('',(-34.4085058100325,19.4483957554374,25.5));
#11270=CARTESIAN_POINT('',(-20.4305291166508,5.47041906205471,25.5));
#11271=CARTESIAN_POINT('',(-45.3106165821998,19.4239737032741,25.5));
#11272=CARTESIAN_POINT('Origin',(-39.8612009946691,20.1681979667711,25.5));
#11273=CARTESIAN_POINT('',(-46.3160785966966,18.4174908210816,25.5));
#11274=CARTESIAN_POINT('',(-38.8504487396977,25.8907006962609,25.5));
#11275=CARTESIAN_POINT('Origin',(-47.0612009946691,12.9681979667711,25.5));
#11276=CARTESIAN_POINT('',(-16.9688176285181,31.6830369045541,25.5));
#11277=CARTESIAN_POINT('',(-21.1512092888005,31.6830369045541,25.5));
#11278=CARTESIAN_POINT('Origin',(-19.0600134586593,33.0530369045541,25.5));
#11279=CARTESIAN_POINT('',(-21.2600134586593,31.6830369045541,25.4999989891052));
#11280=CARTESIAN_POINT('',(-10.6300067293296,31.6830369045541,25.5));
#11281=CARTESIAN_POINT('',(-21.2600134586593,14.232753652605,25.4999989891052));
#11282=CARTESIAN_POINT('',(-21.2600134586593,7.11637682630248,25.5));
#11283=CARTESIAN_POINT('',(-2.42001345865926,14.232753652605,25.4999989891052));
#11284=CARTESIAN_POINT('',(-1.21000672932962,14.232753652605,25.5));
#11285=CARTESIAN_POINT('',(-2.42001345865926,14.341841074413,25.5));
#11286=CARTESIAN_POINT('',(-2.42001345865926,15.8415184522771,25.5));
#11287=CARTESIAN_POINT('',(-2.42001345865926,18.5242327346954,25.5));
#11288=CARTESIAN_POINT('Origin',(-1.05001345865925,16.4330369045542,25.5));
#11289=CARTESIAN_POINT('',(-2.42001345865926,31.6830369045541,25.4999989891052));
#11290=CARTESIAN_POINT('',(-2.42001345865926,15.8415184522771,25.5));
#11291=CARTESIAN_POINT('',(-10.6300067293296,31.6830369045541,25.5));
#11292=CARTESIAN_POINT('',(-47.7398990077642,-17.7959693242499,25.5));
#11293=CARTESIAN_POINT('',(-47.7398990077642,-21.9783609845323,25.5));
#11294=CARTESIAN_POINT('Origin',(-49.1098990077642,-19.8871651543911,25.5));
#11295=CARTESIAN_POINT('',(-47.7398990077642,-22.0871651543911,25.4999989891052));
#11296=CARTESIAN_POINT('',(-47.7398990077642,-11.0435825771956,25.5));
#11297=CARTESIAN_POINT('',(-30.245205817449,-22.0871651543911,25.4999989891052));
#11298=CARTESIAN_POINT('',(-15.1226029087245,-22.0871651543911,25.5));
#11299=CARTESIAN_POINT('',(-30.245205817449,-3.24716515439112,25.4999989891052));
#11300=CARTESIAN_POINT('',(-30.245205817449,-1.62358257719556,25.5));
#11301=CARTESIAN_POINT('',(-30.3987031776229,-3.24716515439112,25.5));
#11302=CARTESIAN_POINT('',(-23.8699495038821,-3.24716515439112,25.5));
#11303=CARTESIAN_POINT('',(-34.5810948379054,-3.24716515439112,25.5));
#11304=CARTESIAN_POINT('Origin',(-32.4898990077642,-1.87716515439112,25.5));
#11305=CARTESIAN_POINT('',(-47.7398990077642,-3.24716515439114,25.4999989891052));
#11306=CARTESIAN_POINT('',(-23.8699495038821,-3.24716515439112,25.5));
#11307=CARTESIAN_POINT('',(-47.7398990077642,-11.0435825771956,25.5));
#11308=CARTESIAN_POINT('',(-19.0182751039923,-16.8033435971803,25.5));
#11309=CARTESIAN_POINT('',(-20.0049417706589,-17.7900102638469,25.5));
#11310=CARTESIAN_POINT('Origin',(-20.0181873770993,-16.7900979907399,25.5));
#11311=CARTESIAN_POINT('',(-20.0049417706591,-30.7888698142379,25.5));
#11312=CARTESIAN_POINT('Origin',(-19.9188453287967,-24.2894400390424,25.5));
#11313=CARTESIAN_POINT('',(-19.0182751039923,-31.7755364809045,25.5));
#11314=CARTESIAN_POINT('Origin',(-20.0181873770995,-31.788782087345,25.5));
#11315=CARTESIAN_POINT('',(-6.01941555360108,-31.7755364809046,25.5));
#11316=CARTESIAN_POINT('Origin',(-12.5188453287967,-31.6894400390424,25.5));
#11317=CARTESIAN_POINT('',(-5.03274888693436,-30.788869814238,25.5));
#11318=CARTESIAN_POINT('Origin',(-5.01950328049396,-31.7887820873451,25.5));
#11319=CARTESIAN_POINT('',(-5.03274888693446,-17.7900102638468,25.5));
#11320=CARTESIAN_POINT('Origin',(-5.1188453287967,-24.2894400390424,25.5));
#11321=CARTESIAN_POINT('',(-6.01941555360114,-16.8033435971801,25.5));
#11322=CARTESIAN_POINT('Origin',(-5.01950328049407,-16.7900979907398,25.5));
#11323=CARTESIAN_POINT('Origin',(-12.5188453287967,-16.8894400390424,25.5));
#11324=CARTESIAN_POINT('',(-52.852652822817,-38.7716014190475,25.5));
#11325=CARTESIAN_POINT('Origin',(-50.602652822817,-38.7716014190475,25.5));
#11326=CARTESIAN_POINT('',(-69.25,-11.9810173206813,25.5));
#11327=CARTESIAN_POINT('Origin',(-67.,-11.9810173206813,25.5));
#11328=CARTESIAN_POINT('',(-58.7029105616243,-13.5415434610306,25.5));
#11329=CARTESIAN_POINT('',(-62.6000248786543,-15.7915434610306,25.5));
#11330=CARTESIAN_POINT('',(-33.7574889400893,0.860702427211377,25.5));
#11331=CARTESIAN_POINT('',(-63.3500248786543,-14.4925053553539,25.5));
#11332=CARTESIAN_POINT('',(-58.5689912193772,-22.7734985659189,25.5));
#11333=CARTESIAN_POINT('',(-70.4514331896866,-18.5925053553539,25.5));
#11334=CARTESIAN_POINT('',(-40.0067502541204,-1.01525946711198,25.5));
#11335=CARTESIAN_POINT('',(-58.8514331896866,-38.6842947231529,25.5));
#11336=CARTESIAN_POINT('',(-59.8703995304095,-36.9193932498184,25.5));
#11337=CARTESIAN_POINT('',(-46.5538724559476,-31.5842947231529,25.5));
#11338=CARTESIAN_POINT('',(-22.2579698872509,-17.557048834911,25.5));
#11339=CARTESIAN_POINT('',(-58.1538724559476,-11.492505355354,25.5));
#11340=CARTESIAN_POINT('',(-53.3728387966705,-19.7734985659189,25.5));
#11341=CARTESIAN_POINT('',(-59.4529105616243,-12.242505355354,25.5));
#11342=CARTESIAN_POINT('',(-34.5074889400892,2.15974053288792,25.5));
#11343=CARTESIAN_POINT('',(-49.246876902347,-29.9198741969801,25.5));
#11344=CARTESIAN_POINT('',(-24.8466963442131,2.52784493195287,25.5));
#11345=CARTESIAN_POINT('',(-24.8466963442131,-2.52784493195294,25.5));
#11346=CARTESIAN_POINT('',(-24.8466963442131,1.26392246597643,25.5));
#11347=CARTESIAN_POINT('Origin',(-21.7466963442131,-3.5527136788005E-14,
25.5));
#11348=CARTESIAN_POINT('',(-52.4684227657068,9.45749484560898,25.4999989891052));
#11349=CARTESIAN_POINT('Origin',(-54.7184227657068,9.45749484560898,25.4999999999999));
#11350=CARTESIAN_POINT('',(3.17499923429325,11.6330368456089,25.4999989891052));
#11351=CARTESIAN_POINT('Origin',(0.924999234293242,11.6330368456089,25.4999999999999));
#11352=CARTESIAN_POINT('',(-43.2933487657068,27.822834845609,25.499998989105));
#11353=CARTESIAN_POINT('Origin',(-45.5433487657068,27.822834845609,25.4999999999997));
#11354=CARTESIAN_POINT('',(-18.0100137657068,11.6330368456089,25.4999989891052));
#11355=CARTESIAN_POINT('Origin',(-20.2600137657068,11.6330368456089,25.4999999999999));
#11356=CARTESIAN_POINT('',(3.17499923429317,-34.0750001543911,25.4999989891055));
#11357=CARTESIAN_POINT('Origin',(0.924999234293171,-34.0750001543911,25.5000000000002));
#11358=CARTESIAN_POINT('',(-52.4684227657068,-8.69250515439104,25.4999989891053));
#11359=CARTESIAN_POINT('Origin',(-54.7184227657068,-8.69250515439104,25.5000000000001));
#11360=CARTESIAN_POINT('Origin',(0.924999234293242,38.775,25.5));
#11361=CARTESIAN_POINT('',(0.224999234293239,38.775,23.25));
#11362=CARTESIAN_POINT('Origin',(0.924999234293242,38.775,23.25));
#11363=CARTESIAN_POINT('',(0.224999234293239,38.775,25.5));
#11364=CARTESIAN_POINT('',(0.224999234293239,38.775,25.5));
#11365=CARTESIAN_POINT('Origin',(0.924999234293242,38.775,25.5));
#11366=CARTESIAN_POINT('Origin',(0.924999234293242,38.775,25.5));
#11367=CARTESIAN_POINT('',(-1.32500076570675,38.775,23.25));
#11368=CARTESIAN_POINT('Origin',(0.924999234293242,38.775,23.25));
#11369=CARTESIAN_POINT('',(-1.32500076570675,38.775,25.5));
#11370=CARTESIAN_POINT('Origin',(0.924999234293242,38.775,23.25));
#11371=CARTESIAN_POINT('Origin',(3.5527136788005E-14,-8.88178419700125E-15,
25.5));
#11372=CARTESIAN_POINT('Origin',(-50.,42.275,20.));
#11373=CARTESIAN_POINT('',(-50.,42.275,20.));
#11374=CARTESIAN_POINT('Origin',(-50.,20.775,20.));
#11375=CARTESIAN_POINT('',(-71.5,20.775,20.));
#11376=CARTESIAN_POINT('Origin',(-71.5,-20.775,20.));
#11377=CARTESIAN_POINT('',(-71.5,-20.775,20.));
#11378=CARTESIAN_POINT('Origin',(-50.0000000000002,-20.7750000000001,20.));
#11379=CARTESIAN_POINT('Origin',(66.5,-37.275,27.5));
#11380=CARTESIAN_POINT('',(66.5,-43.275,27.5));
#11381=CARTESIAN_POINT('Origin',(-54.7184227657068,-8.69250515439105,23.8699989891053));
#11382=CARTESIAN_POINT('',(-54.0184227657068,-8.69250515439104,25.4999989891053));
#11383=CARTESIAN_POINT('Origin',(-54.7184227657068,-8.69250515439104,25.5000000000001));
#11384=CARTESIAN_POINT('',(-54.0184227657068,-8.69250515439105,23.8699989891053));
#11385=CARTESIAN_POINT('',(-54.0184227657068,-8.69250515439105,23.8699989891053));
#11386=CARTESIAN_POINT('Origin',(-54.7184227657068,-8.69250515439105,23.8699989891053));
#11387=CARTESIAN_POINT('Origin',(-54.7184227657068,-8.69250515439105,23.8699989891053));
#11388=CARTESIAN_POINT('',(-52.4684227657068,-8.69250515439105,23.8699989891053));
#11389=CARTESIAN_POINT('',(-52.4684227657068,-8.69250515439105,23.8699989891053));
#11390=CARTESIAN_POINT('Origin',(-54.7184227657068,-8.69250515439105,23.8699989891053));
#11391=CARTESIAN_POINT('Origin',(-54.7184227657068,-8.69250515439105,23.8699989891053));
#11392=CARTESIAN_POINT('Origin',(3.5527136788005E-14,-8.88178419700125E-15,
25.5));
#11393=CARTESIAN_POINT('Origin',(-23.8600137657068,27.8228348456089,23.869998989105));
#11394=CARTESIAN_POINT('',(-23.1600137657068,27.8228348456089,25.499998989105));
#11395=CARTESIAN_POINT('Origin',(-23.8600137657068,27.8228348456089,25.4999999999997));
#11396=CARTESIAN_POINT('',(-23.1600137657068,27.8228348456089,23.869998989105));
#11397=CARTESIAN_POINT('',(-23.1600137657068,27.8228348456089,23.869998989105));
#11398=CARTESIAN_POINT('Origin',(-23.8600137657068,27.8228348456089,23.869998989105));
#11399=CARTESIAN_POINT('Origin',(-23.8600137657068,27.8228348456089,23.869998989105));
#11400=CARTESIAN_POINT('',(-21.6100137657068,27.8228348456089,23.869998989105));
#11401=CARTESIAN_POINT('',(-21.6100137657068,27.8228348456089,23.869998989105));
#11402=CARTESIAN_POINT('Origin',(-23.8600137657068,27.8228348456089,23.869998989105));
#11403=CARTESIAN_POINT('Origin',(-23.8600137657068,27.8228348456089,23.869998989105));
#11404=CARTESIAN_POINT('Origin',(3.5527136788005E-14,-8.88178419700125E-15,
25.5));
#11405=CARTESIAN_POINT('Origin',(0.924999234293171,-34.0750001543911,23.8699989891055));
#11406=CARTESIAN_POINT('',(1.62499923429317,-34.0750001543911,25.4999989891055));
#11407=CARTESIAN_POINT('Origin',(0.924999234293171,-34.0750001543911,25.5000000000002));
#11408=CARTESIAN_POINT('',(1.62499923429317,-34.0750001543911,23.8699989891055));
#11409=CARTESIAN_POINT('',(1.62499923429317,-34.0750001543911,23.8699989891055));
#11410=CARTESIAN_POINT('Origin',(0.924999234293171,-34.0750001543911,23.8699989891055));
#11411=CARTESIAN_POINT('Origin',(0.924999234293171,-34.0750001543911,23.8699989891055));
#11412=CARTESIAN_POINT('',(3.17499923429317,-34.0750001543911,23.8699989891055));
#11413=CARTESIAN_POINT('',(3.17499923429317,-34.0750001543911,23.8699989891055));
#11414=CARTESIAN_POINT('Origin',(0.924999234293171,-34.0750001543911,23.8699989891055));
#11415=CARTESIAN_POINT('Origin',(0.924999234293171,-34.0750001543911,23.8699989891055));
#11416=CARTESIAN_POINT('Origin',(3.5527136788005E-14,-8.88178419700125E-15,
25.5));
#11417=CARTESIAN_POINT('Origin',(0.924999234293207,-13.5750001543911,23.8699989891054));
#11418=CARTESIAN_POINT('',(1.62499923429321,-13.5750001543911,25.4999989891054));
#11419=CARTESIAN_POINT('Origin',(0.924999234293207,-13.5750001543911,25.5000000000001));
#11420=CARTESIAN_POINT('',(1.62499923429321,-13.5750001543911,23.8699989891054));
#11421=CARTESIAN_POINT('',(1.62499923429321,-13.5750001543911,23.8699989891054));
#11422=CARTESIAN_POINT('Origin',(0.924999234293207,-13.5750001543911,23.8699989891054));
#11423=CARTESIAN_POINT('Origin',(0.924999234293207,-13.5750001543911,23.8699989891054));
#11424=CARTESIAN_POINT('',(3.1749992342932,-13.5750001543911,23.8699989891054));
#11425=CARTESIAN_POINT('',(3.1749992342932,-13.5750001543911,23.8699989891054));
#11426=CARTESIAN_POINT('Origin',(0.924999234293207,-13.5750001543911,23.8699989891054));
#11427=CARTESIAN_POINT('Origin',(0.924999234293207,-13.5750001543911,23.8699989891054));
#11428=CARTESIAN_POINT('Origin',(3.5527136788005E-14,-8.88178419700125E-15,
25.5));
#11429=CARTESIAN_POINT('Origin',(-20.2600137657068,11.6330368456089,23.8699989891052));
#11430=CARTESIAN_POINT('',(-19.5600137657068,11.6330368456089,25.4999989891052));
#11431=CARTESIAN_POINT('Origin',(-20.2600137657068,11.6330368456089,25.4999999999999));
#11432=CARTESIAN_POINT('',(-19.5600137657068,11.6330368456089,23.8699989891052));
#11433=CARTESIAN_POINT('',(-19.5600137657068,11.6330368456089,23.8699989891052));
#11434=CARTESIAN_POINT('Origin',(-20.2600137657068,11.6330368456089,23.8699989891052));
#11435=CARTESIAN_POINT('Origin',(-20.2600137657068,11.6330368456089,23.8699989891052));
#11436=CARTESIAN_POINT('',(-18.0100137657068,11.6330368456089,23.8699989891052));
#11437=CARTESIAN_POINT('',(-18.0100137657068,11.6330368456089,23.8699989891052));
#11438=CARTESIAN_POINT('Origin',(-20.2600137657068,11.6330368456089,23.8699989891052));
#11439=CARTESIAN_POINT('Origin',(-20.2600137657068,11.6330368456089,23.8699989891052));
#11440=CARTESIAN_POINT('Origin',(3.5527136788005E-14,-8.88178419700125E-15,
25.5));
#11441=CARTESIAN_POINT('Origin',(-47.5184227657068,2.92283484560897,23.8699989891052));
#11442=CARTESIAN_POINT('',(-46.8184227657068,2.92283484560897,25.4999989891052));
#11443=CARTESIAN_POINT('Origin',(-47.5184227657068,2.92283484560897,25.5));
#11444=CARTESIAN_POINT('',(-46.8184227657068,2.92283484560897,23.8699989891052));
#11445=CARTESIAN_POINT('',(-46.8184227657068,2.92283484560897,23.8699989891052));
#11446=CARTESIAN_POINT('Origin',(-47.5184227657068,2.92283484560897,23.8699989891052));
#11447=CARTESIAN_POINT('Origin',(-47.5184227657068,2.92283484560897,23.8699989891052));
#11448=CARTESIAN_POINT('',(-45.2684227657068,2.92283484560897,23.8699989891052));
#11449=CARTESIAN_POINT('',(-45.2684227657068,2.92283484560897,23.8699989891052));
#11450=CARTESIAN_POINT('Origin',(-47.5184227657068,2.92283484560897,23.8699989891052));
#11451=CARTESIAN_POINT('Origin',(-47.5184227657068,2.92283484560897,23.8699989891052));
#11452=CARTESIAN_POINT('Origin',(3.5527136788005E-14,-8.88178419700125E-15,
25.5));
#11453=CARTESIAN_POINT('Origin',(-45.5433487657068,27.8228348456089,23.869998989105));
#11454=CARTESIAN_POINT('',(-44.8433487657068,27.822834845609,25.499998989105));
#11455=CARTESIAN_POINT('Origin',(-45.5433487657068,27.822834845609,25.4999999999997));
#11456=CARTESIAN_POINT('',(-44.8433487657068,27.8228348456089,23.869998989105));
#11457=CARTESIAN_POINT('',(-44.8433487657068,27.8228348456089,23.869998989105));
#11458=CARTESIAN_POINT('Origin',(-45.5433487657068,27.8228348456089,23.869998989105));
#11459=CARTESIAN_POINT('Origin',(-45.5433487657068,27.8228348456089,23.869998989105));
#11460=CARTESIAN_POINT('',(-43.2933487657068,27.8228348456089,23.869998989105));
#11461=CARTESIAN_POINT('',(-43.2933487657068,27.8228348456089,23.869998989105));
#11462=CARTESIAN_POINT('Origin',(-45.5433487657068,27.8228348456089,23.869998989105));
#11463=CARTESIAN_POINT('Origin',(-45.5433487657068,27.8228348456089,23.869998989105));
#11464=CARTESIAN_POINT('Origin',(3.5527136788005E-14,-8.88178419700125E-15,
25.5));
#11465=CARTESIAN_POINT('Origin',(-27.2898997657069,-38.0750001543911,23.8699989891055));
#11466=CARTESIAN_POINT('',(-26.5898997657069,-38.0750001543911,25.4999989891055));
#11467=CARTESIAN_POINT('Origin',(-27.2898997657069,-38.0750001543911,25.5000000000003));
#11468=CARTESIAN_POINT('',(-26.5898997657069,-38.0750001543911,23.8699989891055));
#11469=CARTESIAN_POINT('',(-26.5898997657069,-38.0750001543911,23.8699989891055));
#11470=CARTESIAN_POINT('Origin',(-27.2898997657069,-38.0750001543911,23.8699989891055));
#11471=CARTESIAN_POINT('Origin',(-27.2898997657069,-38.0750001543911,23.8699989891055));
#11472=CARTESIAN_POINT('',(-25.0398997657069,-38.0750001543911,23.8699989891055));
#11473=CARTESIAN_POINT('',(-25.0398997657069,-38.0750001543911,23.8699989891055));
#11474=CARTESIAN_POINT('Origin',(-27.2898997657069,-38.0750001543911,23.8699989891055));
#11475=CARTESIAN_POINT('Origin',(-27.2898997657069,-38.0750001543911,23.8699989891055));
#11476=CARTESIAN_POINT('Origin',(3.5527136788005E-14,-8.88178419700125E-15,
25.5));
#11477=CARTESIAN_POINT('Origin',(0.924999234293242,11.6330368456089,23.8699989891052));
#11478=CARTESIAN_POINT('',(1.62499923429325,11.6330368456089,25.4999989891052));
#11479=CARTESIAN_POINT('Origin',(0.924999234293242,11.6330368456089,25.4999999999999));
#11480=CARTESIAN_POINT('',(1.62499923429325,11.6330368456089,23.8699989891052));
#11481=CARTESIAN_POINT('',(1.62499923429325,11.6330368456089,23.8699989891052));
#11482=CARTESIAN_POINT('Origin',(0.924999234293242,11.6330368456089,23.8699989891052));
#11483=CARTESIAN_POINT('Origin',(0.924999234293242,11.6330368456089,23.8699989891052));
#11484=CARTESIAN_POINT('',(3.17499923429325,11.6330368456089,23.8699989891052));
#11485=CARTESIAN_POINT('',(3.17499923429325,11.6330368456089,23.8699989891052));
#11486=CARTESIAN_POINT('Origin',(0.924999234293242,11.6330368456089,23.8699989891052));
#11487=CARTESIAN_POINT('Origin',(0.924999234293242,11.6330368456089,23.8699989891052));
#11488=CARTESIAN_POINT('Origin',(3.5527136788005E-14,-8.88178419700125E-15,
25.5));
#11489=CARTESIAN_POINT('Origin',(-27.2898997657068,-13.5750001543911,23.8699989891054));
#11490=CARTESIAN_POINT('',(-26.5898997657068,-13.5750001543911,25.4999989891054));
#11491=CARTESIAN_POINT('Origin',(-27.2898997657068,-13.5750001543911,25.5000000000001));
#11492=CARTESIAN_POINT('',(-26.5898997657068,-13.5750001543911,23.8699989891054));
#11493=CARTESIAN_POINT('Origin',(-27.2898997657068,-13.5750001543911,23.8699989891054));
#11494=CARTESIAN_POINT('',(-25.0398997657068,-13.5750001543911,23.8699989891054));
#11495=CARTESIAN_POINT('Origin',(3.5527136788005E-14,-8.88178419700125E-15,
25.5));
#11496=CARTESIAN_POINT('Origin',(-54.7184227657068,9.45749484560896,23.8699989891052));
#11497=CARTESIAN_POINT('',(-54.0184227657068,9.45749484560898,25.4999989891052));
#11498=CARTESIAN_POINT('Origin',(-54.7184227657068,9.45749484560898,25.4999999999999));
#11499=CARTESIAN_POINT('',(-54.0184227657068,9.45749484560896,23.8699989891052));
#11500=CARTESIAN_POINT('',(-54.0184227657068,9.45749484560896,23.8699989891052));
#11501=CARTESIAN_POINT('Origin',(-54.7184227657068,9.45749484560896,23.8699989891052));
#11502=CARTESIAN_POINT('Origin',(-54.7184227657068,9.45749484560896,23.8699989891052));
#11503=CARTESIAN_POINT('',(-52.4684227657068,9.45749484560896,23.8699989891052));
#11504=CARTESIAN_POINT('',(-52.4684227657068,9.45749484560896,23.8699989891052));
#11505=CARTESIAN_POINT('Origin',(-54.7184227657068,9.45749484560896,23.8699989891052));
#11506=CARTESIAN_POINT('Origin',(-54.7184227657068,9.45749484560896,23.8699989891052));
#11507=CARTESIAN_POINT('Origin',(3.5527136788005E-14,-8.88178419700125E-15,
25.5));
#11508=CARTESIAN_POINT('Origin',(-24.8466963442131,2.52784493195287,25.5));
#11509=CARTESIAN_POINT('',(-24.8466963442131,2.52784493195287,26.5));
#11510=CARTESIAN_POINT('',(-24.8466963442131,2.52784493195287,25.5));
#11511=CARTESIAN_POINT('',(-24.8466963442131,-3.5527136788005E-14,26.5));
#11512=CARTESIAN_POINT('',(-24.8466963442131,-2.52784493195294,26.5));
#11513=CARTESIAN_POINT('',(-24.8466963442131,-2.52784493195294,26.5));
#11514=CARTESIAN_POINT('',(-24.8466963442131,-2.52784493195294,26.5));
#11515=CARTESIAN_POINT('',(-24.8466963442131,-2.52784493195294,25.5));
#11516=CARTESIAN_POINT('Origin',(-21.7466963442131,-3.5527136788005E-14,
25.5));
#11517=CARTESIAN_POINT('Origin',(-21.7466963442131,-3.5527136788005E-14,
26.5));
#11518=CARTESIAN_POINT('Origin',(8.88178419700125E-15,-8.88178419700125E-15,
26.5));
#11519=CARTESIAN_POINT('',(-18.6466963442131,-3.59067772957407E-14,26.5));
#11520=CARTESIAN_POINT('Origin',(-21.7466963442131,-3.5527136788005E-14,
26.5));
#11521=CARTESIAN_POINT('Origin',(-21.7466963442131,-3.5527136788005E-14,
26.5));
#11522=CARTESIAN_POINT('Origin',(-21.7466963442131,-3.5527136788005E-14,
27.5));
#11523=CARTESIAN_POINT('',(-18.6466963442131,-3.59067772957407E-14,27.5));
#11524=CARTESIAN_POINT('Origin',(66.554,-37.329,23.25));
#11525=CARTESIAN_POINT('',(65.854,-37.329,23.25));
#11526=CARTESIAN_POINT('',(65.854,-37.329,23.25));
#11527=CARTESIAN_POINT('Origin',(66.554,-37.329,23.25));
#11528=CARTESIAN_POINT('Origin',(66.554,-35.075,23.25));
#11529=CARTESIAN_POINT('',(66.554,-35.075,23.25));
#11530=CARTESIAN_POINT('',(66.554,-35.075,23.25));
#11531=CARTESIAN_POINT('',(70.5,-35.075,23.25));
#11532=CARTESIAN_POINT('Origin',(66.554,-37.329,23.25));
#11533=CARTESIAN_POINT('',(64.3,-37.329,23.25));
#11534=CARTESIAN_POINT('Origin',(66.554,-37.329,23.25));
#11535=CARTESIAN_POINT('',(64.3,-37.329,23.25));
#11536=CARTESIAN_POINT('Origin',(64.3,-41.275,23.25));
#11537=CARTESIAN_POINT('',(64.3,-37.329,23.25));
#11538=CARTESIAN_POINT('Origin',(67.4,-38.175,23.25));
#11539=CARTESIAN_POINT('Origin',(66.5,-37.275,23.25));
#11540=CARTESIAN_POINT('Origin',(66.5,-37.275,25.5));
#11541=CARTESIAN_POINT('Origin',(66.55,37.325,23.25));
#11542=CARTESIAN_POINT('',(65.85,37.325,23.25));
#11543=CARTESIAN_POINT('Origin',(64.3,37.325,23.25));
#11544=CARTESIAN_POINT('',(64.3,41.275,24.375));
#11545=CARTESIAN_POINT('',(64.3,37.325,23.25));
#11546=CARTESIAN_POINT('Origin',(66.55,37.325,23.25));
#11547=CARTESIAN_POINT('Origin',(-44.699820538379,38.775,25.5));
#11548=CARTESIAN_POINT('',(-45.399820538379,38.775,25.5));
#11549=CARTESIAN_POINT('',(-45.399820538379,38.775,25.5));
#11550=CARTESIAN_POINT('Origin',(-44.699820538379,38.775,25.5));
#11551=CARTESIAN_POINT('Origin',(-44.699820538379,38.775,25.5));
#11552=CARTESIAN_POINT('Origin',(66.5,41.275,25.5));
#11553=CARTESIAN_POINT('',(66.5,41.275,25.5));
#11554=CARTESIAN_POINT('Origin',(3.5527136788005E-14,-8.88178419700125E-15,
25.5));
#11555=CARTESIAN_POINT('Origin',(-4.27499945838487,-38.775,25.5));
#11556=CARTESIAN_POINT('',(-4.97499945838487,-38.775,25.5));
#11557=CARTESIAN_POINT('',(-4.97499945838487,-38.775,25.5));
#11558=CARTESIAN_POINT('Origin',(-4.27499945838487,-38.775,25.5));
#11559=CARTESIAN_POINT('Origin',(-4.27499945838487,-38.775,25.5));
#11560=CARTESIAN_POINT('Origin',(3.5527136788005E-14,-8.88178419700125E-15,
25.5));
#11561=CARTESIAN_POINT('Origin',(-4.27499999999997,38.775,25.5));
#11562=CARTESIAN_POINT('',(-4.97499999999997,38.775,25.5));
#11563=CARTESIAN_POINT('',(-4.97499999999997,38.775,25.5));
#11564=CARTESIAN_POINT('Origin',(-4.27499999999997,38.775,25.5));
#11565=CARTESIAN_POINT('Origin',(-4.27499999999997,38.775,25.5));
#11566=CARTESIAN_POINT('Origin',(3.5527136788005E-14,-8.88178419700125E-15,
25.5));
#11567=CARTESIAN_POINT('Origin',(-44.602652822817,-38.775,25.5));
#11568=CARTESIAN_POINT('',(-45.3026528228171,-38.775,25.5));
#11569=CARTESIAN_POINT('',(-45.3026528228171,-38.775,25.5));
#11570=CARTESIAN_POINT('Origin',(-44.602652822817,-38.775,25.5));
#11571=CARTESIAN_POINT('Origin',(-44.602652822817,-38.775,25.5));
#11572=CARTESIAN_POINT('Origin',(3.5527136788005E-14,-8.88178419700125E-15,
25.5));
#11573=CARTESIAN_POINT('Origin',(-58.5992539401453,25.009343433763,26.75));
#11574=CARTESIAN_POINT('',(-58.3989962013382,36.5562000119859,26.75));
#11575=CARTESIAN_POINT('',(-68.4989962013382,19.0624868555403,26.75));
#11576=CARTESIAN_POINT('',(-58.3989962013382,36.5562000119859,26.75));
#11577=CARTESIAN_POINT('',(-48.6995116789524,30.9562000119859,26.75));
#11578=CARTESIAN_POINT('',(-48.6995116789524,30.9562000119859,26.75));
#11579=CARTESIAN_POINT('',(-58.7995116789524,13.4624868555402,26.75));
#11580=CARTESIAN_POINT('',(-58.7995116789524,13.4624868555402,26.75));
#11581=CARTESIAN_POINT('',(-68.4989962013382,19.0624868555403,26.75));
#11582=CARTESIAN_POINT('',(-57.7511777287924,20.4782545205176,26.75));
#11583=CARTESIAN_POINT('',(-62.9473301514989,23.4782545205175,26.75));
#11584=CARTESIAN_POINT('',(-59.0502158344689,21.2282545205175,26.75));
#11585=CARTESIAN_POINT('',(-56.385152325008,20.844279924302,26.75));
#11586=CARTESIAN_POINT('Origin',(-57.2511777287924,21.3442799243021,26.75));
#11587=CARTESIAN_POINT('',(-56.1351523250079,21.2772926261943,26.75));
#11588=CARTESIAN_POINT('',(-55.6351523250079,22.1433180299786,26.75));
#11589=CARTESIAN_POINT('',(-56.5011777287924,22.6433180299788,26.75));
#11590=CARTESIAN_POINT('Origin',(-57.0011777287924,21.7772926261943,26.75));
#11591=CARTESIAN_POINT('',(-61.6973301514989,25.6433180299787,26.75));
#11592=CARTESIAN_POINT('',(-60.3982920458221,24.8933180299786,26.75));
#11593=CARTESIAN_POINT('',(-63.0633555552834,25.2772926261942,26.75));
#11594=CARTESIAN_POINT('Origin',(-62.1973301514989,24.7772926261942,26.75));
#11595=CARTESIAN_POINT('',(-63.3133555552834,24.8442799243021,26.75));
#11596=CARTESIAN_POINT('',(-62.6883555552834,25.9268116790327,26.75));
#11597=CARTESIAN_POINT('Origin',(-62.4473301514988,24.3442799243021,26.75));
#11598=CARTESIAN_POINT('',(-59.4473301514984,29.5404323470084,26.75));
#11599=CARTESIAN_POINT('',(-54.2511777287923,26.5404323470087,26.75));
#11600=CARTESIAN_POINT('',(-58.1482920458219,28.7904323470085,26.75));
#11601=CARTESIAN_POINT('',(-60.813355555283,29.174406943224,26.75));
#11602=CARTESIAN_POINT('Origin',(-59.9473301514985,28.6744069432239,26.75));
#11603=CARTESIAN_POINT('',(-61.0633555552829,28.7413942413319,26.75));
#11604=CARTESIAN_POINT('',(-61.5633555552829,27.8753688375475,26.75));
#11605=CARTESIAN_POINT('',(-60.6973301514984,27.3753688375473,26.75));
#11606=CARTESIAN_POINT('Origin',(-60.1973301514984,28.2413942413319,26.75));
#11607=CARTESIAN_POINT('',(-55.5011777287923,24.3753688375476,26.75));
#11608=CARTESIAN_POINT('',(-56.8002158344688,25.1253688375475,26.75));
#11609=CARTESIAN_POINT('',(-54.1351523250079,24.741394241332,26.75));
#11610=CARTESIAN_POINT('Origin',(-55.0011777287923,25.241394241332,26.75));
#11611=CARTESIAN_POINT('',(-53.8851523250079,25.1744069432242,26.75));
#11612=CARTESIAN_POINT('',(-54.5101523250079,24.0918751884937,26.75));
#11613=CARTESIAN_POINT('Origin',(-54.7511777287923,25.6744069432242,26.75));
#11614=CARTESIAN_POINT('',(-58.3851523250078,17.3801783091642,26.75));
#11615=CARTESIAN_POINT('',(-58.6351523250078,16.9471656072719,26.75));
#11616=CARTESIAN_POINT('',(-56.7601523250077,20.1947608714635,26.75));
#11617=CARTESIAN_POINT('',(-58.7511777287922,18.7462037129486,26.75));
#11618=CARTESIAN_POINT('Origin',(-59.2511777287923,17.8801783091642,26.75));
#11619=CARTESIAN_POINT('',(-63.9473301514989,21.7462037129487,26.75));
#11620=CARTESIAN_POINT('',(-62.6482920458221,20.9962037129486,26.75));
#11621=CARTESIAN_POINT('',(-65.3133555552833,21.3801783091642,26.75));
#11622=CARTESIAN_POINT('Origin',(-64.4473301514988,20.8801783091641,26.75));
#11623=CARTESIAN_POINT('',(-65.5633555552833,20.947165607272,26.75));
#11624=CARTESIAN_POINT('',(-63.8133555552833,23.9782545205176,26.75));
#11625=CARTESIAN_POINT('',(-65.1973301514988,19.5811402034875,26.75));
#11626=CARTESIAN_POINT('Origin',(-64.6973301514988,20.447165607272,26.75));
#11627=CARTESIAN_POINT('',(-60.0011777287923,16.5811402034875,26.75));
#11628=CARTESIAN_POINT('',(-61.3002158344688,17.3311402034875,26.75));
#11629=CARTESIAN_POINT('Origin',(-59.5011777287923,17.447165607272,26.75));
#11630=CARTESIAN_POINT('',(-57.1973301514984,33.4375466640384,26.75));
#11631=CARTESIAN_POINT('',(-52.001177728792,30.4375466640385,26.75));
#11632=CARTESIAN_POINT('',(-55.8982920458219,32.6875466640385,26.75));
#11633=CARTESIAN_POINT('',(-58.563355555283,33.071521260254,26.75));
#11634=CARTESIAN_POINT('Origin',(-57.6973301514985,32.5715212602539,26.75));
#11635=CARTESIAN_POINT('',(-58.8133555552829,32.6385085583619,26.75));
#11636=CARTESIAN_POINT('',(-60.438355555283,29.8239259960625,26.75));
#11637=CARTESIAN_POINT('',(-58.4473301514984,31.2724831545773,26.75));
#11638=CARTESIAN_POINT('Origin',(-57.9473301514984,32.1385085583618,26.75));
#11639=CARTESIAN_POINT('',(-53.251177728792,28.2724831545774,26.75));
#11640=CARTESIAN_POINT('',(-54.5502158344687,29.0224831545774,26.75));
#11641=CARTESIAN_POINT('',(-51.8851523250076,28.6385085583619,26.75));
#11642=CARTESIAN_POINT('Origin',(-52.751177728792,29.1385085583619,26.75));
#11643=CARTESIAN_POINT('',(-51.6351523250076,29.071521260254,26.75));
#11644=CARTESIAN_POINT('',(-53.3851523250077,26.0404323470085,26.75));
#11645=CARTESIAN_POINT('Origin',(-52.501177728792,29.571521260254,26.75));
#11646=CARTESIAN_POINT('Origin',(-58.5026528228171,-25.0884000392534,26.75));
#11647=CARTESIAN_POINT('',(-48.6029105616242,-31.0352566174762,26.75));
#11648=CARTESIAN_POINT('',(-58.7029105616243,-13.5415434610306,26.75));
#11649=CARTESIAN_POINT('',(-48.6029105616242,-31.0352566174762,26.75));
#11650=CARTESIAN_POINT('',(-58.3023950840099,-36.6352566174762,26.75));
#11651=CARTESIAN_POINT('',(-58.3023950840099,-36.6352566174762,26.75));
#11652=CARTESIAN_POINT('',(-68.40239508401,-19.1415434610306,26.75));
#11653=CARTESIAN_POINT('',(-68.40239508401,-19.1415434610306,26.75));
#11654=CARTESIAN_POINT('',(-58.7029105616243,-13.5415434610306,26.75));
#11655=CARTESIAN_POINT('',(-57.6545764695113,-20.5573110440515,26.75));
#11656=CARTESIAN_POINT('',(-56.2885510657268,-20.923336447836,26.75));
#11657=CARTESIAN_POINT('Origin',(-57.1545764695113,-21.4233364478359,26.75));
#11658=CARTESIAN_POINT('',(-62.8507288922179,-23.5573110440516,26.75));
#11659=CARTESIAN_POINT('',(-61.5516908575175,-22.8073110850297,26.75));
#11660=CARTESIAN_POINT('',(-63.2167542960023,-24.923336447836,26.75));
#11661=CARTESIAN_POINT('Origin',(-62.3507288922179,-24.423336447836,26.75));
#11662=CARTESIAN_POINT('',(-62.9667542960023,-25.3563491497282,26.75));
#11663=CARTESIAN_POINT('',(-62.4667542960024,-26.2223745535126,26.75));
#11664=CARTESIAN_POINT('',(-61.6007288922179,-25.7223745535126,26.75));
#11665=CARTESIAN_POINT('Origin',(-62.1007288922179,-24.8563491497282,26.75));
#11666=CARTESIAN_POINT('',(-56.4045764695113,-22.7223745535126,26.75));
#11667=CARTESIAN_POINT('',(-57.7036146461642,-23.4723745944908,26.75));
#11668=CARTESIAN_POINT('',(-56.0385510657268,-21.3563491497282,26.75));
#11669=CARTESIAN_POINT('Origin',(-56.9045764695113,-21.8563491497282,26.75));
#11670=CARTESIAN_POINT('',(-55.6635510657268,-22.0058682025666,26.75));
#11671=CARTESIAN_POINT('',(-53.788551065727,-25.2534634667582,26.75));
#11672=CARTESIAN_POINT('',(-54.1545764695114,-26.6194888705427,26.75));
#11673=CARTESIAN_POINT('Origin',(-54.6545764695115,-25.7534634667582,26.75));
#11674=CARTESIAN_POINT('',(-54.038551065727,-24.820450764866,26.75));
#11675=CARTESIAN_POINT('',(-54.5385510657269,-23.9544253610816,26.75));
#11676=CARTESIAN_POINT('',(-55.4045764695114,-24.4544253610816,26.75));
#11677=CARTESIAN_POINT('Origin',(-54.9045764695114,-25.320450764866,26.75));
#11678=CARTESIAN_POINT('',(-60.600728892218,-27.4544253610816,26.75));
#11679=CARTESIAN_POINT('',(-59.3016908575176,-26.7044254020597,26.75));
#11680=CARTESIAN_POINT('',(-60.9667542960025,-28.820450764866,26.75));
#11681=CARTESIAN_POINT('Origin',(-60.100728892218,-28.320450764866,26.75));
#11682=CARTESIAN_POINT('',(-60.7167542960025,-29.2534634667582,26.75));
#11683=CARTESIAN_POINT('',(-61.3417542960025,-28.1709317120276,26.75));
#11684=CARTESIAN_POINT('',(-59.350728892218,-29.6194888705427,26.75));
#11685=CARTESIAN_POINT('Origin',(-59.850728892218,-28.7534634667583,26.75));
#11686=CARTESIAN_POINT('',(-55.4536146461643,-27.3694889115208,26.75));
#11687=CARTESIAN_POINT('',(-59.9045764695112,-16.6601967270215,26.75));
#11688=CARTESIAN_POINT('',(-58.5385510657267,-17.0262221308059,26.75));
#11689=CARTESIAN_POINT('Origin',(-59.4045764695112,-17.5262221308059,26.75));
#11690=CARTESIAN_POINT('',(-65.1007288922178,-19.6601967270215,26.75));
#11691=CARTESIAN_POINT('',(-63.8016908575175,-18.9101967679997,26.75));
#11692=CARTESIAN_POINT('',(-65.4667542960022,-21.0262221308059,26.75));
#11693=CARTESIAN_POINT('Origin',(-64.6007288922178,-20.5262221308059,26.75));
#11694=CARTESIAN_POINT('',(-65.2167542960022,-21.4592348326982,26.75));
#11695=CARTESIAN_POINT('',(-63.5917542960023,-24.2738173949976,26.75));
#11696=CARTESIAN_POINT('',(-63.8507288922178,-21.8252602364826,26.75));
#11697=CARTESIAN_POINT('Origin',(-64.3507288922178,-20.9592348326982,26.75));
#11698=CARTESIAN_POINT('',(-58.6545764695112,-18.8252602364826,26.75));
#11699=CARTESIAN_POINT('',(-59.9536146461641,-19.5752602774608,26.75));
#11700=CARTESIAN_POINT('',(-58.2885510657267,-17.4592348326981,26.75));
#11701=CARTESIAN_POINT('Origin',(-59.1545764695112,-17.9592348326981,26.75));
#11702=CARTESIAN_POINT('',(-56.7885510657268,-20.0573110440515,26.75));
#11703=CARTESIAN_POINT('',(-58.4667542960026,-33.1505777837883,26.75));
#11704=CARTESIAN_POINT('',(-58.7167542960026,-32.7175650818961,26.75));
#11705=CARTESIAN_POINT('',(-60.2167542960026,-30.1194888705427,26.75));
#11706=CARTESIAN_POINT('',(-57.1007288922181,-33.5166031875727,26.75));
#11707=CARTESIAN_POINT('Origin',(-57.6007288922182,-32.6505777837883,26.75));
#11708=CARTESIAN_POINT('',(-51.9045764695115,-30.5166031875727,26.75));
#11709=CARTESIAN_POINT('',(-53.2036146461643,-31.2666032285508,26.75));
#11710=CARTESIAN_POINT('',(-51.5385510657271,-29.1505777837883,26.75));
#11711=CARTESIAN_POINT('Origin',(-52.4045764695116,-29.6505777837883,26.75));
#11712=CARTESIAN_POINT('',(-51.7885510657271,-28.7175650818961,26.75));
#11713=CARTESIAN_POINT('',(-53.4135510657272,-25.9029825195966,26.75));
#11714=CARTESIAN_POINT('',(-53.1545764695115,-28.3515396781116,26.75));
#11715=CARTESIAN_POINT('Origin',(-52.6545764695115,-29.217565081896,26.75));
#11716=CARTESIAN_POINT('',(-58.3507288922181,-31.3515396781116,26.75));
#11717=CARTESIAN_POINT('',(-57.0516908575176,-30.6015397190897,26.75));
#11718=CARTESIAN_POINT('Origin',(-57.8507288922181,-32.2175650818961,26.75));
#11719=CARTESIAN_POINT('Origin',(-61.6973301514989,25.6433180299787,26.7499989891052));
#11720=CARTESIAN_POINT('',(-56.5011777287924,22.6433180299788,26.7499989891052));
#11721=CARTESIAN_POINT('',(-61.6973301514989,25.6433180299787,26.7499989891052));
#11722=CARTESIAN_POINT('Origin',(-57.0011777287924,21.7772926261943,26.7499989891052));
#11723=CARTESIAN_POINT('',(-56.1351523250079,21.2772926261943,26.7499989891052));
#11724=CARTESIAN_POINT('Origin',(-56.1351523250079,21.2772926261943,26.7499989891052));
#11725=CARTESIAN_POINT('',(-56.385152325008,20.844279924302,26.7499989891052));
#11726=CARTESIAN_POINT('Origin',(-57.2511777287924,21.3442799243021,26.7499989891052));
#11727=CARTESIAN_POINT('',(-57.7511777287924,20.4782545205176,26.7499989891052));
#11728=CARTESIAN_POINT('Origin',(-55.5011777287923,24.3753688375476,26.7499989891052));
#11729=CARTESIAN_POINT('',(-60.6973301514984,27.3753688375473,26.7499989891052));
#11730=CARTESIAN_POINT('',(-55.5011777287923,24.3753688375476,26.7499989891052));
#11731=CARTESIAN_POINT('Origin',(-60.1973301514984,28.2413942413319,26.7499989891052));
#11732=CARTESIAN_POINT('',(-61.0633555552829,28.7413942413319,26.7499989891052));
#11733=CARTESIAN_POINT('Origin',(-61.0633555552829,28.7413942413319,26.7499989891052));
#11734=CARTESIAN_POINT('',(-60.813355555283,29.174406943224,26.7499989891052));
#11735=CARTESIAN_POINT('Origin',(-59.9473301514985,28.6744069432239,26.7499989891052));
#11736=CARTESIAN_POINT('',(-59.4473301514984,29.5404323470084,26.7499989891052));
#11737=CARTESIAN_POINT('Origin',(-65.5633555552833,20.947165607272,26.7499989891052));
#11738=CARTESIAN_POINT('',(-65.3133555552833,21.3801783091642,26.7499989891052));
#11739=CARTESIAN_POINT('',(-65.5633555552833,20.947165607272,26.7499989891052));
#11740=CARTESIAN_POINT('Origin',(-64.4473301514988,20.8801783091641,26.7499989891052));
#11741=CARTESIAN_POINT('',(-63.9473301514989,21.7462037129487,26.7499989891052));
#11742=CARTESIAN_POINT('Origin',(-63.9473301514989,21.7462037129487,26.7499989891052));
#11743=CARTESIAN_POINT('',(-58.7511777287922,18.7462037129486,26.7499989891052));
#11744=CARTESIAN_POINT('Origin',(-59.2511777287923,17.8801783091642,26.7499989891052));
#11745=CARTESIAN_POINT('',(-58.3851523250078,17.3801783091642,26.7499989891052));
#11746=CARTESIAN_POINT('Origin',(-53.251177728792,28.2724831545774,26.7499989891052));
#11747=CARTESIAN_POINT('',(-58.4473301514984,31.2724831545773,26.7499989891052));
#11748=CARTESIAN_POINT('',(-53.251177728792,28.2724831545774,26.7499989891052));
#11749=CARTESIAN_POINT('Origin',(-57.9473301514984,32.1385085583618,26.7499989891052));
#11750=CARTESIAN_POINT('',(-58.8133555552829,32.6385085583619,26.7499989891052));
#11751=CARTESIAN_POINT('Origin',(-58.8133555552829,32.6385085583619,26.7499989891052));
#11752=CARTESIAN_POINT('',(-58.563355555283,33.071521260254,26.7499989891052));
#11753=CARTESIAN_POINT('Origin',(-57.6973301514985,32.5715212602539,26.7499989891052));
#11754=CARTESIAN_POINT('',(-57.1973301514984,33.4375466640384,26.7499989891052));
#11755=CARTESIAN_POINT('Origin',(-62.1007288922179,-24.8563491497282,26.7499989891052));
#11756=CARTESIAN_POINT('',(-62.9667542960023,-25.3563491497282,26.7499989891052));
#11757=CARTESIAN_POINT('',(-61.6007288922179,-25.7223745535126,26.7499989891052));
#11758=CARTESIAN_POINT('Origin',(-62.9667542960023,-25.3563491497282,26.7499989891052));
#11759=CARTESIAN_POINT('',(-63.2167542960023,-24.923336447836,26.7499989891052));
#11760=CARTESIAN_POINT('Origin',(-62.3507288922179,-24.423336447836,26.7499989891052));
#11761=CARTESIAN_POINT('',(-62.8507288922179,-23.5573110440516,26.7499989891052));
#11762=CARTESIAN_POINT('Origin',(-62.8507288922179,-23.5573110440516,26.7499989891052));
#11763=CARTESIAN_POINT('',(-57.6545764695113,-20.5573110440515,26.7499989891052));
#11764=CARTESIAN_POINT('Origin',(-60.100728892218,-28.320450764866,26.7499989891052));
#11765=CARTESIAN_POINT('',(-60.600728892218,-27.4544253610816,26.7499989891052));
#11766=CARTESIAN_POINT('',(-60.9667542960025,-28.820450764866,26.7499989891052));
#11767=CARTESIAN_POINT('Origin',(-60.600728892218,-27.4544253610816,26.7499989891052));
#11768=CARTESIAN_POINT('',(-55.4045764695114,-24.4544253610816,26.7499989891052));
#11769=CARTESIAN_POINT('Origin',(-54.9045764695114,-25.320450764866,26.7499989891052));
#11770=CARTESIAN_POINT('',(-54.038551065727,-24.820450764866,26.7499989891052));
#11771=CARTESIAN_POINT('Origin',(-54.038551065727,-24.820450764866,26.7499989891052));
#11772=CARTESIAN_POINT('',(-53.788551065727,-25.2534634667582,26.7499989891052));
#11773=CARTESIAN_POINT('Origin',(-64.3507288922178,-20.9592348326982,26.7499989891052));
#11774=CARTESIAN_POINT('',(-65.2167542960022,-21.4592348326982,26.7499989891052));
#11775=CARTESIAN_POINT('',(-63.8507288922178,-21.8252602364826,26.7499989891052));
#11776=CARTESIAN_POINT('Origin',(-65.2167542960022,-21.4592348326982,26.7499989891052));
#11777=CARTESIAN_POINT('',(-65.4667542960022,-21.0262221308059,26.7499989891052));
#11778=CARTESIAN_POINT('Origin',(-64.6007288922178,-20.5262221308059,26.7499989891052));
#11779=CARTESIAN_POINT('',(-65.1007288922178,-19.6601967270215,26.7499989891052));
#11780=CARTESIAN_POINT('Origin',(-65.1007288922178,-19.6601967270215,26.7499989891052));
#11781=CARTESIAN_POINT('',(-59.9045764695112,-16.6601967270215,26.7499989891052));
#11782=CARTESIAN_POINT('Origin',(-51.7885510657271,-28.7175650818961,26.7499989891052));
#11783=CARTESIAN_POINT('',(-51.5385510657271,-29.1505777837883,26.7499989891052));
#11784=CARTESIAN_POINT('',(-51.7885510657271,-28.7175650818961,26.7499989891052));
#11785=CARTESIAN_POINT('Origin',(-52.4045764695116,-29.6505777837883,26.7499989891052));
#11786=CARTESIAN_POINT('',(-51.9045764695115,-30.5166031875727,26.7499989891052));
#11787=CARTESIAN_POINT('Origin',(-51.9045764695115,-30.5166031875727,26.7499989891052));
#11788=CARTESIAN_POINT('',(-57.1007288922181,-33.5166031875727,26.7499989891052));
#11789=CARTESIAN_POINT('Origin',(-57.6007288922182,-32.6505777837883,26.7499989891052));
#11790=CARTESIAN_POINT('',(-58.4667542960026,-33.1505777837883,26.7499989891052));
#11791=CARTESIAN_POINT('Origin',(-50.6992539401453,38.6925448135572,25.5));
#11792=CARTESIAN_POINT('',(-51.3992539401453,38.6925448135572,22.75));
#11793=CARTESIAN_POINT('Origin',(-50.6992539401453,38.6925448135572,22.75));
#11794=CARTESIAN_POINT('',(-51.3992539401453,38.6925448135572,25.5));
#11795=CARTESIAN_POINT('',(-51.3992539401453,38.6925448135572,25.5));
#11796=CARTESIAN_POINT('Origin',(-50.6992539401453,38.6925448135572,25.5));
#11797=CARTESIAN_POINT('Origin',(-50.6992539401453,38.6925448135572,25.5));
#11798=CARTESIAN_POINT('',(-52.9492539401453,38.6925448135572,22.75));
#11799=CARTESIAN_POINT('Origin',(-50.6992539401453,38.6925448135572,22.75));
#11800=CARTESIAN_POINT('',(-52.9492539401453,38.6925448135572,25.5));
#11801=CARTESIAN_POINT('Origin',(-50.6992539401453,38.6925448135572,22.75));
#11802=CARTESIAN_POINT('Origin',(3.5527136788005E-14,-8.88178419700125E-15,
25.5));
#11803=CARTESIAN_POINT('Origin',(-63.3500248786543,-14.4925053553539,25.5));
#11804=CARTESIAN_POINT('',(-62.6000248786543,-15.7915434610306,22.75));
#11805=CARTESIAN_POINT('',(-62.6000248786543,-15.7915434610306,25.5));
#11806=CARTESIAN_POINT('',(-63.3500248786543,-14.4925053553539,22.75));
#11807=CARTESIAN_POINT('',(-62.6000248786543,-15.7915434610306,22.75));
#11808=CARTESIAN_POINT('',(-63.3500248786543,-14.4925053553539,25.5));
#11809=CARTESIAN_POINT('Origin',(-70.4514331896866,-18.5925053553539,25.5));
#11810=CARTESIAN_POINT('',(-70.4514331896866,-18.5925053553539,22.75));
#11811=CARTESIAN_POINT('',(-63.3500248786543,-14.4925053553539,22.75));
#11812=CARTESIAN_POINT('',(-70.4514331896866,-18.5925053553539,25.5));
#11813=CARTESIAN_POINT('Origin',(-58.8514331896866,-38.6842947231529,25.5));
#11814=CARTESIAN_POINT('',(-58.8514331896866,-38.6842947231529,22.75));
#11815=CARTESIAN_POINT('',(-70.4514331896866,-18.5925053553539,22.75));
#11816=CARTESIAN_POINT('',(-58.8514331896866,-38.6842947231529,25.5));
#11817=CARTESIAN_POINT('Origin',(-46.5538724559476,-31.5842947231529,25.5));
#11818=CARTESIAN_POINT('',(-46.5538724559476,-31.5842947231529,22.75));
#11819=CARTESIAN_POINT('',(-58.8514331896866,-38.6842947231529,22.75));
#11820=CARTESIAN_POINT('',(-46.5538724559476,-31.5842947231529,25.5));
#11821=CARTESIAN_POINT('Origin',(-58.1538724559476,-11.492505355354,25.5));
#11822=CARTESIAN_POINT('',(-58.1538724559476,-11.492505355354,22.75));
#11823=CARTESIAN_POINT('',(-46.5538724559476,-31.5842947231529,22.75));
#11824=CARTESIAN_POINT('',(-58.1538724559476,-11.492505355354,25.5));
#11825=CARTESIAN_POINT('Origin',(-59.4529105616243,-12.242505355354,25.5));
#11826=CARTESIAN_POINT('',(-59.4529105616243,-12.242505355354,22.75));
#11827=CARTESIAN_POINT('',(-58.1538724559476,-11.492505355354,22.75));
#11828=CARTESIAN_POINT('',(-59.4529105616243,-12.242505355354,25.5));
#11829=CARTESIAN_POINT('Origin',(-48.6029105616242,-31.0352566174763,25.5));
#11830=CARTESIAN_POINT('',(-48.6029105616242,-31.0352566174763,22.75));
#11831=CARTESIAN_POINT('',(-48.6029105616242,-31.0352566174763,22.75));
#11832=CARTESIAN_POINT('',(-48.6029105616242,-31.0352566174762,25.5));
#11833=CARTESIAN_POINT('',(-58.7029105616243,-13.5415434610306,25.5));
#11834=CARTESIAN_POINT('Origin',(-58.3023950840099,-36.6352566174762,25.5));
#11835=CARTESIAN_POINT('',(-58.3023950840099,-36.6352566174762,22.75));
#11836=CARTESIAN_POINT('',(-58.3023950840099,-36.6352566174762,22.75));
#11837=CARTESIAN_POINT('',(-58.3023950840099,-36.6352566174762,25.5));
#11838=CARTESIAN_POINT('Origin',(-68.40239508401,-19.1415434610306,25.5));
#11839=CARTESIAN_POINT('',(-68.40239508401,-19.1415434610306,22.75));
#11840=CARTESIAN_POINT('',(-68.40239508401,-19.1415434610306,22.75));
#11841=CARTESIAN_POINT('',(-68.40239508401,-19.1415434610306,25.5));
#11842=CARTESIAN_POINT('Origin',(-62.6000248786543,-15.7915434610306,25.5));
#11843=CARTESIAN_POINT('',(-62.6000248786543,-15.7915434610306,22.75));
#11844=CARTESIAN_POINT('Origin',(-58.5026528228171,-25.0884000392534,22.75));
#11845=CARTESIAN_POINT('Origin',(-67.,-11.9810173206813,25.5));
#11846=CARTESIAN_POINT('',(-67.7,-11.9810173206813,22.75));
#11847=CARTESIAN_POINT('Origin',(-67.,-11.9810173206813,22.75));
#11848=CARTESIAN_POINT('',(-67.7,-11.9810173206813,25.5));
#11849=CARTESIAN_POINT('',(-67.7,-11.9810173206813,25.5));
#11850=CARTESIAN_POINT('Origin',(-67.,-11.9810173206813,25.5));
#11851=CARTESIAN_POINT('Origin',(-67.,-11.9810173206813,25.5));
#11852=CARTESIAN_POINT('',(-69.25,-11.9810173206813,22.75));
#11853=CARTESIAN_POINT('Origin',(-67.,-11.9810173206813,22.75));
#11854=CARTESIAN_POINT('',(-69.25,-11.9810173206813,25.5));
#11855=CARTESIAN_POINT('Origin',(-67.,-11.9810173206813,22.75));
#11856=CARTESIAN_POINT('Origin',(3.5527136788005E-14,-8.88178419700125E-15,
25.5));
#11857=CARTESIAN_POINT('Origin',(-67.,11.8461880340977,25.5));
#11858=CARTESIAN_POINT('',(-67.7,11.8461880340977,22.75));
#11859=CARTESIAN_POINT('Origin',(-67.,11.8461880340977,22.75));
#11860=CARTESIAN_POINT('',(-67.7,11.8461880340977,25.5));
#11861=CARTESIAN_POINT('',(-67.7,11.8461880340977,25.5));
#11862=CARTESIAN_POINT('Origin',(-67.,11.8461880340977,25.5));
#11863=CARTESIAN_POINT('Origin',(-67.,11.8461880340977,25.5));
#11864=CARTESIAN_POINT('',(-69.25,11.8461880340977,22.75));
#11865=CARTESIAN_POINT('Origin',(-67.,11.8461880340977,22.75));
#11866=CARTESIAN_POINT('',(-69.25,11.8461880340977,25.5));
#11867=CARTESIAN_POINT('Origin',(-67.,11.8461880340977,22.75));
#11868=CARTESIAN_POINT('Origin',(3.5527136788005E-14,-8.88178419700125E-15,
25.5));
#11869=CARTESIAN_POINT('Origin',(-50.602652822817,-38.7716014190475,25.5));
#11870=CARTESIAN_POINT('',(-51.3026528228171,-38.7716014190475,22.75));
#11871=CARTESIAN_POINT('Origin',(-50.602652822817,-38.7716014190475,22.75));
#11872=CARTESIAN_POINT('',(-51.3026528228171,-38.7716014190475,25.5));
#11873=CARTESIAN_POINT('',(-51.3026528228171,-38.7716014190475,25.5));
#11874=CARTESIAN_POINT('Origin',(-50.602652822817,-38.7716014190475,25.5));
#11875=CARTESIAN_POINT('Origin',(-50.602652822817,-38.7716014190475,25.5));
#11876=CARTESIAN_POINT('',(-52.852652822817,-38.7716014190475,22.75));
#11877=CARTESIAN_POINT('Origin',(-50.602652822817,-38.7716014190475,22.75));
#11878=CARTESIAN_POINT('',(-52.852652822817,-38.7716014190475,25.5));
#11879=CARTESIAN_POINT('Origin',(-50.602652822817,-38.7716014190475,22.75));
#11880=CARTESIAN_POINT('Origin',(3.5527136788005E-14,-8.88178419700125E-15,
25.5));
#11881=CARTESIAN_POINT('Origin',(-65.3518818843081,15.5134487498637,25.5));
#11882=CARTESIAN_POINT('',(-64.6018818843081,16.8124868555402,22.75));
#11883=CARTESIAN_POINT('',(-64.6018818843081,16.8124868555402,25.5));
#11884=CARTESIAN_POINT('',(-65.3518818843081,15.5134487498637,22.75));
#11885=CARTESIAN_POINT('',(-64.6018818843081,16.8124868555402,22.75));
#11886=CARTESIAN_POINT('',(-65.3518818843081,15.5134487498637,25.5));
#11887=CARTESIAN_POINT('Origin',(-58.2504735732757,11.4134487498637,25.5));
#11888=CARTESIAN_POINT('',(-58.2504735732757,11.4134487498637,22.75));
#11889=CARTESIAN_POINT('',(-65.3518818843081,15.5134487498637,22.75));
#11890=CARTESIAN_POINT('',(-58.2504735732757,11.4134487498637,25.5));
#11891=CARTESIAN_POINT('Origin',(-46.6504735732757,31.5052381176625,25.5));
#11892=CARTESIAN_POINT('',(-46.6504735732757,31.5052381176625,22.75));
#11893=CARTESIAN_POINT('',(-58.2504735732757,11.4134487498637,22.75));
#11894=CARTESIAN_POINT('',(-46.6504735732757,31.5052381176625,25.5));
#11895=CARTESIAN_POINT('Origin',(-58.9480343070148,38.6052381176626,25.5));
#11896=CARTESIAN_POINT('',(-58.9480343070148,38.6052381176626,22.75));
#11897=CARTESIAN_POINT('',(-46.6504735732757,31.5052381176625,22.75));
#11898=CARTESIAN_POINT('',(-58.9480343070148,38.6052381176626,25.5));
#11899=CARTESIAN_POINT('Origin',(-70.5,18.5966466101195,25.5));
#11900=CARTESIAN_POINT('',(-58.9480343070148,38.6052381176626,22.75));
#11901=CARTESIAN_POINT('Origin',(-69.2489962013381,17.7634487498636,25.5));
#11902=CARTESIAN_POINT('',(-69.2489962013381,17.7634487498636,22.75));
#11903=CARTESIAN_POINT('',(-70.5480343070148,18.5134487498636,22.75));
#11904=CARTESIAN_POINT('',(-69.2489962013381,17.7634487498636,25.5));
#11905=CARTESIAN_POINT('Origin',(-58.3989962013382,36.5562000119859,25.5));
#11906=CARTESIAN_POINT('',(-58.3989962013382,36.5562000119859,22.75));
#11907=CARTESIAN_POINT('',(-58.3989962013382,36.5562000119859,22.75));
#11908=CARTESIAN_POINT('',(-58.3989962013382,36.5562000119859,25.5));
#11909=CARTESIAN_POINT('',(-68.4989962013382,19.0624868555403,25.5));
#11910=CARTESIAN_POINT('Origin',(-48.6995116789524,30.9562000119859,25.5));
#11911=CARTESIAN_POINT('',(-48.6995116789524,30.9562000119859,22.75));
#11912=CARTESIAN_POINT('',(-48.6995116789524,30.9562000119859,22.75));
#11913=CARTESIAN_POINT('',(-48.6995116789524,30.9562000119859,25.5));
#11914=CARTESIAN_POINT('Origin',(-58.7995116789524,13.4624868555402,25.5));
#11915=CARTESIAN_POINT('',(-58.7995116789524,13.4624868555402,22.75));
#11916=CARTESIAN_POINT('',(-58.7995116789524,13.4624868555402,22.75));
#11917=CARTESIAN_POINT('',(-58.7995116789524,13.4624868555402,25.5));
#11918=CARTESIAN_POINT('Origin',(-64.6018818843081,16.8124868555402,25.5));
#11919=CARTESIAN_POINT('',(-64.6018818843081,16.8124868555402,22.75));
#11920=CARTESIAN_POINT('Origin',(-0.0240171535073674,-8.88178419700125E-15,
22.75));
#11921=CARTESIAN_POINT('Origin',(3.5527136788005E-14,-8.88178419700125E-15,
25.5));
#11922=CARTESIAN_POINT('Origin',(-32.6612009946691,12.9681979667711,24.3699989891052));
#11923=CARTESIAN_POINT('',(-30.3612009946691,14.5650699090382,24.3699989891052));
#11924=CARTESIAN_POINT('',(-30.3612009946691,11.3713260245039,24.3699989891052));
#11925=CARTESIAN_POINT('Origin',(-32.6612009946691,12.9681979667711,24.3699989891052));
#11926=CARTESIAN_POINT('',(-30.3612009946691,11.3713260245039,26.6499989891052));
#11927=CARTESIAN_POINT('',(-30.3612009946691,11.3713260245039,24.3699989891052));
#11928=CARTESIAN_POINT('',(-30.3612009946691,14.5650699090382,26.6499989891052));
#11929=CARTESIAN_POINT('Origin',(-32.6612009946691,12.9681979667711,26.6499989891052));
#11930=CARTESIAN_POINT('',(-30.3612009946691,14.5650699090382,24.3699989891052));
#11931=CARTESIAN_POINT('Origin',(-39.8612009946691,12.9681979667711,24.3699989891052));
#11932=CARTESIAN_POINT('',(-36.6612009946691,19.1939509332804,24.3699989891052));
#11933=CARTESIAN_POINT('',(-33.6354480281597,16.168197966771,24.3699989891052));
#11934=CARTESIAN_POINT('Origin',(-39.8612009946691,12.9681979667711,24.3699989891052));
#11935=CARTESIAN_POINT('',(-33.6354480281597,16.168197966771,26.6499989891052));
#11936=CARTESIAN_POINT('',(-33.6354480281597,16.168197966771,24.3699989891052));
#11937=CARTESIAN_POINT('',(-36.6612009946691,19.1939509332804,26.6499989891052));
#11938=CARTESIAN_POINT('Origin',(-39.8612009946691,12.9681979667711,26.6499989891052));
#11939=CARTESIAN_POINT('',(-36.6612009946691,19.1939509332804,24.3699989891052));
#11940=CARTESIAN_POINT('Origin',(-39.8612009946691,20.1681979667711,24.3699989891052));
#11941=CARTESIAN_POINT('',(-41.4580729369363,22.4681979667711,24.3699989891052));
#11942=CARTESIAN_POINT('',(-38.264329052402,22.4681979667711,24.3699989891052));
#11943=CARTESIAN_POINT('Origin',(-39.8612009946691,20.1681979667711,24.3699989891052));
#11944=CARTESIAN_POINT('',(-38.264329052402,22.4681979667711,26.6499989891052));
#11945=CARTESIAN_POINT('',(-38.264329052402,22.4681979667711,24.3699989891052));
#11946=CARTESIAN_POINT('',(-41.4580729369363,22.4681979667711,26.6499989891052));
#11947=CARTESIAN_POINT('Origin',(-39.8612009946691,20.1681979667711,26.6499989891052));
#11948=CARTESIAN_POINT('',(-41.4580729369363,22.4681979667711,24.3699989891052));
#11949=CARTESIAN_POINT('Origin',(-39.8612009946691,12.9681979667711,24.3699989891052));
#11950=CARTESIAN_POINT('',(-46.0869539611785,16.168197966771,24.3699989891052));
#11951=CARTESIAN_POINT('',(-43.0612009946691,19.1939509332804,24.3699989891052));
#11952=CARTESIAN_POINT('Origin',(-39.8612009946691,12.9681979667711,24.3699989891052));
#11953=CARTESIAN_POINT('',(-43.0612009946691,19.1939509332804,26.6499989891052));
#11954=CARTESIAN_POINT('',(-43.0612009946691,19.1939509332804,24.3699989891052));
#11955=CARTESIAN_POINT('',(-46.0869539611785,16.168197966771,26.6499989891052));
#11956=CARTESIAN_POINT('Origin',(-39.8612009946691,12.9681979667711,26.6499989891052));
#11957=CARTESIAN_POINT('',(-46.0869539611785,16.168197966771,24.3699989891052));
#11958=CARTESIAN_POINT('Origin',(-47.0612009946691,12.9681979667711,24.3699989891052));
#11959=CARTESIAN_POINT('',(-49.3612009946691,11.3713260245039,24.3699989891052));
#11960=CARTESIAN_POINT('',(-49.3612009946691,14.5650699090382,24.3699989891052));
#11961=CARTESIAN_POINT('Origin',(-47.0612009946691,12.9681979667711,24.3699989891052));
#11962=CARTESIAN_POINT('',(-49.3612009946691,14.5650699090382,26.6499989891052));
#11963=CARTESIAN_POINT('',(-49.3612009946691,14.5650699090382,24.3699989891052));
#11964=CARTESIAN_POINT('',(-49.3612009946691,11.3713260245039,26.6499989891052));
#11965=CARTESIAN_POINT('Origin',(-47.0612009946691,12.9681979667711,26.6499989891052));
#11966=CARTESIAN_POINT('',(-49.3612009946691,11.3713260245039,24.3699989891052));
#11967=CARTESIAN_POINT('Origin',(-39.8612009946691,12.9681979667711,24.3699989891052));
#11968=CARTESIAN_POINT('',(-43.0612009946691,6.74244500026172,24.3699989891052));
#11969=CARTESIAN_POINT('',(-46.0869539611785,9.76819796677106,24.3699989891052));
#11970=CARTESIAN_POINT('Origin',(-39.8612009946691,12.9681979667711,24.3699989891052));
#11971=CARTESIAN_POINT('',(-46.0869539611785,9.76819796677106,26.6499989891052));
#11972=CARTESIAN_POINT('',(-46.0869539611785,9.76819796677106,24.3699989891052));
#11973=CARTESIAN_POINT('',(-43.0612009946691,6.74244500026172,26.6499989891052));
#11974=CARTESIAN_POINT('Origin',(-39.8612009946691,12.9681979667711,26.6499989891052));
#11975=CARTESIAN_POINT('',(-43.0612009946691,6.74244500026172,24.3699989891052));
#11976=CARTESIAN_POINT('Origin',(-39.8612009946691,5.76819796677106,24.3699989891052));
#11977=CARTESIAN_POINT('',(-38.264329052402,3.46819796677106,24.3699989891052));
#11978=CARTESIAN_POINT('',(-41.4580729369363,3.46819796677106,24.3699989891052));
#11979=CARTESIAN_POINT('Origin',(-39.8612009946691,5.76819796677106,24.3699989891052));
#11980=CARTESIAN_POINT('',(-41.4580729369363,3.46819796677106,26.6499989891052));
#11981=CARTESIAN_POINT('',(-41.4580729369363,3.46819796677106,24.3699989891052));
#11982=CARTESIAN_POINT('',(-38.264329052402,3.46819796677106,26.6499989891052));
#11983=CARTESIAN_POINT('Origin',(-39.8612009946691,5.76819796677106,26.6499989891052));
#11984=CARTESIAN_POINT('',(-38.264329052402,3.46819796677106,24.3699989891052));
#11985=CARTESIAN_POINT('Origin',(-39.8612009946691,12.9681979667711,24.3699989891052));
#11986=CARTESIAN_POINT('',(-33.6354480281598,9.76819796677106,24.3699989891052));
#11987=CARTESIAN_POINT('',(-36.6612009946691,6.74244500026172,24.3699989891052));
#11988=CARTESIAN_POINT('Origin',(-39.8612009946691,12.9681979667711,24.3699989891052));
#11989=CARTESIAN_POINT('',(-36.6612009946691,6.74244500026172,26.6499989891052));
#11990=CARTESIAN_POINT('',(-36.6612009946691,6.74244500026172,24.3699989891052));
#11991=CARTESIAN_POINT('',(-33.6354480281598,9.76819796677106,26.6499989891052));
#11992=CARTESIAN_POINT('Origin',(-39.8612009946691,12.9681979667711,26.6499989891052));
#11993=CARTESIAN_POINT('',(-33.6354480281598,9.76819796677106,24.3699989891052));
#11994=CARTESIAN_POINT('Origin',(-33.9360506342193,17.5925737410242,24.3699989891052));
#11995=CARTESIAN_POINT('',(-35.2434082575285,18.8999807476694,24.3699989891052));
#11996=CARTESIAN_POINT('',(-33.9360506342193,17.5925737410242,24.3699989891052));
#11997=CARTESIAN_POINT('',(-35.2434082575285,18.8999807476694,24.3699989891052));
#11998=CARTESIAN_POINT('',(-35.2434082575285,18.8999807476694,26.6499989891052));
#11999=CARTESIAN_POINT('',(-35.2434082575285,18.8999807476694,24.3699989891052));
#12000=CARTESIAN_POINT('',(-33.9360506342193,17.5925737410242,26.6499989891052));
#12001=CARTESIAN_POINT('',(-34.2611883293887,17.9177237177482,26.6499989891052));
#12002=CARTESIAN_POINT('',(-33.9360506342193,17.5925737410242,24.3699989891052));
#12003=CARTESIAN_POINT('Origin',(-32.6634676247477,17.5931974113535,24.3699989891052));
#12004=CARTESIAN_POINT('',(-32.6634676247476,17.5931974113535,24.3699989891052));
#12005=CARTESIAN_POINT('',(-33.9360506342193,17.5925737410242,24.3699989891052));
#12006=CARTESIAN_POINT('',(-32.6634676247476,17.5931974113535,26.6499989891052));
#12007=CARTESIAN_POINT('',(-36.2634667600977,17.5914331157205,26.6499989891052));
#12008=CARTESIAN_POINT('',(-32.6634676247476,17.5931974113535,24.3699989891052));
#12009=CARTESIAN_POINT('Origin',(-32.6612009946691,12.9681979667711,24.3699989891052));
#12010=CARTESIAN_POINT('',(-32.6589343645906,8.34319852218862,24.3699989891052));
#12011=CARTESIAN_POINT('Origin',(-32.6612009946691,12.9681979667711,24.3699989891052));
#12012=CARTESIAN_POINT('',(-32.6589343645906,8.34319852218862,26.6499989891052));
#12013=CARTESIAN_POINT('Origin',(-32.6612009946691,12.9681979667711,26.6499989891052));
#12014=CARTESIAN_POINT('',(-32.6589343645906,8.34319852218862,24.3699989891052));
#12015=CARTESIAN_POINT('Origin',(-33.954204353471,8.34256373337364,24.3699989891052));
#12016=CARTESIAN_POINT('',(-33.954204353471,8.34256373337364,24.3699989891052));
#12017=CARTESIAN_POINT('',(-33.954204353471,8.34256373337364,24.3699989891052));
#12018=CARTESIAN_POINT('',(-33.954204353471,8.34256373337364,26.6499989891052));
#12019=CARTESIAN_POINT('',(-36.9065684943808,8.34111683214801,26.6499989891052));
#12020=CARTESIAN_POINT('',(-33.954204353471,8.34256373337364,24.3699989891052));
#12021=CARTESIAN_POINT('Origin',(-35.2362009946691,7.06056709217555,24.3699989891052));
#12022=CARTESIAN_POINT('',(-35.2362009946691,7.06056709217555,24.3699989891052));
#12023=CARTESIAN_POINT('',(-33.954204353471,8.34256373337364,24.3699989891052));
#12024=CARTESIAN_POINT('',(-35.2362009946691,7.06056709217555,26.6499989891052));
#12025=CARTESIAN_POINT('',(-34.9155432760202,7.38122481082443,26.6499989891052));
#12026=CARTESIAN_POINT('',(-35.2362009946691,7.06056709217555,24.3699989891052));
#12027=CARTESIAN_POINT('Origin',(-35.2362009946691,5.76819796677106,24.3699989891052));
#12028=CARTESIAN_POINT('',(-35.2362009946691,5.76819796677106,24.3699989891052));
#12029=CARTESIAN_POINT('',(-35.2362009946691,7.06056709217555,24.3699989891052));
#12030=CARTESIAN_POINT('',(-35.2362009946691,5.76819796677106,26.6499989891052));
#12031=CARTESIAN_POINT('',(-35.236200994669,9.36819796677098,26.6499989891052));
#12032=CARTESIAN_POINT('',(-35.2362009946691,5.76819796677106,24.3699989891052));
#12033=CARTESIAN_POINT('Origin',(-39.8612009946691,5.76819796677106,24.3699989891052));
#12034=CARTESIAN_POINT('',(-44.4862009946691,5.76819796677106,24.3699989891052));
#12035=CARTESIAN_POINT('Origin',(-39.8612009946691,5.76819796677106,24.3699989891052));
#12036=CARTESIAN_POINT('',(-44.4862009946691,5.76819796677106,26.6499989891052));
#12037=CARTESIAN_POINT('Origin',(-39.8612009946691,5.76819796677106,26.6499989891052));
#12038=CARTESIAN_POINT('',(-44.4862009946691,5.76819796677106,24.3699989891052));
#12039=CARTESIAN_POINT('Origin',(-44.4862009946691,7.03784786557008,24.3699989891052));
#12040=CARTESIAN_POINT('',(-44.4862009946691,7.03784786557008,24.3699989891052));
#12041=CARTESIAN_POINT('',(-44.4862009946691,7.03784786557008,24.3699989891052));
#12042=CARTESIAN_POINT('',(-44.4862009946691,7.03784786557008,26.6499989891052));
#12043=CARTESIAN_POINT('',(-44.4862009946692,10.0030229161705,26.6499989891052));
#12044=CARTESIAN_POINT('',(-44.4862009946691,7.03784786557008,24.3699989891052));
#12045=CARTESIAN_POINT('Origin',(-45.792186599148,8.34381933276846,24.3699989891052));
#12046=CARTESIAN_POINT('',(-45.792186599148,8.34381933276846,24.3699989891052));
#12047=CARTESIAN_POINT('',(-45.792186599148,8.34381933276846,24.3699989891052));
#12048=CARTESIAN_POINT('',(-45.792186599148,8.34381933276846,26.6499989891052));
#12049=CARTESIAN_POINT('',(-45.46551880566,8.01715507545594,26.6499989891052));
#12050=CARTESIAN_POINT('',(-45.792186599148,8.34381933276846,24.3699989891052));
#12051=CARTESIAN_POINT('Origin',(-47.0589343645906,8.34319852218861,24.3699989891052));
#12052=CARTESIAN_POINT('',(-47.0589343645906,8.34319852218861,24.3699989891052));
#12053=CARTESIAN_POINT('',(-45.792186599148,8.34381933276846,24.3699989891052));
#12054=CARTESIAN_POINT('',(-47.0589343645906,8.34319852218861,26.6499989891052));
#12055=CARTESIAN_POINT('',(-43.4589352292406,8.34496281782161,26.6499989891052));
#12056=CARTESIAN_POINT('',(-47.0589343645906,8.34319852218861,24.3699989891052));
#12057=CARTESIAN_POINT('Origin',(-47.0612009946691,12.9681979667711,24.3699989891052));
#12058=CARTESIAN_POINT('',(-47.0634676247476,17.5931974113535,24.3699989891052));
#12059=CARTESIAN_POINT('Origin',(-47.0612009946691,12.9681979667711,24.3699989891052));
#12060=CARTESIAN_POINT('',(-47.0634676247476,17.5931974113535,26.6499989891052));
#12061=CARTESIAN_POINT('Origin',(-47.0612009946691,12.9681979667711,26.6499989891052));
#12062=CARTESIAN_POINT('',(-47.0634676247476,17.5931974113535,24.3699989891052));
#12063=CARTESIAN_POINT('Origin',(-45.7407395663494,17.5938456568807,24.3699989891052));
#12064=CARTESIAN_POINT('',(-45.7407395663494,17.5938456568807,24.3699989891052));
#12065=CARTESIAN_POINT('',(-45.7407395663494,17.5938456568807,24.3699989891052));
#12066=CARTESIAN_POINT('',(-45.7407395663494,17.5938456568807,26.6499989891052));
#12067=CARTESIAN_POINT('',(-42.8021044601985,17.5952858297501,26.6499989891052));
#12068=CARTESIAN_POINT('',(-45.7407395663494,17.5938456568807,24.3699989891052));
#12069=CARTESIAN_POINT('Origin',(-44.4862009946691,18.849657989163,24.3699989891052));
#12070=CARTESIAN_POINT('',(-44.4862009946691,18.849657989163,24.3699989891052));
#12071=CARTESIAN_POINT('',(-44.4862009946691,18.849657989163,24.3699989891052));
#12072=CARTESIAN_POINT('',(-44.4862009946691,18.849657989163,26.6499989891052));
#12073=CARTESIAN_POINT('',(-44.8014886132293,18.5340502521497,26.6499989891052));
#12074=CARTESIAN_POINT('',(-44.4862009946691,18.849657989163,24.3699989891052));
#12075=CARTESIAN_POINT('Origin',(-44.4862009946691,20.1681979667711,24.3699989891052));
#12076=CARTESIAN_POINT('',(-44.4862009946691,20.1681979667711,24.3699989891052));
#12077=CARTESIAN_POINT('',(-44.4862009946691,18.849657989163,24.3699989891052));
#12078=CARTESIAN_POINT('',(-44.4862009946691,20.1681979667711,26.6499989891052));
#12079=CARTESIAN_POINT('',(-44.4862009946691,16.5681979667711,26.6499989891052));
#12080=CARTESIAN_POINT('',(-44.4862009946691,20.1681979667711,24.3699989891052));
#12081=CARTESIAN_POINT('Origin',(-39.8612009946691,20.1681979667711,24.3699989891052));
#12082=CARTESIAN_POINT('',(-35.2362772672304,20.1416364273928,24.3699989891052));
#12083=CARTESIAN_POINT('Origin',(-39.8612009946691,20.1681979667711,24.3699989891052));
#12084=CARTESIAN_POINT('',(-35.2362772672304,20.1416364273928,26.6499989891052));
#12085=CARTESIAN_POINT('Origin',(-39.8612009946691,20.1681979667711,26.6499989891052));
#12086=CARTESIAN_POINT('',(-35.2362772672304,20.1416364273928,24.3699989891052));
#12087=CARTESIAN_POINT('Origin',(-35.2434082575285,18.8999807476694,24.3699989891052));
#12088=CARTESIAN_POINT('',(-35.2434082575285,18.8999807476694,24.3699989891052));
#12089=CARTESIAN_POINT('',(-35.2605173493692,15.9209273243777,26.6499989891052));
#12090=CARTESIAN_POINT('Origin',(-39.8612009946691,12.9681979667711,24.3699989891052));
#12091=CARTESIAN_POINT('',(-30.3612009946691,9.76819796677106,24.3699989891052));
#12092=CARTESIAN_POINT('',(-33.6354480281598,9.76819796677106,24.3699989891052));
#12093=CARTESIAN_POINT('',(-30.3612009946691,9.76819796677106,24.3699989891052));
#12094=CARTESIAN_POINT('',(-30.3612009946691,16.168197966771,24.3699989891052));
#12095=CARTESIAN_POINT('',(-30.3612009946691,9.76819796677106,24.3699989891052));
#12096=CARTESIAN_POINT('',(-30.3612009946691,16.168197966771,24.3699989891052));
#12097=CARTESIAN_POINT('',(-36.6612009946691,22.4681979667711,24.3699989891052));
#12098=CARTESIAN_POINT('',(-36.6612009946691,22.4681979667711,24.3699989891052));
#12099=CARTESIAN_POINT('',(-43.0612009946691,22.4681979667711,24.3699989891052));
#12100=CARTESIAN_POINT('',(-43.0612009946691,22.4681979667711,24.3699989891052));
#12101=CARTESIAN_POINT('',(-43.0612009946691,22.4681979667711,24.3699989891052));
#12102=CARTESIAN_POINT('',(-43.0612009946691,19.1939509332804,24.3699989891052));
#12103=CARTESIAN_POINT('',(-49.3612009946691,16.168197966771,24.3699989891052));
#12104=CARTESIAN_POINT('',(-46.0869539611785,16.168197966771,24.3699989891052));
#12105=CARTESIAN_POINT('',(-49.3612009946691,16.168197966771,24.3699989891052));
#12106=CARTESIAN_POINT('',(-49.3612009946691,9.76819796677106,24.3699989891052));
#12107=CARTESIAN_POINT('',(-49.3612009946691,16.168197966771,24.3699989891052));
#12108=CARTESIAN_POINT('',(-49.3612009946691,9.76819796677106,24.3699989891052));
#12109=CARTESIAN_POINT('',(-43.0612009946691,3.46819796677106,24.3699989891052));
#12110=CARTESIAN_POINT('',(-43.0612009946691,3.46819796677106,24.3699989891052));
#12111=CARTESIAN_POINT('',(-36.6612009946691,3.46819796677106,24.3699989891052));
#12112=CARTESIAN_POINT('',(-36.6612009946691,3.46819796677106,24.3699989891052));
#12113=CARTESIAN_POINT('',(-36.6612009946691,3.46819796677106,24.3699989891052));
#12114=CARTESIAN_POINT('',(-36.6612009946691,6.74244500026172,24.3699989891052));
#12115=CARTESIAN_POINT('Origin',(-39.8612009946691,12.968197966771,26.6499989891052));
#12116=CARTESIAN_POINT('',(-41.4612009946691,22.4681979667711,26.6499989891052));
#12117=CARTESIAN_POINT('Origin',(-39.8612009946691,12.968197966771,26.6499989891052));
#12118=CARTESIAN_POINT('',(-36.2612009946691,16.168197966771,26.6499990653992));
#12119=CARTESIAN_POINT('',(-38.0612009946691,16.168197966771,26.6499989891052));
#12120=CARTESIAN_POINT('',(-36.6612009946691,16.568197966771,26.6499990653992));
#12121=CARTESIAN_POINT('Origin',(-36.2612009946691,16.568197966771,26.6499989891052));
#12122=CARTESIAN_POINT('',(-36.6612009946691,17.718197966771,26.6499989891052));
#12123=CARTESIAN_POINT('Origin',(-39.8612009946691,12.968197966771,26.6499989891052));
#12124=CARTESIAN_POINT('',(-30.3612009946691,14.568197966771,26.6499989891052));
#12125=CARTESIAN_POINT('Origin',(-39.8612009946691,12.968197966771,26.6499989891052));
#12126=CARTESIAN_POINT('',(-36.6612009946691,9.36819796677107,26.6499990653992));
#12127=CARTESIAN_POINT('',(-36.6612009946691,11.1681979667711,26.6499989891052));
#12128=CARTESIAN_POINT('',(-36.2612009946691,9.76819796677106,26.6499990653992));
#12129=CARTESIAN_POINT('Origin',(-36.2612009946691,9.36819796677107,26.6499989891052));
#12130=CARTESIAN_POINT('',(-35.1112009946691,9.76819796677106,26.6499989891052));
#12131=CARTESIAN_POINT('Origin',(-39.8612009946691,12.968197966771,26.6499989891052));
#12132=CARTESIAN_POINT('',(-38.2612009946691,3.46819796677106,26.6499989891052));
#12133=CARTESIAN_POINT('Origin',(-39.8612009946691,12.968197966771,26.6499989891052));
#12134=CARTESIAN_POINT('',(-43.4612009946691,9.76819796677106,26.6499990653992));
#12135=CARTESIAN_POINT('',(-41.6612009946691,9.76819796677106,26.6499989891052));
#12136=CARTESIAN_POINT('',(-43.0612009946691,9.36819796677107,26.6499990653992));
#12137=CARTESIAN_POINT('Origin',(-43.4612009946691,9.36819796677107,26.6499989891052));
#12138=CARTESIAN_POINT('',(-43.0612009946691,8.21819796677105,26.6499989891052));
#12139=CARTESIAN_POINT('Origin',(-39.8612009946691,12.968197966771,26.6499989891052));
#12140=CARTESIAN_POINT('',(-49.3612009946691,11.3681979667711,26.6499989891052));
#12141=CARTESIAN_POINT('Origin',(-39.8612009946691,12.968197966771,26.6499989891052));
#12142=CARTESIAN_POINT('',(-43.0612009946691,16.568197966771,26.6499990653992));
#12143=CARTESIAN_POINT('',(-43.0612009946691,14.768197966771,26.6499989891052));
#12144=CARTESIAN_POINT('',(-43.4612009946691,16.168197966771,26.6499990653992));
#12145=CARTESIAN_POINT('Origin',(-43.4612009946691,16.568197966771,26.6499989891052));
#12146=CARTESIAN_POINT('',(-44.6112009946691,16.168197966771,26.6499989891052));
#12147=CARTESIAN_POINT('Origin',(-36.2612009946691,16.168197966771,29.5499990653992));
#12148=CARTESIAN_POINT('',(-36.2612009946691,16.168197966771,29.5499990653992));
#12149=CARTESIAN_POINT('',(-30.3612009946691,16.168197966771,24.3699989891052));
#12150=CARTESIAN_POINT('Origin',(-30.3612009946691,16.168197966771,29.5499990653992));
#12151=CARTESIAN_POINT('',(-30.3612009946691,9.76819796677106,24.3699989891052));
#12152=CARTESIAN_POINT('Origin',(-30.3612009946691,9.76819796677106,29.5499990653992));
#12153=CARTESIAN_POINT('',(-36.2612009946691,9.76819796677106,29.5499990653992));
#12154=CARTESIAN_POINT('Origin',(-36.2612009946691,9.36819796677107,29.5499990653992));
#12155=CARTESIAN_POINT('',(-36.6612009946691,9.36819796677107,29.5499990653992));
#12156=CARTESIAN_POINT('Origin',(-36.6612009946691,9.36819796677107,29.5499990653992));
#12157=CARTESIAN_POINT('',(-36.6612009946691,3.46819796677106,24.3699989891052));
#12158=CARTESIAN_POINT('Origin',(-36.6612009946691,3.46819796677106,29.5499990653992));
#12159=CARTESIAN_POINT('',(-43.0612009946691,3.46819796677106,24.3699989891052));
#12160=CARTESIAN_POINT('Origin',(-43.0612009946691,3.46819796677106,29.5499990653992));
#12161=CARTESIAN_POINT('',(-43.0612009946691,9.36819796677107,29.5499990653992));
#12162=CARTESIAN_POINT('Origin',(-43.4612009946691,9.36819796677107,29.5499990653992));
#12163=CARTESIAN_POINT('',(-43.4612009946691,9.76819796677106,29.5499990653992));
#12164=CARTESIAN_POINT('Origin',(-43.4612009946691,9.76819796677106,29.5499990653992));
#12165=CARTESIAN_POINT('',(-49.3612009946691,9.76819796677106,29.5499990653992));
#12166=CARTESIAN_POINT('Origin',(-36.2612009946691,16.568197966771,29.5499990653992));
#12167=CARTESIAN_POINT('',(-36.6612009946691,16.568197966771,29.5499990653992));
#12168=CARTESIAN_POINT('Origin',(-36.6612009946691,22.4681979667711,29.5499990653992));
#12169=CARTESIAN_POINT('',(-36.6612009946691,22.4681979667711,24.3699989891052));
#12170=CARTESIAN_POINT('Origin',(-43.0612009946691,22.4681979667711,29.5499990653992));
#12171=CARTESIAN_POINT('',(-43.0612009946691,22.4681979667711,24.3699989891052));
#12172=CARTESIAN_POINT('Origin',(-43.0612009946691,16.568197966771,29.5499990653992));
#12173=CARTESIAN_POINT('',(-43.0612009946691,16.568197966771,29.5499990653992));
#12174=CARTESIAN_POINT('Origin',(-43.4612009946691,16.568197966771,29.5499990653992));
#12175=CARTESIAN_POINT('',(-43.4612009946691,16.168197966771,29.5499990653992));
#12176=CARTESIAN_POINT('Origin',(-49.3612009946691,16.168197966771,29.5499990653992));
#12177=CARTESIAN_POINT('',(-49.3612009946691,16.168197966771,24.3699989891052));
#12178=CARTESIAN_POINT('Origin',(-49.3612009946691,9.76819796677106,29.5499990653992));
#12179=CARTESIAN_POINT('Origin',(-33.3810032060028,18.4208931514077,23.8699989891052));
#12180=CARTESIAN_POINT('',(-33.3810032060028,18.4208931514077,26.6499989891052));
#12181=CARTESIAN_POINT('',(-33.3810032060028,18.4208931514077,23.8699989891052));
#12182=CARTESIAN_POINT('',(-34.4085058100325,19.4483957554374,26.6499989891052));
#12183=CARTESIAN_POINT('',(-33.3810032060028,18.4208931514077,26.6499989891052));
#12184=CARTESIAN_POINT('',(-34.4085058100325,19.4483957554374,23.8699989891052));
#12185=CARTESIAN_POINT('Origin',(-39.8612009946691,20.1681979667711,23.8699989891052));
#12186=CARTESIAN_POINT('',(-45.3106165821998,19.4239737032741,26.6499989891052));
#12187=CARTESIAN_POINT('Origin',(-39.8612009946691,20.1681979667711,26.6499989891052));
#12188=CARTESIAN_POINT('',(-45.3106165821998,19.4239737032741,23.8699989891052));
#12189=CARTESIAN_POINT('Origin',(-45.3106165821998,19.4239737032741,23.8699989891052));
#12190=CARTESIAN_POINT('',(-46.3160785966966,18.4174908210816,26.6499989891052));
#12191=CARTESIAN_POINT('',(-46.3160785966966,18.4174908210816,26.6499989891052));
#12192=CARTESIAN_POINT('',(-46.3160785966966,18.4174908210816,23.8699989891052));
#12193=CARTESIAN_POINT('Origin',(-47.0612009946691,12.9681979667711,23.8699989891052));
#12194=CARTESIAN_POINT('',(-46.3283693909884,7.51723861628544,26.6499989891052));
#12195=CARTESIAN_POINT('Origin',(-47.0612009946691,12.9681979667711,26.6499989891052));
#12196=CARTESIAN_POINT('',(-46.3283693909884,7.51723861628544,23.8699989891052));
#12197=CARTESIAN_POINT('Origin',(-46.3283693909884,7.51723861628544,23.8699989891052));
#12198=CARTESIAN_POINT('',(-45.3121603451548,6.50102957045177,26.6499989891052));
#12199=CARTESIAN_POINT('',(-45.3121603451548,6.50102957045177,26.6499989891052));
#12200=CARTESIAN_POINT('',(-45.3121603451548,6.50102957045177,23.8699989891052));
#12201=CARTESIAN_POINT('Origin',(-32.6612009946691,12.9681979667711,23.8699989891052));
#12202=CARTESIAN_POINT('',(-33.4005567533266,7.51811970475134,26.6499989891052));
#12203=CARTESIAN_POINT('',(-33.4005567533266,7.51811970475134,23.8699989891052));
#12204=CARTESIAN_POINT('Origin',(-32.6612009946691,12.9681979667711,26.6499989891052));
#12205=CARTESIAN_POINT('Origin',(-34.4111227326494,6.50755372542855,23.8699989891052));
#12206=CARTESIAN_POINT('',(-34.4111227326494,6.50755372542855,26.6499989891052));
#12207=CARTESIAN_POINT('',(-34.4111227326494,6.50755372542855,23.8699989891052));
#12208=CARTESIAN_POINT('',(-34.4111227326494,6.50755372542855,26.6499989891052));
#12209=CARTESIAN_POINT('Origin',(-39.8612009946691,5.76819796677104,23.8699989891052));
#12210=CARTESIAN_POINT('Origin',(-39.8612009946691,5.76819796677104,26.6499989891052));
#12211=CARTESIAN_POINT('Origin',(-39.8612009946691,12.968197966771,26.6499989891052));
#12212=CARTESIAN_POINT('Origin',(-40.1148990077642,-2.99716515439113,23.95));
#12213=CARTESIAN_POINT('',(-34.5810948379054,-3.24716515439112,24.2));
#12214=CARTESIAN_POINT('',(-34.8336353410576,-2.74716515439113,23.7));
#12215=CARTESIAN_POINT('Origin',(-32.4898990077642,-1.87716515439112,22.83));
#12216=CARTESIAN_POINT('',(-30.1461626744707,-2.74716515439113,23.7));
#12217=CARTESIAN_POINT('',(-40.1148990077642,-2.74716515439113,23.7));
#12218=CARTESIAN_POINT('',(-30.3987031776229,-3.24716515439112,24.2));
#12219=CARTESIAN_POINT('Origin',(-32.4898990077642,-1.87716515439112,22.83));
#12220=CARTESIAN_POINT('',(-40.1148990077642,-3.24716515439113,24.2));
#12221=CARTESIAN_POINT('Origin',(-32.4898990077642,-1.31216515439112,23.7));
#12222=CARTESIAN_POINT('Origin',(-32.4898990077642,-1.87716515439112,23.7));
#12223=CARTESIAN_POINT('',(-31.7898990077642,-1.87716515439112,23.7));
#12224=CARTESIAN_POINT('Origin',(-32.4898990077642,-1.87716515439112,23.7));
#12225=CARTESIAN_POINT('Origin',(-47.9898990077642,-20.9871651543911,23.95));
#12226=CARTESIAN_POINT('',(-47.7398990077642,-21.9783609845323,24.2));
#12227=CARTESIAN_POINT('',(-48.2398990077642,-22.2309014876846,23.7));
#12228=CARTESIAN_POINT('Origin',(-49.1098990077642,-19.8871651543911,22.83));
#12229=CARTESIAN_POINT('',(-48.2398990077642,-17.5434288210976,23.7));
#12230=CARTESIAN_POINT('',(-48.2398990077642,-20.9871651543911,23.7));
#12231=CARTESIAN_POINT('',(-47.7398990077642,-17.7959693242499,24.2));
#12232=CARTESIAN_POINT('Origin',(-49.1098990077642,-19.8871651543911,22.83));
#12233=CARTESIAN_POINT('',(-47.7398990077642,-20.9871651543911,24.2));
#12234=CARTESIAN_POINT('Origin',(-49.6748990077642,-19.8871651543911,23.7));
#12235=CARTESIAN_POINT('Origin',(-49.1098990077642,-19.8871651543911,23.7));
#12236=CARTESIAN_POINT('',(-48.4098990077642,-19.8871651543911,23.7));
#12237=CARTESIAN_POINT('Origin',(-49.1098990077642,-19.8871651543911,23.7));
#12238=CARTESIAN_POINT('Origin',(-2.17001345865926,24.0580369045542,23.95));
#12239=CARTESIAN_POINT('',(-2.42001345865926,18.5242327346954,24.2));
#12240=CARTESIAN_POINT('',(-1.92001345865926,18.7767732378476,23.7));
#12241=CARTESIAN_POINT('Origin',(-1.05001345865925,16.4330369045542,22.83));
#12242=CARTESIAN_POINT('',(-1.92001345865926,14.0893005712607,23.7));
#12243=CARTESIAN_POINT('',(-1.92001345865926,24.0580369045542,23.7));
#12244=CARTESIAN_POINT('',(-2.42001345865926,14.341841074413,24.2));
#12245=CARTESIAN_POINT('Origin',(-1.05001345865925,16.4330369045542,22.83));
#12246=CARTESIAN_POINT('',(-2.42001345865926,24.0580369045542,24.2));
#12247=CARTESIAN_POINT('Origin',(-0.48501345865926,16.4330369045542,23.7));
#12248=CARTESIAN_POINT('Origin',(-1.05001345865925,16.4330369045542,23.7));
#12249=CARTESIAN_POINT('',(-0.350013458659246,16.4330369045542,23.7));
#12250=CARTESIAN_POINT('Origin',(-1.05001345865925,16.4330369045542,23.7));
#12251=CARTESIAN_POINT('Origin',(-20.1600134586593,31.9330369045542,23.95));
#12252=CARTESIAN_POINT('',(-21.1512092888005,31.6830369045541,24.2));
#12253=CARTESIAN_POINT('',(-21.4037497919527,32.1830369045542,23.7));
#12254=CARTESIAN_POINT('Origin',(-19.0600134586593,33.0530369045541,22.8300000000001));
#12255=CARTESIAN_POINT('',(-16.7162771253658,32.1830369045542,23.7));
#12256=CARTESIAN_POINT('',(-20.1600134586593,32.1830369045542,23.7));
#12257=CARTESIAN_POINT('',(-16.9688176285181,31.6830369045541,24.2));
#12258=CARTESIAN_POINT('Origin',(-19.0600134586593,33.0530369045541,22.8300000000001));
#12259=CARTESIAN_POINT('',(-20.1600134586593,31.6830369045541,24.2));
#12260=CARTESIAN_POINT('Origin',(-19.0600134586593,33.6180369045541,23.7));
#12261=CARTESIAN_POINT('Origin',(-19.0600134586593,33.0530369045541,23.7));
#12262=CARTESIAN_POINT('',(-18.3600134586593,33.0530369045541,23.7));
#12263=CARTESIAN_POINT('Origin',(-19.0600134586593,33.0530369045541,23.7));
#12264=CARTESIAN_POINT('Origin',(-49.1098990077642,-19.8871651543911,25.5));
#12265=CARTESIAN_POINT('',(-48.4098990077642,-19.8871651543911,25.5));
#12266=CARTESIAN_POINT('',(-48.4098990077642,-19.8871651543911,25.5));
#12267=CARTESIAN_POINT('Origin',(-49.1098990077642,-19.8871651543911,25.5));
#12268=CARTESIAN_POINT('Origin',(-49.1098990077642,-19.8871651543911,25.5));
#12269=CARTESIAN_POINT('',(-47.7398990077642,-21.9783609845323,25.5));
#12270=CARTESIAN_POINT('',(-47.7398990077642,-17.7959693242499,25.5));
#12271=CARTESIAN_POINT('Origin',(-19.0600134586593,33.0530369045541,25.5));
#12272=CARTESIAN_POINT('',(-18.3600134586593,33.0530369045541,25.5));
#12273=CARTESIAN_POINT('',(-18.3600134586593,33.0530369045541,25.5));
#12274=CARTESIAN_POINT('Origin',(-19.0600134586593,33.0530369045541,25.5));
#12275=CARTESIAN_POINT('Origin',(-19.0600134586593,33.0530369045541,25.5));
#12276=CARTESIAN_POINT('',(-21.1512092888005,31.6830369045541,25.5));
#12277=CARTESIAN_POINT('',(-16.9688176285181,31.6830369045541,25.5));
#12278=CARTESIAN_POINT('Origin',(3.5527136788005E-14,-8.88178419700125E-15,
25.5));
#12279=CARTESIAN_POINT('Origin',(-1.05001345865925,16.4330369045542,25.5));
#12280=CARTESIAN_POINT('',(-0.350013458659246,16.4330369045542,25.5));
#12281=CARTESIAN_POINT('',(-0.350013458659246,16.4330369045542,25.5));
#12282=CARTESIAN_POINT('Origin',(-1.05001345865925,16.4330369045542,25.5));
#12283=CARTESIAN_POINT('Origin',(-1.05001345865925,16.4330369045542,25.5));
#12284=CARTESIAN_POINT('',(-2.42001345865926,18.5242327346954,25.5));
#12285=CARTESIAN_POINT('',(-2.42001345865926,14.341841074413,25.5));
#12286=CARTESIAN_POINT('Origin',(3.5527136788005E-14,-8.88178419700125E-15,
25.5));
#12287=CARTESIAN_POINT('Origin',(-32.4898990077642,-1.87716515439112,25.5));
#12288=CARTESIAN_POINT('',(-31.7898990077642,-1.87716515439112,25.5));
#12289=CARTESIAN_POINT('',(-31.7898990077642,-1.87716515439112,25.5));
#12290=CARTESIAN_POINT('Origin',(-32.4898990077642,-1.87716515439112,25.5));
#12291=CARTESIAN_POINT('Origin',(-32.4898990077642,-1.87716515439112,25.5));
#12292=CARTESIAN_POINT('',(-34.5810948379054,-3.24716515439112,25.5));
#12293=CARTESIAN_POINT('',(-30.3987031776229,-3.24716515439112,25.5));
#12294=CARTESIAN_POINT('Origin',(3.5527136788005E-14,-8.88178419700125E-15,
25.5));
#12295=CARTESIAN_POINT('Origin',(-39.8198990077642,-13.187165154391,34.1199989891052));
#12296=CARTESIAN_POINT('',(-32.3198990077642,-13.187165154391,26.4999989891052));
#12297=CARTESIAN_POINT('',(-32.3198990077642,-13.187165154391,34.1199989891052));
#12298=CARTESIAN_POINT('Origin',(-39.8198990077642,-13.187165154391,26.4999989891052));
#12299=CARTESIAN_POINT('Origin',(-12.3600134586591,23.7630369045541,34.1199989891052));
#12300=CARTESIAN_POINT('',(-4.86001345865911,23.7630369045541,26.4999989891052));
#12301=CARTESIAN_POINT('',(-4.86001345865911,23.7630369045541,34.1199989891052));
#12302=CARTESIAN_POINT('Origin',(-12.3600134586591,23.7630369045541,26.4999989891052));
#12303=CARTESIAN_POINT('Origin',(-21.2600134586593,14.232753652605,26.4999989891052));
#12304=CARTESIAN_POINT('',(-21.2600134586593,31.6830369045541,26.4999989891052));
#12305=CARTESIAN_POINT('',(-21.2600134586593,14.232753652605,26.4999989891052));
#12306=CARTESIAN_POINT('',(-21.2600134586593,31.6830369045541,26.4999989891052));
#12307=CARTESIAN_POINT('',(-21.2600134586593,14.232753652605,26.4999989891052));
#12308=CARTESIAN_POINT('',(-21.2600134586593,31.6830369045541,26.4999989891052));
#12309=CARTESIAN_POINT('Origin',(-2.42001345865926,14.232753652605,26.4999989891052));
#12310=CARTESIAN_POINT('',(-2.42001345865926,14.232753652605,26.4999989891052));
#12311=CARTESIAN_POINT('',(-21.2600134586593,14.232753652605,26.4999989891052));
#12312=CARTESIAN_POINT('',(-2.42001345865926,14.232753652605,26.4999989891052));
#12313=CARTESIAN_POINT('Origin',(-2.42001345865926,31.6830369045541,26.4999989891052));
#12314=CARTESIAN_POINT('',(-2.42001345865926,31.6830369045541,26.4999989891052));
#12315=CARTESIAN_POINT('',(-2.42001345865926,14.232753652605,26.4999989891052));
#12316=CARTESIAN_POINT('',(-2.42001345865926,31.6830369045541,26.4999989891052));
#12317=CARTESIAN_POINT('Origin',(-21.2600134586593,31.6830369045541,26.4999989891052));
#12318=CARTESIAN_POINT('',(-2.42001345865926,31.6830369045541,26.4999989891052));
#12319=CARTESIAN_POINT('Origin',(-11.8400134586593,22.9578952785795,26.4999989891052));
#12320=CARTESIAN_POINT('Origin',(-47.7398990077642,-22.0871651543911,26.4999989891052));
#12321=CARTESIAN_POINT('',(-47.7398990077642,-3.24716515439114,26.4999989891052));
#12322=CARTESIAN_POINT('',(-47.7398990077642,-3.24716515439114,26.4999989891052));
#12323=CARTESIAN_POINT('',(-47.7398990077642,-22.0871651543911,26.4999989891052));
#12324=CARTESIAN_POINT('',(-47.7398990077642,-3.24716515439114,26.4999989891052));
#12325=CARTESIAN_POINT('',(-47.7398990077642,-22.0871651543911,26.4999989891052));
#12326=CARTESIAN_POINT('Origin',(-30.245205817449,-22.0871651543911,26.4999989891052));
#12327=CARTESIAN_POINT('',(-30.245205817449,-22.0871651543911,26.4999989891052));
#12328=CARTESIAN_POINT('',(-47.7398990077642,-22.0871651543911,26.4999989891052));
#12329=CARTESIAN_POINT('',(-30.245205817449,-22.0871651543911,26.4999989891052));
#12330=CARTESIAN_POINT('Origin',(-30.245205817449,-3.24716515439112,26.4999989891052));
#12331=CARTESIAN_POINT('',(-30.245205817449,-3.24716515439112,26.4999989891052));
#12332=CARTESIAN_POINT('',(-30.245205817449,-22.0871651543911,26.4999989891052));
#12333=CARTESIAN_POINT('',(-30.245205817449,-3.24716515439112,26.4999989891052));
#12334=CARTESIAN_POINT('Origin',(-47.7398990077642,-3.24716515439114,26.4999989891052));
#12335=CARTESIAN_POINT('',(-30.245205817449,-3.24716515439112,26.4999989891052));
#12336=CARTESIAN_POINT('Origin',(-38.9925524126066,-12.6671651543911,26.4999989891052));
#12337=CARTESIAN_POINT('Origin',(-14.3188453287967,-26.0894400390424,24.3699989891052));
#12338=CARTESIAN_POINT('',(-14.3188453287967,-22.4894400390424,24.3699989891052));
#12339=CARTESIAN_POINT('',(-14.3188453287967,-26.0894400390424,24.3699989891052));
#12340=CARTESIAN_POINT('',(-14.3188453287967,-25.1894400390424,24.3699989891052));
#12341=CARTESIAN_POINT('',(-14.3188453287967,-22.4894400390424,24.0699989891052));
#12342=CARTESIAN_POINT('',(-14.3188453287967,-22.4894400390424,24.3699989891052));
#12343=CARTESIAN_POINT('',(-14.3188453287967,-26.0894400390424,24.0699989891052));
#12344=CARTESIAN_POINT('',(-14.3188453287967,-22.4894400390424,24.0699989891052));
#12345=CARTESIAN_POINT('',(-14.3188453287967,-26.0894400390424,24.3699989891052));
#12346=CARTESIAN_POINT('Origin',(-10.7188453287967,-26.0894400390424,24.3699989891052));
#12347=CARTESIAN_POINT('',(-10.7188453287967,-26.0894400390424,24.3699989891052));
#12348=CARTESIAN_POINT('',(-11.6188453287967,-26.0894400390424,24.3699989891052));
#12349=CARTESIAN_POINT('',(-10.7188453287967,-26.0894400390424,24.0699989891052));
#12350=CARTESIAN_POINT('',(-14.3188453287967,-26.0894400390424,24.0699989891052));
#12351=CARTESIAN_POINT('',(-10.7188453287967,-26.0894400390424,24.3699989891052));
#12352=CARTESIAN_POINT('Origin',(-10.7188453287967,-22.4894400390424,24.3699989891052));
#12353=CARTESIAN_POINT('',(-10.7188453287967,-22.4894400390424,24.3699989891052));
#12354=CARTESIAN_POINT('',(-10.7188453287967,-23.3894400390424,24.3699989891052));
#12355=CARTESIAN_POINT('',(-10.7188453287967,-22.4894400390424,24.0699989891052));
#12356=CARTESIAN_POINT('',(-10.7188453287967,-26.0894400390424,24.0699989891052));
#12357=CARTESIAN_POINT('',(-10.7188453287967,-22.4894400390424,24.3699989891052));
#12358=CARTESIAN_POINT('Origin',(-14.3188453287967,-22.4894400390424,24.3699989891052));
#12359=CARTESIAN_POINT('',(-13.4188453287967,-22.4894400390424,24.3699989891052));
#12360=CARTESIAN_POINT('',(-10.7188453287967,-22.4894400390424,24.0699989891052));
#12361=CARTESIAN_POINT('Origin',(-12.5188453287967,-24.2894400390424,24.0699989891052));
#12362=CARTESIAN_POINT('Origin',(-8.12531922179416,-14.2758893516763,24.3699989891052));
#12363=CARTESIAN_POINT('',(-8.27478825467721,-14.4253583845593,24.3699989891052));
#12364=CARTESIAN_POINT('',(-8.12531922179416,-14.2758893516763,24.3699989891052));
#12365=CARTESIAN_POINT('',(-8.27478825467721,-14.4253583845593,24.3699989891052));
#12366=CARTESIAN_POINT('',(-8.27478825467721,-14.4253583845593,26.4999989891052));
#12367=CARTESIAN_POINT('',(-8.27478825467721,-14.4253583845593,24.3699989891052));
#12368=CARTESIAN_POINT('',(-8.12531922179416,-14.2758893516763,26.4999989891052));
#12369=CARTESIAN_POINT('',(-11.7270884203863,-17.8776585502684,26.4999989891052));
#12370=CARTESIAN_POINT('',(-8.12531922179416,-14.2758893516763,24.3699989891052));
#12371=CARTESIAN_POINT('Origin',(-7.84247650931954,-14.5587320641509,24.3699989891052));
#12372=CARTESIAN_POINT('',(-7.48447698246963,-14.3803046593745,24.3699989891052));
#12373=CARTESIAN_POINT('Origin',(-7.84247650931954,-14.5587320641509,24.3699989891052));
#12374=CARTESIAN_POINT('',(-7.48447698246963,-14.3803046593745,26.4999989891052));
#12375=CARTESIAN_POINT('Origin',(-7.84247650931954,-14.5587320641509,26.4999989891052));
#12376=CARTESIAN_POINT('',(-7.48447698246963,-14.3803046593745,24.3699989891052));
#12377=CARTESIAN_POINT('Origin',(-12.5188453287967,-16.8894400390424,24.3699989891052));
#12378=CARTESIAN_POINT('',(-6.89820679868697,-17.1109067720907,24.3699989891052));
#12379=CARTESIAN_POINT('Origin',(-12.5188453287967,-16.8894400390424,24.3699989891052));
#12380=CARTESIAN_POINT('',(-6.89820679868697,-17.1109067720907,26.4999989891052));
#12381=CARTESIAN_POINT('Origin',(-12.5188453287967,-16.8894400390424,26.4999989891052));
#12382=CARTESIAN_POINT('',(-6.89820679868697,-17.1109067720907,24.3699989891052));
#12383=CARTESIAN_POINT('Origin',(-5.39936985732441,-17.1699645675703,24.3699989891052));
#12384=CARTESIAN_POINT('',(-5.34031206184486,-18.6688015089328,24.3699989891052));
#12385=CARTESIAN_POINT('Origin',(-5.39936985732441,-17.1699645675703,24.3699989891052));
#12386=CARTESIAN_POINT('',(-5.34031206184486,-18.6688015089328,26.4999989891052));
#12387=CARTESIAN_POINT('Origin',(-5.39936985732441,-17.1699645675703,26.4999989891052));
#12388=CARTESIAN_POINT('',(-5.34031206184486,-18.6688015089328,24.3699989891052));
#12389=CARTESIAN_POINT('Origin',(-5.1188453287967,-24.2894400390424,24.3699989891052));
#12390=CARTESIAN_POINT('',(-0.0850300523321668,-26.7996848005013,24.3699989891052));
#12391=CARTESIAN_POINT('Origin',(-5.1188453287967,-24.2894400390424,24.3699989891052));
#12392=CARTESIAN_POINT('',(-0.0850300523321668,-26.7996848005013,26.4999989891052));
#12393=CARTESIAN_POINT('Origin',(-5.1188453287967,-24.2894400390424,26.4999989891052));
#12394=CARTESIAN_POINT('',(-0.0850300523321668,-26.7996848005013,24.3699989891052));
#12395=CARTESIAN_POINT('Origin',(-0.44299024976965,-26.6211785063531,24.3699989891052));
#12396=CARTESIAN_POINT('',(-0.725832962244271,-26.9040212188277,24.3699989891052));
#12397=CARTESIAN_POINT('Origin',(-0.44299024976965,-26.6211785063531,24.3699989891052));
#12398=CARTESIAN_POINT('',(-0.725832962244271,-26.9040212188277,26.4999989891052));
#12399=CARTESIAN_POINT('Origin',(-0.44299024976965,-26.6211785063531,26.4999989891052));
#12400=CARTESIAN_POINT('',(-0.725832962244271,-26.9040212188277,24.3699989891052));
#12401=CARTESIAN_POINT('Origin',(-0.87529048189853,-26.7545636991734,24.3699989891052));
#12402=CARTESIAN_POINT('',(-0.87529048189853,-26.7545636991734,24.3699989891052));
#12403=CARTESIAN_POINT('',(-0.87529048189853,-26.7545636991734,24.3699989891052));
#12404=CARTESIAN_POINT('',(-0.87529048189853,-26.7545636991734,26.4999989891052));
#12405=CARTESIAN_POINT('',(-4.40246010865581,-23.2273940724161,26.4999989891052));
#12406=CARTESIAN_POINT('',(-0.87529048189853,-26.7545636991734,24.3699989891052));
#12407=CARTESIAN_POINT('Origin',(-0.592447769423909,-26.4717209866988,24.3699989891052));
#12408=CARTESIAN_POINT('',(-0.952758022906313,-26.2980070804177,24.3699989891052));
#12409=CARTESIAN_POINT('Origin',(-0.592447769423909,-26.4717209866988,24.3699989891052));
#12410=CARTESIAN_POINT('',(-0.952758022906313,-26.2980070804177,26.4999989891052));
#12411=CARTESIAN_POINT('Origin',(-0.592447769423909,-26.4717209866988,26.4999989891052));
#12412=CARTESIAN_POINT('',(-0.952758022906313,-26.2980070804177,24.3699989891052));
#12413=CARTESIAN_POINT('Origin',(-5.1188453287967,-24.2894400390424,24.3699989891052));
#12414=CARTESIAN_POINT('',(-3.09705080375319,-28.4491241494652,24.3699989891052));
#12415=CARTESIAN_POINT('Origin',(-5.1188453287967,-24.2894400390424,24.3699989891052));
#12416=CARTESIAN_POINT('',(-3.09705080375319,-28.4491241494652,26.4999989891052));
#12417=CARTESIAN_POINT('Origin',(-5.1188453287967,-24.2894400390424,26.4999989891052));
#12418=CARTESIAN_POINT('',(-3.09705080375319,-28.4491241494652,24.3699989891052));
#12419=CARTESIAN_POINT('Origin',(-2.92219289888457,-28.8088806130694,24.3699989891052));
#12420=CARTESIAN_POINT('',(-2.63935018640995,-28.5260379005948,24.3699989891052));
#12421=CARTESIAN_POINT('Origin',(-2.92219289888457,-28.8088806130694,24.3699989891052));
#12422=CARTESIAN_POINT('',(-2.63935018640995,-28.5260379005948,26.4999989891052));
#12423=CARTESIAN_POINT('Origin',(-2.92219289888457,-28.8088806130694,26.4999989891052));
#12424=CARTESIAN_POINT('',(-2.63935018640995,-28.5260379005948,24.3699989891052));
#12425=CARTESIAN_POINT('Origin',(-2.490050639101,-28.6753374479037,24.3699989891052));
#12426=CARTESIAN_POINT('',(-2.49005063910099,-28.6753374479037,24.3699989891052));
#12427=CARTESIAN_POINT('',(-2.63935018640995,-28.5260379005948,24.3699989891052));
#12428=CARTESIAN_POINT('',(-2.49005063910099,-28.6753374479037,26.4999989891052));
#12429=CARTESIAN_POINT('',(-6.09372366374023,-25.0716644232645,26.4999989891052));
#12430=CARTESIAN_POINT('',(-2.49005063910099,-28.6753374479037,24.3699989891052));
#12431=CARTESIAN_POINT('Origin',(-2.77289335157562,-28.9581801603783,24.3699989891052));
#12432=CARTESIAN_POINT('',(-2.5932989418362,-29.3155956720596,24.3699989891052));
#12433=CARTESIAN_POINT('Origin',(-2.77289335157562,-28.9581801603783,24.3699989891052));
#12434=CARTESIAN_POINT('',(-2.5932989418362,-29.3155956720596,26.4999989891052));
#12435=CARTESIAN_POINT('Origin',(-2.77289335157562,-28.9581801603783,26.4999989891052));
#12436=CARTESIAN_POINT('',(-2.5932989418362,-29.3155956720596,24.3699989891052));
#12437=CARTESIAN_POINT('Origin',(-5.1188453287967,-24.2894400390424,24.3699989891052));
#12438=CARTESIAN_POINT('',(-5.34031206184498,-29.910078569152,24.3699989891052));
#12439=CARTESIAN_POINT('Origin',(-5.1188453287967,-24.2894400390424,24.3699989891052));
#12440=CARTESIAN_POINT('',(-5.34031206184498,-29.910078569152,26.4999989891052));
#12441=CARTESIAN_POINT('Origin',(-5.1188453287967,-24.2894400390424,26.4999989891052));
#12442=CARTESIAN_POINT('',(-5.34031206184498,-29.910078569152,24.3699989891052));
#12443=CARTESIAN_POINT('Origin',(-5.39936985732452,-31.4089155105145,24.3699989891052));
#12444=CARTESIAN_POINT('',(-6.89820679868707,-31.4679733059941,24.3699989891052));
#12445=CARTESIAN_POINT('Origin',(-5.39936985732452,-31.4089155105145,24.3699989891052));
#12446=CARTESIAN_POINT('',(-6.89820679868707,-31.4679733059941,26.4999989891052));
#12447=CARTESIAN_POINT('Origin',(-5.39936985732452,-31.4089155105145,26.4999989891052));
#12448=CARTESIAN_POINT('',(-6.89820679868707,-31.4679733059941,24.3699989891052));
#12449=CARTESIAN_POINT('Origin',(-12.5188453287967,-31.6894400390424,24.3699989891052));
#12450=CARTESIAN_POINT('',(-15.0471081506275,-36.7142297962112,24.3699989891052));
#12451=CARTESIAN_POINT('Origin',(-12.5188453287967,-31.6894400390424,24.3699989891052));
#12452=CARTESIAN_POINT('',(-15.0471081506275,-36.7142297962112,26.4999989891052));
#12453=CARTESIAN_POINT('Origin',(-12.5188453287967,-31.6894400390424,26.4999989891052));
#12454=CARTESIAN_POINT('',(-15.0471081506275,-36.7142297962112,24.3699989891052));
#12455=CARTESIAN_POINT('Origin',(-14.8673205721862,-36.3569114134792,24.3699989891052));
#12456=CARTESIAN_POINT('',(-15.1501632846608,-36.0740687010046,24.3699989891052));
#12457=CARTESIAN_POINT('Origin',(-14.8673205721862,-36.3569114134792,24.3699989891052));
#12458=CARTESIAN_POINT('',(-15.1501632846608,-36.0740687010046,26.4999989891052));
#12459=CARTESIAN_POINT('Origin',(-14.8673205721862,-36.3569114134792,26.4999989891052));
#12460=CARTESIAN_POINT('',(-15.1501632846608,-36.0740687010046,24.3699989891052));
#12461=CARTESIAN_POINT('Origin',(-15.0008916201405,-35.9247970364842,24.3699989891052));
#12462=CARTESIAN_POINT('',(-15.0008916201405,-35.9247970364842,24.3699989891052));
#12463=CARTESIAN_POINT('',(-15.0008916201405,-35.9247970364842,24.3699989891052));
#12464=CARTESIAN_POINT('',(-15.0008916201405,-35.9247970364842,26.4999989891052));
#12465=CARTESIAN_POINT('',(-11.471540797944,-32.3954462142882,26.4999989891052));
#12466=CARTESIAN_POINT('',(-15.0008916201405,-35.9247970364842,24.3699989891052));
#12467=CARTESIAN_POINT('Origin',(-14.7180489076659,-36.2076397489589,24.3699989891052));
#12468=CARTESIAN_POINT('',(-14.5429879262634,-35.8479820606073,24.3699989891052));
#12469=CARTESIAN_POINT('Origin',(-14.7180489076659,-36.2076397489589,24.3699989891052));
#12470=CARTESIAN_POINT('',(-14.5429879262634,-35.8479820606073,26.4999989891052));
#12471=CARTESIAN_POINT('Origin',(-14.7180489076659,-36.2076397489589,26.4999989891052));
#12472=CARTESIAN_POINT('',(-14.5429879262634,-35.8479820606073,24.3699989891052));
#12473=CARTESIAN_POINT('Origin',(-12.5188453287967,-31.6894400390424,24.3699989891052));
#12474=CARTESIAN_POINT('',(-16.6860674034915,-33.695651687941,24.3699989891052));
#12475=CARTESIAN_POINT('Origin',(-12.5188453287967,-31.6894400390424,24.3699989891052));
#12476=CARTESIAN_POINT('',(-16.6860674034915,-33.695651687941,26.4999989891052));
#12477=CARTESIAN_POINT('Origin',(-12.5188453287967,-31.6894400390424,26.4999989891052));
#12478=CARTESIAN_POINT('',(-16.6860674034915,-33.695651687941,24.3699989891052));
#12479=CARTESIAN_POINT('Origin',(-17.0464757991408,-33.8691618846025,24.3699989891052));
#12480=CARTESIAN_POINT('',(-16.7636330866662,-34.1520045970772,24.3699989891052));
#12481=CARTESIAN_POINT('Origin',(-17.0464757991408,-33.8691618846025,24.3699989891052));
#12482=CARTESIAN_POINT('',(-16.7636330866662,-34.1520045970772,26.4999989891052));
#12483=CARTESIAN_POINT('Origin',(-17.0464757991408,-33.8691618846025,26.4999989891052));
#12484=CARTESIAN_POINT('',(-16.7636330866662,-34.1520045970772,24.3699989891052));
#12485=CARTESIAN_POINT('Origin',(-16.9131188964821,-34.3014904068931,24.3699989891052));
#12486=CARTESIAN_POINT('',(-16.9131188964821,-34.3014904068931,24.3699989891052));
#12487=CARTESIAN_POINT('',(-16.7636330866662,-34.1520045970772,24.3699989891052));
#12488=CARTESIAN_POINT('',(-16.9131188964821,-34.3014904068931,26.4999989891052));
#12489=CARTESIAN_POINT('',(-13.311537912598,-30.6999094230092,26.4999989891052));
#12490=CARTESIAN_POINT('',(-16.9131188964821,-34.3014904068931,24.3699989891052));
#12491=CARTESIAN_POINT('Origin',(-17.1959616089567,-34.0186476944184,24.3699989891052));
#12492=CARTESIAN_POINT('',(-17.5540183576771,-34.1969602421985,24.3699989891052));
#12493=CARTESIAN_POINT('Origin',(-17.1959616089567,-34.0186476944184,24.3699989891052));
#12494=CARTESIAN_POINT('',(-17.5540183576771,-34.1969602421985,26.4999989891052));
#12495=CARTESIAN_POINT('Origin',(-17.1959616089567,-34.0186476944184,26.4999989891052));
#12496=CARTESIAN_POINT('',(-17.5540183576771,-34.1969602421985,24.3699989891052));
#12497=CARTESIAN_POINT('Origin',(-12.5188453287967,-31.6894400390424,24.3699989891052));
#12498=CARTESIAN_POINT('',(-18.1394838589063,-31.467973305994,24.3699989891052));
#12499=CARTESIAN_POINT('Origin',(-12.5188453287967,-31.6894400390424,24.3699989891052));
#12500=CARTESIAN_POINT('',(-18.1394838589063,-31.467973305994,26.4999989891052));
#12501=CARTESIAN_POINT('Origin',(-12.5188453287967,-31.6894400390424,26.4999989891052));
#12502=CARTESIAN_POINT('',(-18.1394838589063,-31.467973305994,24.3699989891052));
#12503=CARTESIAN_POINT('Origin',(-19.6383208002689,-31.4089155105145,24.3699989891052));
#12504=CARTESIAN_POINT('',(-19.6973785957484,-29.9100785691519,24.3699989891052));
#12505=CARTESIAN_POINT('Origin',(-19.6383208002689,-31.4089155105145,24.3699989891052));
#12506=CARTESIAN_POINT('',(-19.6973785957484,-29.9100785691519,26.4999989891052));
#12507=CARTESIAN_POINT('Origin',(-19.6383208002689,-31.4089155105145,26.4999989891052));
#12508=CARTESIAN_POINT('',(-19.6973785957484,-29.9100785691519,24.3699989891052));
#12509=CARTESIAN_POINT('Origin',(-19.9188453287967,-24.2894400390424,24.3699989891052));
#12510=CARTESIAN_POINT('',(-24.9441341356374,-21.7621692961578,24.3699989891052));
#12511=CARTESIAN_POINT('Origin',(-19.9188453287967,-24.2894400390424,24.3699989891052));
#12512=CARTESIAN_POINT('',(-24.9441341356374,-21.7621692961578,26.4999989891052));
#12513=CARTESIAN_POINT('Origin',(-19.9188453287967,-24.2894400390424,26.4999989891052));
#12514=CARTESIAN_POINT('',(-24.9441341356374,-21.7621692961578,24.3699989891052));
#12515=CARTESIAN_POINT('Origin',(-24.5867802649287,-21.9418863267629,24.3699989891052));
#12516=CARTESIAN_POINT('',(-24.3039375524541,-21.6590436142883,24.3699989891052));
#12517=CARTESIAN_POINT('Origin',(-24.5867802649287,-21.9418863267629,24.3699989891052));
#12518=CARTESIAN_POINT('',(-24.3039375524541,-21.6590436142883,26.4999989891052));
#12519=CARTESIAN_POINT('Origin',(-24.5867802649287,-21.9418863267629,26.4999989891052));
#12520=CARTESIAN_POINT('',(-24.3039375524541,-21.6590436142883,24.3699989891052));
#12521=CARTESIAN_POINT('Origin',(-24.1546557103967,-21.8083254563456,24.3699989891052));
#12522=CARTESIAN_POINT('',(-24.1546557103967,-21.8083254563456,24.3699989891052));
#12523=CARTESIAN_POINT('',(-24.1546557103967,-21.8083254563456,24.3699989891052));
#12524=CARTESIAN_POINT('',(-24.1546557103967,-21.8083254563456,26.4999989891052));
#12525=CARTESIAN_POINT('',(-20.6254244693227,-25.3375566974199,26.4999989891052));
#12526=CARTESIAN_POINT('',(-24.1546557103967,-21.8083254563456,24.3699989891052));
#12527=CARTESIAN_POINT('Origin',(-24.4374984228713,-22.0911681688203,24.3699989891052));
#12528=CARTESIAN_POINT('',(-24.0778046442385,-22.2661549843603,24.3699989891052));
#12529=CARTESIAN_POINT('Origin',(-24.4374984228713,-22.0911681688203,24.3699989891052));
#12530=CARTESIAN_POINT('',(-24.0778046442385,-22.2661549843603,26.4999989891052));
#12531=CARTESIAN_POINT('Origin',(-24.4374984228713,-22.0911681688203,26.4999989891052));
#12532=CARTESIAN_POINT('',(-24.0778046442385,-22.2661549843603,24.3699989891052));
#12533=CARTESIAN_POINT('Origin',(-19.9188453287967,-24.2894400390424,24.3699989891052));
#12534=CARTESIAN_POINT('',(-21.9259174504338,-20.1226323282706,24.3699989891052));
#12535=CARTESIAN_POINT('Origin',(-19.9188453287967,-24.2894400390424,24.3699989891052));
#12536=CARTESIAN_POINT('',(-21.9259174504338,-20.1226323282706,26.4999989891052));
#12537=CARTESIAN_POINT('Origin',(-19.9188453287967,-24.2894400390424,26.4999989891052));
#12538=CARTESIAN_POINT('',(-21.9259174504338,-20.1226323282706,24.3699989891052));
#12539=CARTESIAN_POINT('Origin',(-22.0995020663592,-19.7622597695012,24.3699989891052));
#12540=CARTESIAN_POINT('',(-22.3823447788338,-20.0451024819758,24.3699989891052));
#12541=CARTESIAN_POINT('Origin',(-22.0995020663592,-19.7622597695012,24.3699989891052));
#12542=CARTESIAN_POINT('',(-22.3823447788338,-20.0451024819758,26.4999989891052));
#12543=CARTESIAN_POINT('Origin',(-22.0995020663592,-19.7622597695012,26.4999989891052));
#12544=CARTESIAN_POINT('',(-22.3823447788338,-20.0451024819758,24.3699989891052));
#12545=CARTESIAN_POINT('Origin',(-22.5318202480556,-19.895627012754,24.3699989891052));
#12546=CARTESIAN_POINT('',(-22.5318202480557,-19.895627012754,24.3699989891052));
#12547=CARTESIAN_POINT('',(-22.3823447788338,-20.0451024819758,24.3699989891052));
#12548=CARTESIAN_POINT('',(-22.5318202480557,-19.895627012754,26.4999989891052));
#12549=CARTESIAN_POINT('',(-18.9301232616688,-23.4973239991408,26.4999989891052));
#12550=CARTESIAN_POINT('',(-22.5318202480557,-19.895627012754,24.3699989891052));
#12551=CARTESIAN_POINT('Origin',(-22.248977535581,-19.6127843002794,24.3699989891052));
#12552=CARTESIAN_POINT('',(-22.4273608624162,-19.2547628083166,24.3699989891052));
#12553=CARTESIAN_POINT('Origin',(-22.248977535581,-19.6127843002794,24.3699989891052));
#12554=CARTESIAN_POINT('',(-22.4273608624162,-19.2547628083166,26.4999989891052));
#12555=CARTESIAN_POINT('Origin',(-22.248977535581,-19.6127843002794,26.4999989891052));
#12556=CARTESIAN_POINT('',(-22.4273608624162,-19.2547628083166,24.3699989891052));
#12557=CARTESIAN_POINT('Origin',(-19.9188453287967,-24.2894400390424,24.3699989891052));
#12558=CARTESIAN_POINT('',(-19.6973785957486,-18.6688015089329,24.3699989891052));
#12559=CARTESIAN_POINT('Origin',(-19.9188453287967,-24.2894400390424,24.3699989891052));
#12560=CARTESIAN_POINT('',(-19.6973785957486,-18.6688015089329,26.4999989891052));
#12561=CARTESIAN_POINT('Origin',(-19.9188453287967,-24.2894400390424,26.4999989891052));
#12562=CARTESIAN_POINT('',(-19.6973785957486,-18.6688015089329,24.3699989891052));
#12563=CARTESIAN_POINT('Origin',(-19.6383208002691,-17.1699645675702,24.3699989891052));
#12564=CARTESIAN_POINT('',(-18.1394838589064,-17.1109067720908,24.3699989891052));
#12565=CARTESIAN_POINT('Origin',(-19.6383208002691,-17.1699645675702,24.3699989891052));
#12566=CARTESIAN_POINT('',(-18.1394838589064,-17.1109067720908,26.4999989891052));
#12567=CARTESIAN_POINT('Origin',(-19.6383208002691,-17.1699645675702,26.4999989891052));
#12568=CARTESIAN_POINT('',(-18.1394838589064,-17.1109067720908,24.3699989891052));
#12569=CARTESIAN_POINT('Origin',(-12.5188453287967,-16.8894400390424,24.3699989891052));
#12570=CARTESIAN_POINT('',(-9.99219257216202,-11.8638404880046,24.3699989891052));
#12571=CARTESIAN_POINT('Origin',(-12.5188453287967,-16.8894400390424,24.3699989891052));
#12572=CARTESIAN_POINT('',(-9.99219257216202,-11.8638404880046,26.4999989891052));
#12573=CARTESIAN_POINT('Origin',(-12.5188453287967,-16.8894400390424,26.4999989891052));
#12574=CARTESIAN_POINT('',(-9.99219257216202,-11.8638404880046,24.3699989891052));
#12575=CARTESIAN_POINT('Origin',(-10.1718656570783,-12.2212164560784,24.3699989891052));
#12576=CARTESIAN_POINT('',(-9.88902294460363,-12.504059168553,24.3699989891052));
#12577=CARTESIAN_POINT('Origin',(-10.1718656570783,-12.2212164560784,24.3699989891052));
#12578=CARTESIAN_POINT('',(-9.88902294460363,-12.504059168553,26.4999989891052));
#12579=CARTESIAN_POINT('Origin',(-10.1718656570783,-12.2212164560784,26.4999989891052));
#12580=CARTESIAN_POINT('',(-9.88902294460363,-12.504059168553,24.3699989891052));
#12581=CARTESIAN_POINT('Origin',(-10.0383111297352,-12.6533473536845,24.3699989891052));
#12582=CARTESIAN_POINT('',(-10.0383111297352,-12.6533473536845,24.3699989891052));
#12583=CARTESIAN_POINT('',(-10.0383111297352,-12.6533473536845,24.3699989891052));
#12584=CARTESIAN_POINT('',(-10.0383111297352,-12.6533473536845,26.4999989891052));
#12585=CARTESIAN_POINT('',(-13.56746785084,-16.1825040747895,26.4999989891052));
#12586=CARTESIAN_POINT('',(-10.0383111297352,-12.6533473536845,24.3699989891052));
#12587=CARTESIAN_POINT('Origin',(-10.3211538422098,-12.3705046412099,24.3699989891052));
#12588=CARTESIAN_POINT('',(-10.4960944580575,-12.7302208917836,24.3699989891052));
#12589=CARTESIAN_POINT('Origin',(-10.3211538422098,-12.3705046412099,24.3699989891052));
#12590=CARTESIAN_POINT('',(-10.4960944580575,-12.7302208917836,26.4999989891052));
#12591=CARTESIAN_POINT('Origin',(-10.3211538422098,-12.3705046412099,26.4999989891052));
#12592=CARTESIAN_POINT('',(-10.4960944580575,-12.7302208917836,24.3699989891052));
#12593=CARTESIAN_POINT('Origin',(-12.5188453287967,-16.8894400390424,24.3699989891052));
#12594=CARTESIAN_POINT('',(-8.35229577397127,-14.8818320575918,24.3699989891052));
#12595=CARTESIAN_POINT('Origin',(-12.5188453287967,-16.8894400390424,24.3699989891052));
#12596=CARTESIAN_POINT('',(-8.35229577397127,-14.8818320575918,26.4999989891052));
#12597=CARTESIAN_POINT('Origin',(-12.5188453287967,-16.8894400390424,26.4999989891052));
#12598=CARTESIAN_POINT('',(-8.35229577397127,-14.8818320575918,24.3699989891052));
#12599=CARTESIAN_POINT('Origin',(-7.99194554220255,-14.7082010970339,24.3699989891052));
#12600=CARTESIAN_POINT('Origin',(-7.99194554220255,-14.7082010970339,24.3699989891052));
#12601=CARTESIAN_POINT('Origin',(-7.99194554220255,-14.7082010970339,26.4999989891052));
#12602=CARTESIAN_POINT('Origin',(-12.5188453287967,-24.2894400390424,24.3699989891052));
#12603=CARTESIAN_POINT('Origin',(-5.01950328049396,-31.7887820873451,23.8699989891052));
#12604=CARTESIAN_POINT('',(-6.01941555360108,-31.7755364809046,26.4999989891052));
#12605=CARTESIAN_POINT('',(-6.01941555360108,-31.7755364809046,23.8699989891052));
#12606=CARTESIAN_POINT('',(-5.03274888693436,-30.788869814238,26.4999989891052));
#12607=CARTESIAN_POINT('Origin',(-5.01950328049396,-31.7887820873451,26.4999989891052));
#12608=CARTESIAN_POINT('',(-5.03274888693436,-30.788869814238,23.8699989891052));
#12609=CARTESIAN_POINT('Origin',(-5.1188453287967,-24.2894400390424,23.8699989891052));
#12610=CARTESIAN_POINT('',(-5.03274888693446,-17.7900102638468,26.4999989891052));
#12611=CARTESIAN_POINT('Origin',(-5.1188453287967,-24.2894400390424,26.4999989891052));
#12612=CARTESIAN_POINT('',(-5.03274888693446,-17.7900102638468,23.8699989891052));
#12613=CARTESIAN_POINT('Origin',(-5.01950328049407,-16.7900979907398,23.8699989891052));
#12614=CARTESIAN_POINT('',(-6.01941555360114,-16.8033435971801,26.4999989891052));
#12615=CARTESIAN_POINT('Origin',(-5.01950328049407,-16.7900979907398,26.4999989891052));
#12616=CARTESIAN_POINT('',(-6.01941555360114,-16.8033435971801,23.8699989891052));
#12617=CARTESIAN_POINT('Origin',(-12.5188453287967,-16.8894400390424,23.8699989891052));
#12618=CARTESIAN_POINT('',(-19.0182751039923,-16.8033435971803,26.4999989891052));
#12619=CARTESIAN_POINT('Origin',(-12.5188453287967,-16.8894400390424,26.4999989891052));
#12620=CARTESIAN_POINT('',(-19.0182751039923,-16.8033435971803,23.8699989891052));
#12621=CARTESIAN_POINT('Origin',(-20.0181873770993,-16.7900979907399,23.8699989891052));
#12622=CARTESIAN_POINT('',(-20.0049417706589,-17.7900102638469,26.4999989891052));
#12623=CARTESIAN_POINT('Origin',(-20.0181873770993,-16.7900979907399,26.4999989891052));
#12624=CARTESIAN_POINT('',(-20.0049417706589,-17.7900102638469,23.8699989891052));
#12625=CARTESIAN_POINT('Origin',(-12.5188453287967,-31.6894400390424,23.8699989891052));
#12626=CARTESIAN_POINT('',(-19.0182751039923,-31.7755364809045,26.4999989891052));
#12627=CARTESIAN_POINT('',(-19.0182751039923,-31.7755364809045,23.8699989891052));
#12628=CARTESIAN_POINT('Origin',(-12.5188453287967,-31.6894400390424,26.4999989891052));
#12629=CARTESIAN_POINT('Origin',(-20.0181873770995,-31.788782087345,23.8699989891052));
#12630=CARTESIAN_POINT('',(-20.0049417706591,-30.7888698142379,26.4999989891052));
#12631=CARTESIAN_POINT('',(-20.0049417706591,-30.7888698142379,23.8699989891052));
#12632=CARTESIAN_POINT('Origin',(-20.0181873770995,-31.788782087345,26.4999989891052));
#12633=CARTESIAN_POINT('Origin',(-19.9188453287967,-24.2894400390424,23.8699989891052));
#12634=CARTESIAN_POINT('Origin',(-19.9188453287967,-24.2894400390424,26.4999989891052));
#12635=CARTESIAN_POINT('Origin',(-12.5188453287966,-24.2894400390424,26.4999989891052));
#12636=CARTESIAN_POINT('',(-1.3188453287967,-24.2894400390424,26.4999989891052));
#12637=CARTESIAN_POINT('Origin',(-5.1188453287967,-24.2894400390424,26.4999989891052));
#12638=CARTESIAN_POINT('',(-8.71884532879671,-31.6894400390424,26.4999989891052));
#12639=CARTESIAN_POINT('Origin',(-12.5188453287967,-31.6894400390424,26.4999989891052));
#12640=CARTESIAN_POINT('',(-8.71884532879669,-16.8894400390424,26.4999989891052));
#12641=CARTESIAN_POINT('Origin',(-12.5188453287967,-16.8894400390424,26.4999989891052));
#12642=CARTESIAN_POINT('',(-16.1188453287967,-24.2894400390424,26.4999989891052));
#12643=CARTESIAN_POINT('Origin',(-19.9188453287967,-24.2894400390424,26.4999989891052));
#12644=CARTESIAN_POINT('Origin',(-5.1188453287967,-24.2894400390424,24.3699989891052));
#12645=CARTESIAN_POINT('',(-1.3188453287967,-24.2894400390424,24.3699989891052));
#12646=CARTESIAN_POINT('Origin',(-12.5188453287967,-31.6894400390424,24.3699989891052));
#12647=CARTESIAN_POINT('',(-8.71884532879671,-31.6894400390424,24.3699989891052));
#12648=CARTESIAN_POINT('Origin',(-12.5188453287967,-16.8894400390424,24.3699989891052));
#12649=CARTESIAN_POINT('',(-8.71884532879669,-16.8894400390424,24.3699989891052));
#12650=CARTESIAN_POINT('Origin',(-19.9188453287967,-24.2894400390424,24.3699989891052));
#12651=CARTESIAN_POINT('',(-16.1188453287967,-24.2894400390424,24.3699989891052));
#12652=CARTESIAN_POINT('Origin',(-49.9999999999999,20.7749999999999,25.5));
#12653=CARTESIAN_POINT('Origin',(66.5,37.275,25.5));
#12654=CARTESIAN_POINT('Origin',(-50.0000000000001,-41.275,25.5));
#12655=CARTESIAN_POINT('',(-50.0000000000001,-41.275,25.5));
#12656=CARTESIAN_POINT('Origin',(-50.,-20.775,25.5));
#12657=CARTESIAN_POINT('Origin',(-57.7511777287924,20.4782545205176,26.7499989891052));
#12658=CARTESIAN_POINT('',(-62.9473301514989,23.4782545205175,26.7499989891052));
#12659=CARTESIAN_POINT('Origin',(-62.1973301514989,24.7772926261942,26.7499989891052));
#12660=CARTESIAN_POINT('',(-63.0633555552834,25.2772926261942,26.7499989891052));
#12661=CARTESIAN_POINT('Origin',(-63.3133555552834,24.8442799243021,26.7499989891052));
#12662=CARTESIAN_POINT('',(-63.3133555552834,24.8442799243021,26.7499989891052));
#12663=CARTESIAN_POINT('Origin',(-62.4473301514988,24.3442799243021,26.7499989891052));
#12664=CARTESIAN_POINT('Origin',(-59.4473301514984,29.5404323470084,26.7499989891052));
#12665=CARTESIAN_POINT('',(-54.2511777287923,26.5404323470087,26.7499989891052));
#12666=CARTESIAN_POINT('Origin',(-55.0011777287923,25.241394241332,26.7499989891052));
#12667=CARTESIAN_POINT('',(-54.1351523250079,24.741394241332,26.7499989891052));
#12668=CARTESIAN_POINT('Origin',(-53.8851523250079,25.1744069432242,26.7499989891052));
#12669=CARTESIAN_POINT('',(-53.8851523250079,25.1744069432242,26.7499989891052));
#12670=CARTESIAN_POINT('Origin',(-54.7511777287923,25.6744069432242,26.7499989891052));
#12671=CARTESIAN_POINT('Origin',(-57.1545764695113,-21.4233364478359,26.7499989891052));
#12672=CARTESIAN_POINT('',(-56.2885510657268,-20.923336447836,26.7499989891052));
#12673=CARTESIAN_POINT('Origin',(-56.4045764695113,-22.7223745535126,26.7499989891052));
#12674=CARTESIAN_POINT('',(-56.4045764695113,-22.7223745535126,26.7499989891052));
#12675=CARTESIAN_POINT('Origin',(-56.9045764695113,-21.8563491497282,26.7499989891052));
#12676=CARTESIAN_POINT('',(-56.0385510657268,-21.3563491497282,26.7499989891052));
#12677=CARTESIAN_POINT('Origin',(-56.2885510657268,-20.923336447836,26.7499989891052));
#12678=CARTESIAN_POINT('Origin',(-54.6545764695115,-25.7534634667582,26.7499989891052));
#12679=CARTESIAN_POINT('',(-54.1545764695114,-26.6194888705427,26.7499989891052));
#12680=CARTESIAN_POINT('Origin',(-60.7167542960025,-29.2534634667582,26.7499989891052));
#12681=CARTESIAN_POINT('',(-60.7167542960025,-29.2534634667582,26.7499989891052));
#12682=CARTESIAN_POINT('Origin',(-59.850728892218,-28.7534634667583,26.7499989891052));
#12683=CARTESIAN_POINT('',(-59.350728892218,-29.6194888705427,26.7499989891052));
#12684=CARTESIAN_POINT('Origin',(-54.1545764695114,-26.6194888705427,26.7499989891052));
#12685=CARTESIAN_POINT('Origin',(-59.4045764695112,-17.5262221308059,26.7499989891052));
#12686=CARTESIAN_POINT('',(-58.5385510657267,-17.0262221308059,26.7499989891052));
#12687=CARTESIAN_POINT('Origin',(-58.6545764695112,-18.8252602364826,26.7499989891052));
#12688=CARTESIAN_POINT('',(-58.6545764695112,-18.8252602364826,26.7499989891052));
#12689=CARTESIAN_POINT('Origin',(-59.1545764695112,-17.9592348326981,26.7499989891052));
#12690=CARTESIAN_POINT('',(-58.2885510657267,-17.4592348326981,26.7499989891052));
#12691=CARTESIAN_POINT('Origin',(-58.5385510657267,-17.0262221308059,26.7499989891052));
#12692=CARTESIAN_POINT('Origin',(-58.4667542960026,-33.1505777837883,26.7499989891052));
#12693=CARTESIAN_POINT('',(-58.7167542960026,-32.7175650818961,26.7499989891052));
#12694=CARTESIAN_POINT('Origin',(-52.6545764695115,-29.217565081896,26.7499989891052));
#12695=CARTESIAN_POINT('',(-53.1545764695115,-28.3515396781116,26.7499989891052));
#12696=CARTESIAN_POINT('Origin',(-58.3507288922181,-31.3515396781116,26.7499989891052));
#12697=CARTESIAN_POINT('',(-58.3507288922181,-31.3515396781116,26.7499989891052));
#12698=CARTESIAN_POINT('Origin',(-57.8507288922181,-32.2175650818961,26.7499989891052));
#12699=CARTESIAN_POINT('Origin',(-58.3851523250078,17.3801783091642,26.7499989891052));
#12700=CARTESIAN_POINT('',(-58.6351523250078,16.9471656072719,26.7499989891052));
#12701=CARTESIAN_POINT('Origin',(-64.6973301514988,20.447165607272,26.7499989891052));
#12702=CARTESIAN_POINT('',(-65.1973301514988,19.5811402034875,26.7499989891052));
#12703=CARTESIAN_POINT('Origin',(-60.0011777287923,16.5811402034875,26.7499989891052));
#12704=CARTESIAN_POINT('',(-60.0011777287923,16.5811402034875,26.7499989891052));
#12705=CARTESIAN_POINT('Origin',(-59.5011777287923,17.447165607272,26.7499989891052));
#12706=CARTESIAN_POINT('Origin',(-57.1973301514984,33.4375466640384,26.7499989891052));
#12707=CARTESIAN_POINT('',(-52.001177728792,30.4375466640385,26.7499989891052));
#12708=CARTESIAN_POINT('Origin',(-52.751177728792,29.1385085583619,26.7499989891052));
#12709=CARTESIAN_POINT('',(-51.8851523250076,28.6385085583619,26.7499989891052));
#12710=CARTESIAN_POINT('Origin',(-51.6351523250076,29.071521260254,26.7499989891052));
#12711=CARTESIAN_POINT('',(-51.6351523250076,29.071521260254,26.7499989891052));
#12712=CARTESIAN_POINT('Origin',(-52.501177728792,29.571521260254,26.7499989891052));
#12713=CARTESIAN_POINT('Origin',(7.82500000000002,-37.9,27.5));
#12714=CARTESIAN_POINT('',(7.82500000000002,-37.9,27.5));
#12715=CARTESIAN_POINT('Origin',(8.82500000000001,-37.9,27.5));
#12716=CARTESIAN_POINT('',(8.82500000000001,-38.9,27.5));
#12717=CARTESIAN_POINT('Origin',(67.125,-38.9,27.5));
#12718=CARTESIAN_POINT('',(67.125,-38.9,27.5));
#12719=CARTESIAN_POINT('Origin',(67.125,-37.9,27.5));
#12720=CARTESIAN_POINT('',(68.125,-37.9,27.5));
#12721=CARTESIAN_POINT('Origin',(68.125,37.9,27.5));
#12722=CARTESIAN_POINT('Origin',(-72.4999999999999,-20.775,27.5));
#12723=CARTESIAN_POINT('',(-72.4999999999999,-20.775,27.5));
#12724=CARTESIAN_POINT('Origin',(-49.9999999999999,-20.775,27.5));
#12725=CARTESIAN_POINT('',(-50.,-43.275,27.5));
#12726=CARTESIAN_POINT('Origin',(66.5,-43.275,27.5));
#12727=CARTESIAN_POINT('Origin',(3.5527136788005E-14,-8.88178419700125E-15,
25.5));
#12728=UNCERTAINTY_MEASURE_WITH_UNIT(LENGTH_MEASURE(0.01),#12732,
'DISTANCE_ACCURACY_VALUE',
'Maximum model space distance between geometric entities at asserted c
onnectivities');
#12729=UNCERTAINTY_MEASURE_WITH_UNIT(LENGTH_MEASURE(0.01),#12732,
'DISTANCE_ACCURACY_VALUE',
'Maximum model space distance between geometric entities at asserted c
onnectivities');
#12730=(
GEOMETRIC_REPRESENTATION_CONTEXT(3)
GLOBAL_UNCERTAINTY_ASSIGNED_CONTEXT((#12728))
GLOBAL_UNIT_ASSIGNED_CONTEXT((#12732,#12733,#12734))
REPRESENTATION_CONTEXT('','3D')
);
#12731=(
GEOMETRIC_REPRESENTATION_CONTEXT(3)
GLOBAL_UNCERTAINTY_ASSIGNED_CONTEXT((#12729))
GLOBAL_UNIT_ASSIGNED_CONTEXT((#12732,#12733,#12734))
REPRESENTATION_CONTEXT('','3D')
);
#12732=(
LENGTH_UNIT()
NAMED_UNIT(*)
SI_UNIT(.MILLI.,.METRE.)
);
#12733=(
NAMED_UNIT(*)
PLANE_ANGLE_UNIT()
SI_UNIT($,.RADIAN.)
);
#12734=(
NAMED_UNIT(*)
SI_UNIT($,.STERADIAN.)
SOLID_ANGLE_UNIT()
);
#12735=SHAPE_DEFINITION_REPRESENTATION(#12736,#12737);
#12736=PRODUCT_DEFINITION_SHAPE('',$,#12739);
#12737=SHAPE_REPRESENTATION('',(#7439),#12730);
#12738=PRODUCT_DEFINITION_CONTEXT('part definition',#12743,'design');
#12739=PRODUCT_DEFINITION('Xii-Boy Ultra','Xii-Boy Ultra v221',#12740,#12738);
#12740=PRODUCT_DEFINITION_FORMATION('',$,#12745);
#12741=PRODUCT_RELATED_PRODUCT_CATEGORY('Xii-Boy Ultra v221',
'Xii-Boy Ultra v221',(#12745));
#12742=APPLICATION_PROTOCOL_DEFINITION('international standard',
'automotive_design',2009,#12743);
#12743=APPLICATION_CONTEXT(
'Core Data for Automotive Mechanical Design Process');
#12744=PRODUCT_CONTEXT('part definition',#12743,'mechanical');
#12745=PRODUCT('Xii-Boy Ultra','Xii-Boy Ultra v221',$,(#12744));
#12746=PRESENTATION_STYLE_ASSIGNMENT((#12780));
#12747=PRESENTATION_STYLE_ASSIGNMENT((#12781));
#12748=PRESENTATION_STYLE_ASSIGNMENT((#12782));
#12749=PRESENTATION_STYLE_ASSIGNMENT((#12783));
#12750=PRESENTATION_STYLE_ASSIGNMENT((#12784));
#12751=PRESENTATION_STYLE_ASSIGNMENT((#12785));
#12752=PRESENTATION_STYLE_ASSIGNMENT((#12786));
#12753=PRESENTATION_STYLE_ASSIGNMENT((#12787));
#12754=PRESENTATION_STYLE_ASSIGNMENT((#12788));
#12755=PRESENTATION_STYLE_ASSIGNMENT((#12789));
#12756=PRESENTATION_STYLE_ASSIGNMENT((#12790));
#12757=PRESENTATION_STYLE_ASSIGNMENT((#12791));
#12758=PRESENTATION_STYLE_ASSIGNMENT((#12792));
#12759=PRESENTATION_STYLE_ASSIGNMENT((#12793));
#12760=PRESENTATION_STYLE_ASSIGNMENT((#12794));
#12761=PRESENTATION_STYLE_ASSIGNMENT((#12795));
#12762=PRESENTATION_STYLE_ASSIGNMENT((#12796));
#12763=PRESENTATION_STYLE_ASSIGNMENT((#12797));
#12764=PRESENTATION_STYLE_ASSIGNMENT((#12798));
#12765=PRESENTATION_STYLE_ASSIGNMENT((#12799));
#12766=PRESENTATION_STYLE_ASSIGNMENT((#12800));
#12767=PRESENTATION_STYLE_ASSIGNMENT((#12801));
#12768=PRESENTATION_STYLE_ASSIGNMENT((#12802));
#12769=PRESENTATION_STYLE_ASSIGNMENT((#12803));
#12770=PRESENTATION_STYLE_ASSIGNMENT((#12804));
#12771=PRESENTATION_STYLE_ASSIGNMENT((#12805));
#12772=PRESENTATION_STYLE_ASSIGNMENT((#12806));
#12773=PRESENTATION_STYLE_ASSIGNMENT((#12807));
#12774=PRESENTATION_STYLE_ASSIGNMENT((#12808));
#12775=PRESENTATION_STYLE_ASSIGNMENT((#12809));
#12776=PRESENTATION_STYLE_ASSIGNMENT((#12810));
#12777=PRESENTATION_STYLE_ASSIGNMENT((#12811));
#12778=PRESENTATION_STYLE_ASSIGNMENT((#12812));
#12779=PRESENTATION_STYLE_ASSIGNMENT((#12813));
#12780=SURFACE_STYLE_USAGE(.BOTH.,#12814);
#12781=SURFACE_STYLE_USAGE(.BOTH.,#12815);
#12782=SURFACE_STYLE_USAGE(.BOTH.,#12816);
#12783=SURFACE_STYLE_USAGE(.BOTH.,#12817);
#12784=SURFACE_STYLE_USAGE(.BOTH.,#12818);
#12785=SURFACE_STYLE_USAGE(.BOTH.,#12819);
#12786=SURFACE_STYLE_USAGE(.BOTH.,#12820);
#12787=SURFACE_STYLE_USAGE(.BOTH.,#12821);
#12788=SURFACE_STYLE_USAGE(.BOTH.,#12822);
#12789=SURFACE_STYLE_USAGE(.BOTH.,#12823);
#12790=SURFACE_STYLE_USAGE(.BOTH.,#12824);
#12791=SURFACE_STYLE_USAGE(.BOTH.,#12825);
#12792=SURFACE_STYLE_USAGE(.BOTH.,#12826);
#12793=SURFACE_STYLE_USAGE(.BOTH.,#12827);
#12794=SURFACE_STYLE_USAGE(.BOTH.,#12828);
#12795=SURFACE_STYLE_USAGE(.BOTH.,#12829);
#12796=SURFACE_STYLE_USAGE(.BOTH.,#12830);
#12797=SURFACE_STYLE_USAGE(.BOTH.,#12831);
#12798=SURFACE_STYLE_USAGE(.BOTH.,#12832);
#12799=SURFACE_STYLE_USAGE(.BOTH.,#12833);
#12800=SURFACE_STYLE_USAGE(.BOTH.,#12834);
#12801=SURFACE_STYLE_USAGE(.BOTH.,#12835);
#12802=SURFACE_STYLE_USAGE(.BOTH.,#12836);
#12803=SURFACE_STYLE_USAGE(.BOTH.,#12837);
#12804=SURFACE_STYLE_USAGE(.BOTH.,#12838);
#12805=SURFACE_STYLE_USAGE(.BOTH.,#12839);
#12806=SURFACE_STYLE_USAGE(.BOTH.,#12840);
#12807=SURFACE_STYLE_USAGE(.BOTH.,#12841);
#12808=SURFACE_STYLE_USAGE(.BOTH.,#12842);
#12809=SURFACE_STYLE_USAGE(.BOTH.,#12843);
#12810=SURFACE_STYLE_USAGE(.BOTH.,#12844);
#12811=SURFACE_STYLE_USAGE(.BOTH.,#12845);
#12812=SURFACE_STYLE_USAGE(.BOTH.,#12846);
#12813=SURFACE_STYLE_USAGE(.BOTH.,#12847);
#12814=SURFACE_SIDE_STYLE('',(#12848));
#12815=SURFACE_SIDE_STYLE('',(#12849));
#12816=SURFACE_SIDE_STYLE('',(#12850));
#12817=SURFACE_SIDE_STYLE('',(#12851));
#12818=SURFACE_SIDE_STYLE('',(#12852));
#12819=SURFACE_SIDE_STYLE('',(#12853));
#12820=SURFACE_SIDE_STYLE('',(#12854));
#12821=SURFACE_SIDE_STYLE('',(#12855));
#12822=SURFACE_SIDE_STYLE('',(#12856));
#12823=SURFACE_SIDE_STYLE('',(#12857));
#12824=SURFACE_SIDE_STYLE('',(#12858));
#12825=SURFACE_SIDE_STYLE('',(#12859));
#12826=SURFACE_SIDE_STYLE('',(#12860));
#12827=SURFACE_SIDE_STYLE('',(#12861));
#12828=SURFACE_SIDE_STYLE('',(#12862));
#12829=SURFACE_SIDE_STYLE('',(#12863));
#12830=SURFACE_SIDE_STYLE('',(#12864));
#12831=SURFACE_SIDE_STYLE('',(#12865));
#12832=SURFACE_SIDE_STYLE('',(#12866));
#12833=SURFACE_SIDE_STYLE('',(#12867));
#12834=SURFACE_SIDE_STYLE('',(#12868));
#12835=SURFACE_SIDE_STYLE('',(#12869));
#12836=SURFACE_SIDE_STYLE('',(#12870));
#12837=SURFACE_SIDE_STYLE('',(#12871));
#12838=SURFACE_SIDE_STYLE('',(#12872));
#12839=SURFACE_SIDE_STYLE('',(#12873));
#12840=SURFACE_SIDE_STYLE('',(#12874));
#12841=SURFACE_SIDE_STYLE('',(#12875));
#12842=SURFACE_SIDE_STYLE('',(#12876));
#12843=SURFACE_SIDE_STYLE('',(#12877));
#12844=SURFACE_SIDE_STYLE('',(#12878));
#12845=SURFACE_SIDE_STYLE('',(#12879));
#12846=SURFACE_SIDE_STYLE('',(#12880));
#12847=SURFACE_SIDE_STYLE('',(#12881));
#12848=SURFACE_STYLE_FILL_AREA(#12882);
#12849=SURFACE_STYLE_FILL_AREA(#12883);
#12850=SURFACE_STYLE_FILL_AREA(#12884);
#12851=SURFACE_STYLE_FILL_AREA(#12885);
#12852=SURFACE_STYLE_FILL_AREA(#12886);
#12853=SURFACE_STYLE_FILL_AREA(#12887);
#12854=SURFACE_STYLE_FILL_AREA(#12888);
#12855=SURFACE_STYLE_FILL_AREA(#12889);
#12856=SURFACE_STYLE_FILL_AREA(#12890);
#12857=SURFACE_STYLE_FILL_AREA(#12891);
#12858=SURFACE_STYLE_FILL_AREA(#12892);
#12859=SURFACE_STYLE_FILL_AREA(#12893);
#12860=SURFACE_STYLE_FILL_AREA(#12894);
#12861=SURFACE_STYLE_FILL_AREA(#12895);
#12862=SURFACE_STYLE_FILL_AREA(#12896);
#12863=SURFACE_STYLE_FILL_AREA(#12897);
#12864=SURFACE_STYLE_FILL_AREA(#12898);
#12865=SURFACE_STYLE_FILL_AREA(#12899);
#12866=SURFACE_STYLE_FILL_AREA(#12900);
#12867=SURFACE_STYLE_FILL_AREA(#12901);
#12868=SURFACE_STYLE_FILL_AREA(#12902);
#12869=SURFACE_STYLE_FILL_AREA(#12903);
#12870=SURFACE_STYLE_FILL_AREA(#12904);
#12871=SURFACE_STYLE_FILL_AREA(#12905);
#12872=SURFACE_STYLE_FILL_AREA(#12906);
#12873=SURFACE_STYLE_FILL_AREA(#12907);
#12874=SURFACE_STYLE_FILL_AREA(#12908);
#12875=SURFACE_STYLE_FILL_AREA(#12909);
#12876=SURFACE_STYLE_FILL_AREA(#12910);
#12877=SURFACE_STYLE_FILL_AREA(#12911);
#12878=SURFACE_STYLE_FILL_AREA(#12912);
#12879=SURFACE_STYLE_FILL_AREA(#12913);
#12880=SURFACE_STYLE_FILL_AREA(#12914);
#12881=SURFACE_STYLE_FILL_AREA(#12915);
#12882=FILL_AREA_STYLE('Opaque(80,124,105)',(#12916));
#12883=FILL_AREA_STYLE('Opaque(50,50,50)',(#12917));
#12884=FILL_AREA_STYLE('Opaque(218,205,0)',(#12918));
#12885=FILL_AREA_STYLE('Opaque(52,52,52)',(#12919));
#12886=FILL_AREA_STYLE('Opaque(191,191,191)',(#12920));
#12887=FILL_AREA_STYLE('Opaque(15,102,15)',(#12921));
#12888=FILL_AREA_STYLE('Opaque(202,209,238)',(#12922));
#12889=FILL_AREA_STYLE('Opaque(255,255,255)',(#12923));
#12890=FILL_AREA_STYLE('Opaque(152,170,175)',(#12924));
#12891=FILL_AREA_STYLE('Opaque(204,203,178)',(#12925));
#12892=FILL_AREA_STYLE('Opaque(234,234,234)',(#12926));
#12893=FILL_AREA_STYLE('Opaque(69,69,69)',(#12927));
#12894=FILL_AREA_STYLE('Opaque(64,64,64)',(#12928));
#12895=FILL_AREA_STYLE('Opaque(225,225,225)',(#12929));
#12896=FILL_AREA_STYLE('Opaque(25,25,25)',(#12930));
#12897=FILL_AREA_STYLE('Opaque(211,84,18)',(#12931));
#12898=FILL_AREA_STYLE('Opaque(70,70,70)',(#12932));
#12899=FILL_AREA_STYLE('Opaque(219,219,219)',(#12933));
#12900=FILL_AREA_STYLE('Opaque(204,204,204)',(#12934));
#12901=FILL_AREA_STYLE('Opaque(160,160,160)',(#12935));
#12902=FILL_AREA_STYLE('Opaque(220,220,220)',(#12936));
#12903=FILL_AREA_STYLE('Opaque(63,63,63)',(#12937));
#12904=FILL_AREA_STYLE('Opaque(176,176,176)',(#12938));
#12905=FILL_AREA_STYLE('Powder Coat - Rough (Dark Grey)',(#12939));
#12906=FILL_AREA_STYLE('Opaque(21,22,24)',(#12940));
#12907=FILL_AREA_STYLE('Aluminum - Polished',(#12941));
#12908=FILL_AREA_STYLE('Gold - Polished',(#12942));
#12909=FILL_AREA_STYLE('Steel - Satin',(#12943));
#12910=FILL_AREA_STYLE('Opaque(246,246,243)',(#12944));
#12911=FILL_AREA_STYLE('Plastic - Glossy (Black)',(#12945));
#12912=FILL_AREA_STYLE('Copper - Polished',(#12946));
#12913=FILL_AREA_STYLE('Aluminum - Anodized Rough (Red)',(#12947));
#12914=FILL_AREA_STYLE('Glass (Clear)',(#12948));
#12915=FILL_AREA_STYLE('Opaque(243,243,243)',(#12949));
#12916=FILL_AREA_STYLE_COLOUR('Opaque(80,124,105)',#12950);
#12917=FILL_AREA_STYLE_COLOUR('Opaque(50,50,50)',#12951);
#12918=FILL_AREA_STYLE_COLOUR('Opaque(218,205,0)',#12952);
#12919=FILL_AREA_STYLE_COLOUR('Opaque(52,52,52)',#12953);
#12920=FILL_AREA_STYLE_COLOUR('Opaque(191,191,191)',#12954);
#12921=FILL_AREA_STYLE_COLOUR('Opaque(15,102,15)',#12955);
#12922=FILL_AREA_STYLE_COLOUR('Opaque(202,209,238)',#12956);
#12923=FILL_AREA_STYLE_COLOUR('Opaque(255,255,255)',#12957);
#12924=FILL_AREA_STYLE_COLOUR('Opaque(152,170,175)',#12958);
#12925=FILL_AREA_STYLE_COLOUR('Opaque(204,203,178)',#12959);
#12926=FILL_AREA_STYLE_COLOUR('Opaque(234,234,234)',#12960);
#12927=FILL_AREA_STYLE_COLOUR('Opaque(69,69,69)',#12961);
#12928=FILL_AREA_STYLE_COLOUR('Opaque(64,64,64)',#12962);
#12929=FILL_AREA_STYLE_COLOUR('Opaque(225,225,225)',#12963);
#12930=FILL_AREA_STYLE_COLOUR('Opaque(25,25,25)',#12964);
#12931=FILL_AREA_STYLE_COLOUR('Opaque(211,84,18)',#12965);
#12932=FILL_AREA_STYLE_COLOUR('Opaque(70,70,70)',#12966);
#12933=FILL_AREA_STYLE_COLOUR('Opaque(219,219,219)',#12967);
#12934=FILL_AREA_STYLE_COLOUR('Opaque(204,204,204)',#12968);
#12935=FILL_AREA_STYLE_COLOUR('Opaque(160,160,160)',#12969);
#12936=FILL_AREA_STYLE_COLOUR('Opaque(220,220,220)',#12970);
#12937=FILL_AREA_STYLE_COLOUR('Opaque(63,63,63)',#12971);
#12938=FILL_AREA_STYLE_COLOUR('Opaque(176,176,176)',#12972);
#12939=FILL_AREA_STYLE_COLOUR('Powder Coat - Rough (Dark Grey)',#12973);
#12940=FILL_AREA_STYLE_COLOUR('Opaque(21,22,24)',#12974);
#12941=FILL_AREA_STYLE_COLOUR('Aluminum - Polished',#12975);
#12942=FILL_AREA_STYLE_COLOUR('Gold - Polished',#12976);
#12943=FILL_AREA_STYLE_COLOUR('Steel - Satin',#12977);
#12944=FILL_AREA_STYLE_COLOUR('Opaque(246,246,243)',#12978);
#12945=FILL_AREA_STYLE_COLOUR('Plastic - Glossy (Black)',#12979);
#12946=FILL_AREA_STYLE_COLOUR('Copper - Polished',#12980);
#12947=FILL_AREA_STYLE_COLOUR('Aluminum - Anodized Rough (Red)',#12981);
#12948=FILL_AREA_STYLE_COLOUR('Glass (Clear)',#12982);
#12949=FILL_AREA_STYLE_COLOUR('Opaque(243,243,243)',#12983);
#12950=COLOUR_RGB('Opaque(80,124,105)',0.313725490196078,0.486274509803922,
0.411764705882353);
#12951=COLOUR_RGB('Opaque(50,50,50)',0.196078431372549,0.196078431372549,
0.196078431372549);
#12952=COLOUR_RGB('Opaque(218,205,0)',0.854901960784314,0.803921568627451,
0.);
#12953=COLOUR_RGB('Opaque(52,52,52)',0.203921568627451,0.203921568627451,
0.203921568627451);
#12954=COLOUR_RGB('Opaque(191,191,191)',0.749019607843137,0.749019607843137,
0.749019607843137);
#12955=COLOUR_RGB('Opaque(15,102,15)',0.0588235294117647,0.4,0.0588235294117647);
#12956=COLOUR_RGB('Opaque(202,209,238)',0.792156862745098,0.819607843137255,
0.933333333333333);
#12957=COLOUR_RGB('Opaque(255,255,255)',1.,1.,1.);
#12958=COLOUR_RGB('Opaque(152,170,175)',0.596078431372549,0.666666666666667,
0.686274509803922);
#12959=COLOUR_RGB('Opaque(204,203,178)',0.8,0.796078431372549,0.698039215686274);
#12960=COLOUR_RGB('Opaque(234,234,234)',0.917647058823529,0.917647058823529,
0.917647058823529);
#12961=COLOUR_RGB('Opaque(69,69,69)',0.270588235294118,0.270588235294118,
0.270588235294118);
#12962=COLOUR_RGB('Opaque(64,64,64)',0.250980392156863,0.250980392156863,
0.250980392156863);
#12963=COLOUR_RGB('Opaque(225,225,225)',0.882352941176471,0.882352941176471,
0.882352941176471);
#12964=COLOUR_RGB('Opaque(25,25,25)',0.0980392156862745,0.0980392156862745,
0.0980392156862745);
#12965=COLOUR_RGB('Opaque(211,84,18)',0.827450980392157,0.329411764705882,
0.0705882352941176);
#12966=COLOUR_RGB('Opaque(70,70,70)',0.274509803921569,0.274509803921569,
0.274509803921569);
#12967=COLOUR_RGB('Opaque(219,219,219)',0.858823529411765,0.858823529411765,
0.858823529411765);
#12968=COLOUR_RGB('Opaque(204,204,204)',0.8,0.8,0.8);
#12969=COLOUR_RGB('Opaque(160,160,160)',0.627450980392157,0.627450980392157,
0.627450980392157);
#12970=COLOUR_RGB('Opaque(220,220,220)',0.862745098039216,0.862745098039216,
0.862745098039216);
#12971=COLOUR_RGB('Opaque(63,63,63)',0.250980392156863,0.250980392156863,
0.250980392156863);
#12972=COLOUR_RGB('Opaque(176,176,176)',0.690196078431373,0.690196078431373,
0.690196078431373);
#12973=COLOUR_RGB('Powder Coat - Rough (Dark Grey)',0.349019607843137,0.349019607843137,
0.349019607843137);
#12974=COLOUR_RGB('Opaque(21,22,24)',0.0823529411764706,0.0862745098039216,
0.0941176470588235);
#12975=COLOUR_RGB('Aluminum - Polished',0.96078431372549,0.96078431372549,
0.964705882352941);
#12976=COLOUR_RGB('Gold - Polished',0.956862745098039,0.898039215686275,
0.654901960784314);
#12977=COLOUR_RGB('Steel - Satin',0.627450980392157,0.627450980392157,0.627450980392157);
#12978=COLOUR_RGB('Opaque(246,246,243)',0.964705882352941,0.964705882352941,
0.952941176470588);
#12979=COLOUR_RGB('Plastic - Glossy (Black)',0.0980392156862745,0.0980392156862745,
0.0980392156862745);
#12980=COLOUR_RGB('Copper - Polished',0.929411764705882,0.807843137254902,
0.764705882352941);
#12981=COLOUR_RGB('Aluminum - Anodized Rough (Red)',0.854901960784314,0.349019607843137,
0.349019607843137);
#12982=COLOUR_RGB('Glass (Clear)',0.964705882352941,0.964705882352941,0.952941176470588);
#12983=COLOUR_RGB('Opaque(243,243,243)',0.952941176470588,0.952941176470588,
0.952941176470588);
ENDSEC;
END-ISO-10303-21;
