ISO-10303-21;
HEADER;
/* Generated by software containing ST-Developer
 * from STEP Tools, Inc. (www.steptools.com) 
 */

FILE_DESCRIPTION(
/* description */ (''),
/* implementation_level */ '2;1');

FILE_NAME(
/* name */ 'Xii-Boy Ultra Top.step',
/* time_stamp */ '2025-11-15T18:01:07+01:00',
/* author */ (''),
/* organization */ (''),
/* preprocessor_version */ 'ST-DEVELOPER v20.1',
/* originating_system */ 'Autodesk Translation Framework v14.21.0.0',
/* authorisation */ '');

FILE_SCHEMA (('AUTOMOTIVE_DESIGN { 1 0 10303 214 3 1 1 }'));
ENDSEC;

DATA;
#10=MECHANICAL_DESIGN_GEOMETRIC_PRESENTATION_REPRESENTATION('',(#13),#12407);
#11=SHAPE_REPRESENTATION_RELATIONSHIP('SRR','None',#12413,#12);
#12=ADVANCED_BREP_SHAPE_REPRESENTATION('',(#14),#12406);
#13=STYLED_ITEM('',(#12435),#14);
#14=MANIFOLD_SOLID_BREP('Xii-Boy Ultra Top (1)',#7290);
#15=ELLIPSE('',#7842,3.53553390593274,2.50000000000001);
#16=ELLIPSE('',#7843,3.53553390593274,2.50000000000001);
#17=ELLIPSE('',#7848,3.53553390593272,2.50000000000001);
#18=ELLIPSE('',#7849,3.53553390593272,2.50000000000001);
#19=ELLIPSE('',#7854,3.53553390593273,2.5);
#20=ELLIPSE('',#7855,3.53553390593273,2.5);
#21=ELLIPSE('',#7860,3.53553390593269,2.49999999999999);
#22=ELLIPSE('',#7861,3.53553390593269,2.49999999999999);
#23=TOROIDAL_SURFACE('',#7344,4.,2.);
#24=TOROIDAL_SURFACE('',#7350,20.5,2.);
#25=TOROIDAL_SURFACE('',#7356,20.5,2.);
#26=TOROIDAL_SURFACE('',#7362,4.,2.);
#27=FACE_BOUND('',#760,.T.);
#28=FACE_BOUND('',#762,.T.);
#29=FACE_BOUND('',#765,.T.);
#30=FACE_BOUND('',#768,.T.);
#31=FACE_BOUND('',#771,.T.);
#32=FACE_BOUND('',#786,.T.);
#33=FACE_BOUND('',#787,.T.);
#34=FACE_BOUND('',#788,.T.);
#35=FACE_BOUND('',#789,.T.);
#36=FACE_BOUND('',#790,.T.);
#37=FACE_BOUND('',#791,.T.);
#38=FACE_BOUND('',#792,.T.);
#39=FACE_BOUND('',#793,.T.);
#40=FACE_BOUND('',#794,.T.);
#41=FACE_BOUND('',#795,.T.);
#42=FACE_BOUND('',#796,.T.);
#43=FACE_BOUND('',#797,.T.);
#44=FACE_BOUND('',#798,.T.);
#45=FACE_BOUND('',#799,.T.);
#46=FACE_BOUND('',#800,.T.);
#47=FACE_BOUND('',#801,.T.);
#48=FACE_BOUND('',#802,.T.);
#49=FACE_BOUND('',#804,.T.);
#50=FACE_BOUND('',#805,.T.);
#51=FACE_BOUND('',#806,.T.);
#52=FACE_BOUND('',#808,.T.);
#53=FACE_BOUND('',#819,.T.);
#54=FACE_BOUND('',#840,.T.);
#55=FACE_BOUND('',#842,.T.);
#56=FACE_BOUND('',#843,.T.);
#57=FACE_BOUND('',#844,.T.);
#58=FACE_BOUND('',#845,.T.);
#59=FACE_BOUND('',#846,.T.);
#60=FACE_BOUND('',#847,.T.);
#61=FACE_BOUND('',#848,.T.);
#62=FACE_BOUND('',#849,.T.);
#63=FACE_BOUND('',#850,.T.);
#64=FACE_BOUND('',#851,.T.);
#65=FACE_BOUND('',#852,.T.);
#66=FACE_BOUND('',#853,.T.);
#67=FACE_BOUND('',#854,.T.);
#68=FACE_BOUND('',#855,.T.);
#69=FACE_BOUND('',#856,.T.);
#70=FACE_BOUND('',#857,.T.);
#71=FACE_BOUND('',#858,.T.);
#72=FACE_BOUND('',#859,.T.);
#73=FACE_BOUND('',#860,.T.);
#74=FACE_BOUND('',#861,.T.);
#75=FACE_BOUND('',#862,.T.);
#76=FACE_BOUND('',#863,.T.);
#77=FACE_BOUND('',#864,.T.);
#78=FACE_BOUND('',#865,.T.);
#79=FACE_BOUND('',#869,.T.);
#80=FACE_BOUND('',#879,.T.);
#81=FACE_BOUND('',#884,.T.);
#82=FACE_BOUND('',#889,.T.);
#83=FACE_BOUND('',#894,.T.);
#84=FACE_BOUND('',#899,.T.);
#85=FACE_BOUND('',#904,.T.);
#86=FACE_BOUND('',#909,.T.);
#87=FACE_BOUND('',#914,.T.);
#88=FACE_BOUND('',#919,.T.);
#89=FACE_BOUND('',#927,.T.);
#90=FACE_BOUND('',#938,.T.);
#91=FACE_BOUND('',#957,.T.);
#92=FACE_BOUND('',#958,.T.);
#93=FACE_BOUND('',#959,.T.);
#94=FACE_BOUND('',#960,.T.);
#95=FACE_BOUND('',#962,.T.);
#96=FACE_BOUND('',#963,.T.);
#97=FACE_BOUND('',#964,.T.);
#98=FACE_BOUND('',#965,.T.);
#99=FACE_BOUND('',#1001,.T.);
#100=FACE_BOUND('',#1017,.T.);
#101=FACE_BOUND('',#1022,.T.);
#102=FACE_BOUND('',#1027,.T.);
#103=FACE_BOUND('',#1066,.T.);
#104=FACE_BOUND('',#1100,.T.);
#105=FACE_BOUND('',#1103,.T.);
#106=FACE_BOUND('',#1106,.T.);
#107=FACE_BOUND('',#1109,.T.);
#108=FACE_BOUND('',#1112,.T.);
#109=FACE_BOUND('',#1131,.T.);
#110=FACE_BOUND('',#1137,.T.);
#111=FACE_BOUND('',#1184,.T.);
#112=FACE_BOUND('',#1194,.T.);
#113=FACE_BOUND('',#1195,.T.);
#114=FACE_BOUND('',#1196,.T.);
#115=FACE_BOUND('',#1197,.T.);
#116=FACE_BOUND('',#1198,.T.);
#117=PLANE('',#7304);
#118=PLANE('',#7308);
#119=PLANE('',#7312);
#120=PLANE('',#7317);
#121=PLANE('',#7322);
#122=PLANE('',#7325);
#123=PLANE('',#7328);
#124=PLANE('',#7329);
#125=PLANE('',#7332);
#126=PLANE('',#7333);
#127=PLANE('',#7336);
#128=PLANE('',#7337);
#129=PLANE('',#7340);
#130=PLANE('',#7367);
#131=PLANE('',#7370);
#132=PLANE('',#7371);
#133=PLANE('',#7415);
#134=PLANE('',#7426);
#135=PLANE('',#7434);
#136=PLANE('',#7436);
#137=PLANE('',#7437);
#138=PLANE('',#7438);
#139=PLANE('',#7439);
#140=PLANE('',#7440);
#141=PLANE('',#7441);
#142=PLANE('',#7442);
#143=PLANE('',#7446);
#144=PLANE('',#7447);
#145=PLANE('',#7448);
#146=PLANE('',#7449);
#147=PLANE('',#7450);
#148=PLANE('',#7451);
#149=PLANE('',#7452);
#150=PLANE('',#7453);
#151=PLANE('',#7454);
#152=PLANE('',#7455);
#153=PLANE('',#7456);
#154=PLANE('',#7457);
#155=PLANE('',#7458);
#156=PLANE('',#7459);
#157=PLANE('',#7460);
#158=PLANE('',#7461);
#159=PLANE('',#7462);
#160=PLANE('',#7469);
#161=PLANE('',#7470);
#162=PLANE('',#7517);
#163=PLANE('',#7518);
#164=PLANE('',#7519);
#165=PLANE('',#7521);
#166=PLANE('',#7529);
#167=PLANE('',#7530);
#168=PLANE('',#7536);
#169=PLANE('',#7537);
#170=PLANE('',#7543);
#171=PLANE('',#7544);
#172=PLANE('',#7550);
#173=PLANE('',#7551);
#174=PLANE('',#7557);
#175=PLANE('',#7558);
#176=PLANE('',#7564);
#177=PLANE('',#7565);
#178=PLANE('',#7571);
#179=PLANE('',#7572);
#180=PLANE('',#7578);
#181=PLANE('',#7579);
#182=PLANE('',#7585);
#183=PLANE('',#7586);
#184=PLANE('',#7590);
#185=PLANE('',#7596);
#186=PLANE('',#7597);
#187=PLANE('',#7598);
#188=PLANE('',#7601);
#189=PLANE('',#7607);
#190=PLANE('',#7610);
#191=PLANE('',#7611);
#192=PLANE('',#7615);
#193=PLANE('',#7620);
#194=PLANE('',#7621);
#195=PLANE('',#7625);
#196=PLANE('',#7629);
#197=PLANE('',#7633);
#198=PLANE('',#7634);
#199=PLANE('',#7651);
#200=PLANE('',#7668);
#201=PLANE('',#7670);
#202=PLANE('',#7672);
#203=PLANE('',#7674);
#204=PLANE('',#7676);
#205=PLANE('',#7678);
#206=PLANE('',#7680);
#207=PLANE('',#7682);
#208=PLANE('',#7685);
#209=PLANE('',#7687);
#210=PLANE('',#7689);
#211=PLANE('',#7691);
#212=PLANE('',#7693);
#213=PLANE('',#7695);
#214=PLANE('',#7696);
#215=PLANE('',#7698);
#216=PLANE('',#7705);
#217=PLANE('',#7706);
#218=PLANE('',#7707);
#219=PLANE('',#7708);
#220=PLANE('',#7709);
#221=PLANE('',#7710);
#222=PLANE('',#7711);
#223=PLANE('',#7712);
#224=PLANE('',#7713);
#225=PLANE('',#7714);
#226=PLANE('',#7715);
#227=PLANE('',#7716);
#228=PLANE('',#7717);
#229=PLANE('',#7723);
#230=PLANE('',#7724);
#231=PLANE('',#7730);
#232=PLANE('',#7731);
#233=PLANE('',#7737);
#234=PLANE('',#7738);
#235=PLANE('',#7739);
#236=PLANE('',#7740);
#237=PLANE('',#7741);
#238=PLANE('',#7742);
#239=PLANE('',#7743);
#240=PLANE('',#7744);
#241=PLANE('',#7745);
#242=PLANE('',#7746);
#243=PLANE('',#7747);
#244=PLANE('',#7748);
#245=PLANE('',#7749);
#246=PLANE('',#7750);
#247=PLANE('',#7775);
#248=PLANE('',#7776);
#249=PLANE('',#7780);
#250=PLANE('',#7781);
#251=PLANE('',#7782);
#252=PLANE('',#7786);
#253=PLANE('',#7787);
#254=PLANE('',#7788);
#255=PLANE('',#7792);
#256=PLANE('',#7793);
#257=PLANE('',#7794);
#258=PLANE('',#7798);
#259=PLANE('',#7799);
#260=PLANE('',#7800);
#261=PLANE('',#7801);
#262=PLANE('',#7803);
#263=PLANE('',#7804);
#264=PLANE('',#7806);
#265=PLANE('',#7807);
#266=PLANE('',#7809);
#267=PLANE('',#7810);
#268=PLANE('',#7812);
#269=PLANE('',#7813);
#270=PLANE('',#7814);
#271=PLANE('',#7816);
#272=PLANE('',#7817);
#273=PLANE('',#7818);
#274=PLANE('',#7820);
#275=PLANE('',#7822);
#276=PLANE('',#7823);
#277=PLANE('',#7824);
#278=PLANE('',#7826);
#279=PLANE('',#7827);
#280=PLANE('',#7828);
#281=PLANE('',#7831);
#282=PLANE('',#7834);
#283=PLANE('',#7837);
#284=PLANE('',#7840);
#285=PLANE('',#7841);
#286=PLANE('',#7844);
#287=PLANE('',#7847);
#288=PLANE('',#7850);
#289=PLANE('',#7853);
#290=PLANE('',#7856);
#291=PLANE('',#7859);
#292=PLANE('',#7862);
#293=PLANE('',#7871);
#294=PLANE('',#7875);
#295=PLANE('',#7879);
#296=PLANE('',#7884);
#297=PLANE('',#7885);
#298=PLANE('',#7886);
#299=PLANE('',#7887);
#300=PLANE('',#7888);
#301=PLANE('',#7889);
#302=PLANE('',#7890);
#303=PLANE('',#7891);
#304=PLANE('',#7892);
#305=PLANE('',#7893);
#306=PLANE('',#7894);
#307=PLANE('',#7895);
#308=PLANE('',#7896);
#309=PLANE('',#7897);
#310=PLANE('',#7898);
#311=PLANE('',#7899);
#312=PLANE('',#7915);
#313=PLANE('',#7925);
#314=PLANE('',#7941);
#315=PLANE('',#7951);
#316=PLANE('',#7967);
#317=PLANE('',#7977);
#318=PLANE('',#7993);
#319=PLANE('',#8003);
#320=PLANE('',#8020);
#321=PLANE('',#8031);
#322=PLANE('',#8033);
#323=PLANE('',#8035);
#324=PLANE('',#8037);
#325=PLANE('',#8039);
#326=PLANE('',#8042);
#327=PLANE('',#8044);
#328=PLANE('',#8046);
#329=PLANE('',#8048);
#330=PLANE('',#8050);
#331=PLANE('',#8052);
#332=PLANE('',#8053);
#333=PLANE('',#8055);
#334=PLANE('',#8057);
#335=PLANE('',#8059);
#336=PLANE('',#8061);
#337=PLANE('',#8063);
#338=PLANE('',#8065);
#339=PLANE('',#8067);
#340=PLANE('',#8068);
#341=FACE_OUTER_BOUND('',#747,.T.);
#342=FACE_OUTER_BOUND('',#748,.T.);
#343=FACE_OUTER_BOUND('',#749,.T.);
#344=FACE_OUTER_BOUND('',#750,.T.);
#345=FACE_OUTER_BOUND('',#751,.T.);
#346=FACE_OUTER_BOUND('',#752,.T.);
#347=FACE_OUTER_BOUND('',#753,.T.);
#348=FACE_OUTER_BOUND('',#754,.T.);
#349=FACE_OUTER_BOUND('',#755,.T.);
#350=FACE_OUTER_BOUND('',#756,.T.);
#351=FACE_OUTER_BOUND('',#757,.T.);
#352=FACE_OUTER_BOUND('',#758,.T.);
#353=FACE_OUTER_BOUND('',#759,.T.);
#354=FACE_OUTER_BOUND('',#761,.T.);
#355=FACE_OUTER_BOUND('',#763,.T.);
#356=FACE_OUTER_BOUND('',#764,.T.);
#357=FACE_OUTER_BOUND('',#766,.T.);
#358=FACE_OUTER_BOUND('',#767,.T.);
#359=FACE_OUTER_BOUND('',#769,.T.);
#360=FACE_OUTER_BOUND('',#770,.T.);
#361=FACE_OUTER_BOUND('',#772,.T.);
#362=FACE_OUTER_BOUND('',#773,.T.);
#363=FACE_OUTER_BOUND('',#774,.T.);
#364=FACE_OUTER_BOUND('',#775,.T.);
#365=FACE_OUTER_BOUND('',#776,.T.);
#366=FACE_OUTER_BOUND('',#777,.T.);
#367=FACE_OUTER_BOUND('',#778,.T.);
#368=FACE_OUTER_BOUND('',#779,.T.);
#369=FACE_OUTER_BOUND('',#780,.T.);
#370=FACE_OUTER_BOUND('',#781,.T.);
#371=FACE_OUTER_BOUND('',#782,.T.);
#372=FACE_OUTER_BOUND('',#783,.T.);
#373=FACE_OUTER_BOUND('',#784,.T.);
#374=FACE_OUTER_BOUND('',#785,.T.);
#375=FACE_OUTER_BOUND('',#803,.T.);
#376=FACE_OUTER_BOUND('',#807,.T.);
#377=FACE_OUTER_BOUND('',#809,.T.);
#378=FACE_OUTER_BOUND('',#810,.T.);
#379=FACE_OUTER_BOUND('',#811,.T.);
#380=FACE_OUTER_BOUND('',#812,.T.);
#381=FACE_OUTER_BOUND('',#813,.T.);
#382=FACE_OUTER_BOUND('',#814,.T.);
#383=FACE_OUTER_BOUND('',#815,.T.);
#384=FACE_OUTER_BOUND('',#816,.T.);
#385=FACE_OUTER_BOUND('',#817,.T.);
#386=FACE_OUTER_BOUND('',#818,.T.);
#387=FACE_OUTER_BOUND('',#820,.T.);
#388=FACE_OUTER_BOUND('',#821,.T.);
#389=FACE_OUTER_BOUND('',#822,.T.);
#390=FACE_OUTER_BOUND('',#823,.T.);
#391=FACE_OUTER_BOUND('',#824,.T.);
#392=FACE_OUTER_BOUND('',#825,.T.);
#393=FACE_OUTER_BOUND('',#826,.T.);
#394=FACE_OUTER_BOUND('',#827,.T.);
#395=FACE_OUTER_BOUND('',#828,.T.);
#396=FACE_OUTER_BOUND('',#829,.T.);
#397=FACE_OUTER_BOUND('',#830,.T.);
#398=FACE_OUTER_BOUND('',#831,.T.);
#399=FACE_OUTER_BOUND('',#832,.T.);
#400=FACE_OUTER_BOUND('',#833,.T.);
#401=FACE_OUTER_BOUND('',#834,.T.);
#402=FACE_OUTER_BOUND('',#835,.T.);
#403=FACE_OUTER_BOUND('',#836,.T.);
#404=FACE_OUTER_BOUND('',#837,.T.);
#405=FACE_OUTER_BOUND('',#838,.T.);
#406=FACE_OUTER_BOUND('',#839,.T.);
#407=FACE_OUTER_BOUND('',#841,.T.);
#408=FACE_OUTER_BOUND('',#866,.T.);
#409=FACE_OUTER_BOUND('',#867,.T.);
#410=FACE_OUTER_BOUND('',#868,.T.);
#411=FACE_OUTER_BOUND('',#870,.T.);
#412=FACE_OUTER_BOUND('',#871,.T.);
#413=FACE_OUTER_BOUND('',#872,.T.);
#414=FACE_OUTER_BOUND('',#873,.T.);
#415=FACE_OUTER_BOUND('',#874,.T.);
#416=FACE_OUTER_BOUND('',#875,.T.);
#417=FACE_OUTER_BOUND('',#876,.T.);
#418=FACE_OUTER_BOUND('',#877,.T.);
#419=FACE_OUTER_BOUND('',#878,.T.);
#420=FACE_OUTER_BOUND('',#880,.T.);
#421=FACE_OUTER_BOUND('',#881,.T.);
#422=FACE_OUTER_BOUND('',#882,.T.);
#423=FACE_OUTER_BOUND('',#883,.T.);
#424=FACE_OUTER_BOUND('',#885,.T.);
#425=FACE_OUTER_BOUND('',#886,.T.);
#426=FACE_OUTER_BOUND('',#887,.T.);
#427=FACE_OUTER_BOUND('',#888,.T.);
#428=FACE_OUTER_BOUND('',#890,.T.);
#429=FACE_OUTER_BOUND('',#891,.T.);
#430=FACE_OUTER_BOUND('',#892,.T.);
#431=FACE_OUTER_BOUND('',#893,.T.);
#432=FACE_OUTER_BOUND('',#895,.T.);
#433=FACE_OUTER_BOUND('',#896,.T.);
#434=FACE_OUTER_BOUND('',#897,.T.);
#435=FACE_OUTER_BOUND('',#898,.T.);
#436=FACE_OUTER_BOUND('',#900,.T.);
#437=FACE_OUTER_BOUND('',#901,.T.);
#438=FACE_OUTER_BOUND('',#902,.T.);
#439=FACE_OUTER_BOUND('',#903,.T.);
#440=FACE_OUTER_BOUND('',#905,.T.);
#441=FACE_OUTER_BOUND('',#906,.T.);
#442=FACE_OUTER_BOUND('',#907,.T.);
#443=FACE_OUTER_BOUND('',#908,.T.);
#444=FACE_OUTER_BOUND('',#910,.T.);
#445=FACE_OUTER_BOUND('',#911,.T.);
#446=FACE_OUTER_BOUND('',#912,.T.);
#447=FACE_OUTER_BOUND('',#913,.T.);
#448=FACE_OUTER_BOUND('',#915,.T.);
#449=FACE_OUTER_BOUND('',#916,.T.);
#450=FACE_OUTER_BOUND('',#917,.T.);
#451=FACE_OUTER_BOUND('',#918,.T.);
#452=FACE_OUTER_BOUND('',#920,.T.);
#453=FACE_OUTER_BOUND('',#921,.T.);
#454=FACE_OUTER_BOUND('',#922,.T.);
#455=FACE_OUTER_BOUND('',#923,.T.);
#456=FACE_OUTER_BOUND('',#924,.T.);
#457=FACE_OUTER_BOUND('',#925,.T.);
#458=FACE_OUTER_BOUND('',#926,.T.);
#459=FACE_OUTER_BOUND('',#928,.T.);
#460=FACE_OUTER_BOUND('',#929,.T.);
#461=FACE_OUTER_BOUND('',#930,.T.);
#462=FACE_OUTER_BOUND('',#931,.T.);
#463=FACE_OUTER_BOUND('',#932,.T.);
#464=FACE_OUTER_BOUND('',#933,.T.);
#465=FACE_OUTER_BOUND('',#934,.T.);
#466=FACE_OUTER_BOUND('',#935,.T.);
#467=FACE_OUTER_BOUND('',#936,.T.);
#468=FACE_OUTER_BOUND('',#937,.T.);
#469=FACE_OUTER_BOUND('',#939,.T.);
#470=FACE_OUTER_BOUND('',#940,.T.);
#471=FACE_OUTER_BOUND('',#941,.T.);
#472=FACE_OUTER_BOUND('',#942,.T.);
#473=FACE_OUTER_BOUND('',#943,.T.);
#474=FACE_OUTER_BOUND('',#944,.T.);
#475=FACE_OUTER_BOUND('',#945,.T.);
#476=FACE_OUTER_BOUND('',#946,.T.);
#477=FACE_OUTER_BOUND('',#947,.T.);
#478=FACE_OUTER_BOUND('',#948,.T.);
#479=FACE_OUTER_BOUND('',#949,.T.);
#480=FACE_OUTER_BOUND('',#950,.T.);
#481=FACE_OUTER_BOUND('',#951,.T.);
#482=FACE_OUTER_BOUND('',#952,.T.);
#483=FACE_OUTER_BOUND('',#953,.T.);
#484=FACE_OUTER_BOUND('',#954,.T.);
#485=FACE_OUTER_BOUND('',#955,.T.);
#486=FACE_OUTER_BOUND('',#956,.T.);
#487=FACE_OUTER_BOUND('',#961,.T.);
#488=FACE_OUTER_BOUND('',#966,.T.);
#489=FACE_OUTER_BOUND('',#967,.T.);
#490=FACE_OUTER_BOUND('',#968,.T.);
#491=FACE_OUTER_BOUND('',#969,.T.);
#492=FACE_OUTER_BOUND('',#970,.T.);
#493=FACE_OUTER_BOUND('',#971,.T.);
#494=FACE_OUTER_BOUND('',#972,.T.);
#495=FACE_OUTER_BOUND('',#973,.T.);
#496=FACE_OUTER_BOUND('',#974,.T.);
#497=FACE_OUTER_BOUND('',#975,.T.);
#498=FACE_OUTER_BOUND('',#976,.T.);
#499=FACE_OUTER_BOUND('',#977,.T.);
#500=FACE_OUTER_BOUND('',#978,.T.);
#501=FACE_OUTER_BOUND('',#979,.T.);
#502=FACE_OUTER_BOUND('',#980,.T.);
#503=FACE_OUTER_BOUND('',#981,.T.);
#504=FACE_OUTER_BOUND('',#982,.T.);
#505=FACE_OUTER_BOUND('',#983,.T.);
#506=FACE_OUTER_BOUND('',#984,.T.);
#507=FACE_OUTER_BOUND('',#985,.T.);
#508=FACE_OUTER_BOUND('',#986,.T.);
#509=FACE_OUTER_BOUND('',#987,.T.);
#510=FACE_OUTER_BOUND('',#988,.T.);
#511=FACE_OUTER_BOUND('',#989,.T.);
#512=FACE_OUTER_BOUND('',#990,.T.);
#513=FACE_OUTER_BOUND('',#991,.T.);
#514=FACE_OUTER_BOUND('',#992,.T.);
#515=FACE_OUTER_BOUND('',#993,.T.);
#516=FACE_OUTER_BOUND('',#994,.T.);
#517=FACE_OUTER_BOUND('',#995,.T.);
#518=FACE_OUTER_BOUND('',#996,.T.);
#519=FACE_OUTER_BOUND('',#997,.T.);
#520=FACE_OUTER_BOUND('',#998,.T.);
#521=FACE_OUTER_BOUND('',#999,.T.);
#522=FACE_OUTER_BOUND('',#1000,.T.);
#523=FACE_OUTER_BOUND('',#1002,.T.);
#524=FACE_OUTER_BOUND('',#1003,.T.);
#525=FACE_OUTER_BOUND('',#1004,.T.);
#526=FACE_OUTER_BOUND('',#1005,.T.);
#527=FACE_OUTER_BOUND('',#1006,.T.);
#528=FACE_OUTER_BOUND('',#1007,.T.);
#529=FACE_OUTER_BOUND('',#1008,.T.);
#530=FACE_OUTER_BOUND('',#1009,.T.);
#531=FACE_OUTER_BOUND('',#1010,.T.);
#532=FACE_OUTER_BOUND('',#1011,.T.);
#533=FACE_OUTER_BOUND('',#1012,.T.);
#534=FACE_OUTER_BOUND('',#1013,.T.);
#535=FACE_OUTER_BOUND('',#1014,.T.);
#536=FACE_OUTER_BOUND('',#1015,.T.);
#537=FACE_OUTER_BOUND('',#1016,.T.);
#538=FACE_OUTER_BOUND('',#1018,.T.);
#539=FACE_OUTER_BOUND('',#1019,.T.);
#540=FACE_OUTER_BOUND('',#1020,.T.);
#541=FACE_OUTER_BOUND('',#1021,.T.);
#542=FACE_OUTER_BOUND('',#1023,.T.);
#543=FACE_OUTER_BOUND('',#1024,.T.);
#544=FACE_OUTER_BOUND('',#1025,.T.);
#545=FACE_OUTER_BOUND('',#1026,.T.);
#546=FACE_OUTER_BOUND('',#1028,.T.);
#547=FACE_OUTER_BOUND('',#1029,.T.);
#548=FACE_OUTER_BOUND('',#1030,.T.);
#549=FACE_OUTER_BOUND('',#1031,.T.);
#550=FACE_OUTER_BOUND('',#1032,.T.);
#551=FACE_OUTER_BOUND('',#1033,.T.);
#552=FACE_OUTER_BOUND('',#1034,.T.);
#553=FACE_OUTER_BOUND('',#1035,.T.);
#554=FACE_OUTER_BOUND('',#1036,.T.);
#555=FACE_OUTER_BOUND('',#1037,.T.);
#556=FACE_OUTER_BOUND('',#1038,.T.);
#557=FACE_OUTER_BOUND('',#1039,.T.);
#558=FACE_OUTER_BOUND('',#1040,.T.);
#559=FACE_OUTER_BOUND('',#1041,.T.);
#560=FACE_OUTER_BOUND('',#1042,.T.);
#561=FACE_OUTER_BOUND('',#1043,.T.);
#562=FACE_OUTER_BOUND('',#1044,.T.);
#563=FACE_OUTER_BOUND('',#1045,.T.);
#564=FACE_OUTER_BOUND('',#1046,.T.);
#565=FACE_OUTER_BOUND('',#1047,.T.);
#566=FACE_OUTER_BOUND('',#1048,.T.);
#567=FACE_OUTER_BOUND('',#1049,.T.);
#568=FACE_OUTER_BOUND('',#1050,.T.);
#569=FACE_OUTER_BOUND('',#1051,.T.);
#570=FACE_OUTER_BOUND('',#1052,.T.);
#571=FACE_OUTER_BOUND('',#1053,.T.);
#572=FACE_OUTER_BOUND('',#1054,.T.);
#573=FACE_OUTER_BOUND('',#1055,.T.);
#574=FACE_OUTER_BOUND('',#1056,.T.);
#575=FACE_OUTER_BOUND('',#1057,.T.);
#576=FACE_OUTER_BOUND('',#1058,.T.);
#577=FACE_OUTER_BOUND('',#1059,.T.);
#578=FACE_OUTER_BOUND('',#1060,.T.);
#579=FACE_OUTER_BOUND('',#1061,.T.);
#580=FACE_OUTER_BOUND('',#1062,.T.);
#581=FACE_OUTER_BOUND('',#1063,.T.);
#582=FACE_OUTER_BOUND('',#1064,.T.);
#583=FACE_OUTER_BOUND('',#1065,.T.);
#584=FACE_OUTER_BOUND('',#1067,.T.);
#585=FACE_OUTER_BOUND('',#1068,.T.);
#586=FACE_OUTER_BOUND('',#1069,.T.);
#587=FACE_OUTER_BOUND('',#1070,.T.);
#588=FACE_OUTER_BOUND('',#1071,.T.);
#589=FACE_OUTER_BOUND('',#1072,.T.);
#590=FACE_OUTER_BOUND('',#1073,.T.);
#591=FACE_OUTER_BOUND('',#1074,.T.);
#592=FACE_OUTER_BOUND('',#1075,.T.);
#593=FACE_OUTER_BOUND('',#1076,.T.);
#594=FACE_OUTER_BOUND('',#1077,.T.);
#595=FACE_OUTER_BOUND('',#1078,.T.);
#596=FACE_OUTER_BOUND('',#1079,.T.);
#597=FACE_OUTER_BOUND('',#1080,.T.);
#598=FACE_OUTER_BOUND('',#1081,.T.);
#599=FACE_OUTER_BOUND('',#1082,.T.);
#600=FACE_OUTER_BOUND('',#1083,.T.);
#601=FACE_OUTER_BOUND('',#1084,.T.);
#602=FACE_OUTER_BOUND('',#1085,.T.);
#603=FACE_OUTER_BOUND('',#1086,.T.);
#604=FACE_OUTER_BOUND('',#1087,.T.);
#605=FACE_OUTER_BOUND('',#1088,.T.);
#606=FACE_OUTER_BOUND('',#1089,.T.);
#607=FACE_OUTER_BOUND('',#1090,.T.);
#608=FACE_OUTER_BOUND('',#1091,.T.);
#609=FACE_OUTER_BOUND('',#1092,.T.);
#610=FACE_OUTER_BOUND('',#1093,.T.);
#611=FACE_OUTER_BOUND('',#1094,.T.);
#612=FACE_OUTER_BOUND('',#1095,.T.);
#613=FACE_OUTER_BOUND('',#1096,.T.);
#614=FACE_OUTER_BOUND('',#1097,.T.);
#615=FACE_OUTER_BOUND('',#1098,.T.);
#616=FACE_OUTER_BOUND('',#1099,.T.);
#617=FACE_OUTER_BOUND('',#1101,.T.);
#618=FACE_OUTER_BOUND('',#1102,.T.);
#619=FACE_OUTER_BOUND('',#1104,.T.);
#620=FACE_OUTER_BOUND('',#1105,.T.);
#621=FACE_OUTER_BOUND('',#1107,.T.);
#622=FACE_OUTER_BOUND('',#1108,.T.);
#623=FACE_OUTER_BOUND('',#1110,.T.);
#624=FACE_OUTER_BOUND('',#1111,.T.);
#625=FACE_OUTER_BOUND('',#1113,.T.);
#626=FACE_OUTER_BOUND('',#1114,.T.);
#627=FACE_OUTER_BOUND('',#1115,.T.);
#628=FACE_OUTER_BOUND('',#1116,.T.);
#629=FACE_OUTER_BOUND('',#1117,.T.);
#630=FACE_OUTER_BOUND('',#1118,.T.);
#631=FACE_OUTER_BOUND('',#1119,.T.);
#632=FACE_OUTER_BOUND('',#1120,.T.);
#633=FACE_OUTER_BOUND('',#1121,.T.);
#634=FACE_OUTER_BOUND('',#1122,.T.);
#635=FACE_OUTER_BOUND('',#1123,.T.);
#636=FACE_OUTER_BOUND('',#1124,.T.);
#637=FACE_OUTER_BOUND('',#1125,.T.);
#638=FACE_OUTER_BOUND('',#1126,.T.);
#639=FACE_OUTER_BOUND('',#1127,.T.);
#640=FACE_OUTER_BOUND('',#1128,.T.);
#641=FACE_OUTER_BOUND('',#1129,.T.);
#642=FACE_OUTER_BOUND('',#1130,.T.);
#643=FACE_OUTER_BOUND('',#1132,.T.);
#644=FACE_OUTER_BOUND('',#1133,.T.);
#645=FACE_OUTER_BOUND('',#1134,.T.);
#646=FACE_OUTER_BOUND('',#1135,.T.);
#647=FACE_OUTER_BOUND('',#1136,.T.);
#648=FACE_OUTER_BOUND('',#1138,.T.);
#649=FACE_OUTER_BOUND('',#1139,.T.);
#650=FACE_OUTER_BOUND('',#1140,.T.);
#651=FACE_OUTER_BOUND('',#1141,.T.);
#652=FACE_OUTER_BOUND('',#1142,.T.);
#653=FACE_OUTER_BOUND('',#1143,.T.);
#654=FACE_OUTER_BOUND('',#1144,.T.);
#655=FACE_OUTER_BOUND('',#1145,.T.);
#656=FACE_OUTER_BOUND('',#1146,.T.);
#657=FACE_OUTER_BOUND('',#1147,.T.);
#658=FACE_OUTER_BOUND('',#1148,.T.);
#659=FACE_OUTER_BOUND('',#1149,.T.);
#660=FACE_OUTER_BOUND('',#1150,.T.);
#661=FACE_OUTER_BOUND('',#1151,.T.);
#662=FACE_OUTER_BOUND('',#1152,.T.);
#663=FACE_OUTER_BOUND('',#1153,.T.);
#664=FACE_OUTER_BOUND('',#1154,.T.);
#665=FACE_OUTER_BOUND('',#1155,.T.);
#666=FACE_OUTER_BOUND('',#1156,.T.);
#667=FACE_OUTER_BOUND('',#1157,.T.);
#668=FACE_OUTER_BOUND('',#1158,.T.);
#669=FACE_OUTER_BOUND('',#1159,.T.);
#670=FACE_OUTER_BOUND('',#1160,.T.);
#671=FACE_OUTER_BOUND('',#1161,.T.);
#672=FACE_OUTER_BOUND('',#1162,.T.);
#673=FACE_OUTER_BOUND('',#1163,.T.);
#674=FACE_OUTER_BOUND('',#1164,.T.);
#675=FACE_OUTER_BOUND('',#1165,.T.);
#676=FACE_OUTER_BOUND('',#1166,.T.);
#677=FACE_OUTER_BOUND('',#1167,.T.);
#678=FACE_OUTER_BOUND('',#1168,.T.);
#679=FACE_OUTER_BOUND('',#1169,.T.);
#680=FACE_OUTER_BOUND('',#1170,.T.);
#681=FACE_OUTER_BOUND('',#1171,.T.);
#682=FACE_OUTER_BOUND('',#1172,.T.);
#683=FACE_OUTER_BOUND('',#1173,.T.);
#684=FACE_OUTER_BOUND('',#1174,.T.);
#685=FACE_OUTER_BOUND('',#1175,.T.);
#686=FACE_OUTER_BOUND('',#1176,.T.);
#687=FACE_OUTER_BOUND('',#1177,.T.);
#688=FACE_OUTER_BOUND('',#1178,.T.);
#689=FACE_OUTER_BOUND('',#1179,.T.);
#690=FACE_OUTER_BOUND('',#1180,.T.);
#691=FACE_OUTER_BOUND('',#1181,.T.);
#692=FACE_OUTER_BOUND('',#1182,.T.);
#693=FACE_OUTER_BOUND('',#1183,.T.);
#694=FACE_OUTER_BOUND('',#1185,.T.);
#695=FACE_OUTER_BOUND('',#1186,.T.);
#696=FACE_OUTER_BOUND('',#1187,.T.);
#697=FACE_OUTER_BOUND('',#1188,.T.);
#698=FACE_OUTER_BOUND('',#1189,.T.);
#699=FACE_OUTER_BOUND('',#1190,.T.);
#700=FACE_OUTER_BOUND('',#1191,.T.);
#701=FACE_OUTER_BOUND('',#1192,.T.);
#702=FACE_OUTER_BOUND('',#1193,.T.);
#703=FACE_OUTER_BOUND('',#1199,.T.);
#704=FACE_OUTER_BOUND('',#1200,.T.);
#705=FACE_OUTER_BOUND('',#1201,.T.);
#706=FACE_OUTER_BOUND('',#1202,.T.);
#707=FACE_OUTER_BOUND('',#1203,.T.);
#708=FACE_OUTER_BOUND('',#1204,.T.);
#709=FACE_OUTER_BOUND('',#1205,.T.);
#710=FACE_OUTER_BOUND('',#1206,.T.);
#711=FACE_OUTER_BOUND('',#1207,.T.);
#712=FACE_OUTER_BOUND('',#1208,.T.);
#713=FACE_OUTER_BOUND('',#1209,.T.);
#714=FACE_OUTER_BOUND('',#1210,.T.);
#715=FACE_OUTER_BOUND('',#1211,.T.);
#716=FACE_OUTER_BOUND('',#1212,.T.);
#717=FACE_OUTER_BOUND('',#1213,.T.);
#718=FACE_OUTER_BOUND('',#1214,.T.);
#719=FACE_OUTER_BOUND('',#1215,.T.);
#720=FACE_OUTER_BOUND('',#1216,.T.);
#721=FACE_OUTER_BOUND('',#1217,.T.);
#722=FACE_OUTER_BOUND('',#1218,.T.);
#723=FACE_OUTER_BOUND('',#1219,.T.);
#724=FACE_OUTER_BOUND('',#1220,.T.);
#725=FACE_OUTER_BOUND('',#1221,.T.);
#726=FACE_OUTER_BOUND('',#1222,.T.);
#727=FACE_OUTER_BOUND('',#1223,.T.);
#728=FACE_OUTER_BOUND('',#1224,.T.);
#729=FACE_OUTER_BOUND('',#1225,.T.);
#730=FACE_OUTER_BOUND('',#1226,.T.);
#731=FACE_OUTER_BOUND('',#1227,.T.);
#732=FACE_OUTER_BOUND('',#1228,.T.);
#733=FACE_OUTER_BOUND('',#1229,.T.);
#734=FACE_OUTER_BOUND('',#1230,.T.);
#735=FACE_OUTER_BOUND('',#1231,.T.);
#736=FACE_OUTER_BOUND('',#1232,.T.);
#737=FACE_OUTER_BOUND('',#1233,.T.);
#738=FACE_OUTER_BOUND('',#1234,.T.);
#739=FACE_OUTER_BOUND('',#1235,.T.);
#740=FACE_OUTER_BOUND('',#1236,.T.);
#741=FACE_OUTER_BOUND('',#1237,.T.);
#742=FACE_OUTER_BOUND('',#1238,.T.);
#743=FACE_OUTER_BOUND('',#1239,.T.);
#744=FACE_OUTER_BOUND('',#1240,.T.);
#745=FACE_OUTER_BOUND('',#1241,.T.);
#746=FACE_OUTER_BOUND('',#1242,.T.);
#747=EDGE_LOOP('',(#4640,#4641,#4642,#4643));
#748=EDGE_LOOP('',(#4644,#4645,#4646,#4647));
#749=EDGE_LOOP('',(#4648,#4649,#4650,#4651));
#750=EDGE_LOOP('',(#4652,#4653,#4654,#4655));
#751=EDGE_LOOP('',(#4656,#4657,#4658,#4659));
#752=EDGE_LOOP('',(#4660,#4661,#4662,#4663));
#753=EDGE_LOOP('',(#4664,#4665,#4666,#4667));
#754=EDGE_LOOP('',(#4668,#4669,#4670,#4671));
#755=EDGE_LOOP('',(#4672,#4673,#4674,#4675));
#756=EDGE_LOOP('',(#4676,#4677,#4678,#4679,#4680));
#757=EDGE_LOOP('',(#4681,#4682,#4683,#4684));
#758=EDGE_LOOP('',(#4685,#4686,#4687,#4688,#4689));
#759=EDGE_LOOP('',(#4690));
#760=EDGE_LOOP('',(#4691));
#761=EDGE_LOOP('',(#4692,#4693));
#762=EDGE_LOOP('',(#4694));
#763=EDGE_LOOP('',(#4695,#4696,#4697,#4698));
#764=EDGE_LOOP('',(#4699,#4700));
#765=EDGE_LOOP('',(#4701));
#766=EDGE_LOOP('',(#4702,#4703,#4704,#4705));
#767=EDGE_LOOP('',(#4706,#4707));
#768=EDGE_LOOP('',(#4708));
#769=EDGE_LOOP('',(#4709,#4710,#4711,#4712));
#770=EDGE_LOOP('',(#4713,#4714));
#771=EDGE_LOOP('',(#4715));
#772=EDGE_LOOP('',(#4716,#4717,#4718,#4719,#4720,#4721));
#773=EDGE_LOOP('',(#4722,#4723,#4724,#4725));
#774=EDGE_LOOP('',(#4726,#4727,#4728,#4729));
#775=EDGE_LOOP('',(#4730,#4731,#4732,#4733));
#776=EDGE_LOOP('',(#4734,#4735,#4736,#4737));
#777=EDGE_LOOP('',(#4738,#4739,#4740,#4741));
#778=EDGE_LOOP('',(#4742,#4743,#4744,#4745));
#779=EDGE_LOOP('',(#4746,#4747,#4748,#4749));
#780=EDGE_LOOP('',(#4750,#4751,#4752,#4753));
#781=EDGE_LOOP('',(#4754,#4755,#4756,#4757));
#782=EDGE_LOOP('',(#4758,#4759,#4760,#4761));
#783=EDGE_LOOP('',(#4762,#4763,#4764,#4765));
#784=EDGE_LOOP('',(#4766,#4767,#4768,#4769));
#785=EDGE_LOOP('',(#4770,#4771,#4772,#4773,#4774,#4775,#4776,#4777));
#786=EDGE_LOOP('',(#4778,#4779,#4780,#4781,#4782,#4783,#4784,#4785));
#787=EDGE_LOOP('',(#4786,#4787,#4788,#4789,#4790,#4791,#4792,#4793));
#788=EDGE_LOOP('',(#4794,#4795,#4796,#4797,#4798,#4799,#4800,#4801));
#789=EDGE_LOOP('',(#4802,#4803,#4804,#4805,#4806,#4807,#4808,#4809));
#790=EDGE_LOOP('',(#4810,#4811,#4812,#4813,#4814,#4815,#4816,#4817));
#791=EDGE_LOOP('',(#4818,#4819,#4820,#4821,#4822,#4823,#4824,#4825));
#792=EDGE_LOOP('',(#4826,#4827,#4828,#4829,#4830,#4831,#4832,#4833));
#793=EDGE_LOOP('',(#4834,#4835,#4836,#4837,#4838,#4839,#4840,#4841));
#794=EDGE_LOOP('',(#4842,#4843,#4844,#4845,#4846,#4847,#4848,#4849));
#795=EDGE_LOOP('',(#4850));
#796=EDGE_LOOP('',(#4851));
#797=EDGE_LOOP('',(#4852));
#798=EDGE_LOOP('',(#4853));
#799=EDGE_LOOP('',(#4854));
#800=EDGE_LOOP('',(#4855));
#801=EDGE_LOOP('',(#4856,#4857,#4858,#4859,#4860,#4861,#4862,#4863,#4864,
#4865,#4866,#4867,#4868,#4869,#4870,#4871));
#802=EDGE_LOOP('',(#4872));
#803=EDGE_LOOP('',(#4873,#4874,#4875,#4876,#4877,#4878,#4879,#4880));
#804=EDGE_LOOP('',(#4881));
#805=EDGE_LOOP('',(#4882,#4883,#4884,#4885,#4886,#4887,#4888,#4889,#4890,
#4891,#4892,#4893,#4894,#4895,#4896,#4897));
#806=EDGE_LOOP('',(#4898));
#807=EDGE_LOOP('',(#4899,#4900,#4901,#4902,#4903,#4904,#4905,#4906));
#808=EDGE_LOOP('',(#4907,#4908,#4909,#4910,#4911,#4912,#4913,#4914));
#809=EDGE_LOOP('',(#4915,#4916,#4917,#4918));
#810=EDGE_LOOP('',(#4919,#4920,#4921,#4922));
#811=EDGE_LOOP('',(#4923,#4924,#4925,#4926));
#812=EDGE_LOOP('',(#4927,#4928,#4929,#4930));
#813=EDGE_LOOP('',(#4931,#4932,#4933,#4934));
#814=EDGE_LOOP('',(#4935,#4936,#4937,#4938,#4939));
#815=EDGE_LOOP('',(#4940,#4941,#4942,#4943));
#816=EDGE_LOOP('',(#4944,#4945,#4946,#4947,#4948));
#817=EDGE_LOOP('',(#4949,#4950,#4951,#4952,#4953,#4954));
#818=EDGE_LOOP('',(#4955,#4956,#4957,#4958,#4959,#4960));
#819=EDGE_LOOP('',(#4961));
#820=EDGE_LOOP('',(#4962,#4963,#4964,#4965,#4966,#4967,#4968,#4969,#4970,
#4971));
#821=EDGE_LOOP('',(#4972,#4973,#4974,#4975));
#822=EDGE_LOOP('',(#4976,#4977,#4978,#4979));
#823=EDGE_LOOP('',(#4980,#4981,#4982,#4983,#4984,#4985));
#824=EDGE_LOOP('',(#4986,#4987,#4988,#4989,#4990,#4991,#4992,#4993));
#825=EDGE_LOOP('',(#4994,#4995,#4996,#4997));
#826=EDGE_LOOP('',(#4998,#4999,#5000,#5001));
#827=EDGE_LOOP('',(#5002,#5003,#5004,#5005,#5006,#5007));
#828=EDGE_LOOP('',(#5008,#5009,#5010,#5011));
#829=EDGE_LOOP('',(#5012,#5013,#5014,#5015));
#830=EDGE_LOOP('',(#5016,#5017,#5018,#5019,#5020,#5021));
#831=EDGE_LOOP('',(#5022,#5023,#5024,#5025));
#832=EDGE_LOOP('',(#5026,#5027,#5028,#5029));
#833=EDGE_LOOP('',(#5030,#5031,#5032,#5033));
#834=EDGE_LOOP('',(#5034,#5035,#5036,#5037));
#835=EDGE_LOOP('',(#5038,#5039,#5040,#5041,#5042,#5043,#5044,#5045,#5046,
#5047));
#836=EDGE_LOOP('',(#5048,#5049,#5050,#5051,#5052,#5053,#5054,#5055,#5056,
#5057,#5058,#5059));
#837=EDGE_LOOP('',(#5060,#5061,#5062,#5063));
#838=EDGE_LOOP('',(#5064,#5065,#5066,#5067));
#839=EDGE_LOOP('',(#5068));
#840=EDGE_LOOP('',(#5069));
#841=EDGE_LOOP('',(#5070,#5071,#5072,#5073,#5074,#5075,#5076,#5077,#5078,
#5079,#5080,#5081,#5082,#5083,#5084,#5085,#5086,#5087,#5088,#5089,#5090,
#5091,#5092,#5093,#5094,#5095,#5096,#5097,#5098,#5099,#5100,#5101,#5102,
#5103,#5104,#5105,#5106));
#842=EDGE_LOOP('',(#5107,#5108,#5109,#5110));
#843=EDGE_LOOP('',(#5111));
#844=EDGE_LOOP('',(#5112));
#845=EDGE_LOOP('',(#5113));
#846=EDGE_LOOP('',(#5114));
#847=EDGE_LOOP('',(#5115));
#848=EDGE_LOOP('',(#5116));
#849=EDGE_LOOP('',(#5117));
#850=EDGE_LOOP('',(#5118));
#851=EDGE_LOOP('',(#5119,#5120,#5121,#5122,#5123,#5124,#5125,#5126));
#852=EDGE_LOOP('',(#5127,#5128,#5129,#5130,#5131,#5132,#5133,#5134));
#853=EDGE_LOOP('',(#5135,#5136,#5137,#5138,#5139,#5140,#5141,#5142));
#854=EDGE_LOOP('',(#5143,#5144,#5145,#5146,#5147,#5148,#5149,#5150));
#855=EDGE_LOOP('',(#5151));
#856=EDGE_LOOP('',(#5152));
#857=EDGE_LOOP('',(#5153,#5154,#5155,#5156,#5157,#5158,#5159,#5160));
#858=EDGE_LOOP('',(#5161,#5162));
#859=EDGE_LOOP('',(#5163));
#860=EDGE_LOOP('',(#5164));
#861=EDGE_LOOP('',(#5165));
#862=EDGE_LOOP('',(#5166));
#863=EDGE_LOOP('',(#5167));
#864=EDGE_LOOP('',(#5168));
#865=EDGE_LOOP('',(#5169));
#866=EDGE_LOOP('',(#5170,#5171,#5172,#5173));
#867=EDGE_LOOP('',(#5174,#5175,#5176,#5177));
#868=EDGE_LOOP('',(#5178));
#869=EDGE_LOOP('',(#5179));
#870=EDGE_LOOP('',(#5180));
#871=EDGE_LOOP('',(#5181,#5182,#5183,#5184));
#872=EDGE_LOOP('',(#5185,#5186,#5187,#5188));
#873=EDGE_LOOP('',(#5189,#5190,#5191,#5192));
#874=EDGE_LOOP('',(#5193,#5194,#5195,#5196));
#875=EDGE_LOOP('',(#5197,#5198,#5199,#5200));
#876=EDGE_LOOP('',(#5201,#5202,#5203,#5204));
#877=EDGE_LOOP('',(#5205,#5206,#5207,#5208));
#878=EDGE_LOOP('',(#5209));
#879=EDGE_LOOP('',(#5210));
#880=EDGE_LOOP('',(#5211));
#881=EDGE_LOOP('',(#5212,#5213,#5214,#5215));
#882=EDGE_LOOP('',(#5216,#5217,#5218,#5219));
#883=EDGE_LOOP('',(#5220));
#884=EDGE_LOOP('',(#5221));
#885=EDGE_LOOP('',(#5222));
#886=EDGE_LOOP('',(#5223,#5224,#5225,#5226));
#887=EDGE_LOOP('',(#5227,#5228,#5229,#5230));
#888=EDGE_LOOP('',(#5231));
#889=EDGE_LOOP('',(#5232));
#890=EDGE_LOOP('',(#5233));
#891=EDGE_LOOP('',(#5234,#5235,#5236,#5237));
#892=EDGE_LOOP('',(#5238,#5239,#5240,#5241));
#893=EDGE_LOOP('',(#5242));
#894=EDGE_LOOP('',(#5243));
#895=EDGE_LOOP('',(#5244));
#896=EDGE_LOOP('',(#5245,#5246,#5247,#5248));
#897=EDGE_LOOP('',(#5249,#5250,#5251,#5252));
#898=EDGE_LOOP('',(#5253));
#899=EDGE_LOOP('',(#5254));
#900=EDGE_LOOP('',(#5255));
#901=EDGE_LOOP('',(#5256,#5257,#5258,#5259));
#902=EDGE_LOOP('',(#5260,#5261,#5262,#5263));
#903=EDGE_LOOP('',(#5264));
#904=EDGE_LOOP('',(#5265));
#905=EDGE_LOOP('',(#5266));
#906=EDGE_LOOP('',(#5267,#5268,#5269,#5270));
#907=EDGE_LOOP('',(#5271,#5272,#5273,#5274));
#908=EDGE_LOOP('',(#5275));
#909=EDGE_LOOP('',(#5276));
#910=EDGE_LOOP('',(#5277));
#911=EDGE_LOOP('',(#5278,#5279,#5280,#5281));
#912=EDGE_LOOP('',(#5282,#5283,#5284,#5285));
#913=EDGE_LOOP('',(#5286));
#914=EDGE_LOOP('',(#5287));
#915=EDGE_LOOP('',(#5288));
#916=EDGE_LOOP('',(#5289,#5290,#5291,#5292));
#917=EDGE_LOOP('',(#5293,#5294,#5295,#5296));
#918=EDGE_LOOP('',(#5297));
#919=EDGE_LOOP('',(#5298));
#920=EDGE_LOOP('',(#5299));
#921=EDGE_LOOP('',(#5300,#5301,#5302,#5303));
#922=EDGE_LOOP('',(#5304,#5305,#5306,#5307));
#923=EDGE_LOOP('',(#5308));
#924=EDGE_LOOP('',(#5309,#5310,#5311,#5312));
#925=EDGE_LOOP('',(#5313,#5314,#5315,#5316));
#926=EDGE_LOOP('',(#5317));
#927=EDGE_LOOP('',(#5318));
#928=EDGE_LOOP('',(#5319));
#929=EDGE_LOOP('',(#5320,#5321,#5322,#5323,#5324));
#930=EDGE_LOOP('',(#5325,#5326,#5327,#5328));
#931=EDGE_LOOP('',(#5329,#5330,#5331,#5332,#5333));
#932=EDGE_LOOP('',(#5334,#5335,#5336,#5337,#5338));
#933=EDGE_LOOP('',(#5339,#5340,#5341,#5342));
#934=EDGE_LOOP('',(#5343,#5344,#5345,#5346,#5347,#5348));
#935=EDGE_LOOP('',(#5349,#5350,#5351,#5352));
#936=EDGE_LOOP('',(#5353,#5354,#5355,#5356));
#937=EDGE_LOOP('',(#5357,#5358,#5359,#5360,#5361,#5362));
#938=EDGE_LOOP('',(#5363));
#939=EDGE_LOOP('',(#5364,#5365,#5366,#5367));
#940=EDGE_LOOP('',(#5368,#5369,#5370,#5371));
#941=EDGE_LOOP('',(#5372,#5373,#5374,#5375));
#942=EDGE_LOOP('',(#5376,#5377,#5378,#5379));
#943=EDGE_LOOP('',(#5380,#5381,#5382,#5383));
#944=EDGE_LOOP('',(#5384,#5385,#5386,#5387));
#945=EDGE_LOOP('',(#5388,#5389,#5390,#5391,#5392,#5393));
#946=EDGE_LOOP('',(#5394));
#947=EDGE_LOOP('',(#5395,#5396,#5397,#5398));
#948=EDGE_LOOP('',(#5399,#5400,#5401,#5402));
#949=EDGE_LOOP('',(#5403));
#950=EDGE_LOOP('',(#5404,#5405,#5406,#5407));
#951=EDGE_LOOP('',(#5408,#5409,#5410,#5411));
#952=EDGE_LOOP('',(#5412));
#953=EDGE_LOOP('',(#5413,#5414,#5415,#5416));
#954=EDGE_LOOP('',(#5417,#5418,#5419,#5420));
#955=EDGE_LOOP('',(#5421));
#956=EDGE_LOOP('',(#5422,#5423,#5424,#5425));
#957=EDGE_LOOP('',(#5426,#5427,#5428,#5429,#5430,#5431,#5432,#5433));
#958=EDGE_LOOP('',(#5434,#5435,#5436,#5437,#5438,#5439,#5440,#5441));
#959=EDGE_LOOP('',(#5442,#5443,#5444,#5445,#5446,#5447,#5448,#5449));
#960=EDGE_LOOP('',(#5450,#5451,#5452,#5453,#5454,#5455,#5456,#5457));
#961=EDGE_LOOP('',(#5458,#5459,#5460,#5461));
#962=EDGE_LOOP('',(#5462,#5463,#5464,#5465,#5466,#5467,#5468,#5469));
#963=EDGE_LOOP('',(#5470,#5471,#5472,#5473,#5474,#5475,#5476,#5477));
#964=EDGE_LOOP('',(#5478,#5479,#5480,#5481,#5482,#5483,#5484,#5485));
#965=EDGE_LOOP('',(#5486,#5487,#5488,#5489,#5490,#5491,#5492,#5493));
#966=EDGE_LOOP('',(#5494,#5495,#5496,#5497));
#967=EDGE_LOOP('',(#5498,#5499,#5500,#5501));
#968=EDGE_LOOP('',(#5502,#5503,#5504,#5505));
#969=EDGE_LOOP('',(#5506,#5507,#5508,#5509));
#970=EDGE_LOOP('',(#5510,#5511,#5512,#5513));
#971=EDGE_LOOP('',(#5514,#5515,#5516,#5517));
#972=EDGE_LOOP('',(#5518,#5519,#5520,#5521));
#973=EDGE_LOOP('',(#5522,#5523,#5524,#5525));
#974=EDGE_LOOP('',(#5526,#5527,#5528,#5529));
#975=EDGE_LOOP('',(#5530,#5531,#5532,#5533));
#976=EDGE_LOOP('',(#5534,#5535,#5536,#5537));
#977=EDGE_LOOP('',(#5538,#5539,#5540,#5541));
#978=EDGE_LOOP('',(#5542,#5543,#5544,#5545));
#979=EDGE_LOOP('',(#5546,#5547,#5548,#5549));
#980=EDGE_LOOP('',(#5550,#5551,#5552,#5553));
#981=EDGE_LOOP('',(#5554,#5555,#5556,#5557));
#982=EDGE_LOOP('',(#5558,#5559,#5560,#5561));
#983=EDGE_LOOP('',(#5562,#5563,#5564,#5565));
#984=EDGE_LOOP('',(#5566,#5567,#5568,#5569));
#985=EDGE_LOOP('',(#5570,#5571,#5572,#5573));
#986=EDGE_LOOP('',(#5574,#5575,#5576,#5577));
#987=EDGE_LOOP('',(#5578,#5579,#5580,#5581));
#988=EDGE_LOOP('',(#5582,#5583,#5584,#5585));
#989=EDGE_LOOP('',(#5586,#5587,#5588,#5589));
#990=EDGE_LOOP('',(#5590,#5591,#5592,#5593));
#991=EDGE_LOOP('',(#5594,#5595,#5596,#5597));
#992=EDGE_LOOP('',(#5598,#5599,#5600,#5601));
#993=EDGE_LOOP('',(#5602,#5603,#5604,#5605));
#994=EDGE_LOOP('',(#5606,#5607,#5608,#5609));
#995=EDGE_LOOP('',(#5610,#5611,#5612,#5613));
#996=EDGE_LOOP('',(#5614,#5615,#5616,#5617));
#997=EDGE_LOOP('',(#5618,#5619,#5620,#5621));
#998=EDGE_LOOP('',(#5622,#5623,#5624,#5625));
#999=EDGE_LOOP('',(#5626,#5627,#5628,#5629));
#1000=EDGE_LOOP('',(#5630));
#1001=EDGE_LOOP('',(#5631));
#1002=EDGE_LOOP('',(#5632));
#1003=EDGE_LOOP('',(#5633,#5634,#5635,#5636));
#1004=EDGE_LOOP('',(#5637,#5638,#5639,#5640));
#1005=EDGE_LOOP('',(#5641,#5642,#5643,#5644));
#1006=EDGE_LOOP('',(#5645,#5646,#5647,#5648));
#1007=EDGE_LOOP('',(#5649,#5650,#5651,#5652));
#1008=EDGE_LOOP('',(#5653,#5654,#5655,#5656));
#1009=EDGE_LOOP('',(#5657,#5658,#5659,#5660,#5661,#5662));
#1010=EDGE_LOOP('',(#5663,#5664,#5665,#5666));
#1011=EDGE_LOOP('',(#5667,#5668,#5669,#5670));
#1012=EDGE_LOOP('',(#5671,#5672,#5673,#5674,#5675,#5676));
#1013=EDGE_LOOP('',(#5677,#5678,#5679,#5680,#5681,#5682,#5683,#5684,#5685,
#5686));
#1014=EDGE_LOOP('',(#5687,#5688,#5689,#5690));
#1015=EDGE_LOOP('',(#5691,#5692,#5693,#5694));
#1016=EDGE_LOOP('',(#5695));
#1017=EDGE_LOOP('',(#5696));
#1018=EDGE_LOOP('',(#5697));
#1019=EDGE_LOOP('',(#5698,#5699,#5700,#5701));
#1020=EDGE_LOOP('',(#5702,#5703,#5704,#5705));
#1021=EDGE_LOOP('',(#5706));
#1022=EDGE_LOOP('',(#5707));
#1023=EDGE_LOOP('',(#5708));
#1024=EDGE_LOOP('',(#5709,#5710,#5711,#5712));
#1025=EDGE_LOOP('',(#5713,#5714,#5715,#5716));
#1026=EDGE_LOOP('',(#5717));
#1027=EDGE_LOOP('',(#5718));
#1028=EDGE_LOOP('',(#5719));
#1029=EDGE_LOOP('',(#5720,#5721,#5722,#5723));
#1030=EDGE_LOOP('',(#5724,#5725,#5726,#5727));
#1031=EDGE_LOOP('',(#5728,#5729,#5730,#5731));
#1032=EDGE_LOOP('',(#5732,#5733,#5734,#5735));
#1033=EDGE_LOOP('',(#5736,#5737,#5738,#5739));
#1034=EDGE_LOOP('',(#5740,#5741,#5742,#5743));
#1035=EDGE_LOOP('',(#5744,#5745,#5746,#5747,#5748,#5749));
#1036=EDGE_LOOP('',(#5750,#5751,#5752,#5753));
#1037=EDGE_LOOP('',(#5754,#5755,#5756,#5757));
#1038=EDGE_LOOP('',(#5758,#5759,#5760,#5761,#5762,#5763));
#1039=EDGE_LOOP('',(#5764,#5765,#5766,#5767,#5768,#5769,#5770,#5771,#5772,
#5773,#5774));
#1040=EDGE_LOOP('',(#5775));
#1041=EDGE_LOOP('',(#5776,#5777,#5778,#5779));
#1042=EDGE_LOOP('',(#5780,#5781,#5782,#5783));
#1043=EDGE_LOOP('',(#5784,#5785,#5786,#5787));
#1044=EDGE_LOOP('',(#5788,#5789,#5790,#5791));
#1045=EDGE_LOOP('',(#5792,#5793,#5794,#5795));
#1046=EDGE_LOOP('',(#5796,#5797,#5798,#5799));
#1047=EDGE_LOOP('',(#5800,#5801,#5802,#5803));
#1048=EDGE_LOOP('',(#5804,#5805,#5806,#5807));
#1049=EDGE_LOOP('',(#5808,#5809,#5810,#5811));
#1050=EDGE_LOOP('',(#5812,#5813,#5814,#5815));
#1051=EDGE_LOOP('',(#5816,#5817,#5818,#5819));
#1052=EDGE_LOOP('',(#5820,#5821,#5822,#5823));
#1053=EDGE_LOOP('',(#5824,#5825,#5826,#5827));
#1054=EDGE_LOOP('',(#5828,#5829,#5830,#5831));
#1055=EDGE_LOOP('',(#5832,#5833,#5834,#5835));
#1056=EDGE_LOOP('',(#5836,#5837,#5838,#5839));
#1057=EDGE_LOOP('',(#5840,#5841,#5842,#5843));
#1058=EDGE_LOOP('',(#5844,#5845,#5846,#5847));
#1059=EDGE_LOOP('',(#5848,#5849,#5850,#5851));
#1060=EDGE_LOOP('',(#5852,#5853,#5854,#5855));
#1061=EDGE_LOOP('',(#5856,#5857,#5858,#5859));
#1062=EDGE_LOOP('',(#5860,#5861,#5862,#5863));
#1063=EDGE_LOOP('',(#5864,#5865,#5866,#5867));
#1064=EDGE_LOOP('',(#5868,#5869,#5870,#5871));
#1065=EDGE_LOOP('',(#5872,#5873,#5874,#5875,#5876,#5877,#5878,#5879,#5880,
#5881,#5882,#5883,#5884,#5885,#5886,#5887));
#1066=EDGE_LOOP('',(#5888,#5889,#5890,#5891,#5892,#5893,#5894,#5895,#5896,
#5897,#5898,#5899,#5900,#5901,#5902,#5903,#5904,#5905,#5906,#5907,#5908,
#5909,#5910,#5911));
#1067=EDGE_LOOP('',(#5912,#5913));
#1068=EDGE_LOOP('',(#5914,#5915,#5916,#5917));
#1069=EDGE_LOOP('',(#5918,#5919));
#1070=EDGE_LOOP('',(#5920,#5921,#5922,#5923));
#1071=EDGE_LOOP('',(#5924,#5925));
#1072=EDGE_LOOP('',(#5926,#5927,#5928,#5929));
#1073=EDGE_LOOP('',(#5930,#5931));
#1074=EDGE_LOOP('',(#5932,#5933,#5934,#5935));
#1075=EDGE_LOOP('',(#5936,#5937,#5938,#5939,#5940,#5941));
#1076=EDGE_LOOP('',(#5942,#5943,#5944,#5945,#5946,#5947,#5948,#5949));
#1077=EDGE_LOOP('',(#5950,#5951,#5952,#5953,#5954,#5955));
#1078=EDGE_LOOP('',(#5956,#5957,#5958,#5959));
#1079=EDGE_LOOP('',(#5960,#5961,#5962,#5963,#5964,#5965));
#1080=EDGE_LOOP('',(#5966,#5967,#5968,#5969,#5970,#5971,#5972,#5973));
#1081=EDGE_LOOP('',(#5974,#5975,#5976,#5977,#5978,#5979));
#1082=EDGE_LOOP('',(#5980,#5981,#5982,#5983));
#1083=EDGE_LOOP('',(#5984,#5985,#5986,#5987,#5988,#5989));
#1084=EDGE_LOOP('',(#5990,#5991,#5992,#5993));
#1085=EDGE_LOOP('',(#5994,#5995,#5996,#5997,#5998,#5999));
#1086=EDGE_LOOP('',(#6000,#6001,#6002,#6003,#6004,#6005,#6006,#6007));
#1087=EDGE_LOOP('',(#6008,#6009,#6010,#6011,#6012,#6013));
#1088=EDGE_LOOP('',(#6014,#6015,#6016,#6017));
#1089=EDGE_LOOP('',(#6018,#6019,#6020,#6021,#6022,#6023));
#1090=EDGE_LOOP('',(#6024,#6025,#6026,#6027,#6028,#6029,#6030,#6031));
#1091=EDGE_LOOP('',(#6032,#6033,#6034,#6035));
#1092=EDGE_LOOP('',(#6036,#6037,#6038,#6039));
#1093=EDGE_LOOP('',(#6040,#6041,#6042,#6043));
#1094=EDGE_LOOP('',(#6044,#6045,#6046,#6047));
#1095=EDGE_LOOP('',(#6048,#6049,#6050,#6051));
#1096=EDGE_LOOP('',(#6052,#6053,#6054,#6055));
#1097=EDGE_LOOP('',(#6056,#6057,#6058,#6059));
#1098=EDGE_LOOP('',(#6060,#6061,#6062,#6063));
#1099=EDGE_LOOP('',(#6064,#6065,#6066,#6067,#6068,#6069,#6070,#6071));
#1100=EDGE_LOOP('',(#6072,#6073,#6074,#6075,#6076,#6077,#6078,#6079,#6080,
#6081,#6082,#6083,#6084,#6085,#6086,#6087));
#1101=EDGE_LOOP('',(#6088,#6089,#6090,#6091));
#1102=EDGE_LOOP('',(#6092,#6093));
#1103=EDGE_LOOP('',(#6094));
#1104=EDGE_LOOP('',(#6095,#6096,#6097,#6098));
#1105=EDGE_LOOP('',(#6099,#6100));
#1106=EDGE_LOOP('',(#6101));
#1107=EDGE_LOOP('',(#6102,#6103,#6104,#6105));
#1108=EDGE_LOOP('',(#6106,#6107));
#1109=EDGE_LOOP('',(#6108));
#1110=EDGE_LOOP('',(#6109,#6110,#6111,#6112));
#1111=EDGE_LOOP('',(#6113,#6114));
#1112=EDGE_LOOP('',(#6115));
#1113=EDGE_LOOP('',(#6116,#6117,#6118,#6119));
#1114=EDGE_LOOP('',(#6120,#6121,#6122,#6123,#6124,#6125));
#1115=EDGE_LOOP('',(#6126,#6127,#6128,#6129));
#1116=EDGE_LOOP('',(#6130,#6131,#6132,#6133,#6134,#6135));
#1117=EDGE_LOOP('',(#6136));
#1118=EDGE_LOOP('',(#6137,#6138,#6139,#6140));
#1119=EDGE_LOOP('',(#6141,#6142,#6143,#6144,#6145,#6146));
#1120=EDGE_LOOP('',(#6147));
#1121=EDGE_LOOP('',(#6148,#6149,#6150,#6151));
#1122=EDGE_LOOP('',(#6152,#6153,#6154,#6155,#6156,#6157));
#1123=EDGE_LOOP('',(#6158));
#1124=EDGE_LOOP('',(#6159,#6160,#6161,#6162));
#1125=EDGE_LOOP('',(#6163,#6164,#6165,#6166));
#1126=EDGE_LOOP('',(#6167,#6168,#6169,#6170));
#1127=EDGE_LOOP('',(#6171,#6172,#6173,#6174));
#1128=EDGE_LOOP('',(#6175,#6176,#6177,#6178,#6179,#6180,#6181,#6182));
#1129=EDGE_LOOP('',(#6183,#6184,#6185,#6186,#6187,#6188,#6189,#6190));
#1130=EDGE_LOOP('',(#6191,#6192,#6193,#6194));
#1131=EDGE_LOOP('',(#6195));
#1132=EDGE_LOOP('',(#6196,#6197,#6198,#6199,#6200,#6201,#6202,#6203));
#1133=EDGE_LOOP('',(#6204,#6205,#6206,#6207));
#1134=EDGE_LOOP('',(#6208,#6209,#6210,#6211));
#1135=EDGE_LOOP('',(#6212,#6213,#6214,#6215,#6216,#6217,#6218,#6219));
#1136=EDGE_LOOP('',(#6220,#6221,#6222,#6223));
#1137=EDGE_LOOP('',(#6224));
#1138=EDGE_LOOP('',(#6225,#6226,#6227,#6228));
#1139=EDGE_LOOP('',(#6229,#6230,#6231,#6232));
#1140=EDGE_LOOP('',(#6233,#6234,#6235,#6236));
#1141=EDGE_LOOP('',(#6237,#6238,#6239,#6240));
#1142=EDGE_LOOP('',(#6241,#6242,#6243,#6244));
#1143=EDGE_LOOP('',(#6245,#6246,#6247,#6248));
#1144=EDGE_LOOP('',(#6249,#6250,#6251,#6252));
#1145=EDGE_LOOP('',(#6253,#6254,#6255,#6256));
#1146=EDGE_LOOP('',(#6257,#6258,#6259,#6260));
#1147=EDGE_LOOP('',(#6261,#6262,#6263,#6264));
#1148=EDGE_LOOP('',(#6265,#6266,#6267,#6268));
#1149=EDGE_LOOP('',(#6269,#6270,#6271,#6272));
#1150=EDGE_LOOP('',(#6273,#6274,#6275,#6276));
#1151=EDGE_LOOP('',(#6277,#6278,#6279,#6280));
#1152=EDGE_LOOP('',(#6281,#6282,#6283,#6284));
#1153=EDGE_LOOP('',(#6285,#6286,#6287,#6288));
#1154=EDGE_LOOP('',(#6289,#6290,#6291,#6292));
#1155=EDGE_LOOP('',(#6293,#6294,#6295,#6296));
#1156=EDGE_LOOP('',(#6297,#6298,#6299,#6300));
#1157=EDGE_LOOP('',(#6301,#6302,#6303,#6304));
#1158=EDGE_LOOP('',(#6305,#6306,#6307,#6308));
#1159=EDGE_LOOP('',(#6309,#6310,#6311,#6312));
#1160=EDGE_LOOP('',(#6313,#6314,#6315,#6316));
#1161=EDGE_LOOP('',(#6317,#6318,#6319,#6320));
#1162=EDGE_LOOP('',(#6321,#6322,#6323,#6324));
#1163=EDGE_LOOP('',(#6325,#6326,#6327,#6328));
#1164=EDGE_LOOP('',(#6329,#6330,#6331,#6332));
#1165=EDGE_LOOP('',(#6333,#6334,#6335,#6336));
#1166=EDGE_LOOP('',(#6337,#6338,#6339,#6340));
#1167=EDGE_LOOP('',(#6341,#6342,#6343,#6344));
#1168=EDGE_LOOP('',(#6345,#6346,#6347,#6348));
#1169=EDGE_LOOP('',(#6349,#6350,#6351,#6352));
#1170=EDGE_LOOP('',(#6353,#6354,#6355,#6356));
#1171=EDGE_LOOP('',(#6357,#6358,#6359,#6360));
#1172=EDGE_LOOP('',(#6361,#6362,#6363,#6364));
#1173=EDGE_LOOP('',(#6365,#6366,#6367,#6368));
#1174=EDGE_LOOP('',(#6369,#6370,#6371,#6372));
#1175=EDGE_LOOP('',(#6373,#6374,#6375,#6376));
#1176=EDGE_LOOP('',(#6377,#6378,#6379,#6380));
#1177=EDGE_LOOP('',(#6381,#6382,#6383,#6384));
#1178=EDGE_LOOP('',(#6385,#6386,#6387,#6388));
#1179=EDGE_LOOP('',(#6389,#6390,#6391,#6392));
#1180=EDGE_LOOP('',(#6393,#6394,#6395,#6396));
#1181=EDGE_LOOP('',(#6397,#6398,#6399,#6400));
#1182=EDGE_LOOP('',(#6401,#6402,#6403,#6404));
#1183=EDGE_LOOP('',(#6405,#6406,#6407,#6408,#6409,#6410,#6411,#6412,#6413,
#6414,#6415,#6416,#6417,#6418,#6419,#6420,#6421,#6422,#6423,#6424,#6425,
#6426,#6427,#6428,#6429,#6430,#6431,#6432,#6433,#6434,#6435,#6436,#6437,
#6438,#6439,#6440,#6441,#6442,#6443,#6444));
#1184=EDGE_LOOP('',(#6445,#6446,#6447,#6448));
#1185=EDGE_LOOP('',(#6449,#6450,#6451,#6452));
#1186=EDGE_LOOP('',(#6453,#6454,#6455,#6456));
#1187=EDGE_LOOP('',(#6457,#6458,#6459,#6460));
#1188=EDGE_LOOP('',(#6461,#6462,#6463,#6464));
#1189=EDGE_LOOP('',(#6465,#6466,#6467,#6468));
#1190=EDGE_LOOP('',(#6469,#6470,#6471,#6472));
#1191=EDGE_LOOP('',(#6473,#6474,#6475,#6476));
#1192=EDGE_LOOP('',(#6477,#6478,#6479,#6480));
#1193=EDGE_LOOP('',(#6481,#6482,#6483,#6484,#6485,#6486,#6487,#6488));
#1194=EDGE_LOOP('',(#6489,#6490,#6491,#6492,#6493,#6494,#6495,#6496,#6497,
#6498,#6499,#6500,#6501,#6502,#6503,#6504,#6505,#6506,#6507,#6508,#6509,
#6510,#6511,#6512,#6513,#6514,#6515,#6516,#6517,#6518,#6519,#6520,#6521,
#6522,#6523,#6524,#6525,#6526,#6527,#6528));
#1195=EDGE_LOOP('',(#6529));
#1196=EDGE_LOOP('',(#6530));
#1197=EDGE_LOOP('',(#6531));
#1198=EDGE_LOOP('',(#6532));
#1199=EDGE_LOOP('',(#6533,#6534,#6535,#6536));
#1200=EDGE_LOOP('',(#6537,#6538,#6539,#6540));
#1201=EDGE_LOOP('',(#6541,#6542,#6543,#6544));
#1202=EDGE_LOOP('',(#6545,#6546,#6547,#6548));
#1203=EDGE_LOOP('',(#6549,#6550,#6551,#6552));
#1204=EDGE_LOOP('',(#6553,#6554,#6555,#6556));
#1205=EDGE_LOOP('',(#6557,#6558,#6559,#6560));
#1206=EDGE_LOOP('',(#6561,#6562,#6563,#6564));
#1207=EDGE_LOOP('',(#6565,#6566,#6567,#6568));
#1208=EDGE_LOOP('',(#6569,#6570,#6571,#6572));
#1209=EDGE_LOOP('',(#6573,#6574,#6575,#6576));
#1210=EDGE_LOOP('',(#6577,#6578,#6579,#6580));
#1211=EDGE_LOOP('',(#6581,#6582,#6583,#6584));
#1212=EDGE_LOOP('',(#6585,#6586,#6587,#6588));
#1213=EDGE_LOOP('',(#6589,#6590,#6591,#6592));
#1214=EDGE_LOOP('',(#6593,#6594,#6595,#6596));
#1215=EDGE_LOOP('',(#6597,#6598,#6599,#6600));
#1216=EDGE_LOOP('',(#6601,#6602,#6603,#6604));
#1217=EDGE_LOOP('',(#6605,#6606,#6607,#6608));
#1218=EDGE_LOOP('',(#6609,#6610,#6611,#6612));
#1219=EDGE_LOOP('',(#6613,#6614,#6615,#6616));
#1220=EDGE_LOOP('',(#6617,#6618,#6619,#6620));
#1221=EDGE_LOOP('',(#6621,#6622,#6623,#6624));
#1222=EDGE_LOOP('',(#6625,#6626,#6627,#6628));
#1223=EDGE_LOOP('',(#6629,#6630,#6631,#6632));
#1224=EDGE_LOOP('',(#6633,#6634,#6635,#6636));
#1225=EDGE_LOOP('',(#6637,#6638,#6639,#6640));
#1226=EDGE_LOOP('',(#6641,#6642,#6643,#6644));
#1227=EDGE_LOOP('',(#6645,#6646,#6647,#6648));
#1228=EDGE_LOOP('',(#6649,#6650,#6651,#6652));
#1229=EDGE_LOOP('',(#6653,#6654,#6655,#6656));
#1230=EDGE_LOOP('',(#6657,#6658,#6659,#6660));
#1231=EDGE_LOOP('',(#6661,#6662,#6663,#6664));
#1232=EDGE_LOOP('',(#6665,#6666,#6667,#6668));
#1233=EDGE_LOOP('',(#6669,#6670,#6671,#6672));
#1234=EDGE_LOOP('',(#6673,#6674,#6675,#6676));
#1235=EDGE_LOOP('',(#6677,#6678,#6679,#6680));
#1236=EDGE_LOOP('',(#6681,#6682,#6683,#6684));
#1237=EDGE_LOOP('',(#6685,#6686,#6687,#6688));
#1238=EDGE_LOOP('',(#6689,#6690,#6691,#6692));
#1239=EDGE_LOOP('',(#6693,#6694,#6695,#6696));
#1240=EDGE_LOOP('',(#6697,#6698,#6699,#6700));
#1241=EDGE_LOOP('',(#6701,#6702,#6703,#6704));
#1242=EDGE_LOOP('',(#6705));
#1243=CIRCLE('',#7293,2.5);
#1244=CIRCLE('',#7294,2.5);
#1245=CIRCLE('',#7296,2.5);
#1246=CIRCLE('',#7297,2.5);
#1247=CIRCLE('',#7299,2.5);
#1248=CIRCLE('',#7300,2.5);
#1249=CIRCLE('',#7302,2.5);
#1250=CIRCLE('',#7303,2.5);
#1251=CIRCLE('',#7306,1.05);
#1252=CIRCLE('',#7307,1.05);
#1253=CIRCLE('',#7310,1.05000000000002);
#1254=CIRCLE('',#7311,1.05000000000002);
#1255=CIRCLE('',#7314,1.05000000000003);
#1256=CIRCLE('',#7315,1.05000000000003);
#1257=CIRCLE('',#7316,1.05000000000003);
#1258=CIRCLE('',#7319,1.05000000000002);
#1259=CIRCLE('',#7320,1.05000000000002);
#1260=CIRCLE('',#7321,1.05000000000002);
#1261=CIRCLE('',#7323,2.25000000000001);
#1262=CIRCLE('',#7324,0.699999999999994);
#1263=CIRCLE('',#7326,2.5);
#1264=CIRCLE('',#7327,0.700000000000003);
#1265=CIRCLE('',#7330,2.5);
#1266=CIRCLE('',#7331,0.700000000000003);
#1267=CIRCLE('',#7334,2.5);
#1268=CIRCLE('',#7335,0.700000000000003);
#1269=CIRCLE('',#7338,2.5);
#1270=CIRCLE('',#7339,0.700000000000003);
#1271=CIRCLE('',#7342,2.);
#1272=CIRCLE('',#7343,2.00000000000002);
#1273=CIRCLE('',#7345,2.00000000000003);
#1274=CIRCLE('',#7346,4.);
#1275=CIRCLE('',#7347,6.);
#1276=CIRCLE('',#7349,2.);
#1277=CIRCLE('',#7351,1.99999999999999);
#1278=CIRCLE('',#7352,20.5);
#1279=CIRCLE('',#7353,22.5);
#1280=CIRCLE('',#7355,1.99999999999999);
#1281=CIRCLE('',#7357,2.);
#1282=CIRCLE('',#7358,20.5);
#1283=CIRCLE('',#7359,22.5);
#1284=CIRCLE('',#7361,2.);
#1285=CIRCLE('',#7363,4.);
#1286=CIRCLE('',#7364,6.);
#1287=CIRCLE('',#7366,22.5);
#1288=CIRCLE('',#7369,6.);
#1289=CIRCLE('',#7372,1.00000000000004);
#1290=CIRCLE('',#7373,1.00000000000001);
#1291=CIRCLE('',#7374,1.00000000000009);
#1292=CIRCLE('',#7375,1.00000000000008);
#1293=CIRCLE('',#7376,1.00000000000001);
#1294=CIRCLE('',#7377,1.00000000000009);
#1295=CIRCLE('',#7378,1.00000000000008);
#1296=CIRCLE('',#7379,1.00000000000003);
#1297=CIRCLE('',#7380,1.00000000000002);
#1298=CIRCLE('',#7381,0.999999999999975);
#1299=CIRCLE('',#7382,1.00000000000003);
#1300=CIRCLE('',#7383,0.999999999999977);
#1301=CIRCLE('',#7384,0.999999999999977);
#1302=CIRCLE('',#7385,1.00000000000003);
#1303=CIRCLE('',#7386,0.999999999999977);
#1304=CIRCLE('',#7387,1.00000000000001);
#1305=CIRCLE('',#7388,1.00000000000004);
#1306=CIRCLE('',#7389,0.999999999999977);
#1307=CIRCLE('',#7390,1.00000000000001);
#1308=CIRCLE('',#7391,0.999999999999977);
#1309=CIRCLE('',#7392,0.999999999999977);
#1310=CIRCLE('',#7393,1.00000000000003);
#1311=CIRCLE('',#7394,0.999999999999977);
#1312=CIRCLE('',#7395,1.00000000000002);
#1313=CIRCLE('',#7396,1.00000000000003);
#1314=CIRCLE('',#7397,1.00000000000001);
#1315=CIRCLE('',#7398,1.00000000000009);
#1316=CIRCLE('',#7399,1.00000000000008);
#1317=CIRCLE('',#7400,1.00000000000009);
#1318=CIRCLE('',#7401,1.00000000000008);
#1319=CIRCLE('',#7402,1.00000000000004);
#1320=CIRCLE('',#7403,1.00000000000001);
#1321=CIRCLE('',#7404,3.8);
#1322=CIRCLE('',#7405,3.80000000000001);
#1323=CIRCLE('',#7406,3.80000000000001);
#1324=CIRCLE('',#7407,3.8);
#1325=CIRCLE('',#7408,7.5);
#1326=CIRCLE('',#7409,7.5);
#1327=CIRCLE('',#7410,0.399999999999991);
#1328=CIRCLE('',#7411,0.399999999999991);
#1329=CIRCLE('',#7412,0.399999999999991);
#1330=CIRCLE('',#7413,0.399999999999991);
#1331=CIRCLE('',#7414,3.1);
#1332=CIRCLE('',#7416,21.4999999999999);
#1333=CIRCLE('',#7417,21.5);
#1334=CIRCLE('',#7418,5.00000000000002);
#1335=CIRCLE('',#7419,5.00000000000001);
#1336=CIRCLE('',#7420,0.699999999999994);
#1337=CIRCLE('',#7421,2.24999999999998);
#1338=CIRCLE('',#7422,20.5000000000001);
#1339=CIRCLE('',#7423,20.5);
#1340=CIRCLE('',#7424,2.254);
#1341=CIRCLE('',#7425,0.700000000000001);
#1342=CIRCLE('',#7427,6.);
#1343=CIRCLE('',#7428,22.5);
#1344=CIRCLE('',#7429,21.4999999999999);
#1345=CIRCLE('',#7430,5.00000000000001);
#1346=CIRCLE('',#7431,5.00000000000002);
#1347=CIRCLE('',#7432,21.5);
#1348=CIRCLE('',#7443,2.24999999999998);
#1349=CIRCLE('',#7444,4.00000000000002);
#1350=CIRCLE('',#7445,0.699999999999994);
#1351=CIRCLE('',#7464,0.700000000000003);
#1352=CIRCLE('',#7465,0.700000000000003);
#1353=CIRCLE('',#7467,2.25);
#1354=CIRCLE('',#7468,2.25);
#1355=CIRCLE('',#7471,20.5000000000001);
#1356=CIRCLE('',#7472,2.5);
#1357=CIRCLE('',#7473,2.5);
#1358=CIRCLE('',#7474,4.00000000000002);
#1359=CIRCLE('',#7475,4.);
#1360=CIRCLE('',#7476,2.5);
#1361=CIRCLE('',#7477,2.5);
#1362=CIRCLE('',#7478,20.5);
#1363=CIRCLE('',#7479,2.25);
#1364=CIRCLE('',#7480,2.25);
#1365=CIRCLE('',#7481,2.25);
#1366=CIRCLE('',#7482,2.25);
#1367=CIRCLE('',#7483,2.25000000000001);
#1368=CIRCLE('',#7484,2.25000000000001);
#1369=CIRCLE('',#7485,2.25);
#1370=CIRCLE('',#7486,2.25);
#1371=CIRCLE('',#7487,5.50000000000002);
#1372=CIRCLE('',#7488,5.49999999999999);
#1373=CIRCLE('',#7489,5.50000000000001);
#1374=CIRCLE('',#7490,5.49999999999999);
#1375=CIRCLE('',#7491,2.49999999999999);
#1376=CIRCLE('',#7492,2.5);
#1377=CIRCLE('',#7493,2.50000000000001);
#1378=CIRCLE('',#7494,2.50000000000001);
#1379=CIRCLE('',#7495,0.999999999999992);
#1380=CIRCLE('',#7496,6.49999999999989);
#1381=CIRCLE('',#7497,1.00000000000014);
#1382=CIRCLE('',#7498,6.50000000000006);
#1383=CIRCLE('',#7499,1.00000000000012);
#1384=CIRCLE('',#7500,6.50000000000001);
#1385=CIRCLE('',#7501,1.00000000000005);
#1386=CIRCLE('',#7502,6.50000000000001);
#1387=CIRCLE('',#7503,2.25);
#1388=CIRCLE('',#7504,2.25);
#1389=CIRCLE('',#7505,4.);
#1390=CIRCLE('',#7506,2.25);
#1391=CIRCLE('',#7507,2.25000000000001);
#1392=CIRCLE('',#7508,2.25);
#1393=CIRCLE('',#7509,2.25000000000001);
#1394=CIRCLE('',#7510,2.25);
#1395=CIRCLE('',#7511,2.25);
#1396=CIRCLE('',#7513,0.700000000000003);
#1397=CIRCLE('',#7514,0.700000000000003);
#1398=CIRCLE('',#7516,2.25);
#1399=CIRCLE('',#7525,0.700000000000003);
#1400=CIRCLE('',#7526,0.700000000000003);
#1401=CIRCLE('',#7528,2.25);
#1402=CIRCLE('',#7532,0.700000000000003);
#1403=CIRCLE('',#7533,0.700000000000003);
#1404=CIRCLE('',#7535,2.25);
#1405=CIRCLE('',#7539,0.700000000000003);
#1406=CIRCLE('',#7540,0.700000000000003);
#1407=CIRCLE('',#7542,2.25);
#1408=CIRCLE('',#7546,0.700000000000003);
#1409=CIRCLE('',#7547,0.700000000000003);
#1410=CIRCLE('',#7549,2.25);
#1411=CIRCLE('',#7553,0.700000000000003);
#1412=CIRCLE('',#7554,0.700000000000003);
#1413=CIRCLE('',#7556,2.25000000000001);
#1414=CIRCLE('',#7560,0.700000000000003);
#1415=CIRCLE('',#7561,0.700000000000003);
#1416=CIRCLE('',#7563,2.25);
#1417=CIRCLE('',#7567,0.700000000000003);
#1418=CIRCLE('',#7568,0.700000000000003);
#1419=CIRCLE('',#7570,2.25);
#1420=CIRCLE('',#7574,0.699999999999994);
#1421=CIRCLE('',#7575,0.699999999999994);
#1422=CIRCLE('',#7577,2.25000000000001);
#1423=CIRCLE('',#7581,0.700000000000003);
#1424=CIRCLE('',#7582,0.700000000000003);
#1425=CIRCLE('',#7584,2.25000000000001);
#1426=CIRCLE('',#7588,0.699999999999994);
#1427=CIRCLE('',#7592,0.700000000000003);
#1428=CIRCLE('',#7593,0.700000000000003);
#1429=CIRCLE('',#7595,2.25);
#1430=CIRCLE('',#7600,4.);
#1431=CIRCLE('',#7602,3.1);
#1432=CIRCLE('',#7603,3.1);
#1433=CIRCLE('',#7606,0.700000000000001);
#1434=CIRCLE('',#7609,2.254);
#1435=CIRCLE('',#7612,4.);
#1436=CIRCLE('',#7618,0.700000000000003);
#1437=CIRCLE('',#7623,0.700000000000003);
#1438=CIRCLE('',#7627,0.700000000000003);
#1439=CIRCLE('',#7631,0.700000000000003);
#1440=CIRCLE('',#7635,1.00000000000001);
#1441=CIRCLE('',#7636,1.00000000000004);
#1442=CIRCLE('',#7637,1.00000000000008);
#1443=CIRCLE('',#7638,1.00000000000009);
#1444=CIRCLE('',#7639,1.00000000000008);
#1445=CIRCLE('',#7640,1.00000000000009);
#1446=CIRCLE('',#7641,1.00000000000001);
#1447=CIRCLE('',#7642,1.00000000000003);
#1448=CIRCLE('',#7643,1.00000000000003);
#1449=CIRCLE('',#7644,1.00000000000008);
#1450=CIRCLE('',#7645,1.00000000000009);
#1451=CIRCLE('',#7646,1.00000000000001);
#1452=CIRCLE('',#7647,1.00000000000008);
#1453=CIRCLE('',#7648,1.00000000000009);
#1454=CIRCLE('',#7649,1.00000000000001);
#1455=CIRCLE('',#7650,1.00000000000004);
#1456=CIRCLE('',#7652,0.999999999999977);
#1457=CIRCLE('',#7653,1.00000000000002);
#1458=CIRCLE('',#7654,0.999999999999977);
#1459=CIRCLE('',#7655,1.00000000000003);
#1460=CIRCLE('',#7656,1.00000000000004);
#1461=CIRCLE('',#7657,0.999999999999977);
#1462=CIRCLE('',#7658,1.00000000000001);
#1463=CIRCLE('',#7659,0.999999999999977);
#1464=CIRCLE('',#7660,0.999999999999977);
#1465=CIRCLE('',#7661,1.00000000000001);
#1466=CIRCLE('',#7662,0.999999999999977);
#1467=CIRCLE('',#7663,1.00000000000003);
#1468=CIRCLE('',#7664,0.999999999999977);
#1469=CIRCLE('',#7665,1.00000000000003);
#1470=CIRCLE('',#7666,0.999999999999975);
#1471=CIRCLE('',#7667,1.00000000000002);
#1472=CIRCLE('',#7701,0.700000000000003);
#1473=CIRCLE('',#7702,0.700000000000003);
#1474=CIRCLE('',#7704,2.25);
#1475=CIRCLE('',#7719,0.700000000000003);
#1476=CIRCLE('',#7720,0.700000000000003);
#1477=CIRCLE('',#7722,2.25);
#1478=CIRCLE('',#7726,0.700000000000003);
#1479=CIRCLE('',#7727,0.700000000000003);
#1480=CIRCLE('',#7729,2.25);
#1481=CIRCLE('',#7733,0.700000000000003);
#1482=CIRCLE('',#7734,0.700000000000003);
#1483=CIRCLE('',#7736,2.25);
#1484=CIRCLE('',#7752,2.79999999999999);
#1485=CIRCLE('',#7753,2.79999999999999);
#1486=CIRCLE('',#7755,7.00000000000001);
#1487=CIRCLE('',#7756,7.00000000000001);
#1488=CIRCLE('',#7758,2.79999999999999);
#1489=CIRCLE('',#7759,2.79999999999999);
#1490=CIRCLE('',#7761,6.99999999999999);
#1491=CIRCLE('',#7762,6.99999999999999);
#1492=CIRCLE('',#7764,2.79999999999999);
#1493=CIRCLE('',#7765,2.79999999999999);
#1494=CIRCLE('',#7767,6.99999999999999);
#1495=CIRCLE('',#7768,6.99999999999999);
#1496=CIRCLE('',#7770,2.79999999999999);
#1497=CIRCLE('',#7771,2.79999999999999);
#1498=CIRCLE('',#7773,6.99999999999999);
#1499=CIRCLE('',#7774,6.99999999999999);
#1500=CIRCLE('',#7778,4.62499999999998);
#1501=CIRCLE('',#7779,4.62499999999998);
#1502=CIRCLE('',#7784,4.62499999999999);
#1503=CIRCLE('',#7785,4.62499999999999);
#1504=CIRCLE('',#7790,4.625);
#1505=CIRCLE('',#7791,4.625);
#1506=CIRCLE('',#7796,4.625);
#1507=CIRCLE('',#7797,4.625);
#1508=CIRCLE('',#7802,0.399999999999991);
#1509=CIRCLE('',#7805,0.399999999999991);
#1510=CIRCLE('',#7808,0.399999999999991);
#1511=CIRCLE('',#7811,0.399999999999991);
#1512=CIRCLE('',#7830,5.50000000000001);
#1513=CIRCLE('',#7833,5.49999999999999);
#1514=CIRCLE('',#7836,5.49999999999999);
#1515=CIRCLE('',#7839,5.50000000000002);
#1516=CIRCLE('',#7845,2.50000000000001);
#1517=CIRCLE('',#7846,0.699999999999985);
#1518=CIRCLE('',#7851,2.50000000000001);
#1519=CIRCLE('',#7852,0.700000000000003);
#1520=CIRCLE('',#7857,2.5);
#1521=CIRCLE('',#7858,0.700000000000003);
#1522=CIRCLE('',#7863,2.49999999999999);
#1523=CIRCLE('',#7864,0.700000000000003);
#1524=CIRCLE('',#7866,0.700000000000003);
#1525=CIRCLE('',#7869,0.700000000000003);
#1526=CIRCLE('',#7873,0.700000000000003);
#1527=CIRCLE('',#7877,0.699999999999985);
#1528=CIRCLE('',#7881,7.5);
#1529=CIRCLE('',#7883,7.5);
#1530=CIRCLE('',#7901,0.399999999999995);
#1531=CIRCLE('',#7902,0.399999999999995);
#1532=CIRCLE('',#7904,5.62500000000011);
#1533=CIRCLE('',#7905,5.62500000000011);
#1534=CIRCLE('',#7907,1.49999999999999);
#1535=CIRCLE('',#7908,1.49999999999999);
#1536=CIRCLE('',#7910,5.62499999999993);
#1537=CIRCLE('',#7911,5.62499999999993);
#1538=CIRCLE('',#7913,0.400000000000002);
#1539=CIRCLE('',#7914,0.400000000000002);
#1540=CIRCLE('',#7917,0.399999999999995);
#1541=CIRCLE('',#7918,0.399999999999995);
#1542=CIRCLE('',#7920,4.62500000000001);
#1543=CIRCLE('',#7921,4.62500000000001);
#1544=CIRCLE('',#7923,0.399999999999989);
#1545=CIRCLE('',#7924,0.399999999999989);
#1546=CIRCLE('',#7927,0.400000000000012);
#1547=CIRCLE('',#7928,0.400000000000012);
#1548=CIRCLE('',#7930,5.62499999999993);
#1549=CIRCLE('',#7931,5.62499999999993);
#1550=CIRCLE('',#7933,1.49999999999999);
#1551=CIRCLE('',#7934,1.49999999999999);
#1552=CIRCLE('',#7936,5.62500000000002);
#1553=CIRCLE('',#7937,5.62500000000002);
#1554=CIRCLE('',#7939,0.400000000000002);
#1555=CIRCLE('',#7940,0.400000000000002);
#1556=CIRCLE('',#7943,0.399999999999996);
#1557=CIRCLE('',#7944,0.399999999999996);
#1558=CIRCLE('',#7946,4.62500000000002);
#1559=CIRCLE('',#7947,4.62500000000002);
#1560=CIRCLE('',#7949,0.399999999999995);
#1561=CIRCLE('',#7950,0.399999999999995);
#1562=CIRCLE('',#7953,0.400000000000005);
#1563=CIRCLE('',#7954,0.400000000000005);
#1564=CIRCLE('',#7956,5.625);
#1565=CIRCLE('',#7957,5.625);
#1566=CIRCLE('',#7959,1.50000000000001);
#1567=CIRCLE('',#7960,1.50000000000001);
#1568=CIRCLE('',#7962,5.62499999999987);
#1569=CIRCLE('',#7963,5.62499999999987);
#1570=CIRCLE('',#7965,0.399999999999995);
#1571=CIRCLE('',#7966,0.399999999999995);
#1572=CIRCLE('',#7969,0.400000000000006);
#1573=CIRCLE('',#7970,0.400000000000006);
#1574=CIRCLE('',#7972,4.62500000000001);
#1575=CIRCLE('',#7973,4.62500000000001);
#1576=CIRCLE('',#7975,0.400000000000008);
#1577=CIRCLE('',#7976,0.400000000000008);
#1578=CIRCLE('',#7979,0.400000000000009);
#1579=CIRCLE('',#7980,0.400000000000009);
#1580=CIRCLE('',#7982,5.62499999999989);
#1581=CIRCLE('',#7983,5.62499999999989);
#1582=CIRCLE('',#7985,1.50000000000012);
#1583=CIRCLE('',#7986,1.50000000000012);
#1584=CIRCLE('',#7988,5.62500000000011);
#1585=CIRCLE('',#7989,5.62500000000011);
#1586=CIRCLE('',#7991,0.399999999999995);
#1587=CIRCLE('',#7992,0.399999999999995);
#1588=CIRCLE('',#7995,0.399999999999987);
#1589=CIRCLE('',#7996,0.399999999999987);
#1590=CIRCLE('',#7998,4.625);
#1591=CIRCLE('',#7999,4.625);
#1592=CIRCLE('',#8001,0.400000000000027);
#1593=CIRCLE('',#8002,0.400000000000027);
#1594=CIRCLE('',#8005,1.00000000000012);
#1595=CIRCLE('',#8007,6.50000000000001);
#1596=CIRCLE('',#8009,1.00000000000005);
#1597=CIRCLE('',#8011,6.50000000000001);
#1598=CIRCLE('',#8013,0.999999999999992);
#1599=CIRCLE('',#8015,6.50000000000006);
#1600=CIRCLE('',#8017,1.00000000000014);
#1601=CIRCLE('',#8019,6.49999999999989);
#1602=CIRCLE('',#8021,3.8);
#1603=CIRCLE('',#8022,3.80000000000001);
#1604=CIRCLE('',#8023,3.80000000000001);
#1605=CIRCLE('',#8024,3.8);
#1606=LINE('',#10291,#2268);
#1607=LINE('',#10295,#2269);
#1608=LINE('',#10300,#2270);
#1609=LINE('',#10304,#2271);
#1610=LINE('',#10309,#2272);
#1611=LINE('',#10313,#2273);
#1612=LINE('',#10318,#2274);
#1613=LINE('',#10322,#2275);
#1614=LINE('',#10327,#2276);
#1615=LINE('',#10329,#2277);
#1616=LINE('',#10331,#2278);
#1617=LINE('',#10332,#2279);
#1618=LINE('',#10337,#2280);
#1619=LINE('',#10341,#2281);
#1620=LINE('',#10343,#2282);
#1621=LINE('',#10344,#2283);
#1622=LINE('',#10349,#2284);
#1623=LINE('',#10353,#2285);
#1624=LINE('',#10355,#2286);
#1625=LINE('',#10356,#2287);
#1626=LINE('',#10363,#2288);
#1627=LINE('',#10367,#2289);
#1628=LINE('',#10369,#2290);
#1629=LINE('',#10370,#2291);
#1630=LINE('',#10386,#2292);
#1631=LINE('',#10387,#2293);
#1632=LINE('',#10388,#2294);
#1633=LINE('',#10389,#2295);
#1634=LINE('',#10395,#2296);
#1635=LINE('',#10397,#2297);
#1636=LINE('',#10399,#2298);
#1637=LINE('',#10400,#2299);
#1638=LINE('',#10406,#2300);
#1639=LINE('',#10407,#2301);
#1640=LINE('',#10408,#2302);
#1641=LINE('',#10415,#2303);
#1642=LINE('',#10417,#2304);
#1643=LINE('',#10419,#2305);
#1644=LINE('',#10421,#2306);
#1645=LINE('',#10422,#2307);
#1646=LINE('',#10428,#2308);
#1647=LINE('',#10431,#2309);
#1648=LINE('',#10442,#2310);
#1649=LINE('',#10443,#2311);
#1650=LINE('',#10454,#2312);
#1651=LINE('',#10455,#2313);
#1652=LINE('',#10466,#2314);
#1653=LINE('',#10467,#2315);
#1654=LINE('',#10473,#2316);
#1655=LINE('',#10476,#2317);
#1656=LINE('',#10479,#2318);
#1657=LINE('',#10480,#2319);
#1658=LINE('',#10483,#2320);
#1659=LINE('',#10487,#2321);
#1660=LINE('',#10488,#2322);
#1661=LINE('',#10492,#2323);
#1662=LINE('',#10496,#2324);
#1663=LINE('',#10500,#2325);
#1664=LINE('',#10504,#2326);
#1665=LINE('',#10508,#2327);
#1666=LINE('',#10512,#2328);
#1667=LINE('',#10516,#2329);
#1668=LINE('',#10520,#2330);
#1669=LINE('',#10524,#2331);
#1670=LINE('',#10528,#2332);
#1671=LINE('',#10532,#2333);
#1672=LINE('',#10536,#2334);
#1673=LINE('',#10542,#2335);
#1674=LINE('',#10546,#2336);
#1675=LINE('',#10550,#2337);
#1676=LINE('',#10553,#2338);
#1677=LINE('',#10558,#2339);
#1678=LINE('',#10562,#2340);
#1679=LINE('',#10566,#2341);
#1680=LINE('',#10569,#2342);
#1681=LINE('',#10574,#2343);
#1682=LINE('',#10578,#2344);
#1683=LINE('',#10582,#2345);
#1684=LINE('',#10585,#2346);
#1685=LINE('',#10588,#2347);
#1686=LINE('',#10592,#2348);
#1687=LINE('',#10596,#2349);
#1688=LINE('',#10600,#2350);
#1689=LINE('',#10604,#2351);
#1690=LINE('',#10608,#2352);
#1691=LINE('',#10612,#2353);
#1692=LINE('',#10616,#2354);
#1693=LINE('',#10632,#2355);
#1694=LINE('',#10634,#2356);
#1695=LINE('',#10636,#2357);
#1696=LINE('',#10640,#2358);
#1697=LINE('',#10642,#2359);
#1698=LINE('',#10644,#2360);
#1699=LINE('',#10648,#2361);
#1700=LINE('',#10650,#2362);
#1701=LINE('',#10652,#2363);
#1702=LINE('',#10656,#2364);
#1703=LINE('',#10658,#2365);
#1704=LINE('',#10660,#2366);
#1705=LINE('',#10667,#2367);
#1706=LINE('',#10671,#2368);
#1707=LINE('',#10675,#2369);
#1708=LINE('',#10679,#2370);
#1709=LINE('',#10685,#2371);
#1710=LINE('',#10689,#2372);
#1711=LINE('',#10690,#2373);
#1712=LINE('',#10694,#2374);
#1713=LINE('',#10697,#2375);
#1714=LINE('',#10699,#2376);
#1715=LINE('',#10703,#2377);
#1716=LINE('',#10704,#2378);
#1717=LINE('',#10711,#2379);
#1718=LINE('',#10714,#2380);
#1719=LINE('',#10719,#2381);
#1720=LINE('',#10723,#2382);
#1721=LINE('',#10727,#2383);
#1722=LINE('',#10730,#2384);
#1723=LINE('',#10732,#2385);
#1724=LINE('',#10733,#2386);
#1725=LINE('',#10735,#2387);
#1726=LINE('',#10737,#2388);
#1727=LINE('',#10739,#2389);
#1728=LINE('',#10743,#2390);
#1729=LINE('',#10745,#2391);
#1730=LINE('',#10747,#2392);
#1731=LINE('',#10748,#2393);
#1732=LINE('',#10751,#2394);
#1733=LINE('',#10752,#2395);
#1734=LINE('',#10754,#2396);
#1735=LINE('',#10755,#2397);
#1736=LINE('',#10758,#2398);
#1737=LINE('',#10760,#2399);
#1738=LINE('',#10761,#2400);
#1739=LINE('',#10763,#2401);
#1740=LINE('',#10764,#2402);
#1741=LINE('',#10765,#2403);
#1742=LINE('',#10770,#2404);
#1743=LINE('',#10774,#2405);
#1744=LINE('',#10776,#2406);
#1745=LINE('',#10779,#2407);
#1746=LINE('',#10786,#2408);
#1747=LINE('',#10788,#2409);
#1748=LINE('',#10790,#2410);
#1749=LINE('',#10791,#2411);
#1750=LINE('',#10793,#2412);
#1751=LINE('',#10794,#2413);
#1752=LINE('',#10796,#2414);
#1753=LINE('',#10797,#2415);
#1754=LINE('',#10800,#2416);
#1755=LINE('',#10802,#2417);
#1756=LINE('',#10804,#2418);
#1757=LINE('',#10806,#2419);
#1758=LINE('',#10807,#2420);
#1759=LINE('',#10811,#2421);
#1760=LINE('',#10813,#2422);
#1761=LINE('',#10815,#2423);
#1762=LINE('',#10816,#2424);
#1763=LINE('',#10820,#2425);
#1764=LINE('',#10822,#2426);
#1765=LINE('',#10824,#2427);
#1766=LINE('',#10825,#2428);
#1767=LINE('',#10828,#2429);
#1768=LINE('',#10829,#2430);
#1769=LINE('',#10831,#2431);
#1770=LINE('',#10832,#2432);
#1771=LINE('',#10835,#2433);
#1772=LINE('',#10836,#2434);
#1773=LINE('',#10839,#2435);
#1774=LINE('',#10840,#2436);
#1775=LINE('',#10843,#2437);
#1776=LINE('',#10845,#2438);
#1777=LINE('',#10846,#2439);
#1778=LINE('',#10849,#2440);
#1779=LINE('',#10851,#2441);
#1780=LINE('',#10852,#2442);
#1781=LINE('',#10856,#2443);
#1782=LINE('',#10858,#2444);
#1783=LINE('',#10860,#2445);
#1784=LINE('',#10861,#2446);
#1785=LINE('',#10864,#2447);
#1786=LINE('',#10866,#2448);
#1787=LINE('',#10867,#2449);
#1788=LINE('',#10869,#2450);
#1789=LINE('',#10870,#2451);
#1790=LINE('',#10872,#2452);
#1791=LINE('',#10875,#2453);
#1792=LINE('',#10876,#2454);
#1793=LINE('',#10878,#2455);
#1794=LINE('',#10880,#2456);
#1795=LINE('',#10882,#2457);
#1796=LINE('',#10884,#2458);
#1797=LINE('',#10886,#2459);
#1798=LINE('',#10887,#2460);
#1799=LINE('',#10892,#2461);
#1800=LINE('',#10898,#2462);
#1801=LINE('',#10903,#2463);
#1802=LINE('',#10905,#2464);
#1803=LINE('',#10907,#2465);
#1804=LINE('',#10909,#2466);
#1805=LINE('',#10911,#2467);
#1806=LINE('',#10913,#2468);
#1807=LINE('',#10915,#2469);
#1808=LINE('',#10916,#2470);
#1809=LINE('',#10921,#2471);
#1810=LINE('',#10927,#2472);
#1811=LINE('',#10947,#2473);
#1812=LINE('',#10951,#2474);
#1813=LINE('',#10955,#2475);
#1814=LINE('',#10959,#2476);
#1815=LINE('',#10965,#2477);
#1816=LINE('',#10967,#2478);
#1817=LINE('',#10969,#2479);
#1818=LINE('',#10971,#2480);
#1819=LINE('',#10975,#2481);
#1820=LINE('',#10976,#2482);
#1821=LINE('',#10981,#2483);
#1822=LINE('',#10983,#2484);
#1823=LINE('',#10985,#2485);
#1824=LINE('',#10987,#2486);
#1825=LINE('',#10991,#2487);
#1826=LINE('',#10992,#2488);
#1827=LINE('',#11015,#2489);
#1828=LINE('',#11017,#2490);
#1829=LINE('',#11019,#2491);
#1830=LINE('',#11021,#2492);
#1831=LINE('',#11023,#2493);
#1832=LINE('',#11025,#2494);
#1833=LINE('',#11027,#2495);
#1834=LINE('',#11028,#2496);
#1835=LINE('',#11031,#2497);
#1836=LINE('',#11049,#2498);
#1837=LINE('',#11054,#2499);
#1838=LINE('',#11058,#2500);
#1839=LINE('',#11060,#2501);
#1840=LINE('',#11062,#2502);
#1841=LINE('',#11065,#2503);
#1842=LINE('',#11070,#2504);
#1843=LINE('',#11074,#2505);
#1844=LINE('',#11082,#2506);
#1845=LINE('',#11086,#2507);
#1846=LINE('',#11094,#2508);
#1847=LINE('',#11098,#2509);
#1848=LINE('',#11106,#2510);
#1849=LINE('',#11110,#2511);
#1850=LINE('',#11118,#2512);
#1851=LINE('',#11122,#2513);
#1852=LINE('',#11130,#2514);
#1853=LINE('',#11134,#2515);
#1854=LINE('',#11142,#2516);
#1855=LINE('',#11146,#2517);
#1856=LINE('',#11154,#2518);
#1857=LINE('',#11158,#2519);
#1858=LINE('',#11166,#2520);
#1859=LINE('',#11170,#2521);
#1860=LINE('',#11177,#2522);
#1861=LINE('',#11179,#2523);
#1862=LINE('',#11185,#2524);
#1863=LINE('',#11189,#2525);
#1864=LINE('',#11195,#2526);
#1865=LINE('',#11197,#2527);
#1866=LINE('',#11199,#2528);
#1867=LINE('',#11200,#2529);
#1868=LINE('',#11208,#2530);
#1869=LINE('',#11211,#2531);
#1870=LINE('',#11215,#2532);
#1871=LINE('',#11216,#2533);
#1872=LINE('',#11220,#2534);
#1873=LINE('',#11222,#2535);
#1874=LINE('',#11227,#2536);
#1875=LINE('',#11229,#2537);
#1876=LINE('',#11230,#2538);
#1877=LINE('',#11234,#2539);
#1878=LINE('',#11238,#2540);
#1879=LINE('',#11242,#2541);
#1880=LINE('',#11248,#2542);
#1881=LINE('',#11254,#2543);
#1882=LINE('',#11261,#2544);
#1883=LINE('',#11263,#2545);
#1884=LINE('',#11265,#2546);
#1885=LINE('',#11266,#2547);
#1886=LINE('',#11269,#2548);
#1887=LINE('',#11273,#2549);
#1888=LINE('',#11277,#2550);
#1889=LINE('',#11281,#2551);
#1890=LINE('',#11285,#2552);
#1891=LINE('',#11289,#2553);
#1892=LINE('',#11293,#2554);
#1893=LINE('',#11297,#2555);
#1894=LINE('',#11301,#2556);
#1895=LINE('',#11305,#2557);
#1896=LINE('',#11309,#2558);
#1897=LINE('',#11313,#2559);
#1898=LINE('',#11317,#2560);
#1899=LINE('',#11321,#2561);
#1900=LINE('',#11325,#2562);
#1901=LINE('',#11329,#2563);
#1902=LINE('',#11334,#2564);
#1903=LINE('',#11336,#2565);
#1904=LINE('',#11338,#2566);
#1905=LINE('',#11339,#2567);
#1906=LINE('',#11344,#2568);
#1907=LINE('',#11348,#2569);
#1908=LINE('',#11352,#2570);
#1909=LINE('',#11355,#2571);
#1910=LINE('',#11360,#2572);
#1911=LINE('',#11364,#2573);
#1912=LINE('',#11368,#2574);
#1913=LINE('',#11371,#2575);
#1914=LINE('',#11376,#2576);
#1915=LINE('',#11380,#2577);
#1916=LINE('',#11384,#2578);
#1917=LINE('',#11387,#2579);
#1918=LINE('',#11390,#2580);
#1919=LINE('',#11394,#2581);
#1920=LINE('',#11398,#2582);
#1921=LINE('',#11402,#2583);
#1922=LINE('',#11405,#2584);
#1923=LINE('',#11406,#2585);
#1924=LINE('',#11408,#2586);
#1925=LINE('',#11410,#2587);
#1926=LINE('',#11412,#2588);
#1927=LINE('',#11414,#2589);
#1928=LINE('',#11415,#2590);
#1929=LINE('',#11417,#2591);
#1930=LINE('',#11419,#2592);
#1931=LINE('',#11421,#2593);
#1932=LINE('',#11423,#2594);
#1933=LINE('',#11424,#2595);
#1934=LINE('',#11426,#2596);
#1935=LINE('',#11428,#2597);
#1936=LINE('',#11430,#2598);
#1937=LINE('',#11432,#2599);
#1938=LINE('',#11433,#2600);
#1939=LINE('',#11435,#2601);
#1940=LINE('',#11437,#2602);
#1941=LINE('',#11439,#2603);
#1942=LINE('',#11441,#2604);
#1943=LINE('',#11442,#2605);
#1944=LINE('',#11444,#2606);
#1945=LINE('',#11446,#2607);
#1946=LINE('',#11448,#2608);
#1947=LINE('',#11450,#2609);
#1948=LINE('',#11451,#2610);
#1949=LINE('',#11453,#2611);
#1950=LINE('',#11455,#2612);
#1951=LINE('',#11457,#2613);
#1952=LINE('',#11459,#2614);
#1953=LINE('',#11460,#2615);
#1954=LINE('',#11462,#2616);
#1955=LINE('',#11464,#2617);
#1956=LINE('',#11466,#2618);
#1957=LINE('',#11468,#2619);
#1958=LINE('',#11469,#2620);
#1959=LINE('',#11471,#2621);
#1960=LINE('',#11473,#2622);
#1961=LINE('',#11475,#2623);
#1962=LINE('',#11480,#2624);
#1963=LINE('',#11485,#2625);
#1964=LINE('',#11490,#2626);
#1965=LINE('',#11492,#2627);
#1966=LINE('',#11493,#2628);
#1967=LINE('',#11496,#2629);
#1968=LINE('',#11497,#2630);
#1969=LINE('',#11500,#2631);
#1970=LINE('',#11501,#2632);
#1971=LINE('',#11504,#2633);
#1972=LINE('',#11505,#2634);
#1973=LINE('',#11508,#2635);
#1974=LINE('',#11509,#2636);
#1975=LINE('',#11512,#2637);
#1976=LINE('',#11513,#2638);
#1977=LINE('',#11516,#2639);
#1978=LINE('',#11517,#2640);
#1979=LINE('',#11518,#2641);
#1980=LINE('',#11521,#2642);
#1981=LINE('',#11522,#2643);
#1982=LINE('',#11525,#2644);
#1983=LINE('',#11526,#2645);
#1984=LINE('',#11528,#2646);
#1985=LINE('',#11534,#2647);
#1986=LINE('',#11539,#2648);
#1987=LINE('',#11546,#2649);
#1988=LINE('',#11551,#2650);
#1989=LINE('',#11558,#2651);
#1990=LINE('',#11563,#2652);
#1991=LINE('',#11568,#2653);
#1992=LINE('',#11570,#2654);
#1993=LINE('',#11571,#2655);
#1994=LINE('',#11574,#2656);
#1995=LINE('',#11575,#2657);
#1996=LINE('',#11578,#2658);
#1997=LINE('',#11579,#2659);
#1998=LINE('',#11582,#2660);
#1999=LINE('',#11583,#2661);
#2000=LINE('',#11585,#2662);
#2001=LINE('',#11588,#2663);
#2002=LINE('',#11589,#2664);
#2003=LINE('',#11592,#2665);
#2004=LINE('',#11593,#2666);
#2005=LINE('',#11594,#2667);
#2006=LINE('',#11597,#2668);
#2007=LINE('',#11598,#2669);
#2008=LINE('',#11601,#2670);
#2009=LINE('',#11602,#2671);
#2010=LINE('',#11604,#2672);
#2011=LINE('',#11612,#2673);
#2012=LINE('',#11615,#2674);
#2013=LINE('',#11621,#2675);
#2014=LINE('',#11624,#2676);
#2015=LINE('',#11630,#2677);
#2016=LINE('',#11633,#2678);
#2017=LINE('',#11639,#2679);
#2018=LINE('',#11642,#2680);
#2019=LINE('',#11648,#2681);
#2020=LINE('',#11651,#2682);
#2021=LINE('',#11657,#2683);
#2022=LINE('',#11660,#2684);
#2023=LINE('',#11666,#2685);
#2024=LINE('',#11669,#2686);
#2025=LINE('',#11675,#2687);
#2026=LINE('',#11678,#2688);
#2027=LINE('',#11682,#2689);
#2028=LINE('',#11684,#2690);
#2029=LINE('',#11686,#2691);
#2030=LINE('',#11687,#2692);
#2031=LINE('',#11690,#2693);
#2032=LINE('',#11692,#2694);
#2033=LINE('',#11693,#2695);
#2034=LINE('',#11699,#2696);
#2035=LINE('',#11702,#2697);
#2036=LINE('',#11704,#2698);
#2037=LINE('',#11705,#2699);
#2038=LINE('',#11708,#2700);
#2039=LINE('',#11710,#2701);
#2040=LINE('',#11711,#2702);
#2041=LINE('',#11714,#2703);
#2042=LINE('',#11716,#2704);
#2043=LINE('',#11717,#2705);
#2044=LINE('',#11723,#2706);
#2045=LINE('',#11726,#2707);
#2046=LINE('',#11728,#2708);
#2047=LINE('',#11729,#2709);
#2048=LINE('',#11732,#2710);
#2049=LINE('',#11734,#2711);
#2050=LINE('',#11735,#2712);
#2051=LINE('',#11738,#2713);
#2052=LINE('',#11740,#2714);
#2053=LINE('',#11741,#2715);
#2054=LINE('',#11747,#2716);
#2055=LINE('',#11750,#2717);
#2056=LINE('',#11752,#2718);
#2057=LINE('',#11753,#2719);
#2058=LINE('',#11756,#2720);
#2059=LINE('',#11758,#2721);
#2060=LINE('',#11759,#2722);
#2061=LINE('',#11762,#2723);
#2062=LINE('',#11764,#2724);
#2063=LINE('',#11765,#2725);
#2064=LINE('',#11771,#2726);
#2065=LINE('',#11773,#2727);
#2066=LINE('',#11774,#2728);
#2067=LINE('',#11777,#2729);
#2068=LINE('',#11778,#2730);
#2069=LINE('',#11780,#2731);
#2070=LINE('',#11781,#2732);
#2071=LINE('',#11783,#2733);
#2072=LINE('',#11784,#2734);
#2073=LINE('',#11786,#2735);
#2074=LINE('',#11787,#2736);
#2075=LINE('',#11789,#2737);
#2076=LINE('',#11790,#2738);
#2077=LINE('',#11792,#2739);
#2078=LINE('',#11793,#2740);
#2079=LINE('',#11795,#2741);
#2080=LINE('',#11796,#2742);
#2081=LINE('',#11798,#2743);
#2082=LINE('',#11799,#2744);
#2083=LINE('',#11801,#2745);
#2084=LINE('',#11804,#2746);
#2085=LINE('',#11807,#2747);
#2086=LINE('',#11809,#2748);
#2087=LINE('',#11812,#2749);
#2088=LINE('',#11815,#2750);
#2089=LINE('',#11817,#2751);
#2090=LINE('',#11820,#2752);
#2091=LINE('',#11823,#2753);
#2092=LINE('',#11825,#2754);
#2093=LINE('',#11828,#2755);
#2094=LINE('',#11831,#2756);
#2095=LINE('',#11833,#2757);
#2096=LINE('',#11834,#2758);
#2097=LINE('',#11836,#2759);
#2098=LINE('',#11838,#2760);
#2099=LINE('',#11840,#2761);
#2100=LINE('',#11842,#2762);
#2101=LINE('',#11844,#2763);
#2102=LINE('',#11846,#2764);
#2103=LINE('',#11848,#2765);
#2104=LINE('',#11850,#2766);
#2105=LINE('',#11852,#2767);
#2106=LINE('',#11854,#2768);
#2107=LINE('',#11856,#2769);
#2108=LINE('',#11858,#2770);
#2109=LINE('',#11860,#2771);
#2110=LINE('',#11862,#2772);
#2111=LINE('',#11866,#2773);
#2112=LINE('',#11868,#2774);
#2113=LINE('',#11869,#2775);
#2114=LINE('',#11873,#2776);
#2115=LINE('',#11876,#2777);
#2116=LINE('',#11877,#2778);
#2117=LINE('',#11881,#2779);
#2118=LINE('',#11884,#2780);
#2119=LINE('',#11885,#2781);
#2120=LINE('',#11888,#2782);
#2121=LINE('',#11892,#2783);
#2122=LINE('',#11893,#2784);
#2123=LINE('',#11902,#2785);
#2124=LINE('',#11905,#2786);
#2125=LINE('',#11915,#2787);
#2126=LINE('',#11918,#2788);
#2127=LINE('',#11928,#2789);
#2128=LINE('',#11931,#2790);
#2129=LINE('',#11941,#2791);
#2130=LINE('',#11944,#2792);
#2131=LINE('',#11951,#2793);
#2132=LINE('',#11954,#2794);
#2133=LINE('',#11955,#2795);
#2134=LINE('',#11958,#2796);
#2135=LINE('',#11961,#2797);
#2136=LINE('',#11962,#2798);
#2137=LINE('',#11966,#2799);
#2138=LINE('',#11969,#2800);
#2139=LINE('',#11970,#2801);
#2140=LINE('',#11974,#2802);
#2141=LINE('',#11977,#2803);
#2142=LINE('',#11978,#2804);
#2143=LINE('',#11982,#2805);
#2144=LINE('',#11986,#2806);
#2145=LINE('',#11991,#2807);
#2146=LINE('',#11992,#2808);
#2147=LINE('',#11993,#2809);
#2148=LINE('',#11996,#2810);
#2149=LINE('',#11997,#2811);
#2150=LINE('',#12000,#2812);
#2151=LINE('',#12001,#2813);
#2152=LINE('',#12003,#2814);
#2153=LINE('',#12007,#2815);
#2154=LINE('',#12009,#2816);
#2155=LINE('',#12010,#2817);
#2156=LINE('',#12013,#2818);
#2157=LINE('',#12014,#2819);
#2158=LINE('',#12017,#2820);
#2159=LINE('',#12018,#2821);
#2160=LINE('',#12020,#2822);
#2161=LINE('',#12025,#2823);
#2162=LINE('',#12027,#2824);
#2163=LINE('',#12029,#2825);
#2164=LINE('',#12030,#2826);
#2165=LINE('',#12033,#2827);
#2166=LINE('',#12035,#2828);
#2167=LINE('',#12036,#2829);
#2168=LINE('',#12039,#2830);
#2169=LINE('',#12041,#2831);
#2170=LINE('',#12042,#2832);
#2171=LINE('',#12044,#2833);
#2172=LINE('',#12045,#2834);
#2173=LINE('',#12050,#2835);
#2174=LINE('',#12052,#2836);
#2175=LINE('',#12054,#2837);
#2176=LINE('',#12055,#2838);
#2177=LINE('',#12061,#2839);
#2178=LINE('',#12067,#2840);
#2179=LINE('',#12073,#2841);
#2180=LINE('',#12079,#2842);
#2181=LINE('',#12085,#2843);
#2182=LINE('',#12088,#2844);
#2183=LINE('',#12090,#2845);
#2184=LINE('',#12091,#2846);
#2185=LINE('',#12097,#2847);
#2186=LINE('',#12103,#2848);
#2187=LINE('',#12109,#2849);
#2188=LINE('',#12112,#2850);
#2189=LINE('',#12114,#2851);
#2190=LINE('',#12115,#2852);
#2191=LINE('',#12121,#2853);
#2192=LINE('',#12127,#2854);
#2193=LINE('',#12133,#2855);
#2194=LINE('',#12139,#2856);
#2195=LINE('',#12145,#2857);
#2196=LINE('',#12148,#2858);
#2197=LINE('',#12150,#2859);
#2198=LINE('',#12151,#2860);
#2199=LINE('',#12157,#2861);
#2200=LINE('',#12163,#2862);
#2201=LINE('',#12169,#2863);
#2202=LINE('',#12172,#2864);
#2203=LINE('',#12174,#2865);
#2204=LINE('',#12175,#2866);
#2205=LINE('',#12181,#2867);
#2206=LINE('',#12187,#2868);
#2207=LINE('',#12193,#2869);
#2208=LINE('',#12199,#2870);
#2209=LINE('',#12205,#2871);
#2210=LINE('',#12208,#2872);
#2211=LINE('',#12210,#2873);
#2212=LINE('',#12211,#2874);
#2213=LINE('',#12217,#2875);
#2214=LINE('',#12223,#2876);
#2215=LINE('',#12229,#2877);
#2216=LINE('',#12232,#2878);
#2217=LINE('',#12234,#2879);
#2218=LINE('',#12235,#2880);
#2219=LINE('',#12241,#2881);
#2220=LINE('',#12247,#2882);
#2221=LINE('',#12253,#2883);
#2222=LINE('',#12259,#2884);
#2223=LINE('',#12265,#2885);
#2224=LINE('',#12268,#2886);
#2225=LINE('',#12270,#2887);
#2226=LINE('',#12271,#2888);
#2227=LINE('',#12277,#2889);
#2228=LINE('',#12283,#2890);
#2229=LINE('',#12290,#2891);
#2230=LINE('',#12293,#2892);
#2231=LINE('',#12297,#2893);
#2232=LINE('',#12301,#2894);
#2233=LINE('',#12305,#2895);
#2234=LINE('',#12309,#2896);
#2235=LINE('',#12312,#2897);
#2236=LINE('',#12316,#2898);
#2237=LINE('',#12330,#2899);
#2238=LINE('',#12332,#2900);
#2239=LINE('',#12334,#2901);
#2240=LINE('',#12336,#2902);
#2241=LINE('',#12340,#2903);
#2242=LINE('',#12343,#2904);
#2243=LINE('',#12345,#2905);
#2244=LINE('',#12347,#2906);
#2245=LINE('',#12350,#2907);
#2246=LINE('',#12352,#2908);
#2247=LINE('',#12354,#2909);
#2248=LINE('',#12357,#2910);
#2249=LINE('',#12359,#2911);
#2250=LINE('',#12361,#2912);
#2251=LINE('',#12364,#2913);
#2252=LINE('',#12366,#2914);
#2253=LINE('',#12368,#2915);
#2254=LINE('',#12371,#2916);
#2255=LINE('',#12373,#2917);
#2256=LINE('',#12375,#2918);
#2257=LINE('',#12378,#2919);
#2258=LINE('',#12380,#2920);
#2259=LINE('',#12382,#2921);
#2260=LINE('',#12385,#2922);
#2261=LINE('',#12387,#2923);
#2262=LINE('',#12389,#2924);
#2263=LINE('',#12392,#2925);
#2264=LINE('',#12394,#2926);
#2265=LINE('',#12396,#2927);
#2266=LINE('',#12399,#2928);
#2267=LINE('',#12401,#2929);
#2268=VECTOR('',#8073,2.5);
#2269=VECTOR('',#8076,10.);
#2270=VECTOR('',#8081,2.5);
#2271=VECTOR('',#8084,10.);
#2272=VECTOR('',#8089,2.5);
#2273=VECTOR('',#8092,10.);
#2274=VECTOR('',#8097,2.5);
#2275=VECTOR('',#8100,10.);
#2276=VECTOR('',#8105,10.);
#2277=VECTOR('',#8106,10.);
#2278=VECTOR('',#8107,10.);
#2279=VECTOR('',#8108,10.);
#2280=VECTOR('',#8113,10.);
#2281=VECTOR('',#8118,10.);
#2282=VECTOR('',#8119,10.);
#2283=VECTOR('',#8120,10.);
#2284=VECTOR('',#8125,10.);
#2285=VECTOR('',#8130,10.);
#2286=VECTOR('',#8131,10.);
#2287=VECTOR('',#8132,10.);
#2288=VECTOR('',#8139,10.);
#2289=VECTOR('',#8144,10.);
#2290=VECTOR('',#8145,10.);
#2291=VECTOR('',#8146,10.);
#2292=VECTOR('',#8169,10.);
#2293=VECTOR('',#8170,10.);
#2294=VECTOR('',#8171,10.);
#2295=VECTOR('',#8172,10.);
#2296=VECTOR('',#8181,10.);
#2297=VECTOR('',#8182,10.);
#2298=VECTOR('',#8183,10.);
#2299=VECTOR('',#8184,10.);
#2300=VECTOR('',#8193,10.);
#2301=VECTOR('',#8194,10.);
#2302=VECTOR('',#8195,10.);
#2303=VECTOR('',#8204,10.);
#2304=VECTOR('',#8205,10.);
#2305=VECTOR('',#8206,10.);
#2306=VECTOR('',#8207,10.);
#2307=VECTOR('',#8208,10.);
#2308=VECTOR('',#8213,10.);
#2309=VECTOR('',#8216,10.);
#2310=VECTOR('',#8229,10.);
#2311=VECTOR('',#8230,10.);
#2312=VECTOR('',#8243,10.);
#2313=VECTOR('',#8244,10.);
#2314=VECTOR('',#8257,10.);
#2315=VECTOR('',#8258,10.);
#2316=VECTOR('',#8267,10.);
#2317=VECTOR('',#8270,10.);
#2318=VECTOR('',#8273,10.);
#2319=VECTOR('',#8274,10.);
#2320=VECTOR('',#8277,10.);
#2321=VECTOR('',#8282,10.);
#2322=VECTOR('',#8283,10.);
#2323=VECTOR('',#8286,10.);
#2324=VECTOR('',#8289,10.);
#2325=VECTOR('',#8292,10.);
#2326=VECTOR('',#8295,10.);
#2327=VECTOR('',#8298,10.);
#2328=VECTOR('',#8301,10.);
#2329=VECTOR('',#8304,10.);
#2330=VECTOR('',#8307,10.);
#2331=VECTOR('',#8310,10.);
#2332=VECTOR('',#8313,10.);
#2333=VECTOR('',#8316,10.);
#2334=VECTOR('',#8319,10.);
#2335=VECTOR('',#8324,10.);
#2336=VECTOR('',#8327,10.);
#2337=VECTOR('',#8330,10.);
#2338=VECTOR('',#8333,10.);
#2339=VECTOR('',#8336,10.);
#2340=VECTOR('',#8339,10.);
#2341=VECTOR('',#8342,10.);
#2342=VECTOR('',#8345,10.);
#2343=VECTOR('',#8348,10.);
#2344=VECTOR('',#8351,10.);
#2345=VECTOR('',#8354,10.);
#2346=VECTOR('',#8357,10.);
#2347=VECTOR('',#8358,10.);
#2348=VECTOR('',#8361,10.);
#2349=VECTOR('',#8364,10.);
#2350=VECTOR('',#8367,10.);
#2351=VECTOR('',#8370,10.);
#2352=VECTOR('',#8373,10.);
#2353=VECTOR('',#8376,10.);
#2354=VECTOR('',#8379,10.);
#2355=VECTOR('',#8394,10.);
#2356=VECTOR('',#8395,10.);
#2357=VECTOR('',#8396,10.);
#2358=VECTOR('',#8399,10.);
#2359=VECTOR('',#8400,10.);
#2360=VECTOR('',#8401,10.);
#2361=VECTOR('',#8404,10.);
#2362=VECTOR('',#8405,10.);
#2363=VECTOR('',#8406,10.);
#2364=VECTOR('',#8409,10.);
#2365=VECTOR('',#8410,10.);
#2366=VECTOR('',#8411,10.);
#2367=VECTOR('',#8418,10.);
#2368=VECTOR('',#8421,10.);
#2369=VECTOR('',#8424,10.);
#2370=VECTOR('',#8427,10.);
#2371=VECTOR('',#8432,10.);
#2372=VECTOR('',#8435,10.);
#2373=VECTOR('',#8436,10.);
#2374=VECTOR('',#8439,10.);
#2375=VECTOR('',#8442,10.);
#2376=VECTOR('',#8443,10.);
#2377=VECTOR('',#8446,10.);
#2378=VECTOR('',#8447,10.);
#2379=VECTOR('',#8454,10.);
#2380=VECTOR('',#8457,10.);
#2381=VECTOR('',#8460,10.);
#2382=VECTOR('',#8463,10.);
#2383=VECTOR('',#8466,10.);
#2384=VECTOR('',#8469,10.);
#2385=VECTOR('',#8472,10.);
#2386=VECTOR('',#8473,10.);
#2387=VECTOR('',#8476,10.);
#2388=VECTOR('',#8479,10.);
#2389=VECTOR('',#8482,10.);
#2390=VECTOR('',#8485,10.);
#2391=VECTOR('',#8486,10.);
#2392=VECTOR('',#8487,10.);
#2393=VECTOR('',#8488,10.);
#2394=VECTOR('',#8491,10.);
#2395=VECTOR('',#8492,10.);
#2396=VECTOR('',#8493,10.);
#2397=VECTOR('',#8494,10.);
#2398=VECTOR('',#8497,10.);
#2399=VECTOR('',#8498,10.);
#2400=VECTOR('',#8499,10.);
#2401=VECTOR('',#8502,10.);
#2402=VECTOR('',#8503,10.);
#2403=VECTOR('',#8504,10.);
#2404=VECTOR('',#8509,10.);
#2405=VECTOR('',#8512,10.);
#2406=VECTOR('',#8513,10.);
#2407=VECTOR('',#8516,10.);
#2408=VECTOR('',#8523,10.);
#2409=VECTOR('',#8524,10.);
#2410=VECTOR('',#8525,10.);
#2411=VECTOR('',#8526,10.);
#2412=VECTOR('',#8529,10.);
#2413=VECTOR('',#8530,10.);
#2414=VECTOR('',#8533,10.);
#2415=VECTOR('',#8534,10.);
#2416=VECTOR('',#8537,10.);
#2417=VECTOR('',#8538,10.);
#2418=VECTOR('',#8539,10.);
#2419=VECTOR('',#8540,10.);
#2420=VECTOR('',#8541,10.);
#2421=VECTOR('',#8544,10.);
#2422=VECTOR('',#8545,10.);
#2423=VECTOR('',#8546,10.);
#2424=VECTOR('',#8547,10.);
#2425=VECTOR('',#8550,10.);
#2426=VECTOR('',#8551,10.);
#2427=VECTOR('',#8552,10.);
#2428=VECTOR('',#8553,10.);
#2429=VECTOR('',#8556,10.);
#2430=VECTOR('',#8557,10.);
#2431=VECTOR('',#8558,10.);
#2432=VECTOR('',#8559,10.);
#2433=VECTOR('',#8562,10.);
#2434=VECTOR('',#8563,10.);
#2435=VECTOR('',#8566,10.);
#2436=VECTOR('',#8567,10.);
#2437=VECTOR('',#8570,10.);
#2438=VECTOR('',#8571,10.);
#2439=VECTOR('',#8572,10.);
#2440=VECTOR('',#8575,10.);
#2441=VECTOR('',#8576,10.);
#2442=VECTOR('',#8577,10.);
#2443=VECTOR('',#8580,10.);
#2444=VECTOR('',#8581,10.);
#2445=VECTOR('',#8582,10.);
#2446=VECTOR('',#8583,10.);
#2447=VECTOR('',#8586,10.);
#2448=VECTOR('',#8587,10.);
#2449=VECTOR('',#8588,10.);
#2450=VECTOR('',#8591,10.);
#2451=VECTOR('',#8592,10.);
#2452=VECTOR('',#8595,10.);
#2453=VECTOR('',#8598,10.);
#2454=VECTOR('',#8599,10.);
#2455=VECTOR('',#8600,10.);
#2456=VECTOR('',#8601,10.);
#2457=VECTOR('',#8602,10.);
#2458=VECTOR('',#8603,10.);
#2459=VECTOR('',#8604,10.);
#2460=VECTOR('',#8605,10.);
#2461=VECTOR('',#8610,0.700000000000003);
#2462=VECTOR('',#8617,2.25);
#2463=VECTOR('',#8624,10.);
#2464=VECTOR('',#8625,10.);
#2465=VECTOR('',#8626,10.);
#2466=VECTOR('',#8627,10.);
#2467=VECTOR('',#8628,10.);
#2468=VECTOR('',#8629,10.);
#2469=VECTOR('',#8630,10.);
#2470=VECTOR('',#8631,10.);
#2471=VECTOR('',#8638,10.);
#2472=VECTOR('',#8647,10.);
#2473=VECTOR('',#8666,10.);
#2474=VECTOR('',#8669,10.);
#2475=VECTOR('',#8672,10.);
#2476=VECTOR('',#8675,10.);
#2477=VECTOR('',#8680,10.);
#2478=VECTOR('',#8681,10.);
#2479=VECTOR('',#8682,10.);
#2480=VECTOR('',#8683,10.);
#2481=VECTOR('',#8686,10.);
#2482=VECTOR('',#8687,10.);
#2483=VECTOR('',#8690,10.);
#2484=VECTOR('',#8691,10.);
#2485=VECTOR('',#8692,10.);
#2486=VECTOR('',#8693,10.);
#2487=VECTOR('',#8696,10.);
#2488=VECTOR('',#8697,10.);
#2489=VECTOR('',#8718,10.);
#2490=VECTOR('',#8719,10.);
#2491=VECTOR('',#8720,10.);
#2492=VECTOR('',#8721,10.);
#2493=VECTOR('',#8722,10.);
#2494=VECTOR('',#8723,10.);
#2495=VECTOR('',#8724,10.);
#2496=VECTOR('',#8725,10.);
#2497=VECTOR('',#8726,10.);
#2498=VECTOR('',#8745,0.700000000000003);
#2499=VECTOR('',#8752,2.25);
#2500=VECTOR('',#8759,10.);
#2501=VECTOR('',#8762,10.);
#2502=VECTOR('',#8765,10.);
#2503=VECTOR('',#8770,10.);
#2504=VECTOR('',#8775,0.700000000000003);
#2505=VECTOR('',#8780,2.25);
#2506=VECTOR('',#8791,0.700000000000003);
#2507=VECTOR('',#8796,2.25);
#2508=VECTOR('',#8807,0.700000000000003);
#2509=VECTOR('',#8812,2.25);
#2510=VECTOR('',#8823,0.700000000000003);
#2511=VECTOR('',#8828,2.25);
#2512=VECTOR('',#8839,0.700000000000003);
#2513=VECTOR('',#8844,2.25000000000001);
#2514=VECTOR('',#8855,0.700000000000003);
#2515=VECTOR('',#8860,2.25);
#2516=VECTOR('',#8871,0.700000000000003);
#2517=VECTOR('',#8876,2.25);
#2518=VECTOR('',#8887,0.699999999999994);
#2519=VECTOR('',#8892,2.25000000000001);
#2520=VECTOR('',#8903,0.700000000000003);
#2521=VECTOR('',#8908,2.25000000000001);
#2522=VECTOR('',#8919,0.699999999999994);
#2523=VECTOR('',#8922,2.25000000000001);
#2524=VECTOR('',#8929,0.700000000000003);
#2525=VECTOR('',#8934,2.25);
#2526=VECTOR('',#8943,10.);
#2527=VECTOR('',#8944,10.);
#2528=VECTOR('',#8945,10.);
#2529=VECTOR('',#8946,10.);
#2530=VECTOR('',#8959,3.1);
#2531=VECTOR('',#8962,0.700000000000001);
#2532=VECTOR('',#8967,10.);
#2533=VECTOR('',#8968,10.);
#2534=VECTOR('',#8973,10.);
#2535=VECTOR('',#8976,10.);
#2536=VECTOR('',#8985,0.699999999999994);
#2537=VECTOR('',#8988,10.);
#2538=VECTOR('',#8989,10.);
#2539=VECTOR('',#8994,0.700000000000003);
#2540=VECTOR('',#9001,10.);
#2541=VECTOR('',#9006,0.700000000000003);
#2542=VECTOR('',#9015,0.700000000000003);
#2543=VECTOR('',#9024,0.700000000000003);
#2544=VECTOR('',#9033,10.);
#2545=VECTOR('',#9034,10.);
#2546=VECTOR('',#9035,10.);
#2547=VECTOR('',#9036,10.);
#2548=VECTOR('',#9037,10.);
#2549=VECTOR('',#9040,10.);
#2550=VECTOR('',#9043,10.);
#2551=VECTOR('',#9046,10.);
#2552=VECTOR('',#9049,10.);
#2553=VECTOR('',#9052,10.);
#2554=VECTOR('',#9055,10.);
#2555=VECTOR('',#9058,10.);
#2556=VECTOR('',#9061,10.);
#2557=VECTOR('',#9064,10.);
#2558=VECTOR('',#9067,10.);
#2559=VECTOR('',#9070,10.);
#2560=VECTOR('',#9073,10.);
#2561=VECTOR('',#9076,10.);
#2562=VECTOR('',#9079,10.);
#2563=VECTOR('',#9082,10.);
#2564=VECTOR('',#9087,10.);
#2565=VECTOR('',#9088,10.);
#2566=VECTOR('',#9089,10.);
#2567=VECTOR('',#9090,10.);
#2568=VECTOR('',#9093,10.);
#2569=VECTOR('',#9096,10.);
#2570=VECTOR('',#9099,10.);
#2571=VECTOR('',#9102,10.);
#2572=VECTOR('',#9105,10.);
#2573=VECTOR('',#9108,10.);
#2574=VECTOR('',#9111,10.);
#2575=VECTOR('',#9114,10.);
#2576=VECTOR('',#9117,10.);
#2577=VECTOR('',#9120,10.);
#2578=VECTOR('',#9123,10.);
#2579=VECTOR('',#9126,10.);
#2580=VECTOR('',#9127,10.);
#2581=VECTOR('',#9130,10.);
#2582=VECTOR('',#9133,10.);
#2583=VECTOR('',#9136,10.);
#2584=VECTOR('',#9141,10.);
#2585=VECTOR('',#9142,10.);
#2586=VECTOR('',#9145,10.);
#2587=VECTOR('',#9148,10.);
#2588=VECTOR('',#9151,10.);
#2589=VECTOR('',#9154,10.);
#2590=VECTOR('',#9155,10.);
#2591=VECTOR('',#9158,10.);
#2592=VECTOR('',#9161,10.);
#2593=VECTOR('',#9164,10.);
#2594=VECTOR('',#9167,10.);
#2595=VECTOR('',#9168,10.);
#2596=VECTOR('',#9171,10.);
#2597=VECTOR('',#9174,10.);
#2598=VECTOR('',#9177,10.);
#2599=VECTOR('',#9180,10.);
#2600=VECTOR('',#9181,10.);
#2601=VECTOR('',#9184,10.);
#2602=VECTOR('',#9187,10.);
#2603=VECTOR('',#9190,10.);
#2604=VECTOR('',#9193,10.);
#2605=VECTOR('',#9194,10.);
#2606=VECTOR('',#9197,10.);
#2607=VECTOR('',#9200,10.);
#2608=VECTOR('',#9203,10.);
#2609=VECTOR('',#9206,10.);
#2610=VECTOR('',#9207,10.);
#2611=VECTOR('',#9210,10.);
#2612=VECTOR('',#9213,10.);
#2613=VECTOR('',#9216,10.);
#2614=VECTOR('',#9219,10.);
#2615=VECTOR('',#9220,10.);
#2616=VECTOR('',#9223,10.);
#2617=VECTOR('',#9226,10.);
#2618=VECTOR('',#9229,10.);
#2619=VECTOR('',#9232,10.);
#2620=VECTOR('',#9233,10.);
#2621=VECTOR('',#9236,10.);
#2622=VECTOR('',#9239,10.);
#2623=VECTOR('',#9242,10.);
#2624=VECTOR('',#9247,0.700000000000003);
#2625=VECTOR('',#9254,2.25);
#2626=VECTOR('',#9261,10.);
#2627=VECTOR('',#9262,10.);
#2628=VECTOR('',#9263,10.);
#2629=VECTOR('',#9266,10.);
#2630=VECTOR('',#9267,10.);
#2631=VECTOR('',#9270,10.);
#2632=VECTOR('',#9271,10.);
#2633=VECTOR('',#9274,10.);
#2634=VECTOR('',#9275,10.);
#2635=VECTOR('',#9278,10.);
#2636=VECTOR('',#9279,10.);
#2637=VECTOR('',#9282,10.);
#2638=VECTOR('',#9283,10.);
#2639=VECTOR('',#9286,10.);
#2640=VECTOR('',#9287,10.);
#2641=VECTOR('',#9288,10.);
#2642=VECTOR('',#9291,10.);
#2643=VECTOR('',#9292,10.);
#2644=VECTOR('',#9295,10.);
#2645=VECTOR('',#9296,10.);
#2646=VECTOR('',#9299,10.);
#2647=VECTOR('',#9306,0.700000000000003);
#2648=VECTOR('',#9313,2.25);
#2649=VECTOR('',#9322,0.700000000000003);
#2650=VECTOR('',#9329,2.25);
#2651=VECTOR('',#9338,0.700000000000003);
#2652=VECTOR('',#9345,2.25);
#2653=VECTOR('',#9352,10.);
#2654=VECTOR('',#9353,10.);
#2655=VECTOR('',#9354,10.);
#2656=VECTOR('',#9357,10.);
#2657=VECTOR('',#9358,10.);
#2658=VECTOR('',#9361,10.);
#2659=VECTOR('',#9362,10.);
#2660=VECTOR('',#9365,10.);
#2661=VECTOR('',#9366,10.);
#2662=VECTOR('',#9369,10.);
#2663=VECTOR('',#9372,10.);
#2664=VECTOR('',#9373,10.);
#2665=VECTOR('',#9376,10.);
#2666=VECTOR('',#9377,10.);
#2667=VECTOR('',#9378,10.);
#2668=VECTOR('',#9381,10.);
#2669=VECTOR('',#9382,10.);
#2670=VECTOR('',#9385,10.);
#2671=VECTOR('',#9386,10.);
#2672=VECTOR('',#9389,10.);
#2673=VECTOR('',#9398,10.);
#2674=VECTOR('',#9401,10.);
#2675=VECTOR('',#9406,10.);
#2676=VECTOR('',#9409,10.);
#2677=VECTOR('',#9414,10.);
#2678=VECTOR('',#9417,10.);
#2679=VECTOR('',#9422,10.);
#2680=VECTOR('',#9425,10.);
#2681=VECTOR('',#9430,10.);
#2682=VECTOR('',#9433,10.);
#2683=VECTOR('',#9438,10.);
#2684=VECTOR('',#9441,10.);
#2685=VECTOR('',#9446,10.);
#2686=VECTOR('',#9449,10.);
#2687=VECTOR('',#9454,10.);
#2688=VECTOR('',#9457,10.);
#2689=VECTOR('',#9460,10.);
#2690=VECTOR('',#9461,10.);
#2691=VECTOR('',#9462,10.);
#2692=VECTOR('',#9463,10.);
#2693=VECTOR('',#9466,10.);
#2694=VECTOR('',#9467,10.);
#2695=VECTOR('',#9468,10.);
#2696=VECTOR('',#9475,10.);
#2697=VECTOR('',#9478,10.);
#2698=VECTOR('',#9479,10.);
#2699=VECTOR('',#9480,10.);
#2700=VECTOR('',#9483,10.);
#2701=VECTOR('',#9484,10.);
#2702=VECTOR('',#9485,10.);
#2703=VECTOR('',#9488,10.);
#2704=VECTOR('',#9489,10.);
#2705=VECTOR('',#9490,10.);
#2706=VECTOR('',#9497,10.);
#2707=VECTOR('',#9500,10.);
#2708=VECTOR('',#9501,10.);
#2709=VECTOR('',#9502,10.);
#2710=VECTOR('',#9505,10.);
#2711=VECTOR('',#9506,10.);
#2712=VECTOR('',#9507,10.);
#2713=VECTOR('',#9510,10.);
#2714=VECTOR('',#9511,10.);
#2715=VECTOR('',#9512,10.);
#2716=VECTOR('',#9519,10.);
#2717=VECTOR('',#9522,10.);
#2718=VECTOR('',#9523,10.);
#2719=VECTOR('',#9524,10.);
#2720=VECTOR('',#9527,10.);
#2721=VECTOR('',#9528,10.);
#2722=VECTOR('',#9529,10.);
#2723=VECTOR('',#9532,10.);
#2724=VECTOR('',#9533,10.);
#2725=VECTOR('',#9534,10.);
#2726=VECTOR('',#9541,10.);
#2727=VECTOR('',#9544,10.);
#2728=VECTOR('',#9545,10.);
#2729=VECTOR('',#9548,10.);
#2730=VECTOR('',#9549,10.);
#2731=VECTOR('',#9550,10.);
#2732=VECTOR('',#9551,10.);
#2733=VECTOR('',#9552,10.);
#2734=VECTOR('',#9553,10.);
#2735=VECTOR('',#9554,10.);
#2736=VECTOR('',#9555,10.);
#2737=VECTOR('',#9556,10.);
#2738=VECTOR('',#9557,10.);
#2739=VECTOR('',#9558,10.);
#2740=VECTOR('',#9559,10.);
#2741=VECTOR('',#9560,10.);
#2742=VECTOR('',#9561,10.);
#2743=VECTOR('',#9562,10.);
#2744=VECTOR('',#9563,10.);
#2745=VECTOR('',#9566,10.);
#2746=VECTOR('',#9569,10.);
#2747=VECTOR('',#9572,10.);
#2748=VECTOR('',#9575,10.);
#2749=VECTOR('',#9578,10.);
#2750=VECTOR('',#9581,10.);
#2751=VECTOR('',#9584,10.);
#2752=VECTOR('',#9587,10.);
#2753=VECTOR('',#9590,10.);
#2754=VECTOR('',#9593,10.);
#2755=VECTOR('',#9596,10.);
#2756=VECTOR('',#9599,10.);
#2757=VECTOR('',#9602,10.);
#2758=VECTOR('',#9603,10.);
#2759=VECTOR('',#9606,10.);
#2760=VECTOR('',#9609,10.);
#2761=VECTOR('',#9612,10.);
#2762=VECTOR('',#9615,10.);
#2763=VECTOR('',#9618,10.);
#2764=VECTOR('',#9621,10.);
#2765=VECTOR('',#9624,10.);
#2766=VECTOR('',#9627,10.);
#2767=VECTOR('',#9630,10.);
#2768=VECTOR('',#9633,10.);
#2769=VECTOR('',#9636,10.);
#2770=VECTOR('',#9639,10.);
#2771=VECTOR('',#9642,10.);
#2772=VECTOR('',#9645,10.);
#2773=VECTOR('',#9650,10.);
#2774=VECTOR('',#9651,10.);
#2775=VECTOR('',#9652,10.);
#2776=VECTOR('',#9657,10.);
#2777=VECTOR('',#9660,10.);
#2778=VECTOR('',#9661,10.);
#2779=VECTOR('',#9666,10.);
#2780=VECTOR('',#9669,10.);
#2781=VECTOR('',#9670,10.);
#2782=VECTOR('',#9673,10.);
#2783=VECTOR('',#9678,10.);
#2784=VECTOR('',#9679,10.);
#2785=VECTOR('',#9690,10.);
#2786=VECTOR('',#9693,10.);
#2787=VECTOR('',#9704,10.);
#2788=VECTOR('',#9707,10.);
#2789=VECTOR('',#9718,10.);
#2790=VECTOR('',#9721,10.);
#2791=VECTOR('',#9732,10.);
#2792=VECTOR('',#9735,10.);
#2793=VECTOR('',#9744,0.700000000000003);
#2794=VECTOR('',#9749,10.);
#2795=VECTOR('',#9750,10.);
#2796=VECTOR('',#9753,0.700000000000003);
#2797=VECTOR('',#9758,10.);
#2798=VECTOR('',#9759,10.);
#2799=VECTOR('',#9764,0.700000000000003);
#2800=VECTOR('',#9769,10.);
#2801=VECTOR('',#9770,10.);
#2802=VECTOR('',#9775,0.699999999999985);
#2803=VECTOR('',#9780,10.);
#2804=VECTOR('',#9781,10.);
#2805=VECTOR('',#9786,7.5);
#2806=VECTOR('',#9791,7.5);
#2807=VECTOR('',#9796,10.);
#2808=VECTOR('',#9797,10.);
#2809=VECTOR('',#9798,10.);
#2810=VECTOR('',#9801,10.);
#2811=VECTOR('',#9802,10.);
#2812=VECTOR('',#9805,10.);
#2813=VECTOR('',#9806,10.);
#2814=VECTOR('',#9809,10.);
#2815=VECTOR('',#9814,10.);
#2816=VECTOR('',#9815,10.);
#2817=VECTOR('',#9816,10.);
#2818=VECTOR('',#9819,10.);
#2819=VECTOR('',#9820,10.);
#2820=VECTOR('',#9823,10.);
#2821=VECTOR('',#9824,10.);
#2822=VECTOR('',#9827,10.);
#2823=VECTOR('',#9832,10.);
#2824=VECTOR('',#9833,10.);
#2825=VECTOR('',#9834,10.);
#2826=VECTOR('',#9835,10.);
#2827=VECTOR('',#9838,10.);
#2828=VECTOR('',#9839,10.);
#2829=VECTOR('',#9840,10.);
#2830=VECTOR('',#9843,10.);
#2831=VECTOR('',#9844,10.);
#2832=VECTOR('',#9845,10.);
#2833=VECTOR('',#9848,10.);
#2834=VECTOR('',#9849,10.);
#2835=VECTOR('',#9854,10.);
#2836=VECTOR('',#9855,10.);
#2837=VECTOR('',#9856,10.);
#2838=VECTOR('',#9857,10.);
#2839=VECTOR('',#9864,10.);
#2840=VECTOR('',#9871,10.);
#2841=VECTOR('',#9878,10.);
#2842=VECTOR('',#9885,10.);
#2843=VECTOR('',#9892,10.);
#2844=VECTOR('',#9895,10.);
#2845=VECTOR('',#9896,10.);
#2846=VECTOR('',#9897,10.);
#2847=VECTOR('',#9904,10.);
#2848=VECTOR('',#9911,10.);
#2849=VECTOR('',#9918,10.);
#2850=VECTOR('',#9921,10.);
#2851=VECTOR('',#9922,10.);
#2852=VECTOR('',#9923,10.);
#2853=VECTOR('',#9930,10.);
#2854=VECTOR('',#9937,10.);
#2855=VECTOR('',#9944,10.);
#2856=VECTOR('',#9951,10.);
#2857=VECTOR('',#9958,10.);
#2858=VECTOR('',#9961,10.);
#2859=VECTOR('',#9962,10.);
#2860=VECTOR('',#9963,10.);
#2861=VECTOR('',#9970,10.);
#2862=VECTOR('',#9977,10.);
#2863=VECTOR('',#9984,10.);
#2864=VECTOR('',#9987,10.);
#2865=VECTOR('',#9988,10.);
#2866=VECTOR('',#9989,10.);
#2867=VECTOR('',#9996,10.);
#2868=VECTOR('',#10003,10.);
#2869=VECTOR('',#10010,10.);
#2870=VECTOR('',#10017,10.);
#2871=VECTOR('',#10024,10.);
#2872=VECTOR('',#10027,10.);
#2873=VECTOR('',#10028,10.);
#2874=VECTOR('',#10029,10.);
#2875=VECTOR('',#10036,10.);
#2876=VECTOR('',#10043,10.);
#2877=VECTOR('',#10050,10.);
#2878=VECTOR('',#10053,10.);
#2879=VECTOR('',#10054,10.);
#2880=VECTOR('',#10055,10.);
#2881=VECTOR('',#10062,10.);
#2882=VECTOR('',#10069,10.);
#2883=VECTOR('',#10076,10.);
#2884=VECTOR('',#10083,10.);
#2885=VECTOR('',#10090,10.);
#2886=VECTOR('',#10093,10.);
#2887=VECTOR('',#10094,10.);
#2888=VECTOR('',#10095,10.);
#2889=VECTOR('',#10102,10.);
#2890=VECTOR('',#10109,10.);
#2891=VECTOR('',#10120,10.);
#2892=VECTOR('',#10123,10.);
#2893=VECTOR('',#10128,10.);
#2894=VECTOR('',#10133,10.);
#2895=VECTOR('',#10138,10.);
#2896=VECTOR('',#10143,10.);
#2897=VECTOR('',#10146,10.);
#2898=VECTOR('',#10151,10.);
#2899=VECTOR('',#10170,3.8);
#2900=VECTOR('',#10173,3.80000000000001);
#2901=VECTOR('',#10176,3.80000000000001);
#2902=VECTOR('',#10179,3.8);
#2903=VECTOR('',#10186,10.);
#2904=VECTOR('',#10191,10.);
#2905=VECTOR('',#10194,10.);
#2906=VECTOR('',#10197,10.);
#2907=VECTOR('',#10202,10.);
#2908=VECTOR('',#10205,10.);
#2909=VECTOR('',#10208,10.);
#2910=VECTOR('',#10213,10.);
#2911=VECTOR('',#10216,10.);
#2912=VECTOR('',#10219,10.);
#2913=VECTOR('',#10224,10.);
#2914=VECTOR('',#10227,10.);
#2915=VECTOR('',#10230,10.);
#2916=VECTOR('',#10235,10.);
#2917=VECTOR('',#10238,10.);
#2918=VECTOR('',#10241,10.);
#2919=VECTOR('',#10246,10.);
#2920=VECTOR('',#10249,10.);
#2921=VECTOR('',#10252,10.);
#2922=VECTOR('',#10257,10.);
#2923=VECTOR('',#10260,10.);
#2924=VECTOR('',#10263,10.);
#2925=VECTOR('',#10268,10.);
#2926=VECTOR('',#10271,10.);
#2927=VECTOR('',#10274,10.);
#2928=VECTOR('',#10279,10.);
#2929=VECTOR('',#10282,10.);
#2930=VERTEX_POINT('',#10289);
#2931=VERTEX_POINT('',#10290);
#2932=VERTEX_POINT('',#10292);
#2933=VERTEX_POINT('',#10294);
#2934=VERTEX_POINT('',#10298);
#2935=VERTEX_POINT('',#10299);
#2936=VERTEX_POINT('',#10301);
#2937=VERTEX_POINT('',#10303);
#2938=VERTEX_POINT('',#10307);
#2939=VERTEX_POINT('',#10308);
#2940=VERTEX_POINT('',#10310);
#2941=VERTEX_POINT('',#10312);
#2942=VERTEX_POINT('',#10316);
#2943=VERTEX_POINT('',#10317);
#2944=VERTEX_POINT('',#10319);
#2945=VERTEX_POINT('',#10321);
#2946=VERTEX_POINT('',#10325);
#2947=VERTEX_POINT('',#10326);
#2948=VERTEX_POINT('',#10328);
#2949=VERTEX_POINT('',#10330);
#2950=VERTEX_POINT('',#10334);
#2951=VERTEX_POINT('',#10336);
#2952=VERTEX_POINT('',#10340);
#2953=VERTEX_POINT('',#10342);
#2954=VERTEX_POINT('',#10346);
#2955=VERTEX_POINT('',#10348);
#2956=VERTEX_POINT('',#10352);
#2957=VERTEX_POINT('',#10354);
#2958=VERTEX_POINT('',#10358);
#2959=VERTEX_POINT('',#10360);
#2960=VERTEX_POINT('',#10362);
#2961=VERTEX_POINT('',#10366);
#2962=VERTEX_POINT('',#10368);
#2963=VERTEX_POINT('',#10372);
#2964=VERTEX_POINT('',#10377);
#2965=VERTEX_POINT('',#10379);
#2966=VERTEX_POINT('',#10383);
#2967=VERTEX_POINT('',#10392);
#2968=VERTEX_POINT('',#10396);
#2969=VERTEX_POINT('',#10398);
#2970=VERTEX_POINT('',#10403);
#2971=VERTEX_POINT('',#10411);
#2972=VERTEX_POINT('',#10414);
#2973=VERTEX_POINT('',#10416);
#2974=VERTEX_POINT('',#10418);
#2975=VERTEX_POINT('',#10420);
#2976=VERTEX_POINT('',#10424);
#2977=VERTEX_POINT('',#10425);
#2978=VERTEX_POINT('',#10427);
#2979=VERTEX_POINT('',#10429);
#2980=VERTEX_POINT('',#10433);
#2981=VERTEX_POINT('',#10434);
#2982=VERTEX_POINT('',#10439);
#2983=VERTEX_POINT('',#10440);
#2984=VERTEX_POINT('',#10445);
#2985=VERTEX_POINT('',#10446);
#2986=VERTEX_POINT('',#10451);
#2987=VERTEX_POINT('',#10452);
#2988=VERTEX_POINT('',#10457);
#2989=VERTEX_POINT('',#10458);
#2990=VERTEX_POINT('',#10463);
#2991=VERTEX_POINT('',#10464);
#2992=VERTEX_POINT('',#10472);
#2993=VERTEX_POINT('',#10474);
#2994=VERTEX_POINT('',#10478);
#2995=VERTEX_POINT('',#10482);
#2996=VERTEX_POINT('',#10486);
#2997=VERTEX_POINT('',#10490);
#2998=VERTEX_POINT('',#10491);
#2999=VERTEX_POINT('',#10493);
#3000=VERTEX_POINT('',#10495);
#3001=VERTEX_POINT('',#10497);
#3002=VERTEX_POINT('',#10499);
#3003=VERTEX_POINT('',#10501);
#3004=VERTEX_POINT('',#10503);
#3005=VERTEX_POINT('',#10506);
#3006=VERTEX_POINT('',#10507);
#3007=VERTEX_POINT('',#10509);
#3008=VERTEX_POINT('',#10511);
#3009=VERTEX_POINT('',#10513);
#3010=VERTEX_POINT('',#10515);
#3011=VERTEX_POINT('',#10517);
#3012=VERTEX_POINT('',#10519);
#3013=VERTEX_POINT('',#10522);
#3014=VERTEX_POINT('',#10523);
#3015=VERTEX_POINT('',#10525);
#3016=VERTEX_POINT('',#10527);
#3017=VERTEX_POINT('',#10529);
#3018=VERTEX_POINT('',#10531);
#3019=VERTEX_POINT('',#10533);
#3020=VERTEX_POINT('',#10535);
#3021=VERTEX_POINT('',#10538);
#3022=VERTEX_POINT('',#10539);
#3023=VERTEX_POINT('',#10541);
#3024=VERTEX_POINT('',#10543);
#3025=VERTEX_POINT('',#10545);
#3026=VERTEX_POINT('',#10547);
#3027=VERTEX_POINT('',#10549);
#3028=VERTEX_POINT('',#10551);
#3029=VERTEX_POINT('',#10554);
#3030=VERTEX_POINT('',#10555);
#3031=VERTEX_POINT('',#10557);
#3032=VERTEX_POINT('',#10559);
#3033=VERTEX_POINT('',#10561);
#3034=VERTEX_POINT('',#10563);
#3035=VERTEX_POINT('',#10565);
#3036=VERTEX_POINT('',#10567);
#3037=VERTEX_POINT('',#10570);
#3038=VERTEX_POINT('',#10571);
#3039=VERTEX_POINT('',#10573);
#3040=VERTEX_POINT('',#10575);
#3041=VERTEX_POINT('',#10577);
#3042=VERTEX_POINT('',#10579);
#3043=VERTEX_POINT('',#10581);
#3044=VERTEX_POINT('',#10583);
#3045=VERTEX_POINT('',#10586);
#3046=VERTEX_POINT('',#10587);
#3047=VERTEX_POINT('',#10589);
#3048=VERTEX_POINT('',#10591);
#3049=VERTEX_POINT('',#10593);
#3050=VERTEX_POINT('',#10595);
#3051=VERTEX_POINT('',#10597);
#3052=VERTEX_POINT('',#10599);
#3053=VERTEX_POINT('',#10602);
#3054=VERTEX_POINT('',#10603);
#3055=VERTEX_POINT('',#10605);
#3056=VERTEX_POINT('',#10607);
#3057=VERTEX_POINT('',#10609);
#3058=VERTEX_POINT('',#10611);
#3059=VERTEX_POINT('',#10613);
#3060=VERTEX_POINT('',#10615);
#3061=VERTEX_POINT('',#10618);
#3062=VERTEX_POINT('',#10620);
#3063=VERTEX_POINT('',#10622);
#3064=VERTEX_POINT('',#10624);
#3065=VERTEX_POINT('',#10626);
#3066=VERTEX_POINT('',#10628);
#3067=VERTEX_POINT('',#10630);
#3068=VERTEX_POINT('',#10631);
#3069=VERTEX_POINT('',#10633);
#3070=VERTEX_POINT('',#10635);
#3071=VERTEX_POINT('',#10637);
#3072=VERTEX_POINT('',#10639);
#3073=VERTEX_POINT('',#10641);
#3074=VERTEX_POINT('',#10643);
#3075=VERTEX_POINT('',#10645);
#3076=VERTEX_POINT('',#10647);
#3077=VERTEX_POINT('',#10649);
#3078=VERTEX_POINT('',#10651);
#3079=VERTEX_POINT('',#10653);
#3080=VERTEX_POINT('',#10655);
#3081=VERTEX_POINT('',#10657);
#3082=VERTEX_POINT('',#10659);
#3083=VERTEX_POINT('',#10662);
#3084=VERTEX_POINT('',#10665);
#3085=VERTEX_POINT('',#10666);
#3086=VERTEX_POINT('',#10668);
#3087=VERTEX_POINT('',#10670);
#3088=VERTEX_POINT('',#10672);
#3089=VERTEX_POINT('',#10674);
#3090=VERTEX_POINT('',#10676);
#3091=VERTEX_POINT('',#10678);
#3092=VERTEX_POINT('',#10681);
#3093=VERTEX_POINT('',#10683);
#3094=VERTEX_POINT('',#10684);
#3095=VERTEX_POINT('',#10686);
#3096=VERTEX_POINT('',#10688);
#3097=VERTEX_POINT('',#10691);
#3098=VERTEX_POINT('',#10693);
#3099=VERTEX_POINT('',#10695);
#3100=VERTEX_POINT('',#10698);
#3101=VERTEX_POINT('',#10700);
#3102=VERTEX_POINT('',#10702);
#3103=VERTEX_POINT('',#10705);
#3104=VERTEX_POINT('',#10708);
#3105=VERTEX_POINT('',#10710);
#3106=VERTEX_POINT('',#10712);
#3107=VERTEX_POINT('',#10715);
#3108=VERTEX_POINT('',#10716);
#3109=VERTEX_POINT('',#10718);
#3110=VERTEX_POINT('',#10720);
#3111=VERTEX_POINT('',#10722);
#3112=VERTEX_POINT('',#10724);
#3113=VERTEX_POINT('',#10726);
#3114=VERTEX_POINT('',#10728);
#3115=VERTEX_POINT('',#10741);
#3116=VERTEX_POINT('',#10742);
#3117=VERTEX_POINT('',#10744);
#3118=VERTEX_POINT('',#10746);
#3119=VERTEX_POINT('',#10750);
#3120=VERTEX_POINT('',#10753);
#3121=VERTEX_POINT('',#10757);
#3122=VERTEX_POINT('',#10759);
#3123=VERTEX_POINT('',#10768);
#3124=VERTEX_POINT('',#10769);
#3125=VERTEX_POINT('',#10771);
#3126=VERTEX_POINT('',#10773);
#3127=VERTEX_POINT('',#10775);
#3128=VERTEX_POINT('',#10777);
#3129=VERTEX_POINT('',#10780);
#3130=VERTEX_POINT('',#10784);
#3131=VERTEX_POINT('',#10785);
#3132=VERTEX_POINT('',#10787);
#3133=VERTEX_POINT('',#10789);
#3134=VERTEX_POINT('',#10799);
#3135=VERTEX_POINT('',#10801);
#3136=VERTEX_POINT('',#10803);
#3137=VERTEX_POINT('',#10805);
#3138=VERTEX_POINT('',#10809);
#3139=VERTEX_POINT('',#10810);
#3140=VERTEX_POINT('',#10812);
#3141=VERTEX_POINT('',#10814);
#3142=VERTEX_POINT('',#10818);
#3143=VERTEX_POINT('',#10819);
#3144=VERTEX_POINT('',#10821);
#3145=VERTEX_POINT('',#10823);
#3146=VERTEX_POINT('',#10827);
#3147=VERTEX_POINT('',#10830);
#3148=VERTEX_POINT('',#10834);
#3149=VERTEX_POINT('',#10838);
#3150=VERTEX_POINT('',#10842);
#3151=VERTEX_POINT('',#10844);
#3152=VERTEX_POINT('',#10848);
#3153=VERTEX_POINT('',#10850);
#3154=VERTEX_POINT('',#10854);
#3155=VERTEX_POINT('',#10855);
#3156=VERTEX_POINT('',#10857);
#3157=VERTEX_POINT('',#10859);
#3158=VERTEX_POINT('',#10863);
#3159=VERTEX_POINT('',#10865);
#3160=VERTEX_POINT('',#10874);
#3161=VERTEX_POINT('',#10877);
#3162=VERTEX_POINT('',#10879);
#3163=VERTEX_POINT('',#10881);
#3164=VERTEX_POINT('',#10883);
#3165=VERTEX_POINT('',#10885);
#3166=VERTEX_POINT('',#10889);
#3167=VERTEX_POINT('',#10891);
#3168=VERTEX_POINT('',#10895);
#3169=VERTEX_POINT('',#10897);
#3170=VERTEX_POINT('',#10902);
#3171=VERTEX_POINT('',#10904);
#3172=VERTEX_POINT('',#10906);
#3173=VERTEX_POINT('',#10908);
#3174=VERTEX_POINT('',#10910);
#3175=VERTEX_POINT('',#10912);
#3176=VERTEX_POINT('',#10914);
#3177=VERTEX_POINT('',#10920);
#3178=VERTEX_POINT('',#10926);
#3179=VERTEX_POINT('',#10929);
#3180=VERTEX_POINT('',#10931);
#3181=VERTEX_POINT('',#10933);
#3182=VERTEX_POINT('',#10935);
#3183=VERTEX_POINT('',#10937);
#3184=VERTEX_POINT('',#10939);
#3185=VERTEX_POINT('',#10941);
#3186=VERTEX_POINT('',#10943);
#3187=VERTEX_POINT('',#10945);
#3188=VERTEX_POINT('',#10946);
#3189=VERTEX_POINT('',#10948);
#3190=VERTEX_POINT('',#10950);
#3191=VERTEX_POINT('',#10952);
#3192=VERTEX_POINT('',#10954);
#3193=VERTEX_POINT('',#10956);
#3194=VERTEX_POINT('',#10958);
#3195=VERTEX_POINT('',#10961);
#3196=VERTEX_POINT('',#10962);
#3197=VERTEX_POINT('',#10964);
#3198=VERTEX_POINT('',#10966);
#3199=VERTEX_POINT('',#10968);
#3200=VERTEX_POINT('',#10970);
#3201=VERTEX_POINT('',#10972);
#3202=VERTEX_POINT('',#10974);
#3203=VERTEX_POINT('',#10977);
#3204=VERTEX_POINT('',#10978);
#3205=VERTEX_POINT('',#10980);
#3206=VERTEX_POINT('',#10982);
#3207=VERTEX_POINT('',#10984);
#3208=VERTEX_POINT('',#10986);
#3209=VERTEX_POINT('',#10988);
#3210=VERTEX_POINT('',#10990);
#3211=VERTEX_POINT('',#10993);
#3212=VERTEX_POINT('',#10994);
#3213=VERTEX_POINT('',#10996);
#3214=VERTEX_POINT('',#10998);
#3215=VERTEX_POINT('',#11000);
#3216=VERTEX_POINT('',#11002);
#3217=VERTEX_POINT('',#11004);
#3218=VERTEX_POINT('',#11006);
#3219=VERTEX_POINT('',#11009);
#3220=VERTEX_POINT('',#11011);
#3221=VERTEX_POINT('',#11013);
#3222=VERTEX_POINT('',#11014);
#3223=VERTEX_POINT('',#11016);
#3224=VERTEX_POINT('',#11018);
#3225=VERTEX_POINT('',#11020);
#3226=VERTEX_POINT('',#11022);
#3227=VERTEX_POINT('',#11024);
#3228=VERTEX_POINT('',#11026);
#3229=VERTEX_POINT('',#11029);
#3230=VERTEX_POINT('',#11030);
#3231=VERTEX_POINT('',#11033);
#3232=VERTEX_POINT('',#11035);
#3233=VERTEX_POINT('',#11037);
#3234=VERTEX_POINT('',#11039);
#3235=VERTEX_POINT('',#11041);
#3236=VERTEX_POINT('',#11043);
#3237=VERTEX_POINT('',#11046);
#3238=VERTEX_POINT('',#11048);
#3239=VERTEX_POINT('',#11052);
#3240=VERTEX_POINT('',#11067);
#3241=VERTEX_POINT('',#11069);
#3242=VERTEX_POINT('',#11073);
#3243=VERTEX_POINT('',#11079);
#3244=VERTEX_POINT('',#11081);
#3245=VERTEX_POINT('',#11085);
#3246=VERTEX_POINT('',#11091);
#3247=VERTEX_POINT('',#11093);
#3248=VERTEX_POINT('',#11097);
#3249=VERTEX_POINT('',#11103);
#3250=VERTEX_POINT('',#11105);
#3251=VERTEX_POINT('',#11109);
#3252=VERTEX_POINT('',#11115);
#3253=VERTEX_POINT('',#11117);
#3254=VERTEX_POINT('',#11121);
#3255=VERTEX_POINT('',#11127);
#3256=VERTEX_POINT('',#11129);
#3257=VERTEX_POINT('',#11133);
#3258=VERTEX_POINT('',#11139);
#3259=VERTEX_POINT('',#11141);
#3260=VERTEX_POINT('',#11145);
#3261=VERTEX_POINT('',#11151);
#3262=VERTEX_POINT('',#11153);
#3263=VERTEX_POINT('',#11157);
#3264=VERTEX_POINT('',#11163);
#3265=VERTEX_POINT('',#11165);
#3266=VERTEX_POINT('',#11169);
#3267=VERTEX_POINT('',#11175);
#3268=VERTEX_POINT('',#11182);
#3269=VERTEX_POINT('',#11184);
#3270=VERTEX_POINT('',#11188);
#3271=VERTEX_POINT('',#11194);
#3272=VERTEX_POINT('',#11196);
#3273=VERTEX_POINT('',#11198);
#3274=VERTEX_POINT('',#11204);
#3275=VERTEX_POINT('',#11210);
#3276=VERTEX_POINT('',#11214);
#3277=VERTEX_POINT('',#11218);
#3278=VERTEX_POINT('',#11233);
#3279=VERTEX_POINT('',#11241);
#3280=VERTEX_POINT('',#11247);
#3281=VERTEX_POINT('',#11253);
#3282=VERTEX_POINT('',#11259);
#3283=VERTEX_POINT('',#11260);
#3284=VERTEX_POINT('',#11262);
#3285=VERTEX_POINT('',#11264);
#3286=VERTEX_POINT('',#11267);
#3287=VERTEX_POINT('',#11268);
#3288=VERTEX_POINT('',#11270);
#3289=VERTEX_POINT('',#11272);
#3290=VERTEX_POINT('',#11274);
#3291=VERTEX_POINT('',#11276);
#3292=VERTEX_POINT('',#11278);
#3293=VERTEX_POINT('',#11280);
#3294=VERTEX_POINT('',#11283);
#3295=VERTEX_POINT('',#11284);
#3296=VERTEX_POINT('',#11286);
#3297=VERTEX_POINT('',#11288);
#3298=VERTEX_POINT('',#11290);
#3299=VERTEX_POINT('',#11292);
#3300=VERTEX_POINT('',#11294);
#3301=VERTEX_POINT('',#11296);
#3302=VERTEX_POINT('',#11299);
#3303=VERTEX_POINT('',#11300);
#3304=VERTEX_POINT('',#11302);
#3305=VERTEX_POINT('',#11304);
#3306=VERTEX_POINT('',#11306);
#3307=VERTEX_POINT('',#11308);
#3308=VERTEX_POINT('',#11310);
#3309=VERTEX_POINT('',#11312);
#3310=VERTEX_POINT('',#11315);
#3311=VERTEX_POINT('',#11316);
#3312=VERTEX_POINT('',#11318);
#3313=VERTEX_POINT('',#11320);
#3314=VERTEX_POINT('',#11322);
#3315=VERTEX_POINT('',#11324);
#3316=VERTEX_POINT('',#11326);
#3317=VERTEX_POINT('',#11328);
#3318=VERTEX_POINT('',#11332);
#3319=VERTEX_POINT('',#11333);
#3320=VERTEX_POINT('',#11335);
#3321=VERTEX_POINT('',#11337);
#3322=VERTEX_POINT('',#11340);
#3323=VERTEX_POINT('',#11341);
#3324=VERTEX_POINT('',#11343);
#3325=VERTEX_POINT('',#11345);
#3326=VERTEX_POINT('',#11347);
#3327=VERTEX_POINT('',#11349);
#3328=VERTEX_POINT('',#11351);
#3329=VERTEX_POINT('',#11353);
#3330=VERTEX_POINT('',#11356);
#3331=VERTEX_POINT('',#11357);
#3332=VERTEX_POINT('',#11359);
#3333=VERTEX_POINT('',#11361);
#3334=VERTEX_POINT('',#11363);
#3335=VERTEX_POINT('',#11365);
#3336=VERTEX_POINT('',#11367);
#3337=VERTEX_POINT('',#11369);
#3338=VERTEX_POINT('',#11372);
#3339=VERTEX_POINT('',#11373);
#3340=VERTEX_POINT('',#11375);
#3341=VERTEX_POINT('',#11377);
#3342=VERTEX_POINT('',#11379);
#3343=VERTEX_POINT('',#11381);
#3344=VERTEX_POINT('',#11383);
#3345=VERTEX_POINT('',#11385);
#3346=VERTEX_POINT('',#11388);
#3347=VERTEX_POINT('',#11389);
#3348=VERTEX_POINT('',#11391);
#3349=VERTEX_POINT('',#11393);
#3350=VERTEX_POINT('',#11395);
#3351=VERTEX_POINT('',#11397);
#3352=VERTEX_POINT('',#11399);
#3353=VERTEX_POINT('',#11401);
#3354=VERTEX_POINT('',#11477);
#3355=VERTEX_POINT('',#11479);
#3356=VERTEX_POINT('',#11483);
#3357=VERTEX_POINT('',#11489);
#3358=VERTEX_POINT('',#11491);
#3359=VERTEX_POINT('',#11495);
#3360=VERTEX_POINT('',#11499);
#3361=VERTEX_POINT('',#11503);
#3362=VERTEX_POINT('',#11507);
#3363=VERTEX_POINT('',#11511);
#3364=VERTEX_POINT('',#11515);
#3365=VERTEX_POINT('',#11520);
#3366=VERTEX_POINT('',#11524);
#3367=VERTEX_POINT('',#11531);
#3368=VERTEX_POINT('',#11533);
#3369=VERTEX_POINT('',#11537);
#3370=VERTEX_POINT('',#11543);
#3371=VERTEX_POINT('',#11545);
#3372=VERTEX_POINT('',#11549);
#3373=VERTEX_POINT('',#11555);
#3374=VERTEX_POINT('',#11557);
#3375=VERTEX_POINT('',#11561);
#3376=VERTEX_POINT('',#11567);
#3377=VERTEX_POINT('',#11569);
#3378=VERTEX_POINT('',#11573);
#3379=VERTEX_POINT('',#11577);
#3380=VERTEX_POINT('',#11581);
#3381=VERTEX_POINT('',#11587);
#3382=VERTEX_POINT('',#11591);
#3383=VERTEX_POINT('',#11596);
#3384=VERTEX_POINT('',#11600);
#3385=VERTEX_POINT('',#11608);
#3386=VERTEX_POINT('',#11609);
#3387=VERTEX_POINT('',#11611);
#3388=VERTEX_POINT('',#11613);
#3389=VERTEX_POINT('',#11617);
#3390=VERTEX_POINT('',#11618);
#3391=VERTEX_POINT('',#11620);
#3392=VERTEX_POINT('',#11622);
#3393=VERTEX_POINT('',#11626);
#3394=VERTEX_POINT('',#11627);
#3395=VERTEX_POINT('',#11629);
#3396=VERTEX_POINT('',#11631);
#3397=VERTEX_POINT('',#11635);
#3398=VERTEX_POINT('',#11636);
#3399=VERTEX_POINT('',#11638);
#3400=VERTEX_POINT('',#11640);
#3401=VERTEX_POINT('',#11644);
#3402=VERTEX_POINT('',#11645);
#3403=VERTEX_POINT('',#11647);
#3404=VERTEX_POINT('',#11649);
#3405=VERTEX_POINT('',#11653);
#3406=VERTEX_POINT('',#11654);
#3407=VERTEX_POINT('',#11656);
#3408=VERTEX_POINT('',#11658);
#3409=VERTEX_POINT('',#11662);
#3410=VERTEX_POINT('',#11663);
#3411=VERTEX_POINT('',#11665);
#3412=VERTEX_POINT('',#11667);
#3413=VERTEX_POINT('',#11671);
#3414=VERTEX_POINT('',#11672);
#3415=VERTEX_POINT('',#11674);
#3416=VERTEX_POINT('',#11676);
#3417=VERTEX_POINT('',#11680);
#3418=VERTEX_POINT('',#11681);
#3419=VERTEX_POINT('',#11683);
#3420=VERTEX_POINT('',#11685);
#3421=VERTEX_POINT('',#11689);
#3422=VERTEX_POINT('',#11691);
#3423=VERTEX_POINT('',#11695);
#3424=VERTEX_POINT('',#11697);
#3425=VERTEX_POINT('',#11701);
#3426=VERTEX_POINT('',#11703);
#3427=VERTEX_POINT('',#11707);
#3428=VERTEX_POINT('',#11709);
#3429=VERTEX_POINT('',#11713);
#3430=VERTEX_POINT('',#11715);
#3431=VERTEX_POINT('',#11719);
#3432=VERTEX_POINT('',#11721);
#3433=VERTEX_POINT('',#11725);
#3434=VERTEX_POINT('',#11727);
#3435=VERTEX_POINT('',#11731);
#3436=VERTEX_POINT('',#11733);
#3437=VERTEX_POINT('',#11737);
#3438=VERTEX_POINT('',#11739);
#3439=VERTEX_POINT('',#11743);
#3440=VERTEX_POINT('',#11745);
#3441=VERTEX_POINT('',#11749);
#3442=VERTEX_POINT('',#11751);
#3443=VERTEX_POINT('',#11755);
#3444=VERTEX_POINT('',#11757);
#3445=VERTEX_POINT('',#11761);
#3446=VERTEX_POINT('',#11763);
#3447=VERTEX_POINT('',#11767);
#3448=VERTEX_POINT('',#11769);
#3449=VERTEX_POINT('',#11776);
#3450=VERTEX_POINT('',#11779);
#3451=VERTEX_POINT('',#11782);
#3452=VERTEX_POINT('',#11785);
#3453=VERTEX_POINT('',#11788);
#3454=VERTEX_POINT('',#11791);
#3455=VERTEX_POINT('',#11794);
#3456=VERTEX_POINT('',#11797);
#3457=VERTEX_POINT('',#11803);
#3458=VERTEX_POINT('',#11805);
#3459=VERTEX_POINT('',#11811);
#3460=VERTEX_POINT('',#11813);
#3461=VERTEX_POINT('',#11819);
#3462=VERTEX_POINT('',#11821);
#3463=VERTEX_POINT('',#11827);
#3464=VERTEX_POINT('',#11829);
#3465=VERTEX_POINT('',#11865);
#3466=VERTEX_POINT('',#11867);
#3467=VERTEX_POINT('',#11871);
#3468=VERTEX_POINT('',#11875);
#3469=VERTEX_POINT('',#11879);
#3470=VERTEX_POINT('',#11883);
#3471=VERTEX_POINT('',#11887);
#3472=VERTEX_POINT('',#11891);
#3473=VERTEX_POINT('',#11898);
#3474=VERTEX_POINT('',#11899);
#3475=VERTEX_POINT('',#11901);
#3476=VERTEX_POINT('',#11903);
#3477=VERTEX_POINT('',#11908);
#3478=VERTEX_POINT('',#11911);
#3479=VERTEX_POINT('',#11912);
#3480=VERTEX_POINT('',#11914);
#3481=VERTEX_POINT('',#11916);
#3482=VERTEX_POINT('',#11921);
#3483=VERTEX_POINT('',#11924);
#3484=VERTEX_POINT('',#11925);
#3485=VERTEX_POINT('',#11927);
#3486=VERTEX_POINT('',#11929);
#3487=VERTEX_POINT('',#11934);
#3488=VERTEX_POINT('',#11937);
#3489=VERTEX_POINT('',#11938);
#3490=VERTEX_POINT('',#11940);
#3491=VERTEX_POINT('',#11942);
#3492=VERTEX_POINT('',#11947);
#3493=VERTEX_POINT('',#11950);
#3494=VERTEX_POINT('',#11957);
#3495=VERTEX_POINT('',#11965);
#3496=VERTEX_POINT('',#11973);
#3497=VERTEX_POINT('',#11981);
#3498=VERTEX_POINT('',#11985);
#3499=VERTEX_POINT('',#11989);
#3500=VERTEX_POINT('',#11990);
#3501=VERTEX_POINT('',#11995);
#3502=VERTEX_POINT('',#11999);
#3503=VERTEX_POINT('',#12006);
#3504=VERTEX_POINT('',#12008);
#3505=VERTEX_POINT('',#12012);
#3506=VERTEX_POINT('',#12016);
#3507=VERTEX_POINT('',#12023);
#3508=VERTEX_POINT('',#12024);
#3509=VERTEX_POINT('',#12026);
#3510=VERTEX_POINT('',#12028);
#3511=VERTEX_POINT('',#12032);
#3512=VERTEX_POINT('',#12034);
#3513=VERTEX_POINT('',#12038);
#3514=VERTEX_POINT('',#12040);
#3515=VERTEX_POINT('',#12048);
#3516=VERTEX_POINT('',#12049);
#3517=VERTEX_POINT('',#12051);
#3518=VERTEX_POINT('',#12053);
#3519=VERTEX_POINT('',#12057);
#3520=VERTEX_POINT('',#12059);
#3521=VERTEX_POINT('',#12063);
#3522=VERTEX_POINT('',#12065);
#3523=VERTEX_POINT('',#12069);
#3524=VERTEX_POINT('',#12071);
#3525=VERTEX_POINT('',#12075);
#3526=VERTEX_POINT('',#12077);
#3527=VERTEX_POINT('',#12081);
#3528=VERTEX_POINT('',#12083);
#3529=VERTEX_POINT('',#12087);
#3530=VERTEX_POINT('',#12089);
#3531=VERTEX_POINT('',#12093);
#3532=VERTEX_POINT('',#12095);
#3533=VERTEX_POINT('',#12099);
#3534=VERTEX_POINT('',#12101);
#3535=VERTEX_POINT('',#12105);
#3536=VERTEX_POINT('',#12107);
#3537=VERTEX_POINT('',#12111);
#3538=VERTEX_POINT('',#12113);
#3539=VERTEX_POINT('',#12117);
#3540=VERTEX_POINT('',#12119);
#3541=VERTEX_POINT('',#12123);
#3542=VERTEX_POINT('',#12125);
#3543=VERTEX_POINT('',#12129);
#3544=VERTEX_POINT('',#12131);
#3545=VERTEX_POINT('',#12135);
#3546=VERTEX_POINT('',#12137);
#3547=VERTEX_POINT('',#12141);
#3548=VERTEX_POINT('',#12143);
#3549=VERTEX_POINT('',#12147);
#3550=VERTEX_POINT('',#12149);
#3551=VERTEX_POINT('',#12153);
#3552=VERTEX_POINT('',#12155);
#3553=VERTEX_POINT('',#12159);
#3554=VERTEX_POINT('',#12161);
#3555=VERTEX_POINT('',#12165);
#3556=VERTEX_POINT('',#12167);
#3557=VERTEX_POINT('',#12171);
#3558=VERTEX_POINT('',#12173);
#3559=VERTEX_POINT('',#12177);
#3560=VERTEX_POINT('',#12179);
#3561=VERTEX_POINT('',#12183);
#3562=VERTEX_POINT('',#12185);
#3563=VERTEX_POINT('',#12189);
#3564=VERTEX_POINT('',#12191);
#3565=VERTEX_POINT('',#12195);
#3566=VERTEX_POINT('',#12197);
#3567=VERTEX_POINT('',#12201);
#3568=VERTEX_POINT('',#12203);
#3569=VERTEX_POINT('',#12207);
#3570=VERTEX_POINT('',#12209);
#3571=VERTEX_POINT('',#12213);
#3572=VERTEX_POINT('',#12215);
#3573=VERTEX_POINT('',#12219);
#3574=VERTEX_POINT('',#12221);
#3575=VERTEX_POINT('',#12225);
#3576=VERTEX_POINT('',#12227);
#3577=VERTEX_POINT('',#12231);
#3578=VERTEX_POINT('',#12233);
#3579=VERTEX_POINT('',#12237);
#3580=VERTEX_POINT('',#12239);
#3581=VERTEX_POINT('',#12243);
#3582=VERTEX_POINT('',#12245);
#3583=VERTEX_POINT('',#12249);
#3584=VERTEX_POINT('',#12251);
#3585=VERTEX_POINT('',#12255);
#3586=VERTEX_POINT('',#12257);
#3587=VERTEX_POINT('',#12261);
#3588=VERTEX_POINT('',#12263);
#3589=VERTEX_POINT('',#12267);
#3590=VERTEX_POINT('',#12269);
#3591=VERTEX_POINT('',#12273);
#3592=VERTEX_POINT('',#12275);
#3593=VERTEX_POINT('',#12279);
#3594=VERTEX_POINT('',#12281);
#3595=VERTEX_POINT('',#12289);
#3596=VERTEX_POINT('',#12291);
#3597=VERTEX_POINT('',#12295);
#3598=VERTEX_POINT('',#12299);
#3599=VERTEX_POINT('',#12303);
#3600=VERTEX_POINT('',#12307);
#3601=VERTEX_POINT('',#12311);
#3602=VERTEX_POINT('',#12315);
#3603=VERTEX_POINT('',#12321);
#3604=VERTEX_POINT('',#12323);
#3605=VERTEX_POINT('',#12325);
#3606=VERTEX_POINT('',#12327);
#3607=EDGE_CURVE('',#2930,#2931,#1606,.T.);
#3608=EDGE_CURVE('',#2932,#2930,#1243,.T.);
#3609=EDGE_CURVE('',#2933,#2932,#1607,.T.);
#3610=EDGE_CURVE('',#2931,#2933,#1244,.T.);
#3611=EDGE_CURVE('',#2934,#2935,#1608,.T.);
#3612=EDGE_CURVE('',#2936,#2934,#1245,.T.);
#3613=EDGE_CURVE('',#2937,#2936,#1609,.T.);
#3614=EDGE_CURVE('',#2935,#2937,#1246,.T.);
#3615=EDGE_CURVE('',#2938,#2939,#1610,.T.);
#3616=EDGE_CURVE('',#2940,#2938,#1247,.T.);
#3617=EDGE_CURVE('',#2941,#2940,#1611,.T.);
#3618=EDGE_CURVE('',#2939,#2941,#1248,.T.);
#3619=EDGE_CURVE('',#2942,#2943,#1612,.T.);
#3620=EDGE_CURVE('',#2944,#2942,#1249,.T.);
#3621=EDGE_CURVE('',#2945,#2944,#1613,.T.);
#3622=EDGE_CURVE('',#2943,#2945,#1250,.T.);
#3623=EDGE_CURVE('',#2946,#2947,#1614,.T.);
#3624=EDGE_CURVE('',#2946,#2948,#1615,.T.);
#3625=EDGE_CURVE('',#2949,#2948,#1616,.T.);
#3626=EDGE_CURVE('',#2947,#2949,#1617,.T.);
#3627=EDGE_CURVE('',#2946,#2950,#1251,.T.);
#3628=EDGE_CURVE('',#2950,#2951,#1618,.T.);
#3629=EDGE_CURVE('',#2948,#2951,#1252,.T.);
#3630=EDGE_CURVE('',#2952,#2950,#1619,.T.);
#3631=EDGE_CURVE('',#2952,#2953,#1620,.T.);
#3632=EDGE_CURVE('',#2951,#2953,#1621,.T.);
#3633=EDGE_CURVE('',#2952,#2954,#1253,.T.);
#3634=EDGE_CURVE('',#2954,#2955,#1622,.T.);
#3635=EDGE_CURVE('',#2953,#2955,#1254,.T.);
#3636=EDGE_CURVE('',#2956,#2954,#1623,.T.);
#3637=EDGE_CURVE('',#2956,#2957,#1624,.T.);
#3638=EDGE_CURVE('',#2955,#2957,#1625,.T.);
#3639=EDGE_CURVE('',#2956,#2958,#1255,.T.);
#3640=EDGE_CURVE('',#2959,#2958,#1256,.T.);
#3641=EDGE_CURVE('',#2959,#2960,#1626,.T.);
#3642=EDGE_CURVE('',#2957,#2960,#1257,.T.);
#3643=EDGE_CURVE('',#2961,#2959,#1627,.T.);
#3644=EDGE_CURVE('',#2961,#2962,#1628,.T.);
#3645=EDGE_CURVE('',#2960,#2962,#1629,.T.);
#3646=EDGE_CURVE('',#2963,#2961,#1258,.T.);
#3647=EDGE_CURVE('',#2963,#2947,#1259,.T.);
#3648=EDGE_CURVE('',#2962,#2949,#1260,.T.);
#3649=EDGE_CURVE('',#2964,#2964,#1261,.T.);
#3650=EDGE_CURVE('',#2965,#2965,#1262,.T.);
#3651=EDGE_CURVE('',#2930,#2932,#1263,.T.);
#3652=EDGE_CURVE('',#2966,#2966,#1264,.T.);
#3653=EDGE_CURVE('',#2933,#2932,#1630,.T.);
#3654=EDGE_CURVE('',#2941,#2933,#1631,.T.);
#3655=EDGE_CURVE('',#2941,#2940,#1632,.T.);
#3656=EDGE_CURVE('',#2932,#2940,#1633,.T.);
#3657=EDGE_CURVE('',#2942,#2944,#1265,.T.);
#3658=EDGE_CURVE('',#2967,#2967,#1266,.T.);
#3659=EDGE_CURVE('',#2945,#2944,#1634,.T.);
#3660=EDGE_CURVE('',#2968,#2945,#1635,.T.);
#3661=EDGE_CURVE('',#2968,#2969,#1636,.T.);
#3662=EDGE_CURVE('',#2944,#2969,#1637,.T.);
#3663=EDGE_CURVE('',#2934,#2936,#1267,.T.);
#3664=EDGE_CURVE('',#2970,#2970,#1268,.T.);
#3665=EDGE_CURVE('',#2936,#2944,#1638,.T.);
#3666=EDGE_CURVE('',#2937,#2936,#1639,.T.);
#3667=EDGE_CURVE('',#2945,#2937,#1640,.T.);
#3668=EDGE_CURVE('',#2938,#2940,#1269,.T.);
#3669=EDGE_CURVE('',#2971,#2971,#1270,.T.);
#3670=EDGE_CURVE('',#2972,#2941,#1641,.T.);
#3671=EDGE_CURVE('',#2972,#2973,#1642,.T.);
#3672=EDGE_CURVE('',#2973,#2974,#1643,.T.);
#3673=EDGE_CURVE('',#2974,#2975,#1644,.T.);
#3674=EDGE_CURVE('',#2940,#2975,#1645,.T.);
#3675=EDGE_CURVE('',#2976,#2977,#1271,.T.);
#3676=EDGE_CURVE('',#2977,#2978,#1646,.T.);
#3677=EDGE_CURVE('',#2978,#2979,#1272,.T.);
#3678=EDGE_CURVE('',#2979,#2976,#1647,.T.);
#3679=EDGE_CURVE('',#2980,#2981,#1273,.T.);
#3680=EDGE_CURVE('',#2981,#2979,#1274,.T.);
#3681=EDGE_CURVE('',#2978,#2980,#1275,.T.);
#3682=EDGE_CURVE('',#2982,#2983,#1276,.T.);
#3683=EDGE_CURVE('',#2983,#2981,#1648,.T.);
#3684=EDGE_CURVE('',#2980,#2982,#1649,.T.);
#3685=EDGE_CURVE('',#2984,#2985,#1277,.T.);
#3686=EDGE_CURVE('',#2985,#2983,#1278,.T.);
#3687=EDGE_CURVE('',#2982,#2984,#1279,.T.);
#3688=EDGE_CURVE('',#2986,#2987,#1280,.T.);
#3689=EDGE_CURVE('',#2987,#2985,#1650,.T.);
#3690=EDGE_CURVE('',#2984,#2986,#1651,.T.);
#3691=EDGE_CURVE('',#2988,#2989,#1281,.T.);
#3692=EDGE_CURVE('',#2989,#2987,#1282,.T.);
#3693=EDGE_CURVE('',#2986,#2988,#1283,.T.);
#3694=EDGE_CURVE('',#2990,#2991,#1284,.T.);
#3695=EDGE_CURVE('',#2991,#2989,#1652,.T.);
#3696=EDGE_CURVE('',#2988,#2990,#1653,.T.);
#3697=EDGE_CURVE('',#2976,#2991,#1285,.T.);
#3698=EDGE_CURVE('',#2990,#2977,#1286,.T.);
#3699=EDGE_CURVE('',#2982,#2992,#1654,.T.);
#3700=EDGE_CURVE('',#2993,#2992,#1287,.T.);
#3701=EDGE_CURVE('',#2984,#2993,#1655,.T.);
#3702=EDGE_CURVE('',#2980,#2994,#1656,.T.);
#3703=EDGE_CURVE('',#2992,#2994,#1657,.T.);
#3704=EDGE_CURVE('',#2978,#2995,#1658,.T.);
#3705=EDGE_CURVE('',#2994,#2995,#1288,.T.);
#3706=EDGE_CURVE('',#2977,#2996,#1659,.T.);
#3707=EDGE_CURVE('',#2995,#2996,#1660,.T.);
#3708=EDGE_CURVE('',#2997,#2998,#1661,.T.);
#3709=EDGE_CURVE('',#2998,#2999,#1289,.T.);
#3710=EDGE_CURVE('',#2999,#3000,#1662,.T.);
#3711=EDGE_CURVE('',#3000,#3001,#1290,.T.);
#3712=EDGE_CURVE('',#3001,#3002,#1663,.T.);
#3713=EDGE_CURVE('',#3002,#3003,#1291,.T.);
#3714=EDGE_CURVE('',#3003,#3004,#1664,.T.);
#3715=EDGE_CURVE('',#3004,#2997,#1292,.T.);
#3716=EDGE_CURVE('',#3005,#3006,#1665,.T.);
#3717=EDGE_CURVE('',#3006,#3007,#1293,.T.);
#3718=EDGE_CURVE('',#3007,#3008,#1666,.T.);
#3719=EDGE_CURVE('',#3008,#3009,#1294,.T.);
#3720=EDGE_CURVE('',#3009,#3010,#1667,.T.);
#3721=EDGE_CURVE('',#3010,#3011,#1295,.T.);
#3722=EDGE_CURVE('',#3011,#3012,#1668,.T.);
#3723=EDGE_CURVE('',#3012,#3005,#1296,.T.);
#3724=EDGE_CURVE('',#3013,#3014,#1669,.T.);
#3725=EDGE_CURVE('',#3014,#3015,#1297,.T.);
#3726=EDGE_CURVE('',#3015,#3016,#1670,.T.);
#3727=EDGE_CURVE('',#3016,#3017,#1298,.T.);
#3728=EDGE_CURVE('',#3017,#3018,#1671,.T.);
#3729=EDGE_CURVE('',#3018,#3019,#1299,.T.);
#3730=EDGE_CURVE('',#3019,#3020,#1672,.T.);
#3731=EDGE_CURVE('',#3020,#3013,#1300,.T.);
#3732=EDGE_CURVE('',#3021,#3022,#1301,.T.);
#3733=EDGE_CURVE('',#3022,#3023,#1673,.T.);
#3734=EDGE_CURVE('',#3023,#3024,#1302,.T.);
#3735=EDGE_CURVE('',#3024,#3025,#1674,.T.);
#3736=EDGE_CURVE('',#3025,#3026,#1303,.T.);
#3737=EDGE_CURVE('',#3026,#3027,#1675,.T.);
#3738=EDGE_CURVE('',#3027,#3028,#1304,.T.);
#3739=EDGE_CURVE('',#3028,#3021,#1676,.T.);
#3740=EDGE_CURVE('',#3029,#3030,#1305,.T.);
#3741=EDGE_CURVE('',#3030,#3031,#1677,.T.);
#3742=EDGE_CURVE('',#3031,#3032,#1306,.T.);
#3743=EDGE_CURVE('',#3032,#3033,#1678,.T.);
#3744=EDGE_CURVE('',#3033,#3034,#1307,.T.);
#3745=EDGE_CURVE('',#3034,#3035,#1679,.T.);
#3746=EDGE_CURVE('',#3035,#3036,#1308,.T.);
#3747=EDGE_CURVE('',#3036,#3029,#1680,.T.);
#3748=EDGE_CURVE('',#3037,#3038,#1309,.T.);
#3749=EDGE_CURVE('',#3038,#3039,#1681,.T.);
#3750=EDGE_CURVE('',#3039,#3040,#1310,.T.);
#3751=EDGE_CURVE('',#3040,#3041,#1682,.T.);
#3752=EDGE_CURVE('',#3041,#3042,#1311,.T.);
#3753=EDGE_CURVE('',#3042,#3043,#1683,.T.);
#3754=EDGE_CURVE('',#3043,#3044,#1312,.T.);
#3755=EDGE_CURVE('',#3044,#3037,#1684,.T.);
#3756=EDGE_CURVE('',#3045,#3046,#1685,.T.);
#3757=EDGE_CURVE('',#3046,#3047,#1313,.T.);
#3758=EDGE_CURVE('',#3047,#3048,#1686,.T.);
#3759=EDGE_CURVE('',#3048,#3049,#1314,.T.);
#3760=EDGE_CURVE('',#3049,#3050,#1687,.T.);
#3761=EDGE_CURVE('',#3050,#3051,#1315,.T.);
#3762=EDGE_CURVE('',#3051,#3052,#1688,.T.);
#3763=EDGE_CURVE('',#3052,#3045,#1316,.T.);
#3764=EDGE_CURVE('',#3053,#3054,#1689,.T.);
#3765=EDGE_CURVE('',#3054,#3055,#1317,.T.);
#3766=EDGE_CURVE('',#3055,#3056,#1690,.T.);
#3767=EDGE_CURVE('',#3056,#3057,#1318,.T.);
#3768=EDGE_CURVE('',#3057,#3058,#1691,.T.);
#3769=EDGE_CURVE('',#3058,#3059,#1319,.T.);
#3770=EDGE_CURVE('',#3059,#3060,#1692,.T.);
#3771=EDGE_CURVE('',#3060,#3053,#1320,.T.);
#3772=EDGE_CURVE('',#3061,#3061,#1321,.T.);
#3773=EDGE_CURVE('',#3062,#3062,#1322,.T.);
#3774=EDGE_CURVE('',#3063,#3063,#1323,.T.);
#3775=EDGE_CURVE('',#3064,#3064,#1324,.T.);
#3776=EDGE_CURVE('',#3065,#3065,#1325,.T.);
#3777=EDGE_CURVE('',#3066,#3066,#1326,.T.);
#3778=EDGE_CURVE('',#3067,#3068,#1693,.T.);
#3779=EDGE_CURVE('',#3068,#3069,#1694,.T.);
#3780=EDGE_CURVE('',#3069,#3070,#1695,.T.);
#3781=EDGE_CURVE('',#3070,#3071,#1327,.T.);
#3782=EDGE_CURVE('',#3071,#3072,#1696,.T.);
#3783=EDGE_CURVE('',#3072,#3073,#1697,.T.);
#3784=EDGE_CURVE('',#3073,#3074,#1698,.T.);
#3785=EDGE_CURVE('',#3074,#3075,#1328,.T.);
#3786=EDGE_CURVE('',#3075,#3076,#1699,.T.);
#3787=EDGE_CURVE('',#3076,#3077,#1700,.T.);
#3788=EDGE_CURVE('',#3077,#3078,#1701,.T.);
#3789=EDGE_CURVE('',#3078,#3079,#1329,.T.);
#3790=EDGE_CURVE('',#3079,#3080,#1702,.T.);
#3791=EDGE_CURVE('',#3080,#3081,#1703,.T.);
#3792=EDGE_CURVE('',#3081,#3082,#1704,.T.);
#3793=EDGE_CURVE('',#3082,#3067,#1330,.T.);
#3794=EDGE_CURVE('',#3083,#3083,#1331,.T.);
#3795=EDGE_CURVE('',#3084,#3085,#1705,.T.);
#3796=EDGE_CURVE('',#3085,#3086,#1332,.T.);
#3797=EDGE_CURVE('',#3086,#3087,#1706,.T.);
#3798=EDGE_CURVE('',#3087,#3088,#1333,.T.);
#3799=EDGE_CURVE('',#3088,#3089,#1707,.T.);
#3800=EDGE_CURVE('',#3089,#3090,#1334,.T.);
#3801=EDGE_CURVE('',#3090,#3091,#1708,.T.);
#3802=EDGE_CURVE('',#3091,#3084,#1335,.T.);
#3803=EDGE_CURVE('',#3092,#3092,#1336,.T.);
#3804=EDGE_CURVE('',#3093,#3094,#1709,.T.);
#3805=EDGE_CURVE('',#3094,#3095,#1337,.T.);
#3806=EDGE_CURVE('',#3095,#3096,#1710,.T.);
#3807=EDGE_CURVE('',#3096,#2936,#1711,.T.);
#3808=EDGE_CURVE('',#2969,#3097,#1338,.T.);
#3809=EDGE_CURVE('',#3097,#3098,#1712,.T.);
#3810=EDGE_CURVE('',#3098,#3099,#1339,.T.);
#3811=EDGE_CURVE('',#3099,#2932,#1713,.T.);
#3812=EDGE_CURVE('',#2975,#3100,#1714,.T.);
#3813=EDGE_CURVE('',#3100,#3101,#1340,.T.);
#3814=EDGE_CURVE('',#3101,#3102,#1715,.T.);
#3815=EDGE_CURVE('',#3102,#3093,#1716,.T.);
#3816=EDGE_CURVE('',#3103,#3103,#1341,.T.);
#3817=EDGE_CURVE('',#2996,#3104,#1342,.T.);
#3818=EDGE_CURVE('',#3104,#3105,#1717,.T.);
#3819=EDGE_CURVE('',#3105,#3106,#1343,.T.);
#3820=EDGE_CURVE('',#3106,#2993,#1718,.T.);
#3821=EDGE_CURVE('',#3107,#3108,#1344,.T.);
#3822=EDGE_CURVE('',#3109,#3107,#1719,.T.);
#3823=EDGE_CURVE('',#3110,#3109,#1345,.T.);
#3824=EDGE_CURVE('',#3111,#3110,#1720,.T.);
#3825=EDGE_CURVE('',#3112,#3111,#1346,.T.);
#3826=EDGE_CURVE('',#3113,#3112,#1721,.T.);
#3827=EDGE_CURVE('',#3114,#3113,#1347,.T.);
#3828=EDGE_CURVE('',#3108,#3114,#1722,.T.);
#3829=EDGE_CURVE('',#3090,#3111,#1723,.T.);
#3830=EDGE_CURVE('',#3089,#3112,#1724,.T.);
#3831=EDGE_CURVE('',#3091,#3110,#1725,.T.);
#3832=EDGE_CURVE('',#3084,#3109,#1726,.T.);
#3833=EDGE_CURVE('',#3107,#3085,#1727,.T.);
#3834=EDGE_CURVE('',#3115,#3116,#1728,.T.);
#3835=EDGE_CURVE('',#3115,#3117,#1729,.T.);
#3836=EDGE_CURVE('',#3117,#3118,#1730,.T.);
#3837=EDGE_CURVE('',#3116,#3118,#1731,.T.);
#3838=EDGE_CURVE('',#3116,#3119,#1732,.T.);
#3839=EDGE_CURVE('',#3118,#2958,#1733,.T.);
#3840=EDGE_CURVE('',#2958,#3120,#1734,.T.);
#3841=EDGE_CURVE('',#3119,#3120,#1735,.T.);
#3842=EDGE_CURVE('',#3119,#3121,#1736,.T.);
#3843=EDGE_CURVE('',#3122,#3120,#1737,.T.);
#3844=EDGE_CURVE('',#3121,#3122,#1738,.T.);
#3845=EDGE_CURVE('',#3121,#3115,#1739,.T.);
#3846=EDGE_CURVE('',#2963,#3122,#1740,.T.);
#3847=EDGE_CURVE('',#2963,#3117,#1741,.T.);
#3848=EDGE_CURVE('',#3123,#3124,#1742,.T.);
#3849=EDGE_CURVE('',#3125,#3124,#1348,.T.);
#3850=EDGE_CURVE('',#3125,#3126,#1743,.T.);
#3851=EDGE_CURVE('',#3127,#3126,#1744,.T.);
#3852=EDGE_CURVE('',#3128,#3127,#1349,.T.);
#3853=EDGE_CURVE('',#3123,#3128,#1745,.T.);
#3854=EDGE_CURVE('',#3129,#3129,#1350,.T.);
#3855=EDGE_CURVE('',#3130,#3131,#1746,.T.);
#3856=EDGE_CURVE('',#3132,#3130,#1747,.T.);
#3857=EDGE_CURVE('',#3133,#3132,#1748,.T.);
#3858=EDGE_CURVE('',#3131,#3133,#1749,.T.);
#3859=EDGE_CURVE('',#3093,#3132,#1750,.T.);
#3860=EDGE_CURVE('',#3133,#3102,#1751,.T.);
#3861=EDGE_CURVE('',#3126,#3130,#1752,.T.);
#3862=EDGE_CURVE('',#3125,#3094,#1753,.T.);
#3863=EDGE_CURVE('',#3131,#3134,#1754,.T.);
#3864=EDGE_CURVE('',#3134,#3135,#1755,.T.);
#3865=EDGE_CURVE('',#3136,#3135,#1756,.T.);
#3866=EDGE_CURVE('',#3137,#3136,#1757,.T.);
#3867=EDGE_CURVE('',#3137,#3127,#1758,.T.);
#3868=EDGE_CURVE('',#3138,#3139,#1759,.T.);
#3869=EDGE_CURVE('',#3140,#3138,#1760,.T.);
#3870=EDGE_CURVE('',#3141,#3140,#1761,.T.);
#3871=EDGE_CURVE('',#3139,#3141,#1762,.T.);
#3872=EDGE_CURVE('',#3142,#3143,#1763,.T.);
#3873=EDGE_CURVE('',#3142,#3144,#1764,.T.);
#3874=EDGE_CURVE('',#3145,#3144,#1765,.T.);
#3875=EDGE_CURVE('',#3143,#3145,#1766,.T.);
#3876=EDGE_CURVE('',#3146,#3145,#1767,.T.);
#3877=EDGE_CURVE('',#3146,#3138,#1768,.T.);
#3878=EDGE_CURVE('',#3147,#3139,#1769,.T.);
#3879=EDGE_CURVE('',#3143,#3147,#1770,.T.);
#3880=EDGE_CURVE('',#3148,#3146,#1771,.T.);
#3881=EDGE_CURVE('',#3148,#3140,#1772,.T.);
#3882=EDGE_CURVE('',#3149,#3148,#1773,.T.);
#3883=EDGE_CURVE('',#3149,#3141,#1774,.T.);
#3884=EDGE_CURVE('',#3150,#3149,#1775,.T.);
#3885=EDGE_CURVE('',#3151,#3150,#1776,.T.);
#3886=EDGE_CURVE('',#3147,#3151,#1777,.T.);
#3887=EDGE_CURVE('',#3151,#3152,#1778,.T.);
#3888=EDGE_CURVE('',#3153,#3150,#1779,.T.);
#3889=EDGE_CURVE('',#3152,#3153,#1780,.T.);
#3890=EDGE_CURVE('',#3154,#3155,#1781,.T.);
#3891=EDGE_CURVE('',#3156,#3154,#1782,.T.);
#3892=EDGE_CURVE('',#3157,#3156,#1783,.T.);
#3893=EDGE_CURVE('',#3155,#3157,#1784,.T.);
#3894=EDGE_CURVE('',#3155,#3158,#1785,.T.);
#3895=EDGE_CURVE('',#3159,#3157,#1786,.T.);
#3896=EDGE_CURVE('',#3158,#3159,#1787,.T.);
#3897=EDGE_CURVE('',#3158,#3142,#1788,.T.);
#3898=EDGE_CURVE('',#3144,#3159,#1789,.T.);
#3899=EDGE_CURVE('',#3153,#3156,#1790,.T.);
#3900=EDGE_CURVE('',#3160,#3154,#1791,.T.);
#3901=EDGE_CURVE('',#3160,#3098,#1792,.T.);
#3902=EDGE_CURVE('',#3161,#3097,#1793,.T.);
#3903=EDGE_CURVE('',#3162,#3161,#1794,.T.);
#3904=EDGE_CURVE('',#3162,#3163,#1795,.T.);
#3905=EDGE_CURVE('',#3163,#3164,#1796,.T.);
#3906=EDGE_CURVE('',#3164,#3165,#1797,.T.);
#3907=EDGE_CURVE('',#3152,#3165,#1798,.T.);
#3908=EDGE_CURVE('',#3166,#3166,#1351,.T.);
#3909=EDGE_CURVE('',#3166,#3167,#1799,.T.);
#3910=EDGE_CURVE('',#3167,#3167,#1352,.T.);
#3911=EDGE_CURVE('',#3168,#3168,#1353,.T.);
#3912=EDGE_CURVE('',#3168,#3169,#1800,.T.);
#3913=EDGE_CURVE('',#3169,#3169,#1354,.T.);
#3914=EDGE_CURVE('',#3165,#3170,#1801,.T.);
#3915=EDGE_CURVE('',#3170,#3171,#1802,.T.);
#3916=EDGE_CURVE('',#3171,#3172,#1803,.T.);
#3917=EDGE_CURVE('',#3172,#3173,#1804,.T.);
#3918=EDGE_CURVE('',#3173,#3174,#1805,.T.);
#3919=EDGE_CURVE('',#3174,#3175,#1806,.T.);
#3920=EDGE_CURVE('',#3175,#3176,#1807,.T.);
#3921=EDGE_CURVE('',#3176,#3162,#1808,.T.);
#3922=EDGE_CURVE('',#3161,#2968,#1355,.T.);
#3923=EDGE_CURVE('',#2945,#2943,#1356,.T.);
#3924=EDGE_CURVE('',#2937,#2935,#1357,.T.);
#3925=EDGE_CURVE('',#2937,#3177,#1809,.T.);
#3926=EDGE_CURVE('',#3177,#3137,#1358,.T.);
#3927=EDGE_CURVE('',#3136,#2972,#1359,.T.);
#3928=EDGE_CURVE('',#2941,#2939,#1360,.T.);
#3929=EDGE_CURVE('',#2933,#2931,#1361,.T.);
#3930=EDGE_CURVE('',#2933,#3178,#1810,.T.);
#3931=EDGE_CURVE('',#3178,#3160,#1362,.T.);
#3932=EDGE_CURVE('',#3179,#3179,#1363,.T.);
#3933=EDGE_CURVE('',#3180,#3180,#1364,.T.);
#3934=EDGE_CURVE('',#3181,#3181,#1365,.T.);
#3935=EDGE_CURVE('',#3182,#3182,#1366,.T.);
#3936=EDGE_CURVE('',#3183,#3183,#1367,.T.);
#3937=EDGE_CURVE('',#3184,#3184,#1368,.T.);
#3938=EDGE_CURVE('',#3185,#3185,#1369,.T.);
#3939=EDGE_CURVE('',#3186,#3186,#1370,.T.);
#3940=EDGE_CURVE('',#3187,#3188,#1811,.T.);
#3941=EDGE_CURVE('',#3188,#3189,#1371,.T.);
#3942=EDGE_CURVE('',#3189,#3190,#1812,.T.);
#3943=EDGE_CURVE('',#3190,#3191,#1372,.T.);
#3944=EDGE_CURVE('',#3191,#3192,#1813,.T.);
#3945=EDGE_CURVE('',#3192,#3193,#1373,.T.);
#3946=EDGE_CURVE('',#3193,#3194,#1814,.T.);
#3947=EDGE_CURVE('',#3194,#3187,#1374,.T.);
#3948=EDGE_CURVE('',#3195,#3196,#1375,.T.);
#3949=EDGE_CURVE('',#3196,#3197,#1815,.T.);
#3950=EDGE_CURVE('',#3197,#3198,#1816,.T.);
#3951=EDGE_CURVE('',#3198,#3199,#1817,.T.);
#3952=EDGE_CURVE('',#3199,#3200,#1818,.T.);
#3953=EDGE_CURVE('',#3200,#3201,#1376,.T.);
#3954=EDGE_CURVE('',#3201,#3202,#1819,.T.);
#3955=EDGE_CURVE('',#3202,#3195,#1820,.T.);
#3956=EDGE_CURVE('',#3203,#3204,#1377,.T.);
#3957=EDGE_CURVE('',#3204,#3205,#1821,.T.);
#3958=EDGE_CURVE('',#3205,#3206,#1822,.T.);
#3959=EDGE_CURVE('',#3206,#3207,#1823,.T.);
#3960=EDGE_CURVE('',#3207,#3208,#1824,.T.);
#3961=EDGE_CURVE('',#3208,#3209,#1378,.T.);
#3962=EDGE_CURVE('',#3209,#3210,#1825,.T.);
#3963=EDGE_CURVE('',#3210,#3203,#1826,.T.);
#3964=EDGE_CURVE('',#3211,#3212,#1379,.T.);
#3965=EDGE_CURVE('',#3212,#3213,#1380,.T.);
#3966=EDGE_CURVE('',#3213,#3214,#1381,.T.);
#3967=EDGE_CURVE('',#3214,#3215,#1382,.T.);
#3968=EDGE_CURVE('',#3215,#3216,#1383,.T.);
#3969=EDGE_CURVE('',#3216,#3217,#1384,.T.);
#3970=EDGE_CURVE('',#3217,#3218,#1385,.T.);
#3971=EDGE_CURVE('',#3218,#3211,#1386,.T.);
#3972=EDGE_CURVE('',#3219,#3219,#1387,.T.);
#3973=EDGE_CURVE('',#3220,#3220,#1388,.T.);
#3974=EDGE_CURVE('',#3221,#3222,#1827,.T.);
#3975=EDGE_CURVE('',#3222,#3223,#1828,.T.);
#3976=EDGE_CURVE('',#3223,#3224,#1829,.T.);
#3977=EDGE_CURVE('',#3224,#3225,#1830,.T.);
#3978=EDGE_CURVE('',#3225,#3226,#1831,.T.);
#3979=EDGE_CURVE('',#3226,#3227,#1832,.T.);
#3980=EDGE_CURVE('',#3227,#3228,#1833,.T.);
#3981=EDGE_CURVE('',#3228,#3221,#1834,.T.);
#3982=EDGE_CURVE('',#3229,#3230,#1835,.T.);
#3983=EDGE_CURVE('',#3230,#3229,#1389,.T.);
#3984=EDGE_CURVE('',#3231,#3231,#1390,.T.);
#3985=EDGE_CURVE('',#3232,#3232,#1391,.T.);
#3986=EDGE_CURVE('',#3233,#3233,#1392,.T.);
#3987=EDGE_CURVE('',#3234,#3234,#1393,.T.);
#3988=EDGE_CURVE('',#3235,#3235,#1394,.T.);
#3989=EDGE_CURVE('',#3236,#3236,#1395,.T.);
#3990=EDGE_CURVE('',#3237,#3237,#1396,.T.);
#3991=EDGE_CURVE('',#3237,#3238,#1836,.T.);
#3992=EDGE_CURVE('',#3238,#3238,#1397,.T.);
#3993=EDGE_CURVE('',#3239,#3239,#1398,.T.);
#3994=EDGE_CURVE('',#3239,#3179,#1837,.T.);
#3995=EDGE_CURVE('',#3088,#3113,#1838,.T.);
#3996=EDGE_CURVE('',#3087,#3114,#1839,.T.);
#3997=EDGE_CURVE('',#3086,#3108,#1840,.T.);
#3998=EDGE_CURVE('',#2990,#3104,#1841,.T.);
#3999=EDGE_CURVE('',#3240,#3240,#1399,.T.);
#4000=EDGE_CURVE('',#3240,#3241,#1842,.T.);
#4001=EDGE_CURVE('',#3241,#3241,#1400,.T.);
#4002=EDGE_CURVE('',#3236,#3242,#1843,.T.);
#4003=EDGE_CURVE('',#3242,#3242,#1401,.T.);
#4004=EDGE_CURVE('',#3243,#3243,#1402,.T.);
#4005=EDGE_CURVE('',#3243,#3244,#1844,.T.);
#4006=EDGE_CURVE('',#3244,#3244,#1403,.T.);
#4007=EDGE_CURVE('',#3180,#3245,#1845,.T.);
#4008=EDGE_CURVE('',#3245,#3245,#1404,.T.);
#4009=EDGE_CURVE('',#3246,#3246,#1405,.T.);
#4010=EDGE_CURVE('',#3246,#3247,#1846,.T.);
#4011=EDGE_CURVE('',#3247,#3247,#1406,.T.);
#4012=EDGE_CURVE('',#3235,#3248,#1847,.T.);
#4013=EDGE_CURVE('',#3248,#3248,#1407,.T.);
#4014=EDGE_CURVE('',#3249,#3249,#1408,.T.);
#4015=EDGE_CURVE('',#3249,#3250,#1848,.T.);
#4016=EDGE_CURVE('',#3250,#3250,#1409,.T.);
#4017=EDGE_CURVE('',#3181,#3251,#1849,.T.);
#4018=EDGE_CURVE('',#3251,#3251,#1410,.T.);
#4019=EDGE_CURVE('',#3252,#3252,#1411,.T.);
#4020=EDGE_CURVE('',#3252,#3253,#1850,.T.);
#4021=EDGE_CURVE('',#3253,#3253,#1412,.T.);
#4022=EDGE_CURVE('',#3234,#3254,#1851,.T.);
#4023=EDGE_CURVE('',#3254,#3254,#1413,.T.);
#4024=EDGE_CURVE('',#3255,#3255,#1414,.T.);
#4025=EDGE_CURVE('',#3255,#3256,#1852,.T.);
#4026=EDGE_CURVE('',#3256,#3256,#1415,.T.);
#4027=EDGE_CURVE('',#3182,#3257,#1853,.T.);
#4028=EDGE_CURVE('',#3257,#3257,#1416,.T.);
#4029=EDGE_CURVE('',#3258,#3258,#1417,.T.);
#4030=EDGE_CURVE('',#3258,#3259,#1854,.T.);
#4031=EDGE_CURVE('',#3259,#3259,#1418,.T.);
#4032=EDGE_CURVE('',#3233,#3260,#1855,.T.);
#4033=EDGE_CURVE('',#3260,#3260,#1419,.T.);
#4034=EDGE_CURVE('',#3261,#3261,#1420,.T.);
#4035=EDGE_CURVE('',#3261,#3262,#1856,.T.);
#4036=EDGE_CURVE('',#3262,#3262,#1421,.T.);
#4037=EDGE_CURVE('',#3183,#3263,#1857,.T.);
#4038=EDGE_CURVE('',#3263,#3263,#1422,.T.);
#4039=EDGE_CURVE('',#3264,#3264,#1423,.T.);
#4040=EDGE_CURVE('',#3264,#3265,#1858,.T.);
#4041=EDGE_CURVE('',#3265,#3265,#1424,.T.);
#4042=EDGE_CURVE('',#3232,#3266,#1859,.T.);
#4043=EDGE_CURVE('',#3266,#3266,#1425,.T.);
#4044=EDGE_CURVE('',#3267,#3267,#1426,.T.);
#4045=EDGE_CURVE('',#3267,#2965,#1860,.T.);
#4046=EDGE_CURVE('',#3184,#2964,#1861,.T.);
#4047=EDGE_CURVE('',#3268,#3268,#1427,.T.);
#4048=EDGE_CURVE('',#3268,#3269,#1862,.T.);
#4049=EDGE_CURVE('',#3269,#3269,#1428,.T.);
#4050=EDGE_CURVE('',#3231,#3270,#1863,.T.);
#4051=EDGE_CURVE('',#3270,#3270,#1429,.T.);
#4052=EDGE_CURVE('',#3229,#3271,#1864,.T.);
#4053=EDGE_CURVE('',#3271,#3272,#1865,.T.);
#4054=EDGE_CURVE('',#3272,#3273,#1866,.T.);
#4055=EDGE_CURVE('',#3230,#3273,#1867,.T.);
#4056=EDGE_CURVE('',#3273,#3271,#1430,.T.);
#4057=EDGE_CURVE('',#3272,#3274,#1431,.T.);
#4058=EDGE_CURVE('',#3274,#3272,#1432,.T.);
#4059=EDGE_CURVE('',#3083,#3274,#1868,.T.);
#4060=EDGE_CURVE('',#3103,#3275,#1869,.T.);
#4061=EDGE_CURVE('',#3275,#3275,#1433,.T.);
#4062=EDGE_CURVE('',#3276,#3101,#1870,.T.);
#4063=EDGE_CURVE('',#3134,#3276,#1871,.T.);
#4064=EDGE_CURVE('',#3277,#3276,#1434,.T.);
#4065=EDGE_CURVE('',#3277,#3100,#1872,.T.);
#4066=EDGE_CURVE('',#3277,#2974,#1873,.T.);
#4067=EDGE_CURVE('',#3135,#2973,#1435,.T.);
#4068=EDGE_CURVE('',#3092,#3129,#1874,.T.);
#4069=EDGE_CURVE('',#3096,#3123,#1875,.T.);
#4070=EDGE_CURVE('',#3124,#3095,#1876,.T.);
#4071=EDGE_CURVE('',#2967,#3278,#1877,.T.);
#4072=EDGE_CURVE('',#3278,#3278,#1436,.T.);
#4073=EDGE_CURVE('',#3177,#3128,#1878,.T.);
#4074=EDGE_CURVE('',#2971,#3279,#1879,.T.);
#4075=EDGE_CURVE('',#3279,#3279,#1437,.T.);
#4076=EDGE_CURVE('',#2970,#3280,#1880,.T.);
#4077=EDGE_CURVE('',#3280,#3280,#1438,.T.);
#4078=EDGE_CURVE('',#2966,#3281,#1881,.T.);
#4079=EDGE_CURVE('',#3281,#3281,#1439,.T.);
#4080=EDGE_CURVE('',#3282,#3283,#1882,.T.);
#4081=EDGE_CURVE('',#3284,#3282,#1883,.T.);
#4082=EDGE_CURVE('',#3285,#3284,#1884,.T.);
#4083=EDGE_CURVE('',#3283,#3285,#1885,.T.);
#4084=EDGE_CURVE('',#3286,#3287,#1886,.T.);
#4085=EDGE_CURVE('',#3288,#3286,#1440,.T.);
#4086=EDGE_CURVE('',#3289,#3288,#1887,.T.);
#4087=EDGE_CURVE('',#3290,#3289,#1441,.T.);
#4088=EDGE_CURVE('',#3291,#3290,#1888,.T.);
#4089=EDGE_CURVE('',#3292,#3291,#1442,.T.);
#4090=EDGE_CURVE('',#3293,#3292,#1889,.T.);
#4091=EDGE_CURVE('',#3287,#3293,#1443,.T.);
#4092=EDGE_CURVE('',#3294,#3295,#1890,.T.);
#4093=EDGE_CURVE('',#3296,#3294,#1444,.T.);
#4094=EDGE_CURVE('',#3297,#3296,#1891,.T.);
#4095=EDGE_CURVE('',#3298,#3297,#1445,.T.);
#4096=EDGE_CURVE('',#3299,#3298,#1892,.T.);
#4097=EDGE_CURVE('',#3300,#3299,#1446,.T.);
#4098=EDGE_CURVE('',#3301,#3300,#1893,.T.);
#4099=EDGE_CURVE('',#3295,#3301,#1447,.T.);
#4100=EDGE_CURVE('',#3302,#3303,#1894,.T.);
#4101=EDGE_CURVE('',#3304,#3302,#1448,.T.);
#4102=EDGE_CURVE('',#3305,#3304,#1895,.T.);
#4103=EDGE_CURVE('',#3306,#3305,#1449,.T.);
#4104=EDGE_CURVE('',#3307,#3306,#1896,.T.);
#4105=EDGE_CURVE('',#3308,#3307,#1450,.T.);
#4106=EDGE_CURVE('',#3309,#3308,#1897,.T.);
#4107=EDGE_CURVE('',#3303,#3309,#1451,.T.);
#4108=EDGE_CURVE('',#3310,#3311,#1898,.T.);
#4109=EDGE_CURVE('',#3312,#3310,#1452,.T.);
#4110=EDGE_CURVE('',#3313,#3312,#1899,.T.);
#4111=EDGE_CURVE('',#3314,#3313,#1453,.T.);
#4112=EDGE_CURVE('',#3315,#3314,#1900,.T.);
#4113=EDGE_CURVE('',#3316,#3315,#1454,.T.);
#4114=EDGE_CURVE('',#3317,#3316,#1901,.T.);
#4115=EDGE_CURVE('',#3311,#3317,#1455,.T.);
#4116=EDGE_CURVE('',#3318,#3319,#1902,.T.);
#4117=EDGE_CURVE('',#3320,#3318,#1903,.T.);
#4118=EDGE_CURVE('',#3321,#3320,#1904,.T.);
#4119=EDGE_CURVE('',#3319,#3321,#1905,.T.);
#4120=EDGE_CURVE('',#3322,#3323,#1456,.T.);
#4121=EDGE_CURVE('',#3324,#3322,#1906,.T.);
#4122=EDGE_CURVE('',#3325,#3324,#1457,.T.);
#4123=EDGE_CURVE('',#3326,#3325,#1907,.T.);
#4124=EDGE_CURVE('',#3327,#3326,#1458,.T.);
#4125=EDGE_CURVE('',#3328,#3327,#1908,.T.);
#4126=EDGE_CURVE('',#3329,#3328,#1459,.T.);
#4127=EDGE_CURVE('',#3323,#3329,#1909,.T.);
#4128=EDGE_CURVE('',#3330,#3331,#1460,.T.);
#4129=EDGE_CURVE('',#3332,#3330,#1910,.T.);
#4130=EDGE_CURVE('',#3333,#3332,#1461,.T.);
#4131=EDGE_CURVE('',#3334,#3333,#1911,.T.);
#4132=EDGE_CURVE('',#3335,#3334,#1462,.T.);
#4133=EDGE_CURVE('',#3336,#3335,#1912,.T.);
#4134=EDGE_CURVE('',#3337,#3336,#1463,.T.);
#4135=EDGE_CURVE('',#3331,#3337,#1913,.T.);
#4136=EDGE_CURVE('',#3338,#3339,#1464,.T.);
#4137=EDGE_CURVE('',#3340,#3338,#1914,.T.);
#4138=EDGE_CURVE('',#3341,#3340,#1465,.T.);
#4139=EDGE_CURVE('',#3342,#3341,#1915,.T.);
#4140=EDGE_CURVE('',#3343,#3342,#1466,.T.);
#4141=EDGE_CURVE('',#3344,#3343,#1916,.T.);
#4142=EDGE_CURVE('',#3345,#3344,#1467,.T.);
#4143=EDGE_CURVE('',#3339,#3345,#1917,.T.);
#4144=EDGE_CURVE('',#3346,#3347,#1918,.T.);
#4145=EDGE_CURVE('',#3348,#3346,#1468,.T.);
#4146=EDGE_CURVE('',#3349,#3348,#1919,.T.);
#4147=EDGE_CURVE('',#3350,#3349,#1469,.T.);
#4148=EDGE_CURVE('',#3351,#3350,#1920,.T.);
#4149=EDGE_CURVE('',#3352,#3351,#1470,.T.);
#4150=EDGE_CURVE('',#3353,#3352,#1921,.T.);
#4151=EDGE_CURVE('',#3347,#3353,#1471,.T.);
#4152=EDGE_CURVE('',#3290,#3058,#1922,.T.);
#4153=EDGE_CURVE('',#3291,#3057,#1923,.T.);
#4154=EDGE_CURVE('',#3289,#3059,#1924,.T.);
#4155=EDGE_CURVE('',#3288,#3060,#1925,.T.);
#4156=EDGE_CURVE('',#3286,#3053,#1926,.T.);
#4157=EDGE_CURVE('',#3298,#3050,#1927,.T.);
#4158=EDGE_CURVE('',#3299,#3049,#1928,.T.);
#4159=EDGE_CURVE('',#3297,#3051,#1929,.T.);
#4160=EDGE_CURVE('',#3296,#3052,#1930,.T.);
#4161=EDGE_CURVE('',#3294,#3045,#1931,.T.);
#4162=EDGE_CURVE('',#3306,#3010,#1932,.T.);
#4163=EDGE_CURVE('',#3307,#3009,#1933,.T.);
#4164=EDGE_CURVE('',#3305,#3011,#1934,.T.);
#4165=EDGE_CURVE('',#3304,#3012,#1935,.T.);
#4166=EDGE_CURVE('',#3302,#3005,#1936,.T.);
#4167=EDGE_CURVE('',#3314,#3002,#1937,.T.);
#4168=EDGE_CURVE('',#3315,#3001,#1938,.T.);
#4169=EDGE_CURVE('',#3313,#3003,#1939,.T.);
#4170=EDGE_CURVE('',#3312,#3004,#1940,.T.);
#4171=EDGE_CURVE('',#3310,#2997,#1941,.T.);
#4172=EDGE_CURVE('',#3326,#3042,#1942,.T.);
#4173=EDGE_CURVE('',#3327,#3041,#1943,.T.);
#4174=EDGE_CURVE('',#3325,#3043,#1944,.T.);
#4175=EDGE_CURVE('',#3324,#3044,#1945,.T.);
#4176=EDGE_CURVE('',#3322,#3037,#1946,.T.);
#4177=EDGE_CURVE('',#3334,#3034,#1947,.T.);
#4178=EDGE_CURVE('',#3335,#3033,#1948,.T.);
#4179=EDGE_CURVE('',#3333,#3035,#1949,.T.);
#4180=EDGE_CURVE('',#3332,#3036,#1950,.T.);
#4181=EDGE_CURVE('',#3330,#3029,#1951,.T.);
#4182=EDGE_CURVE('',#3342,#3026,#1952,.T.);
#4183=EDGE_CURVE('',#3343,#3025,#1953,.T.);
#4184=EDGE_CURVE('',#3341,#3027,#1954,.T.);
#4185=EDGE_CURVE('',#3340,#3028,#1955,.T.);
#4186=EDGE_CURVE('',#3338,#3021,#1956,.T.);
#4187=EDGE_CURVE('',#3350,#3018,#1957,.T.);
#4188=EDGE_CURVE('',#3351,#3017,#1958,.T.);
#4189=EDGE_CURVE('',#3349,#3019,#1959,.T.);
#4190=EDGE_CURVE('',#3348,#3020,#1960,.T.);
#4191=EDGE_CURVE('',#3346,#3013,#1961,.T.);
#4192=EDGE_CURVE('',#3354,#3354,#1472,.T.);
#4193=EDGE_CURVE('',#3354,#3355,#1962,.T.);
#4194=EDGE_CURVE('',#3355,#3355,#1473,.T.);
#4195=EDGE_CURVE('',#3356,#3356,#1474,.T.);
#4196=EDGE_CURVE('',#3356,#3185,#1963,.T.);
#4197=EDGE_CURVE('',#3222,#3357,#1964,.T.);
#4198=EDGE_CURVE('',#3358,#3357,#1965,.T.);
#4199=EDGE_CURVE('',#3223,#3358,#1966,.T.);
#4200=EDGE_CURVE('',#3359,#3358,#1967,.T.);
#4201=EDGE_CURVE('',#3224,#3359,#1968,.T.);
#4202=EDGE_CURVE('',#3360,#3359,#1969,.T.);
#4203=EDGE_CURVE('',#3225,#3360,#1970,.T.);
#4204=EDGE_CURVE('',#3361,#3360,#1971,.T.);
#4205=EDGE_CURVE('',#3226,#3361,#1972,.T.);
#4206=EDGE_CURVE('',#3362,#3361,#1973,.T.);
#4207=EDGE_CURVE('',#3227,#3362,#1974,.T.);
#4208=EDGE_CURVE('',#3363,#3362,#1975,.T.);
#4209=EDGE_CURVE('',#3228,#3363,#1976,.T.);
#4210=EDGE_CURVE('',#3364,#3363,#1977,.T.);
#4211=EDGE_CURVE('',#3364,#3318,#1978,.T.);
#4212=EDGE_CURVE('',#3221,#3319,#1979,.T.);
#4213=EDGE_CURVE('',#3365,#3364,#1980,.T.);
#4214=EDGE_CURVE('',#3365,#3320,#1981,.T.);
#4215=EDGE_CURVE('',#3366,#3365,#1982,.T.);
#4216=EDGE_CURVE('',#3366,#3321,#1983,.T.);
#4217=EDGE_CURVE('',#3357,#3366,#1984,.T.);
#4218=EDGE_CURVE('',#3367,#3367,#1475,.T.);
#4219=EDGE_CURVE('',#3367,#3368,#1985,.T.);
#4220=EDGE_CURVE('',#3368,#3368,#1476,.T.);
#4221=EDGE_CURVE('',#3369,#3369,#1477,.T.);
#4222=EDGE_CURVE('',#3369,#3220,#1986,.T.);
#4223=EDGE_CURVE('',#3370,#3370,#1478,.T.);
#4224=EDGE_CURVE('',#3370,#3371,#1987,.T.);
#4225=EDGE_CURVE('',#3371,#3371,#1479,.T.);
#4226=EDGE_CURVE('',#3372,#3372,#1480,.T.);
#4227=EDGE_CURVE('',#3372,#3186,#1988,.T.);
#4228=EDGE_CURVE('',#3373,#3373,#1481,.T.);
#4229=EDGE_CURVE('',#3373,#3374,#1989,.T.);
#4230=EDGE_CURVE('',#3374,#3374,#1482,.T.);
#4231=EDGE_CURVE('',#3375,#3375,#1483,.T.);
#4232=EDGE_CURVE('',#3375,#3219,#1990,.T.);
#4233=EDGE_CURVE('',#3172,#3376,#1991,.T.);
#4234=EDGE_CURVE('',#3377,#3376,#1992,.T.);
#4235=EDGE_CURVE('',#3173,#3377,#1993,.T.);
#4236=EDGE_CURVE('',#3378,#3377,#1994,.T.);
#4237=EDGE_CURVE('',#3174,#3378,#1995,.T.);
#4238=EDGE_CURVE('',#3379,#3378,#1996,.T.);
#4239=EDGE_CURVE('',#3175,#3379,#1997,.T.);
#4240=EDGE_CURVE('',#3380,#3379,#1998,.T.);
#4241=EDGE_CURVE('',#3176,#3380,#1999,.T.);
#4242=EDGE_CURVE('',#3163,#3380,#2000,.T.);
#4243=EDGE_CURVE('',#3381,#3164,#2001,.T.);
#4244=EDGE_CURVE('',#3170,#3381,#2002,.T.);
#4245=EDGE_CURVE('',#3382,#3381,#2003,.T.);
#4246=EDGE_CURVE('',#3382,#3282,#2004,.T.);
#4247=EDGE_CURVE('',#3171,#3283,#2005,.T.);
#4248=EDGE_CURVE('',#3383,#3382,#2006,.T.);
#4249=EDGE_CURVE('',#3383,#3284,#2007,.T.);
#4250=EDGE_CURVE('',#3384,#3383,#2008,.T.);
#4251=EDGE_CURVE('',#3384,#3285,#2009,.T.);
#4252=EDGE_CURVE('',#3376,#3384,#2010,.T.);
#4253=EDGE_CURVE('',#3385,#3386,#1484,.T.);
#4254=EDGE_CURVE('',#3386,#3387,#2011,.T.);
#4255=EDGE_CURVE('',#3388,#3387,#1485,.T.);
#4256=EDGE_CURVE('',#3385,#3388,#2012,.T.);
#4257=EDGE_CURVE('',#3389,#3390,#1486,.T.);
#4258=EDGE_CURVE('',#3390,#3391,#2013,.T.);
#4259=EDGE_CURVE('',#3392,#3391,#1487,.T.);
#4260=EDGE_CURVE('',#3389,#3392,#2014,.T.);
#4261=EDGE_CURVE('',#3393,#3394,#1488,.T.);
#4262=EDGE_CURVE('',#3394,#3395,#2015,.T.);
#4263=EDGE_CURVE('',#3396,#3395,#1489,.T.);
#4264=EDGE_CURVE('',#3393,#3396,#2016,.T.);
#4265=EDGE_CURVE('',#3397,#3398,#1490,.T.);
#4266=EDGE_CURVE('',#3398,#3399,#2017,.T.);
#4267=EDGE_CURVE('',#3400,#3399,#1491,.T.);
#4268=EDGE_CURVE('',#3397,#3400,#2018,.T.);
#4269=EDGE_CURVE('',#3401,#3402,#1492,.T.);
#4270=EDGE_CURVE('',#3402,#3403,#2019,.T.);
#4271=EDGE_CURVE('',#3404,#3403,#1493,.T.);
#4272=EDGE_CURVE('',#3401,#3404,#2020,.T.);
#4273=EDGE_CURVE('',#3405,#3406,#1494,.T.);
#4274=EDGE_CURVE('',#3406,#3407,#2021,.T.);
#4275=EDGE_CURVE('',#3408,#3407,#1495,.T.);
#4276=EDGE_CURVE('',#3405,#3408,#2022,.T.);
#4277=EDGE_CURVE('',#3409,#3410,#1496,.T.);
#4278=EDGE_CURVE('',#3410,#3411,#2023,.T.);
#4279=EDGE_CURVE('',#3412,#3411,#1497,.T.);
#4280=EDGE_CURVE('',#3409,#3412,#2024,.T.);
#4281=EDGE_CURVE('',#3413,#3414,#1498,.T.);
#4282=EDGE_CURVE('',#3414,#3415,#2025,.T.);
#4283=EDGE_CURVE('',#3416,#3415,#1499,.T.);
#4284=EDGE_CURVE('',#3413,#3416,#2026,.T.);
#4285=EDGE_CURVE('',#3417,#3418,#2027,.T.);
#4286=EDGE_CURVE('',#3417,#3419,#2028,.T.);
#4287=EDGE_CURVE('',#3420,#3419,#2029,.T.);
#4288=EDGE_CURVE('',#3418,#3420,#2030,.T.);
#4289=EDGE_CURVE('',#3418,#3421,#2031,.T.);
#4290=EDGE_CURVE('',#3422,#3420,#2032,.T.);
#4291=EDGE_CURVE('',#3421,#3422,#2033,.T.);
#4292=EDGE_CURVE('',#3423,#3421,#1500,.T.);
#4293=EDGE_CURVE('',#3424,#3422,#1501,.T.);
#4294=EDGE_CURVE('',#3423,#3424,#2034,.T.);
#4295=EDGE_CURVE('',#3425,#3423,#2035,.T.);
#4296=EDGE_CURVE('',#3426,#3424,#2036,.T.);
#4297=EDGE_CURVE('',#3425,#3426,#2037,.T.);
#4298=EDGE_CURVE('',#3425,#3427,#2038,.T.);
#4299=EDGE_CURVE('',#3428,#3426,#2039,.T.);
#4300=EDGE_CURVE('',#3427,#3428,#2040,.T.);
#4301=EDGE_CURVE('',#3427,#3429,#2041,.T.);
#4302=EDGE_CURVE('',#3430,#3428,#2042,.T.);
#4303=EDGE_CURVE('',#3429,#3430,#2043,.T.);
#4304=EDGE_CURVE('',#3431,#3429,#1502,.T.);
#4305=EDGE_CURVE('',#3432,#3430,#1503,.T.);
#4306=EDGE_CURVE('',#3431,#3432,#2044,.T.);
#4307=EDGE_CURVE('',#3433,#3431,#2045,.T.);
#4308=EDGE_CURVE('',#3434,#3432,#2046,.T.);
#4309=EDGE_CURVE('',#3433,#3434,#2047,.T.);
#4310=EDGE_CURVE('',#3435,#3433,#2048,.T.);
#4311=EDGE_CURVE('',#3436,#3434,#2049,.T.);
#4312=EDGE_CURVE('',#3435,#3436,#2050,.T.);
#4313=EDGE_CURVE('',#3435,#3437,#2051,.T.);
#4314=EDGE_CURVE('',#3438,#3436,#2052,.T.);
#4315=EDGE_CURVE('',#3437,#3438,#2053,.T.);
#4316=EDGE_CURVE('',#3439,#3437,#1504,.T.);
#4317=EDGE_CURVE('',#3440,#3438,#1505,.T.);
#4318=EDGE_CURVE('',#3439,#3440,#2054,.T.);
#4319=EDGE_CURVE('',#3441,#3439,#2055,.T.);
#4320=EDGE_CURVE('',#3442,#3440,#2056,.T.);
#4321=EDGE_CURVE('',#3441,#3442,#2057,.T.);
#4322=EDGE_CURVE('',#3443,#3441,#2058,.T.);
#4323=EDGE_CURVE('',#3444,#3442,#2059,.T.);
#4324=EDGE_CURVE('',#3443,#3444,#2060,.T.);
#4325=EDGE_CURVE('',#3443,#3445,#2061,.T.);
#4326=EDGE_CURVE('',#3446,#3444,#2062,.T.);
#4327=EDGE_CURVE('',#3445,#3446,#2063,.T.);
#4328=EDGE_CURVE('',#3447,#3445,#1506,.T.);
#4329=EDGE_CURVE('',#3448,#3446,#1507,.T.);
#4330=EDGE_CURVE('',#3447,#3448,#2064,.T.);
#4331=EDGE_CURVE('',#3417,#3447,#2065,.T.);
#4332=EDGE_CURVE('',#3419,#3448,#2066,.T.);
#4333=EDGE_CURVE('',#3449,#3413,#2067,.T.);
#4334=EDGE_CURVE('',#3386,#3449,#2068,.T.);
#4335=EDGE_CURVE('',#3450,#3385,#2069,.T.);
#4336=EDGE_CURVE('',#3390,#3450,#2070,.T.);
#4337=EDGE_CURVE('',#3451,#3389,#2071,.T.);
#4338=EDGE_CURVE('',#3394,#3451,#2072,.T.);
#4339=EDGE_CURVE('',#3452,#3393,#2073,.T.);
#4340=EDGE_CURVE('',#3398,#3452,#2074,.T.);
#4341=EDGE_CURVE('',#3453,#3397,#2075,.T.);
#4342=EDGE_CURVE('',#3402,#3453,#2076,.T.);
#4343=EDGE_CURVE('',#3454,#3401,#2077,.T.);
#4344=EDGE_CURVE('',#3406,#3454,#2078,.T.);
#4345=EDGE_CURVE('',#3455,#3405,#2079,.T.);
#4346=EDGE_CURVE('',#3410,#3455,#2080,.T.);
#4347=EDGE_CURVE('',#3456,#3409,#2081,.T.);
#4348=EDGE_CURVE('',#3414,#3456,#2082,.T.);
#4349=EDGE_CURVE('',#3395,#3396,#2083,.T.);
#4350=EDGE_CURVE('',#3391,#3457,#2084,.T.);
#4351=EDGE_CURVE('',#3457,#3458,#1508,.T.);
#4352=EDGE_CURVE('',#3458,#3392,#2085,.T.);
#4353=EDGE_CURVE('',#3387,#3388,#2086,.T.);
#4354=EDGE_CURVE('',#3415,#3459,#2087,.T.);
#4355=EDGE_CURVE('',#3459,#3460,#1509,.T.);
#4356=EDGE_CURVE('',#3460,#3416,#2088,.T.);
#4357=EDGE_CURVE('',#3411,#3412,#2089,.T.);
#4358=EDGE_CURVE('',#3407,#3461,#2090,.T.);
#4359=EDGE_CURVE('',#3461,#3462,#1510,.T.);
#4360=EDGE_CURVE('',#3462,#3408,#2091,.T.);
#4361=EDGE_CURVE('',#3403,#3404,#2092,.T.);
#4362=EDGE_CURVE('',#3399,#3463,#2093,.T.);
#4363=EDGE_CURVE('',#3463,#3464,#1511,.T.);
#4364=EDGE_CURVE('',#3464,#3400,#2094,.T.);
#4365=EDGE_CURVE('',#3075,#3457,#2095,.T.);
#4366=EDGE_CURVE('',#3450,#3076,#2096,.T.);
#4367=EDGE_CURVE('',#3449,#3077,#2097,.T.);
#4368=EDGE_CURVE('',#3078,#3460,#2098,.T.);
#4369=EDGE_CURVE('',#3079,#3459,#2099,.T.);
#4370=EDGE_CURVE('',#3456,#3080,#2100,.T.);
#4371=EDGE_CURVE('',#3455,#3081,#2101,.T.);
#4372=EDGE_CURVE('',#3082,#3462,#2102,.T.);
#4373=EDGE_CURVE('',#3067,#3461,#2103,.T.);
#4374=EDGE_CURVE('',#3068,#3454,#2104,.T.);
#4375=EDGE_CURVE('',#3074,#3458,#2105,.T.);
#4376=EDGE_CURVE('',#3451,#3073,#2106,.T.);
#4377=EDGE_CURVE('',#3452,#3072,#2107,.T.);
#4378=EDGE_CURVE('',#3071,#3463,#2108,.T.);
#4379=EDGE_CURVE('',#3070,#3464,#2109,.T.);
#4380=EDGE_CURVE('',#3453,#3069,#2110,.T.);
#4381=EDGE_CURVE('',#3191,#3465,#2111,.T.);
#4382=EDGE_CURVE('',#3465,#3466,#2112,.T.);
#4383=EDGE_CURVE('',#3192,#3466,#2113,.T.);
#4384=EDGE_CURVE('',#3466,#3467,#1512,.T.);
#4385=EDGE_CURVE('',#3193,#3467,#2114,.T.);
#4386=EDGE_CURVE('',#3467,#3468,#2115,.T.);
#4387=EDGE_CURVE('',#3194,#3468,#2116,.T.);
#4388=EDGE_CURVE('',#3468,#3469,#1513,.T.);
#4389=EDGE_CURVE('',#3187,#3469,#2117,.T.);
#4390=EDGE_CURVE('',#3469,#3470,#2118,.T.);
#4391=EDGE_CURVE('',#3188,#3470,#2119,.T.);
#4392=EDGE_CURVE('',#3190,#3471,#2120,.T.);
#4393=EDGE_CURVE('',#3471,#3465,#1514,.T.);
#4394=EDGE_CURVE('',#3189,#3472,#2121,.T.);
#4395=EDGE_CURVE('',#3472,#3471,#2122,.T.);
#4396=EDGE_CURVE('',#3470,#3472,#1515,.T.);
#4397=EDGE_CURVE('',#3473,#3474,#15,.T.);
#4398=EDGE_CURVE('',#3474,#3475,#2123,.T.);
#4399=EDGE_CURVE('',#3475,#3476,#16,.T.);
#4400=EDGE_CURVE('',#3476,#3473,#2124,.T.);
#4401=EDGE_CURVE('',#3474,#3475,#1516,.T.);
#4402=EDGE_CURVE('',#3477,#3477,#1517,.T.);
#4403=EDGE_CURVE('',#3478,#3479,#17,.T.);
#4404=EDGE_CURVE('',#3479,#3480,#2125,.T.);
#4405=EDGE_CURVE('',#3480,#3481,#18,.T.);
#4406=EDGE_CURVE('',#3481,#3478,#2126,.T.);
#4407=EDGE_CURVE('',#3479,#3480,#1518,.T.);
#4408=EDGE_CURVE('',#3482,#3482,#1519,.T.);
#4409=EDGE_CURVE('',#3483,#3484,#19,.T.);
#4410=EDGE_CURVE('',#3484,#3485,#2127,.T.);
#4411=EDGE_CURVE('',#3485,#3486,#20,.T.);
#4412=EDGE_CURVE('',#3486,#3483,#2128,.T.);
#4413=EDGE_CURVE('',#3484,#3485,#1520,.T.);
#4414=EDGE_CURVE('',#3487,#3487,#1521,.T.);
#4415=EDGE_CURVE('',#3488,#3489,#21,.T.);
#4416=EDGE_CURVE('',#3489,#3490,#2129,.T.);
#4417=EDGE_CURVE('',#3490,#3491,#22,.T.);
#4418=EDGE_CURVE('',#3491,#3488,#2130,.T.);
#4419=EDGE_CURVE('',#3489,#3490,#1522,.T.);
#4420=EDGE_CURVE('',#3492,#3492,#1523,.T.);
#4421=EDGE_CURVE('',#3482,#3493,#2131,.T.);
#4422=EDGE_CURVE('',#3493,#3493,#1524,.T.);
#4423=EDGE_CURVE('',#3204,#3478,#2132,.T.);
#4424=EDGE_CURVE('',#3203,#3481,#2133,.T.);
#4425=EDGE_CURVE('',#3492,#3494,#2134,.T.);
#4426=EDGE_CURVE('',#3494,#3494,#1525,.T.);
#4427=EDGE_CURVE('',#3196,#3488,#2135,.T.);
#4428=EDGE_CURVE('',#3195,#3491,#2136,.T.);
#4429=EDGE_CURVE('',#3487,#3495,#2137,.T.);
#4430=EDGE_CURVE('',#3495,#3495,#1526,.T.);
#4431=EDGE_CURVE('',#3201,#3483,#2138,.T.);
#4432=EDGE_CURVE('',#3200,#3486,#2139,.T.);
#4433=EDGE_CURVE('',#3477,#3496,#2140,.T.);
#4434=EDGE_CURVE('',#3496,#3496,#1527,.T.);
#4435=EDGE_CURVE('',#3209,#3473,#2141,.T.);
#4436=EDGE_CURVE('',#3208,#3476,#2142,.T.);
#4437=EDGE_CURVE('',#3066,#3497,#2143,.T.);
#4438=EDGE_CURVE('',#3497,#3497,#1528,.T.);
#4439=EDGE_CURVE('',#3065,#3498,#2144,.T.);
#4440=EDGE_CURVE('',#3498,#3498,#1529,.T.);
#4441=EDGE_CURVE('',#3499,#3500,#2145,.T.);
#4442=EDGE_CURVE('',#3500,#3198,#2146,.T.);
#4443=EDGE_CURVE('',#3499,#3197,#2147,.T.);
#4444=EDGE_CURVE('',#3500,#3501,#2148,.T.);
#4445=EDGE_CURVE('',#3501,#3199,#2149,.T.);
#4446=EDGE_CURVE('',#3501,#3502,#2150,.T.);
#4447=EDGE_CURVE('',#3502,#3202,#2151,.T.);
#4448=EDGE_CURVE('',#3502,#3499,#2152,.T.);
#4449=EDGE_CURVE('',#3503,#3210,#2153,.T.);
#4450=EDGE_CURVE('',#3503,#3504,#2154,.T.);
#4451=EDGE_CURVE('',#3504,#3205,#2155,.T.);
#4452=EDGE_CURVE('',#3504,#3505,#2156,.T.);
#4453=EDGE_CURVE('',#3505,#3206,#2157,.T.);
#4454=EDGE_CURVE('',#3505,#3506,#2158,.T.);
#4455=EDGE_CURVE('',#3506,#3207,#2159,.T.);
#4456=EDGE_CURVE('',#3506,#3503,#2160,.T.);
#4457=EDGE_CURVE('',#3507,#3508,#2161,.T.);
#4458=EDGE_CURVE('',#3507,#3509,#2162,.T.);
#4459=EDGE_CURVE('',#3510,#3509,#2163,.T.);
#4460=EDGE_CURVE('',#3508,#3510,#2164,.T.);
#4461=EDGE_CURVE('',#3508,#3511,#2165,.T.);
#4462=EDGE_CURVE('',#3512,#3510,#2166,.T.);
#4463=EDGE_CURVE('',#3511,#3512,#2167,.T.);
#4464=EDGE_CURVE('',#3511,#3513,#2168,.T.);
#4465=EDGE_CURVE('',#3514,#3512,#2169,.T.);
#4466=EDGE_CURVE('',#3513,#3514,#2170,.T.);
#4467=EDGE_CURVE('',#3513,#3507,#2171,.T.);
#4468=EDGE_CURVE('',#3509,#3514,#2172,.T.);
#4469=EDGE_CURVE('',#3515,#3516,#2173,.T.);
#4470=EDGE_CURVE('',#3515,#3517,#2174,.T.);
#4471=EDGE_CURVE('',#3518,#3517,#2175,.T.);
#4472=EDGE_CURVE('',#3516,#3518,#2176,.T.);
#4473=EDGE_CURVE('',#3519,#3516,#1530,.T.);
#4474=EDGE_CURVE('',#3520,#3518,#1531,.T.);
#4475=EDGE_CURVE('',#3519,#3520,#2177,.T.);
#4476=EDGE_CURVE('',#3521,#3519,#1532,.T.);
#4477=EDGE_CURVE('',#3522,#3520,#1533,.T.);
#4478=EDGE_CURVE('',#3521,#3522,#2178,.T.);
#4479=EDGE_CURVE('',#3521,#3523,#1534,.T.);
#4480=EDGE_CURVE('',#3524,#3522,#1535,.T.);
#4481=EDGE_CURVE('',#3523,#3524,#2179,.T.);
#4482=EDGE_CURVE('',#3525,#3523,#1536,.T.);
#4483=EDGE_CURVE('',#3526,#3524,#1537,.T.);
#4484=EDGE_CURVE('',#3525,#3526,#2180,.T.);
#4485=EDGE_CURVE('',#3527,#3525,#1538,.T.);
#4486=EDGE_CURVE('',#3528,#3526,#1539,.T.);
#4487=EDGE_CURVE('',#3527,#3528,#2181,.T.);
#4488=EDGE_CURVE('',#3529,#3527,#2182,.T.);
#4489=EDGE_CURVE('',#3530,#3528,#2183,.T.);
#4490=EDGE_CURVE('',#3529,#3530,#2184,.T.);
#4491=EDGE_CURVE('',#3531,#3529,#1540,.T.);
#4492=EDGE_CURVE('',#3532,#3530,#1541,.T.);
#4493=EDGE_CURVE('',#3531,#3532,#2185,.T.);
#4494=EDGE_CURVE('',#3531,#3533,#1542,.T.);
#4495=EDGE_CURVE('',#3534,#3532,#1543,.T.);
#4496=EDGE_CURVE('',#3533,#3534,#2186,.T.);
#4497=EDGE_CURVE('',#3535,#3533,#1544,.T.);
#4498=EDGE_CURVE('',#3536,#3534,#1545,.T.);
#4499=EDGE_CURVE('',#3535,#3536,#2187,.T.);
#4500=EDGE_CURVE('',#3535,#3537,#2188,.T.);
#4501=EDGE_CURVE('',#3538,#3536,#2189,.T.);
#4502=EDGE_CURVE('',#3537,#3538,#2190,.T.);
#4503=EDGE_CURVE('',#3539,#3537,#1546,.T.);
#4504=EDGE_CURVE('',#3540,#3538,#1547,.T.);
#4505=EDGE_CURVE('',#3539,#3540,#2191,.T.);
#4506=EDGE_CURVE('',#3541,#3539,#1548,.T.);
#4507=EDGE_CURVE('',#3542,#3540,#1549,.T.);
#4508=EDGE_CURVE('',#3541,#3542,#2192,.T.);
#4509=EDGE_CURVE('',#3541,#3543,#1550,.T.);
#4510=EDGE_CURVE('',#3544,#3542,#1551,.T.);
#4511=EDGE_CURVE('',#3543,#3544,#2193,.T.);
#4512=EDGE_CURVE('',#3545,#3543,#1552,.T.);
#4513=EDGE_CURVE('',#3546,#3544,#1553,.T.);
#4514=EDGE_CURVE('',#3545,#3546,#2194,.T.);
#4515=EDGE_CURVE('',#3547,#3545,#1554,.T.);
#4516=EDGE_CURVE('',#3548,#3546,#1555,.T.);
#4517=EDGE_CURVE('',#3547,#3548,#2195,.T.);
#4518=EDGE_CURVE('',#3549,#3547,#2196,.T.);
#4519=EDGE_CURVE('',#3550,#3548,#2197,.T.);
#4520=EDGE_CURVE('',#3549,#3550,#2198,.T.);
#4521=EDGE_CURVE('',#3551,#3549,#1556,.T.);
#4522=EDGE_CURVE('',#3552,#3550,#1557,.T.);
#4523=EDGE_CURVE('',#3551,#3552,#2199,.T.);
#4524=EDGE_CURVE('',#3551,#3553,#1558,.T.);
#4525=EDGE_CURVE('',#3554,#3552,#1559,.T.);
#4526=EDGE_CURVE('',#3553,#3554,#2200,.T.);
#4527=EDGE_CURVE('',#3555,#3553,#1560,.T.);
#4528=EDGE_CURVE('',#3556,#3554,#1561,.T.);
#4529=EDGE_CURVE('',#3555,#3556,#2201,.T.);
#4530=EDGE_CURVE('',#3555,#3557,#2202,.T.);
#4531=EDGE_CURVE('',#3558,#3556,#2203,.T.);
#4532=EDGE_CURVE('',#3557,#3558,#2204,.T.);
#4533=EDGE_CURVE('',#3559,#3557,#1562,.T.);
#4534=EDGE_CURVE('',#3560,#3558,#1563,.T.);
#4535=EDGE_CURVE('',#3559,#3560,#2205,.T.);
#4536=EDGE_CURVE('',#3561,#3559,#1564,.T.);
#4537=EDGE_CURVE('',#3562,#3560,#1565,.T.);
#4538=EDGE_CURVE('',#3561,#3562,#2206,.T.);
#4539=EDGE_CURVE('',#3561,#3563,#1566,.T.);
#4540=EDGE_CURVE('',#3564,#3562,#1567,.T.);
#4541=EDGE_CURVE('',#3563,#3564,#2207,.T.);
#4542=EDGE_CURVE('',#3565,#3563,#1568,.T.);
#4543=EDGE_CURVE('',#3566,#3564,#1569,.T.);
#4544=EDGE_CURVE('',#3565,#3566,#2208,.T.);
#4545=EDGE_CURVE('',#3567,#3565,#1570,.T.);
#4546=EDGE_CURVE('',#3568,#3566,#1571,.T.);
#4547=EDGE_CURVE('',#3567,#3568,#2209,.T.);
#4548=EDGE_CURVE('',#3569,#3567,#2210,.T.);
#4549=EDGE_CURVE('',#3570,#3568,#2211,.T.);
#4550=EDGE_CURVE('',#3569,#3570,#2212,.T.);
#4551=EDGE_CURVE('',#3571,#3569,#1572,.T.);
#4552=EDGE_CURVE('',#3572,#3570,#1573,.T.);
#4553=EDGE_CURVE('',#3571,#3572,#2213,.T.);
#4554=EDGE_CURVE('',#3571,#3573,#1574,.T.);
#4555=EDGE_CURVE('',#3574,#3572,#1575,.T.);
#4556=EDGE_CURVE('',#3573,#3574,#2214,.T.);
#4557=EDGE_CURVE('',#3575,#3573,#1576,.T.);
#4558=EDGE_CURVE('',#3576,#3574,#1577,.T.);
#4559=EDGE_CURVE('',#3575,#3576,#2215,.T.);
#4560=EDGE_CURVE('',#3575,#3577,#2216,.T.);
#4561=EDGE_CURVE('',#3578,#3576,#2217,.T.);
#4562=EDGE_CURVE('',#3577,#3578,#2218,.T.);
#4563=EDGE_CURVE('',#3579,#3577,#1578,.T.);
#4564=EDGE_CURVE('',#3580,#3578,#1579,.T.);
#4565=EDGE_CURVE('',#3579,#3580,#2219,.T.);
#4566=EDGE_CURVE('',#3581,#3579,#1580,.T.);
#4567=EDGE_CURVE('',#3582,#3580,#1581,.T.);
#4568=EDGE_CURVE('',#3581,#3582,#2220,.T.);
#4569=EDGE_CURVE('',#3581,#3583,#1582,.T.);
#4570=EDGE_CURVE('',#3584,#3582,#1583,.T.);
#4571=EDGE_CURVE('',#3583,#3584,#2221,.T.);
#4572=EDGE_CURVE('',#3585,#3583,#1584,.T.);
#4573=EDGE_CURVE('',#3586,#3584,#1585,.T.);
#4574=EDGE_CURVE('',#3585,#3586,#2222,.T.);
#4575=EDGE_CURVE('',#3587,#3585,#1586,.T.);
#4576=EDGE_CURVE('',#3588,#3586,#1587,.T.);
#4577=EDGE_CURVE('',#3587,#3588,#2223,.T.);
#4578=EDGE_CURVE('',#3589,#3587,#2224,.T.);
#4579=EDGE_CURVE('',#3590,#3588,#2225,.T.);
#4580=EDGE_CURVE('',#3589,#3590,#2226,.T.);
#4581=EDGE_CURVE('',#3591,#3589,#1588,.T.);
#4582=EDGE_CURVE('',#3592,#3590,#1589,.T.);
#4583=EDGE_CURVE('',#3591,#3592,#2227,.T.);
#4584=EDGE_CURVE('',#3591,#3593,#1590,.T.);
#4585=EDGE_CURVE('',#3594,#3592,#1591,.T.);
#4586=EDGE_CURVE('',#3593,#3594,#2228,.T.);
#4587=EDGE_CURVE('',#3515,#3593,#1592,.T.);
#4588=EDGE_CURVE('',#3517,#3594,#1593,.T.);
#4589=EDGE_CURVE('',#3215,#3595,#2229,.T.);
#4590=EDGE_CURVE('',#3595,#3596,#1594,.T.);
#4591=EDGE_CURVE('',#3216,#3596,#2230,.T.);
#4592=EDGE_CURVE('',#3596,#3597,#1595,.T.);
#4593=EDGE_CURVE('',#3217,#3597,#2231,.T.);
#4594=EDGE_CURVE('',#3597,#3598,#1596,.T.);
#4595=EDGE_CURVE('',#3218,#3598,#2232,.T.);
#4596=EDGE_CURVE('',#3598,#3599,#1597,.T.);
#4597=EDGE_CURVE('',#3211,#3599,#2233,.T.);
#4598=EDGE_CURVE('',#3599,#3600,#1598,.T.);
#4599=EDGE_CURVE('',#3212,#3600,#2234,.T.);
#4600=EDGE_CURVE('',#3214,#3601,#2235,.T.);
#4601=EDGE_CURVE('',#3601,#3595,#1599,.T.);
#4602=EDGE_CURVE('',#3213,#3602,#2236,.T.);
#4603=EDGE_CURVE('',#3602,#3601,#1600,.T.);
#4604=EDGE_CURVE('',#3600,#3602,#1601,.T.);
#4605=EDGE_CURVE('',#3603,#3603,#1602,.T.);
#4606=EDGE_CURVE('',#3604,#3604,#1603,.T.);
#4607=EDGE_CURVE('',#3605,#3605,#1604,.T.);
#4608=EDGE_CURVE('',#3606,#3606,#1605,.T.);
#4609=EDGE_CURVE('',#3603,#3064,#2237,.T.);
#4610=EDGE_CURVE('',#3604,#3063,#2238,.T.);
#4611=EDGE_CURVE('',#3605,#3062,#2239,.T.);
#4612=EDGE_CURVE('',#3606,#3061,#2240,.T.);
#4613=EDGE_CURVE('',#3178,#3099,#2241,.T.);
#4614=EDGE_CURVE('',#3287,#3054,#2242,.T.);
#4615=EDGE_CURVE('',#3292,#3056,#2243,.T.);
#4616=EDGE_CURVE('',#3055,#3293,#2244,.T.);
#4617=EDGE_CURVE('',#3295,#3046,#2245,.T.);
#4618=EDGE_CURVE('',#3300,#3048,#2246,.T.);
#4619=EDGE_CURVE('',#3047,#3301,#2247,.T.);
#4620=EDGE_CURVE('',#3323,#3038,#2248,.T.);
#4621=EDGE_CURVE('',#3328,#3040,#2249,.T.);
#4622=EDGE_CURVE('',#3039,#3329,#2250,.T.);
#4623=EDGE_CURVE('',#3331,#3030,#2251,.T.);
#4624=EDGE_CURVE('',#3336,#3032,#2252,.T.);
#4625=EDGE_CURVE('',#3031,#3337,#2253,.T.);
#4626=EDGE_CURVE('',#3339,#3022,#2254,.T.);
#4627=EDGE_CURVE('',#3344,#3024,#2255,.T.);
#4628=EDGE_CURVE('',#3023,#3345,#2256,.T.);
#4629=EDGE_CURVE('',#3347,#3014,#2257,.T.);
#4630=EDGE_CURVE('',#3352,#3016,#2258,.T.);
#4631=EDGE_CURVE('',#3015,#3353,#2259,.T.);
#4632=EDGE_CURVE('',#3303,#3006,#2260,.T.);
#4633=EDGE_CURVE('',#3308,#3008,#2261,.T.);
#4634=EDGE_CURVE('',#3007,#3309,#2262,.T.);
#4635=EDGE_CURVE('',#3311,#2998,#2263,.T.);
#4636=EDGE_CURVE('',#3316,#3000,#2264,.T.);
#4637=EDGE_CURVE('',#2999,#3317,#2265,.T.);
#4638=EDGE_CURVE('',#2986,#3106,#2266,.T.);
#4639=EDGE_CURVE('',#2988,#3105,#2267,.T.);
#4640=ORIENTED_EDGE('',*,*,#3607,.F.);
#4641=ORIENTED_EDGE('',*,*,#3608,.F.);
#4642=ORIENTED_EDGE('',*,*,#3609,.F.);
#4643=ORIENTED_EDGE('',*,*,#3610,.F.);
#4644=ORIENTED_EDGE('',*,*,#3611,.F.);
#4645=ORIENTED_EDGE('',*,*,#3612,.F.);
#4646=ORIENTED_EDGE('',*,*,#3613,.F.);
#4647=ORIENTED_EDGE('',*,*,#3614,.F.);
#4648=ORIENTED_EDGE('',*,*,#3615,.F.);
#4649=ORIENTED_EDGE('',*,*,#3616,.F.);
#4650=ORIENTED_EDGE('',*,*,#3617,.F.);
#4651=ORIENTED_EDGE('',*,*,#3618,.F.);
#4652=ORIENTED_EDGE('',*,*,#3619,.F.);
#4653=ORIENTED_EDGE('',*,*,#3620,.F.);
#4654=ORIENTED_EDGE('',*,*,#3621,.F.);
#4655=ORIENTED_EDGE('',*,*,#3622,.F.);
#4656=ORIENTED_EDGE('',*,*,#3623,.F.);
#4657=ORIENTED_EDGE('',*,*,#3624,.T.);
#4658=ORIENTED_EDGE('',*,*,#3625,.F.);
#4659=ORIENTED_EDGE('',*,*,#3626,.F.);
#4660=ORIENTED_EDGE('',*,*,#3627,.T.);
#4661=ORIENTED_EDGE('',*,*,#3628,.T.);
#4662=ORIENTED_EDGE('',*,*,#3629,.F.);
#4663=ORIENTED_EDGE('',*,*,#3624,.F.);
#4664=ORIENTED_EDGE('',*,*,#3630,.F.);
#4665=ORIENTED_EDGE('',*,*,#3631,.T.);
#4666=ORIENTED_EDGE('',*,*,#3632,.F.);
#4667=ORIENTED_EDGE('',*,*,#3628,.F.);
#4668=ORIENTED_EDGE('',*,*,#3633,.T.);
#4669=ORIENTED_EDGE('',*,*,#3634,.T.);
#4670=ORIENTED_EDGE('',*,*,#3635,.F.);
#4671=ORIENTED_EDGE('',*,*,#3631,.F.);
#4672=ORIENTED_EDGE('',*,*,#3636,.F.);
#4673=ORIENTED_EDGE('',*,*,#3637,.T.);
#4674=ORIENTED_EDGE('',*,*,#3638,.F.);
#4675=ORIENTED_EDGE('',*,*,#3634,.F.);
#4676=ORIENTED_EDGE('',*,*,#3639,.T.);
#4677=ORIENTED_EDGE('',*,*,#3640,.F.);
#4678=ORIENTED_EDGE('',*,*,#3641,.T.);
#4679=ORIENTED_EDGE('',*,*,#3642,.F.);
#4680=ORIENTED_EDGE('',*,*,#3637,.F.);
#4681=ORIENTED_EDGE('',*,*,#3643,.F.);
#4682=ORIENTED_EDGE('',*,*,#3644,.T.);
#4683=ORIENTED_EDGE('',*,*,#3645,.F.);
#4684=ORIENTED_EDGE('',*,*,#3641,.F.);
#4685=ORIENTED_EDGE('',*,*,#3646,.F.);
#4686=ORIENTED_EDGE('',*,*,#3647,.T.);
#4687=ORIENTED_EDGE('',*,*,#3626,.T.);
#4688=ORIENTED_EDGE('',*,*,#3648,.F.);
#4689=ORIENTED_EDGE('',*,*,#3644,.F.);
#4690=ORIENTED_EDGE('',*,*,#3649,.T.);
#4691=ORIENTED_EDGE('',*,*,#3650,.T.);
#4692=ORIENTED_EDGE('',*,*,#3608,.T.);
#4693=ORIENTED_EDGE('',*,*,#3651,.T.);
#4694=ORIENTED_EDGE('',*,*,#3652,.T.);
#4695=ORIENTED_EDGE('',*,*,#3653,.F.);
#4696=ORIENTED_EDGE('',*,*,#3654,.F.);
#4697=ORIENTED_EDGE('',*,*,#3655,.T.);
#4698=ORIENTED_EDGE('',*,*,#3656,.F.);
#4699=ORIENTED_EDGE('',*,*,#3620,.T.);
#4700=ORIENTED_EDGE('',*,*,#3657,.T.);
#4701=ORIENTED_EDGE('',*,*,#3658,.T.);
#4702=ORIENTED_EDGE('',*,*,#3659,.F.);
#4703=ORIENTED_EDGE('',*,*,#3660,.F.);
#4704=ORIENTED_EDGE('',*,*,#3661,.T.);
#4705=ORIENTED_EDGE('',*,*,#3662,.F.);
#4706=ORIENTED_EDGE('',*,*,#3612,.T.);
#4707=ORIENTED_EDGE('',*,*,#3663,.T.);
#4708=ORIENTED_EDGE('',*,*,#3664,.T.);
#4709=ORIENTED_EDGE('',*,*,#3659,.T.);
#4710=ORIENTED_EDGE('',*,*,#3665,.F.);
#4711=ORIENTED_EDGE('',*,*,#3666,.F.);
#4712=ORIENTED_EDGE('',*,*,#3667,.F.);
#4713=ORIENTED_EDGE('',*,*,#3616,.T.);
#4714=ORIENTED_EDGE('',*,*,#3668,.T.);
#4715=ORIENTED_EDGE('',*,*,#3669,.T.);
#4716=ORIENTED_EDGE('',*,*,#3655,.F.);
#4717=ORIENTED_EDGE('',*,*,#3670,.F.);
#4718=ORIENTED_EDGE('',*,*,#3671,.T.);
#4719=ORIENTED_EDGE('',*,*,#3672,.T.);
#4720=ORIENTED_EDGE('',*,*,#3673,.T.);
#4721=ORIENTED_EDGE('',*,*,#3674,.F.);
#4722=ORIENTED_EDGE('',*,*,#3675,.T.);
#4723=ORIENTED_EDGE('',*,*,#3676,.T.);
#4724=ORIENTED_EDGE('',*,*,#3677,.T.);
#4725=ORIENTED_EDGE('',*,*,#3678,.T.);
#4726=ORIENTED_EDGE('',*,*,#3679,.T.);
#4727=ORIENTED_EDGE('',*,*,#3680,.T.);
#4728=ORIENTED_EDGE('',*,*,#3677,.F.);
#4729=ORIENTED_EDGE('',*,*,#3681,.T.);
#4730=ORIENTED_EDGE('',*,*,#3682,.T.);
#4731=ORIENTED_EDGE('',*,*,#3683,.T.);
#4732=ORIENTED_EDGE('',*,*,#3679,.F.);
#4733=ORIENTED_EDGE('',*,*,#3684,.T.);
#4734=ORIENTED_EDGE('',*,*,#3685,.T.);
#4735=ORIENTED_EDGE('',*,*,#3686,.T.);
#4736=ORIENTED_EDGE('',*,*,#3682,.F.);
#4737=ORIENTED_EDGE('',*,*,#3687,.T.);
#4738=ORIENTED_EDGE('',*,*,#3688,.T.);
#4739=ORIENTED_EDGE('',*,*,#3689,.T.);
#4740=ORIENTED_EDGE('',*,*,#3685,.F.);
#4741=ORIENTED_EDGE('',*,*,#3690,.T.);
#4742=ORIENTED_EDGE('',*,*,#3691,.T.);
#4743=ORIENTED_EDGE('',*,*,#3692,.T.);
#4744=ORIENTED_EDGE('',*,*,#3688,.F.);
#4745=ORIENTED_EDGE('',*,*,#3693,.T.);
#4746=ORIENTED_EDGE('',*,*,#3694,.T.);
#4747=ORIENTED_EDGE('',*,*,#3695,.T.);
#4748=ORIENTED_EDGE('',*,*,#3691,.F.);
#4749=ORIENTED_EDGE('',*,*,#3696,.T.);
#4750=ORIENTED_EDGE('',*,*,#3675,.F.);
#4751=ORIENTED_EDGE('',*,*,#3697,.T.);
#4752=ORIENTED_EDGE('',*,*,#3694,.F.);
#4753=ORIENTED_EDGE('',*,*,#3698,.T.);
#4754=ORIENTED_EDGE('',*,*,#3687,.F.);
#4755=ORIENTED_EDGE('',*,*,#3699,.T.);
#4756=ORIENTED_EDGE('',*,*,#3700,.F.);
#4757=ORIENTED_EDGE('',*,*,#3701,.F.);
#4758=ORIENTED_EDGE('',*,*,#3684,.F.);
#4759=ORIENTED_EDGE('',*,*,#3702,.T.);
#4760=ORIENTED_EDGE('',*,*,#3703,.F.);
#4761=ORIENTED_EDGE('',*,*,#3699,.F.);
#4762=ORIENTED_EDGE('',*,*,#3681,.F.);
#4763=ORIENTED_EDGE('',*,*,#3704,.T.);
#4764=ORIENTED_EDGE('',*,*,#3705,.F.);
#4765=ORIENTED_EDGE('',*,*,#3702,.F.);
#4766=ORIENTED_EDGE('',*,*,#3676,.F.);
#4767=ORIENTED_EDGE('',*,*,#3706,.T.);
#4768=ORIENTED_EDGE('',*,*,#3707,.F.);
#4769=ORIENTED_EDGE('',*,*,#3704,.F.);
#4770=ORIENTED_EDGE('',*,*,#3678,.F.);
#4771=ORIENTED_EDGE('',*,*,#3680,.F.);
#4772=ORIENTED_EDGE('',*,*,#3683,.F.);
#4773=ORIENTED_EDGE('',*,*,#3686,.F.);
#4774=ORIENTED_EDGE('',*,*,#3689,.F.);
#4775=ORIENTED_EDGE('',*,*,#3692,.F.);
#4776=ORIENTED_EDGE('',*,*,#3695,.F.);
#4777=ORIENTED_EDGE('',*,*,#3697,.F.);
#4778=ORIENTED_EDGE('',*,*,#3625,.T.);
#4779=ORIENTED_EDGE('',*,*,#3629,.T.);
#4780=ORIENTED_EDGE('',*,*,#3632,.T.);
#4781=ORIENTED_EDGE('',*,*,#3635,.T.);
#4782=ORIENTED_EDGE('',*,*,#3638,.T.);
#4783=ORIENTED_EDGE('',*,*,#3642,.T.);
#4784=ORIENTED_EDGE('',*,*,#3645,.T.);
#4785=ORIENTED_EDGE('',*,*,#3648,.T.);
#4786=ORIENTED_EDGE('',*,*,#3708,.T.);
#4787=ORIENTED_EDGE('',*,*,#3709,.T.);
#4788=ORIENTED_EDGE('',*,*,#3710,.T.);
#4789=ORIENTED_EDGE('',*,*,#3711,.T.);
#4790=ORIENTED_EDGE('',*,*,#3712,.T.);
#4791=ORIENTED_EDGE('',*,*,#3713,.T.);
#4792=ORIENTED_EDGE('',*,*,#3714,.T.);
#4793=ORIENTED_EDGE('',*,*,#3715,.T.);
#4794=ORIENTED_EDGE('',*,*,#3716,.T.);
#4795=ORIENTED_EDGE('',*,*,#3717,.T.);
#4796=ORIENTED_EDGE('',*,*,#3718,.T.);
#4797=ORIENTED_EDGE('',*,*,#3719,.T.);
#4798=ORIENTED_EDGE('',*,*,#3720,.T.);
#4799=ORIENTED_EDGE('',*,*,#3721,.T.);
#4800=ORIENTED_EDGE('',*,*,#3722,.T.);
#4801=ORIENTED_EDGE('',*,*,#3723,.T.);
#4802=ORIENTED_EDGE('',*,*,#3724,.T.);
#4803=ORIENTED_EDGE('',*,*,#3725,.T.);
#4804=ORIENTED_EDGE('',*,*,#3726,.T.);
#4805=ORIENTED_EDGE('',*,*,#3727,.T.);
#4806=ORIENTED_EDGE('',*,*,#3728,.T.);
#4807=ORIENTED_EDGE('',*,*,#3729,.T.);
#4808=ORIENTED_EDGE('',*,*,#3730,.T.);
#4809=ORIENTED_EDGE('',*,*,#3731,.T.);
#4810=ORIENTED_EDGE('',*,*,#3732,.T.);
#4811=ORIENTED_EDGE('',*,*,#3733,.T.);
#4812=ORIENTED_EDGE('',*,*,#3734,.T.);
#4813=ORIENTED_EDGE('',*,*,#3735,.T.);
#4814=ORIENTED_EDGE('',*,*,#3736,.T.);
#4815=ORIENTED_EDGE('',*,*,#3737,.T.);
#4816=ORIENTED_EDGE('',*,*,#3738,.T.);
#4817=ORIENTED_EDGE('',*,*,#3739,.T.);
#4818=ORIENTED_EDGE('',*,*,#3740,.T.);
#4819=ORIENTED_EDGE('',*,*,#3741,.T.);
#4820=ORIENTED_EDGE('',*,*,#3742,.T.);
#4821=ORIENTED_EDGE('',*,*,#3743,.T.);
#4822=ORIENTED_EDGE('',*,*,#3744,.T.);
#4823=ORIENTED_EDGE('',*,*,#3745,.T.);
#4824=ORIENTED_EDGE('',*,*,#3746,.T.);
#4825=ORIENTED_EDGE('',*,*,#3747,.T.);
#4826=ORIENTED_EDGE('',*,*,#3748,.T.);
#4827=ORIENTED_EDGE('',*,*,#3749,.T.);
#4828=ORIENTED_EDGE('',*,*,#3750,.T.);
#4829=ORIENTED_EDGE('',*,*,#3751,.T.);
#4830=ORIENTED_EDGE('',*,*,#3752,.T.);
#4831=ORIENTED_EDGE('',*,*,#3753,.T.);
#4832=ORIENTED_EDGE('',*,*,#3754,.T.);
#4833=ORIENTED_EDGE('',*,*,#3755,.T.);
#4834=ORIENTED_EDGE('',*,*,#3756,.T.);
#4835=ORIENTED_EDGE('',*,*,#3757,.T.);
#4836=ORIENTED_EDGE('',*,*,#3758,.T.);
#4837=ORIENTED_EDGE('',*,*,#3759,.T.);
#4838=ORIENTED_EDGE('',*,*,#3760,.T.);
#4839=ORIENTED_EDGE('',*,*,#3761,.T.);
#4840=ORIENTED_EDGE('',*,*,#3762,.T.);
#4841=ORIENTED_EDGE('',*,*,#3763,.T.);
#4842=ORIENTED_EDGE('',*,*,#3764,.T.);
#4843=ORIENTED_EDGE('',*,*,#3765,.T.);
#4844=ORIENTED_EDGE('',*,*,#3766,.T.);
#4845=ORIENTED_EDGE('',*,*,#3767,.T.);
#4846=ORIENTED_EDGE('',*,*,#3768,.T.);
#4847=ORIENTED_EDGE('',*,*,#3769,.T.);
#4848=ORIENTED_EDGE('',*,*,#3770,.T.);
#4849=ORIENTED_EDGE('',*,*,#3771,.T.);
#4850=ORIENTED_EDGE('',*,*,#3772,.T.);
#4851=ORIENTED_EDGE('',*,*,#3773,.T.);
#4852=ORIENTED_EDGE('',*,*,#3774,.T.);
#4853=ORIENTED_EDGE('',*,*,#3775,.T.);
#4854=ORIENTED_EDGE('',*,*,#3776,.T.);
#4855=ORIENTED_EDGE('',*,*,#3777,.T.);
#4856=ORIENTED_EDGE('',*,*,#3778,.T.);
#4857=ORIENTED_EDGE('',*,*,#3779,.T.);
#4858=ORIENTED_EDGE('',*,*,#3780,.T.);
#4859=ORIENTED_EDGE('',*,*,#3781,.T.);
#4860=ORIENTED_EDGE('',*,*,#3782,.T.);
#4861=ORIENTED_EDGE('',*,*,#3783,.T.);
#4862=ORIENTED_EDGE('',*,*,#3784,.T.);
#4863=ORIENTED_EDGE('',*,*,#3785,.T.);
#4864=ORIENTED_EDGE('',*,*,#3786,.T.);
#4865=ORIENTED_EDGE('',*,*,#3787,.T.);
#4866=ORIENTED_EDGE('',*,*,#3788,.T.);
#4867=ORIENTED_EDGE('',*,*,#3789,.T.);
#4868=ORIENTED_EDGE('',*,*,#3790,.T.);
#4869=ORIENTED_EDGE('',*,*,#3791,.T.);
#4870=ORIENTED_EDGE('',*,*,#3792,.T.);
#4871=ORIENTED_EDGE('',*,*,#3793,.T.);
#4872=ORIENTED_EDGE('',*,*,#3794,.T.);
#4873=ORIENTED_EDGE('',*,*,#3795,.T.);
#4874=ORIENTED_EDGE('',*,*,#3796,.T.);
#4875=ORIENTED_EDGE('',*,*,#3797,.T.);
#4876=ORIENTED_EDGE('',*,*,#3798,.T.);
#4877=ORIENTED_EDGE('',*,*,#3799,.T.);
#4878=ORIENTED_EDGE('',*,*,#3800,.T.);
#4879=ORIENTED_EDGE('',*,*,#3801,.T.);
#4880=ORIENTED_EDGE('',*,*,#3802,.T.);
#4881=ORIENTED_EDGE('',*,*,#3803,.T.);
#4882=ORIENTED_EDGE('',*,*,#3804,.T.);
#4883=ORIENTED_EDGE('',*,*,#3805,.T.);
#4884=ORIENTED_EDGE('',*,*,#3806,.T.);
#4885=ORIENTED_EDGE('',*,*,#3807,.T.);
#4886=ORIENTED_EDGE('',*,*,#3665,.T.);
#4887=ORIENTED_EDGE('',*,*,#3662,.T.);
#4888=ORIENTED_EDGE('',*,*,#3808,.T.);
#4889=ORIENTED_EDGE('',*,*,#3809,.T.);
#4890=ORIENTED_EDGE('',*,*,#3810,.T.);
#4891=ORIENTED_EDGE('',*,*,#3811,.T.);
#4892=ORIENTED_EDGE('',*,*,#3656,.T.);
#4893=ORIENTED_EDGE('',*,*,#3674,.T.);
#4894=ORIENTED_EDGE('',*,*,#3812,.T.);
#4895=ORIENTED_EDGE('',*,*,#3813,.T.);
#4896=ORIENTED_EDGE('',*,*,#3814,.T.);
#4897=ORIENTED_EDGE('',*,*,#3815,.T.);
#4898=ORIENTED_EDGE('',*,*,#3816,.T.);
#4899=ORIENTED_EDGE('',*,*,#3817,.T.);
#4900=ORIENTED_EDGE('',*,*,#3818,.T.);
#4901=ORIENTED_EDGE('',*,*,#3819,.T.);
#4902=ORIENTED_EDGE('',*,*,#3820,.T.);
#4903=ORIENTED_EDGE('',*,*,#3700,.T.);
#4904=ORIENTED_EDGE('',*,*,#3703,.T.);
#4905=ORIENTED_EDGE('',*,*,#3705,.T.);
#4906=ORIENTED_EDGE('',*,*,#3707,.T.);
#4907=ORIENTED_EDGE('',*,*,#3821,.F.);
#4908=ORIENTED_EDGE('',*,*,#3822,.F.);
#4909=ORIENTED_EDGE('',*,*,#3823,.F.);
#4910=ORIENTED_EDGE('',*,*,#3824,.F.);
#4911=ORIENTED_EDGE('',*,*,#3825,.F.);
#4912=ORIENTED_EDGE('',*,*,#3826,.F.);
#4913=ORIENTED_EDGE('',*,*,#3827,.F.);
#4914=ORIENTED_EDGE('',*,*,#3828,.F.);
#4915=ORIENTED_EDGE('',*,*,#3825,.T.);
#4916=ORIENTED_EDGE('',*,*,#3829,.F.);
#4917=ORIENTED_EDGE('',*,*,#3800,.F.);
#4918=ORIENTED_EDGE('',*,*,#3830,.T.);
#4919=ORIENTED_EDGE('',*,*,#3824,.T.);
#4920=ORIENTED_EDGE('',*,*,#3831,.F.);
#4921=ORIENTED_EDGE('',*,*,#3801,.F.);
#4922=ORIENTED_EDGE('',*,*,#3829,.T.);
#4923=ORIENTED_EDGE('',*,*,#3823,.T.);
#4924=ORIENTED_EDGE('',*,*,#3832,.F.);
#4925=ORIENTED_EDGE('',*,*,#3802,.F.);
#4926=ORIENTED_EDGE('',*,*,#3831,.T.);
#4927=ORIENTED_EDGE('',*,*,#3822,.T.);
#4928=ORIENTED_EDGE('',*,*,#3833,.T.);
#4929=ORIENTED_EDGE('',*,*,#3795,.F.);
#4930=ORIENTED_EDGE('',*,*,#3832,.T.);
#4931=ORIENTED_EDGE('',*,*,#3834,.F.);
#4932=ORIENTED_EDGE('',*,*,#3835,.T.);
#4933=ORIENTED_EDGE('',*,*,#3836,.T.);
#4934=ORIENTED_EDGE('',*,*,#3837,.F.);
#4935=ORIENTED_EDGE('',*,*,#3838,.F.);
#4936=ORIENTED_EDGE('',*,*,#3837,.T.);
#4937=ORIENTED_EDGE('',*,*,#3839,.T.);
#4938=ORIENTED_EDGE('',*,*,#3840,.T.);
#4939=ORIENTED_EDGE('',*,*,#3841,.F.);
#4940=ORIENTED_EDGE('',*,*,#3842,.F.);
#4941=ORIENTED_EDGE('',*,*,#3841,.T.);
#4942=ORIENTED_EDGE('',*,*,#3843,.F.);
#4943=ORIENTED_EDGE('',*,*,#3844,.F.);
#4944=ORIENTED_EDGE('',*,*,#3845,.F.);
#4945=ORIENTED_EDGE('',*,*,#3844,.T.);
#4946=ORIENTED_EDGE('',*,*,#3846,.F.);
#4947=ORIENTED_EDGE('',*,*,#3847,.T.);
#4948=ORIENTED_EDGE('',*,*,#3835,.F.);
#4949=ORIENTED_EDGE('',*,*,#3640,.T.);
#4950=ORIENTED_EDGE('',*,*,#3839,.F.);
#4951=ORIENTED_EDGE('',*,*,#3836,.F.);
#4952=ORIENTED_EDGE('',*,*,#3847,.F.);
#4953=ORIENTED_EDGE('',*,*,#3646,.T.);
#4954=ORIENTED_EDGE('',*,*,#3643,.T.);
#4955=ORIENTED_EDGE('',*,*,#3848,.T.);
#4956=ORIENTED_EDGE('',*,*,#3849,.F.);
#4957=ORIENTED_EDGE('',*,*,#3850,.T.);
#4958=ORIENTED_EDGE('',*,*,#3851,.F.);
#4959=ORIENTED_EDGE('',*,*,#3852,.F.);
#4960=ORIENTED_EDGE('',*,*,#3853,.F.);
#4961=ORIENTED_EDGE('',*,*,#3854,.F.);
#4962=ORIENTED_EDGE('',*,*,#3846,.T.);
#4963=ORIENTED_EDGE('',*,*,#3843,.T.);
#4964=ORIENTED_EDGE('',*,*,#3840,.F.);
#4965=ORIENTED_EDGE('',*,*,#3639,.F.);
#4966=ORIENTED_EDGE('',*,*,#3636,.T.);
#4967=ORIENTED_EDGE('',*,*,#3633,.F.);
#4968=ORIENTED_EDGE('',*,*,#3630,.T.);
#4969=ORIENTED_EDGE('',*,*,#3627,.F.);
#4970=ORIENTED_EDGE('',*,*,#3623,.T.);
#4971=ORIENTED_EDGE('',*,*,#3647,.F.);
#4972=ORIENTED_EDGE('',*,*,#3855,.F.);
#4973=ORIENTED_EDGE('',*,*,#3856,.F.);
#4974=ORIENTED_EDGE('',*,*,#3857,.F.);
#4975=ORIENTED_EDGE('',*,*,#3858,.F.);
#4976=ORIENTED_EDGE('',*,*,#3857,.T.);
#4977=ORIENTED_EDGE('',*,*,#3859,.F.);
#4978=ORIENTED_EDGE('',*,*,#3815,.F.);
#4979=ORIENTED_EDGE('',*,*,#3860,.F.);
#4980=ORIENTED_EDGE('',*,*,#3859,.T.);
#4981=ORIENTED_EDGE('',*,*,#3856,.T.);
#4982=ORIENTED_EDGE('',*,*,#3861,.F.);
#4983=ORIENTED_EDGE('',*,*,#3850,.F.);
#4984=ORIENTED_EDGE('',*,*,#3862,.T.);
#4985=ORIENTED_EDGE('',*,*,#3804,.F.);
#4986=ORIENTED_EDGE('',*,*,#3855,.T.);
#4987=ORIENTED_EDGE('',*,*,#3863,.T.);
#4988=ORIENTED_EDGE('',*,*,#3864,.T.);
#4989=ORIENTED_EDGE('',*,*,#3865,.F.);
#4990=ORIENTED_EDGE('',*,*,#3866,.F.);
#4991=ORIENTED_EDGE('',*,*,#3867,.T.);
#4992=ORIENTED_EDGE('',*,*,#3851,.T.);
#4993=ORIENTED_EDGE('',*,*,#3861,.T.);
#4994=ORIENTED_EDGE('',*,*,#3868,.F.);
#4995=ORIENTED_EDGE('',*,*,#3869,.F.);
#4996=ORIENTED_EDGE('',*,*,#3870,.F.);
#4997=ORIENTED_EDGE('',*,*,#3871,.F.);
#4998=ORIENTED_EDGE('',*,*,#3872,.F.);
#4999=ORIENTED_EDGE('',*,*,#3873,.T.);
#5000=ORIENTED_EDGE('',*,*,#3874,.F.);
#5001=ORIENTED_EDGE('',*,*,#3875,.F.);
#5002=ORIENTED_EDGE('',*,*,#3875,.T.);
#5003=ORIENTED_EDGE('',*,*,#3876,.F.);
#5004=ORIENTED_EDGE('',*,*,#3877,.T.);
#5005=ORIENTED_EDGE('',*,*,#3868,.T.);
#5006=ORIENTED_EDGE('',*,*,#3878,.F.);
#5007=ORIENTED_EDGE('',*,*,#3879,.F.);
#5008=ORIENTED_EDGE('',*,*,#3877,.F.);
#5009=ORIENTED_EDGE('',*,*,#3880,.F.);
#5010=ORIENTED_EDGE('',*,*,#3881,.T.);
#5011=ORIENTED_EDGE('',*,*,#3869,.T.);
#5012=ORIENTED_EDGE('',*,*,#3881,.F.);
#5013=ORIENTED_EDGE('',*,*,#3882,.F.);
#5014=ORIENTED_EDGE('',*,*,#3883,.T.);
#5015=ORIENTED_EDGE('',*,*,#3870,.T.);
#5016=ORIENTED_EDGE('',*,*,#3883,.F.);
#5017=ORIENTED_EDGE('',*,*,#3884,.F.);
#5018=ORIENTED_EDGE('',*,*,#3885,.F.);
#5019=ORIENTED_EDGE('',*,*,#3886,.F.);
#5020=ORIENTED_EDGE('',*,*,#3878,.T.);
#5021=ORIENTED_EDGE('',*,*,#3871,.T.);
#5022=ORIENTED_EDGE('',*,*,#3887,.F.);
#5023=ORIENTED_EDGE('',*,*,#3885,.T.);
#5024=ORIENTED_EDGE('',*,*,#3888,.F.);
#5025=ORIENTED_EDGE('',*,*,#3889,.F.);
#5026=ORIENTED_EDGE('',*,*,#3890,.F.);
#5027=ORIENTED_EDGE('',*,*,#3891,.F.);
#5028=ORIENTED_EDGE('',*,*,#3892,.F.);
#5029=ORIENTED_EDGE('',*,*,#3893,.F.);
#5030=ORIENTED_EDGE('',*,*,#3894,.F.);
#5031=ORIENTED_EDGE('',*,*,#3893,.T.);
#5032=ORIENTED_EDGE('',*,*,#3895,.F.);
#5033=ORIENTED_EDGE('',*,*,#3896,.F.);
#5034=ORIENTED_EDGE('',*,*,#3897,.F.);
#5035=ORIENTED_EDGE('',*,*,#3896,.T.);
#5036=ORIENTED_EDGE('',*,*,#3898,.F.);
#5037=ORIENTED_EDGE('',*,*,#3873,.F.);
#5038=ORIENTED_EDGE('',*,*,#3898,.T.);
#5039=ORIENTED_EDGE('',*,*,#3895,.T.);
#5040=ORIENTED_EDGE('',*,*,#3892,.T.);
#5041=ORIENTED_EDGE('',*,*,#3899,.F.);
#5042=ORIENTED_EDGE('',*,*,#3888,.T.);
#5043=ORIENTED_EDGE('',*,*,#3884,.T.);
#5044=ORIENTED_EDGE('',*,*,#3882,.T.);
#5045=ORIENTED_EDGE('',*,*,#3880,.T.);
#5046=ORIENTED_EDGE('',*,*,#3876,.T.);
#5047=ORIENTED_EDGE('',*,*,#3874,.T.);
#5048=ORIENTED_EDGE('',*,*,#3889,.T.);
#5049=ORIENTED_EDGE('',*,*,#3899,.T.);
#5050=ORIENTED_EDGE('',*,*,#3891,.T.);
#5051=ORIENTED_EDGE('',*,*,#3900,.F.);
#5052=ORIENTED_EDGE('',*,*,#3901,.T.);
#5053=ORIENTED_EDGE('',*,*,#3809,.F.);
#5054=ORIENTED_EDGE('',*,*,#3902,.F.);
#5055=ORIENTED_EDGE('',*,*,#3903,.F.);
#5056=ORIENTED_EDGE('',*,*,#3904,.T.);
#5057=ORIENTED_EDGE('',*,*,#3905,.T.);
#5058=ORIENTED_EDGE('',*,*,#3906,.T.);
#5059=ORIENTED_EDGE('',*,*,#3907,.F.);
#5060=ORIENTED_EDGE('',*,*,#3908,.F.);
#5061=ORIENTED_EDGE('',*,*,#3909,.T.);
#5062=ORIENTED_EDGE('',*,*,#3910,.F.);
#5063=ORIENTED_EDGE('',*,*,#3909,.F.);
#5064=ORIENTED_EDGE('',*,*,#3911,.F.);
#5065=ORIENTED_EDGE('',*,*,#3912,.T.);
#5066=ORIENTED_EDGE('',*,*,#3913,.F.);
#5067=ORIENTED_EDGE('',*,*,#3912,.F.);
#5068=ORIENTED_EDGE('',*,*,#3911,.T.);
#5069=ORIENTED_EDGE('',*,*,#3908,.T.);
#5070=ORIENTED_EDGE('',*,*,#3879,.T.);
#5071=ORIENTED_EDGE('',*,*,#3886,.T.);
#5072=ORIENTED_EDGE('',*,*,#3887,.T.);
#5073=ORIENTED_EDGE('',*,*,#3907,.T.);
#5074=ORIENTED_EDGE('',*,*,#3914,.T.);
#5075=ORIENTED_EDGE('',*,*,#3915,.T.);
#5076=ORIENTED_EDGE('',*,*,#3916,.T.);
#5077=ORIENTED_EDGE('',*,*,#3917,.T.);
#5078=ORIENTED_EDGE('',*,*,#3918,.T.);
#5079=ORIENTED_EDGE('',*,*,#3919,.T.);
#5080=ORIENTED_EDGE('',*,*,#3920,.T.);
#5081=ORIENTED_EDGE('',*,*,#3921,.T.);
#5082=ORIENTED_EDGE('',*,*,#3903,.T.);
#5083=ORIENTED_EDGE('',*,*,#3922,.T.);
#5084=ORIENTED_EDGE('',*,*,#3660,.T.);
#5085=ORIENTED_EDGE('',*,*,#3923,.T.);
#5086=ORIENTED_EDGE('',*,*,#3622,.T.);
#5087=ORIENTED_EDGE('',*,*,#3667,.T.);
#5088=ORIENTED_EDGE('',*,*,#3924,.T.);
#5089=ORIENTED_EDGE('',*,*,#3614,.T.);
#5090=ORIENTED_EDGE('',*,*,#3925,.T.);
#5091=ORIENTED_EDGE('',*,*,#3926,.T.);
#5092=ORIENTED_EDGE('',*,*,#3866,.T.);
#5093=ORIENTED_EDGE('',*,*,#3927,.T.);
#5094=ORIENTED_EDGE('',*,*,#3670,.T.);
#5095=ORIENTED_EDGE('',*,*,#3928,.T.);
#5096=ORIENTED_EDGE('',*,*,#3618,.T.);
#5097=ORIENTED_EDGE('',*,*,#3654,.T.);
#5098=ORIENTED_EDGE('',*,*,#3929,.T.);
#5099=ORIENTED_EDGE('',*,*,#3610,.T.);
#5100=ORIENTED_EDGE('',*,*,#3930,.T.);
#5101=ORIENTED_EDGE('',*,*,#3931,.T.);
#5102=ORIENTED_EDGE('',*,*,#3900,.T.);
#5103=ORIENTED_EDGE('',*,*,#3890,.T.);
#5104=ORIENTED_EDGE('',*,*,#3894,.T.);
#5105=ORIENTED_EDGE('',*,*,#3897,.T.);
#5106=ORIENTED_EDGE('',*,*,#3872,.T.);
#5107=ORIENTED_EDGE('',*,*,#3842,.T.);
#5108=ORIENTED_EDGE('',*,*,#3845,.T.);
#5109=ORIENTED_EDGE('',*,*,#3834,.T.);
#5110=ORIENTED_EDGE('',*,*,#3838,.T.);
#5111=ORIENTED_EDGE('',*,*,#3932,.T.);
#5112=ORIENTED_EDGE('',*,*,#3933,.T.);
#5113=ORIENTED_EDGE('',*,*,#3934,.T.);
#5114=ORIENTED_EDGE('',*,*,#3935,.T.);
#5115=ORIENTED_EDGE('',*,*,#3936,.T.);
#5116=ORIENTED_EDGE('',*,*,#3937,.T.);
#5117=ORIENTED_EDGE('',*,*,#3938,.T.);
#5118=ORIENTED_EDGE('',*,*,#3939,.T.);
#5119=ORIENTED_EDGE('',*,*,#3940,.T.);
#5120=ORIENTED_EDGE('',*,*,#3941,.T.);
#5121=ORIENTED_EDGE('',*,*,#3942,.T.);
#5122=ORIENTED_EDGE('',*,*,#3943,.T.);
#5123=ORIENTED_EDGE('',*,*,#3944,.T.);
#5124=ORIENTED_EDGE('',*,*,#3945,.T.);
#5125=ORIENTED_EDGE('',*,*,#3946,.T.);
#5126=ORIENTED_EDGE('',*,*,#3947,.T.);
#5127=ORIENTED_EDGE('',*,*,#3948,.T.);
#5128=ORIENTED_EDGE('',*,*,#3949,.T.);
#5129=ORIENTED_EDGE('',*,*,#3950,.T.);
#5130=ORIENTED_EDGE('',*,*,#3951,.T.);
#5131=ORIENTED_EDGE('',*,*,#3952,.T.);
#5132=ORIENTED_EDGE('',*,*,#3953,.T.);
#5133=ORIENTED_EDGE('',*,*,#3954,.T.);
#5134=ORIENTED_EDGE('',*,*,#3955,.T.);
#5135=ORIENTED_EDGE('',*,*,#3956,.T.);
#5136=ORIENTED_EDGE('',*,*,#3957,.T.);
#5137=ORIENTED_EDGE('',*,*,#3958,.T.);
#5138=ORIENTED_EDGE('',*,*,#3959,.T.);
#5139=ORIENTED_EDGE('',*,*,#3960,.T.);
#5140=ORIENTED_EDGE('',*,*,#3961,.T.);
#5141=ORIENTED_EDGE('',*,*,#3962,.T.);
#5142=ORIENTED_EDGE('',*,*,#3963,.T.);
#5143=ORIENTED_EDGE('',*,*,#3964,.T.);
#5144=ORIENTED_EDGE('',*,*,#3965,.T.);
#5145=ORIENTED_EDGE('',*,*,#3966,.T.);
#5146=ORIENTED_EDGE('',*,*,#3967,.T.);
#5147=ORIENTED_EDGE('',*,*,#3968,.T.);
#5148=ORIENTED_EDGE('',*,*,#3969,.T.);
#5149=ORIENTED_EDGE('',*,*,#3970,.T.);
#5150=ORIENTED_EDGE('',*,*,#3971,.T.);
#5151=ORIENTED_EDGE('',*,*,#3972,.T.);
#5152=ORIENTED_EDGE('',*,*,#3973,.T.);
#5153=ORIENTED_EDGE('',*,*,#3974,.T.);
#5154=ORIENTED_EDGE('',*,*,#3975,.T.);
#5155=ORIENTED_EDGE('',*,*,#3976,.T.);
#5156=ORIENTED_EDGE('',*,*,#3977,.T.);
#5157=ORIENTED_EDGE('',*,*,#3978,.T.);
#5158=ORIENTED_EDGE('',*,*,#3979,.T.);
#5159=ORIENTED_EDGE('',*,*,#3980,.T.);
#5160=ORIENTED_EDGE('',*,*,#3981,.T.);
#5161=ORIENTED_EDGE('',*,*,#3982,.T.);
#5162=ORIENTED_EDGE('',*,*,#3983,.T.);
#5163=ORIENTED_EDGE('',*,*,#3984,.T.);
#5164=ORIENTED_EDGE('',*,*,#3985,.T.);
#5165=ORIENTED_EDGE('',*,*,#3986,.T.);
#5166=ORIENTED_EDGE('',*,*,#3987,.T.);
#5167=ORIENTED_EDGE('',*,*,#3988,.T.);
#5168=ORIENTED_EDGE('',*,*,#3989,.T.);
#5169=ORIENTED_EDGE('',*,*,#3913,.T.);
#5170=ORIENTED_EDGE('',*,*,#3990,.F.);
#5171=ORIENTED_EDGE('',*,*,#3991,.T.);
#5172=ORIENTED_EDGE('',*,*,#3992,.F.);
#5173=ORIENTED_EDGE('',*,*,#3991,.F.);
#5174=ORIENTED_EDGE('',*,*,#3993,.F.);
#5175=ORIENTED_EDGE('',*,*,#3994,.T.);
#5176=ORIENTED_EDGE('',*,*,#3932,.F.);
#5177=ORIENTED_EDGE('',*,*,#3994,.F.);
#5178=ORIENTED_EDGE('',*,*,#3993,.T.);
#5179=ORIENTED_EDGE('',*,*,#3990,.T.);
#5180=ORIENTED_EDGE('',*,*,#3910,.T.);
#5181=ORIENTED_EDGE('',*,*,#3826,.T.);
#5182=ORIENTED_EDGE('',*,*,#3830,.F.);
#5183=ORIENTED_EDGE('',*,*,#3799,.F.);
#5184=ORIENTED_EDGE('',*,*,#3995,.T.);
#5185=ORIENTED_EDGE('',*,*,#3827,.T.);
#5186=ORIENTED_EDGE('',*,*,#3995,.F.);
#5187=ORIENTED_EDGE('',*,*,#3798,.F.);
#5188=ORIENTED_EDGE('',*,*,#3996,.T.);
#5189=ORIENTED_EDGE('',*,*,#3828,.T.);
#5190=ORIENTED_EDGE('',*,*,#3996,.F.);
#5191=ORIENTED_EDGE('',*,*,#3797,.F.);
#5192=ORIENTED_EDGE('',*,*,#3997,.T.);
#5193=ORIENTED_EDGE('',*,*,#3821,.T.);
#5194=ORIENTED_EDGE('',*,*,#3997,.F.);
#5195=ORIENTED_EDGE('',*,*,#3796,.F.);
#5196=ORIENTED_EDGE('',*,*,#3833,.F.);
#5197=ORIENTED_EDGE('',*,*,#3698,.F.);
#5198=ORIENTED_EDGE('',*,*,#3998,.T.);
#5199=ORIENTED_EDGE('',*,*,#3817,.F.);
#5200=ORIENTED_EDGE('',*,*,#3706,.F.);
#5201=ORIENTED_EDGE('',*,*,#3999,.F.);
#5202=ORIENTED_EDGE('',*,*,#4000,.T.);
#5203=ORIENTED_EDGE('',*,*,#4001,.T.);
#5204=ORIENTED_EDGE('',*,*,#4000,.F.);
#5205=ORIENTED_EDGE('',*,*,#3989,.F.);
#5206=ORIENTED_EDGE('',*,*,#4002,.T.);
#5207=ORIENTED_EDGE('',*,*,#4003,.T.);
#5208=ORIENTED_EDGE('',*,*,#4002,.F.);
#5209=ORIENTED_EDGE('',*,*,#4003,.F.);
#5210=ORIENTED_EDGE('',*,*,#4001,.F.);
#5211=ORIENTED_EDGE('',*,*,#3992,.T.);
#5212=ORIENTED_EDGE('',*,*,#4004,.F.);
#5213=ORIENTED_EDGE('',*,*,#4005,.T.);
#5214=ORIENTED_EDGE('',*,*,#4006,.T.);
#5215=ORIENTED_EDGE('',*,*,#4005,.F.);
#5216=ORIENTED_EDGE('',*,*,#3933,.F.);
#5217=ORIENTED_EDGE('',*,*,#4007,.T.);
#5218=ORIENTED_EDGE('',*,*,#4008,.T.);
#5219=ORIENTED_EDGE('',*,*,#4007,.F.);
#5220=ORIENTED_EDGE('',*,*,#4008,.F.);
#5221=ORIENTED_EDGE('',*,*,#4006,.F.);
#5222=ORIENTED_EDGE('',*,*,#3999,.T.);
#5223=ORIENTED_EDGE('',*,*,#4009,.F.);
#5224=ORIENTED_EDGE('',*,*,#4010,.T.);
#5225=ORIENTED_EDGE('',*,*,#4011,.T.);
#5226=ORIENTED_EDGE('',*,*,#4010,.F.);
#5227=ORIENTED_EDGE('',*,*,#3988,.F.);
#5228=ORIENTED_EDGE('',*,*,#4012,.T.);
#5229=ORIENTED_EDGE('',*,*,#4013,.T.);
#5230=ORIENTED_EDGE('',*,*,#4012,.F.);
#5231=ORIENTED_EDGE('',*,*,#4013,.F.);
#5232=ORIENTED_EDGE('',*,*,#4011,.F.);
#5233=ORIENTED_EDGE('',*,*,#4004,.T.);
#5234=ORIENTED_EDGE('',*,*,#4014,.F.);
#5235=ORIENTED_EDGE('',*,*,#4015,.T.);
#5236=ORIENTED_EDGE('',*,*,#4016,.T.);
#5237=ORIENTED_EDGE('',*,*,#4015,.F.);
#5238=ORIENTED_EDGE('',*,*,#3934,.F.);
#5239=ORIENTED_EDGE('',*,*,#4017,.T.);
#5240=ORIENTED_EDGE('',*,*,#4018,.T.);
#5241=ORIENTED_EDGE('',*,*,#4017,.F.);
#5242=ORIENTED_EDGE('',*,*,#4018,.F.);
#5243=ORIENTED_EDGE('',*,*,#4016,.F.);
#5244=ORIENTED_EDGE('',*,*,#4009,.T.);
#5245=ORIENTED_EDGE('',*,*,#4019,.F.);
#5246=ORIENTED_EDGE('',*,*,#4020,.T.);
#5247=ORIENTED_EDGE('',*,*,#4021,.T.);
#5248=ORIENTED_EDGE('',*,*,#4020,.F.);
#5249=ORIENTED_EDGE('',*,*,#3987,.F.);
#5250=ORIENTED_EDGE('',*,*,#4022,.T.);
#5251=ORIENTED_EDGE('',*,*,#4023,.T.);
#5252=ORIENTED_EDGE('',*,*,#4022,.F.);
#5253=ORIENTED_EDGE('',*,*,#4023,.F.);
#5254=ORIENTED_EDGE('',*,*,#4021,.F.);
#5255=ORIENTED_EDGE('',*,*,#4014,.T.);
#5256=ORIENTED_EDGE('',*,*,#4024,.F.);
#5257=ORIENTED_EDGE('',*,*,#4025,.T.);
#5258=ORIENTED_EDGE('',*,*,#4026,.T.);
#5259=ORIENTED_EDGE('',*,*,#4025,.F.);
#5260=ORIENTED_EDGE('',*,*,#3935,.F.);
#5261=ORIENTED_EDGE('',*,*,#4027,.T.);
#5262=ORIENTED_EDGE('',*,*,#4028,.T.);
#5263=ORIENTED_EDGE('',*,*,#4027,.F.);
#5264=ORIENTED_EDGE('',*,*,#4028,.F.);
#5265=ORIENTED_EDGE('',*,*,#4026,.F.);
#5266=ORIENTED_EDGE('',*,*,#4019,.T.);
#5267=ORIENTED_EDGE('',*,*,#4029,.F.);
#5268=ORIENTED_EDGE('',*,*,#4030,.T.);
#5269=ORIENTED_EDGE('',*,*,#4031,.T.);
#5270=ORIENTED_EDGE('',*,*,#4030,.F.);
#5271=ORIENTED_EDGE('',*,*,#3986,.F.);
#5272=ORIENTED_EDGE('',*,*,#4032,.T.);
#5273=ORIENTED_EDGE('',*,*,#4033,.T.);
#5274=ORIENTED_EDGE('',*,*,#4032,.F.);
#5275=ORIENTED_EDGE('',*,*,#4033,.F.);
#5276=ORIENTED_EDGE('',*,*,#4031,.F.);
#5277=ORIENTED_EDGE('',*,*,#4024,.T.);
#5278=ORIENTED_EDGE('',*,*,#4034,.F.);
#5279=ORIENTED_EDGE('',*,*,#4035,.T.);
#5280=ORIENTED_EDGE('',*,*,#4036,.T.);
#5281=ORIENTED_EDGE('',*,*,#4035,.F.);
#5282=ORIENTED_EDGE('',*,*,#3936,.F.);
#5283=ORIENTED_EDGE('',*,*,#4037,.T.);
#5284=ORIENTED_EDGE('',*,*,#4038,.T.);
#5285=ORIENTED_EDGE('',*,*,#4037,.F.);
#5286=ORIENTED_EDGE('',*,*,#4038,.F.);
#5287=ORIENTED_EDGE('',*,*,#4036,.F.);
#5288=ORIENTED_EDGE('',*,*,#4029,.T.);
#5289=ORIENTED_EDGE('',*,*,#4039,.F.);
#5290=ORIENTED_EDGE('',*,*,#4040,.T.);
#5291=ORIENTED_EDGE('',*,*,#4041,.T.);
#5292=ORIENTED_EDGE('',*,*,#4040,.F.);
#5293=ORIENTED_EDGE('',*,*,#3985,.F.);
#5294=ORIENTED_EDGE('',*,*,#4042,.T.);
#5295=ORIENTED_EDGE('',*,*,#4043,.T.);
#5296=ORIENTED_EDGE('',*,*,#4042,.F.);
#5297=ORIENTED_EDGE('',*,*,#4043,.F.);
#5298=ORIENTED_EDGE('',*,*,#4041,.F.);
#5299=ORIENTED_EDGE('',*,*,#4034,.T.);
#5300=ORIENTED_EDGE('',*,*,#4044,.F.);
#5301=ORIENTED_EDGE('',*,*,#4045,.T.);
#5302=ORIENTED_EDGE('',*,*,#3650,.F.);
#5303=ORIENTED_EDGE('',*,*,#4045,.F.);
#5304=ORIENTED_EDGE('',*,*,#3937,.F.);
#5305=ORIENTED_EDGE('',*,*,#4046,.T.);
#5306=ORIENTED_EDGE('',*,*,#3649,.F.);
#5307=ORIENTED_EDGE('',*,*,#4046,.F.);
#5308=ORIENTED_EDGE('',*,*,#4039,.T.);
#5309=ORIENTED_EDGE('',*,*,#4047,.F.);
#5310=ORIENTED_EDGE('',*,*,#4048,.T.);
#5311=ORIENTED_EDGE('',*,*,#4049,.T.);
#5312=ORIENTED_EDGE('',*,*,#4048,.F.);
#5313=ORIENTED_EDGE('',*,*,#3984,.F.);
#5314=ORIENTED_EDGE('',*,*,#4050,.T.);
#5315=ORIENTED_EDGE('',*,*,#4051,.T.);
#5316=ORIENTED_EDGE('',*,*,#4050,.F.);
#5317=ORIENTED_EDGE('',*,*,#4051,.F.);
#5318=ORIENTED_EDGE('',*,*,#4049,.F.);
#5319=ORIENTED_EDGE('',*,*,#4044,.T.);
#5320=ORIENTED_EDGE('',*,*,#3982,.F.);
#5321=ORIENTED_EDGE('',*,*,#4052,.T.);
#5322=ORIENTED_EDGE('',*,*,#4053,.T.);
#5323=ORIENTED_EDGE('',*,*,#4054,.T.);
#5324=ORIENTED_EDGE('',*,*,#4055,.F.);
#5325=ORIENTED_EDGE('',*,*,#3983,.F.);
#5326=ORIENTED_EDGE('',*,*,#4055,.T.);
#5327=ORIENTED_EDGE('',*,*,#4056,.T.);
#5328=ORIENTED_EDGE('',*,*,#4052,.F.);
#5329=ORIENTED_EDGE('',*,*,#4057,.F.);
#5330=ORIENTED_EDGE('',*,*,#4053,.F.);
#5331=ORIENTED_EDGE('',*,*,#4056,.F.);
#5332=ORIENTED_EDGE('',*,*,#4054,.F.);
#5333=ORIENTED_EDGE('',*,*,#4058,.F.);
#5334=ORIENTED_EDGE('',*,*,#3794,.F.);
#5335=ORIENTED_EDGE('',*,*,#4059,.T.);
#5336=ORIENTED_EDGE('',*,*,#4058,.T.);
#5337=ORIENTED_EDGE('',*,*,#4057,.T.);
#5338=ORIENTED_EDGE('',*,*,#4059,.F.);
#5339=ORIENTED_EDGE('',*,*,#3816,.F.);
#5340=ORIENTED_EDGE('',*,*,#4060,.T.);
#5341=ORIENTED_EDGE('',*,*,#4061,.T.);
#5342=ORIENTED_EDGE('',*,*,#4060,.F.);
#5343=ORIENTED_EDGE('',*,*,#3860,.T.);
#5344=ORIENTED_EDGE('',*,*,#3814,.F.);
#5345=ORIENTED_EDGE('',*,*,#4062,.F.);
#5346=ORIENTED_EDGE('',*,*,#4063,.F.);
#5347=ORIENTED_EDGE('',*,*,#3863,.F.);
#5348=ORIENTED_EDGE('',*,*,#3858,.T.);
#5349=ORIENTED_EDGE('',*,*,#4064,.T.);
#5350=ORIENTED_EDGE('',*,*,#4062,.T.);
#5351=ORIENTED_EDGE('',*,*,#3813,.F.);
#5352=ORIENTED_EDGE('',*,*,#4065,.F.);
#5353=ORIENTED_EDGE('',*,*,#4066,.F.);
#5354=ORIENTED_EDGE('',*,*,#4065,.T.);
#5355=ORIENTED_EDGE('',*,*,#3812,.F.);
#5356=ORIENTED_EDGE('',*,*,#3673,.F.);
#5357=ORIENTED_EDGE('',*,*,#4066,.T.);
#5358=ORIENTED_EDGE('',*,*,#3672,.F.);
#5359=ORIENTED_EDGE('',*,*,#4067,.F.);
#5360=ORIENTED_EDGE('',*,*,#3864,.F.);
#5361=ORIENTED_EDGE('',*,*,#4063,.T.);
#5362=ORIENTED_EDGE('',*,*,#4064,.F.);
#5363=ORIENTED_EDGE('',*,*,#4061,.F.);
#5364=ORIENTED_EDGE('',*,*,#4067,.T.);
#5365=ORIENTED_EDGE('',*,*,#3671,.F.);
#5366=ORIENTED_EDGE('',*,*,#3927,.F.);
#5367=ORIENTED_EDGE('',*,*,#3865,.T.);
#5368=ORIENTED_EDGE('',*,*,#3803,.F.);
#5369=ORIENTED_EDGE('',*,*,#4068,.T.);
#5370=ORIENTED_EDGE('',*,*,#3854,.T.);
#5371=ORIENTED_EDGE('',*,*,#4068,.F.);
#5372=ORIENTED_EDGE('',*,*,#3848,.F.);
#5373=ORIENTED_EDGE('',*,*,#4069,.F.);
#5374=ORIENTED_EDGE('',*,*,#3806,.F.);
#5375=ORIENTED_EDGE('',*,*,#4070,.F.);
#5376=ORIENTED_EDGE('',*,*,#3849,.T.);
#5377=ORIENTED_EDGE('',*,*,#4070,.T.);
#5378=ORIENTED_EDGE('',*,*,#3805,.F.);
#5379=ORIENTED_EDGE('',*,*,#3862,.F.);
#5380=ORIENTED_EDGE('',*,*,#3658,.F.);
#5381=ORIENTED_EDGE('',*,*,#4071,.T.);
#5382=ORIENTED_EDGE('',*,*,#4072,.F.);
#5383=ORIENTED_EDGE('',*,*,#4071,.F.);
#5384=ORIENTED_EDGE('',*,*,#3619,.T.);
#5385=ORIENTED_EDGE('',*,*,#3923,.F.);
#5386=ORIENTED_EDGE('',*,*,#3621,.T.);
#5387=ORIENTED_EDGE('',*,*,#3657,.F.);
#5388=ORIENTED_EDGE('',*,*,#3666,.T.);
#5389=ORIENTED_EDGE('',*,*,#3807,.F.);
#5390=ORIENTED_EDGE('',*,*,#4069,.T.);
#5391=ORIENTED_EDGE('',*,*,#3853,.T.);
#5392=ORIENTED_EDGE('',*,*,#4073,.F.);
#5393=ORIENTED_EDGE('',*,*,#3925,.F.);
#5394=ORIENTED_EDGE('',*,*,#4047,.T.);
#5395=ORIENTED_EDGE('',*,*,#3669,.F.);
#5396=ORIENTED_EDGE('',*,*,#4074,.T.);
#5397=ORIENTED_EDGE('',*,*,#4075,.F.);
#5398=ORIENTED_EDGE('',*,*,#4074,.F.);
#5399=ORIENTED_EDGE('',*,*,#3615,.T.);
#5400=ORIENTED_EDGE('',*,*,#3928,.F.);
#5401=ORIENTED_EDGE('',*,*,#3617,.T.);
#5402=ORIENTED_EDGE('',*,*,#3668,.F.);
#5403=ORIENTED_EDGE('',*,*,#4072,.T.);
#5404=ORIENTED_EDGE('',*,*,#3664,.F.);
#5405=ORIENTED_EDGE('',*,*,#4076,.T.);
#5406=ORIENTED_EDGE('',*,*,#4077,.F.);
#5407=ORIENTED_EDGE('',*,*,#4076,.F.);
#5408=ORIENTED_EDGE('',*,*,#3611,.T.);
#5409=ORIENTED_EDGE('',*,*,#3924,.F.);
#5410=ORIENTED_EDGE('',*,*,#3613,.T.);
#5411=ORIENTED_EDGE('',*,*,#3663,.F.);
#5412=ORIENTED_EDGE('',*,*,#4075,.T.);
#5413=ORIENTED_EDGE('',*,*,#3652,.F.);
#5414=ORIENTED_EDGE('',*,*,#4078,.T.);
#5415=ORIENTED_EDGE('',*,*,#4079,.F.);
#5416=ORIENTED_EDGE('',*,*,#4078,.F.);
#5417=ORIENTED_EDGE('',*,*,#3607,.T.);
#5418=ORIENTED_EDGE('',*,*,#3929,.F.);
#5419=ORIENTED_EDGE('',*,*,#3609,.T.);
#5420=ORIENTED_EDGE('',*,*,#3651,.F.);
#5421=ORIENTED_EDGE('',*,*,#4077,.T.);
#5422=ORIENTED_EDGE('',*,*,#4080,.F.);
#5423=ORIENTED_EDGE('',*,*,#4081,.F.);
#5424=ORIENTED_EDGE('',*,*,#4082,.F.);
#5425=ORIENTED_EDGE('',*,*,#4083,.F.);
#5426=ORIENTED_EDGE('',*,*,#4084,.F.);
#5427=ORIENTED_EDGE('',*,*,#4085,.F.);
#5428=ORIENTED_EDGE('',*,*,#4086,.F.);
#5429=ORIENTED_EDGE('',*,*,#4087,.F.);
#5430=ORIENTED_EDGE('',*,*,#4088,.F.);
#5431=ORIENTED_EDGE('',*,*,#4089,.F.);
#5432=ORIENTED_EDGE('',*,*,#4090,.F.);
#5433=ORIENTED_EDGE('',*,*,#4091,.F.);
#5434=ORIENTED_EDGE('',*,*,#4092,.F.);
#5435=ORIENTED_EDGE('',*,*,#4093,.F.);
#5436=ORIENTED_EDGE('',*,*,#4094,.F.);
#5437=ORIENTED_EDGE('',*,*,#4095,.F.);
#5438=ORIENTED_EDGE('',*,*,#4096,.F.);
#5439=ORIENTED_EDGE('',*,*,#4097,.F.);
#5440=ORIENTED_EDGE('',*,*,#4098,.F.);
#5441=ORIENTED_EDGE('',*,*,#4099,.F.);
#5442=ORIENTED_EDGE('',*,*,#4100,.F.);
#5443=ORIENTED_EDGE('',*,*,#4101,.F.);
#5444=ORIENTED_EDGE('',*,*,#4102,.F.);
#5445=ORIENTED_EDGE('',*,*,#4103,.F.);
#5446=ORIENTED_EDGE('',*,*,#4104,.F.);
#5447=ORIENTED_EDGE('',*,*,#4105,.F.);
#5448=ORIENTED_EDGE('',*,*,#4106,.F.);
#5449=ORIENTED_EDGE('',*,*,#4107,.F.);
#5450=ORIENTED_EDGE('',*,*,#4108,.F.);
#5451=ORIENTED_EDGE('',*,*,#4109,.F.);
#5452=ORIENTED_EDGE('',*,*,#4110,.F.);
#5453=ORIENTED_EDGE('',*,*,#4111,.F.);
#5454=ORIENTED_EDGE('',*,*,#4112,.F.);
#5455=ORIENTED_EDGE('',*,*,#4113,.F.);
#5456=ORIENTED_EDGE('',*,*,#4114,.F.);
#5457=ORIENTED_EDGE('',*,*,#4115,.F.);
#5458=ORIENTED_EDGE('',*,*,#4116,.F.);
#5459=ORIENTED_EDGE('',*,*,#4117,.F.);
#5460=ORIENTED_EDGE('',*,*,#4118,.F.);
#5461=ORIENTED_EDGE('',*,*,#4119,.F.);
#5462=ORIENTED_EDGE('',*,*,#4120,.F.);
#5463=ORIENTED_EDGE('',*,*,#4121,.F.);
#5464=ORIENTED_EDGE('',*,*,#4122,.F.);
#5465=ORIENTED_EDGE('',*,*,#4123,.F.);
#5466=ORIENTED_EDGE('',*,*,#4124,.F.);
#5467=ORIENTED_EDGE('',*,*,#4125,.F.);
#5468=ORIENTED_EDGE('',*,*,#4126,.F.);
#5469=ORIENTED_EDGE('',*,*,#4127,.F.);
#5470=ORIENTED_EDGE('',*,*,#4128,.F.);
#5471=ORIENTED_EDGE('',*,*,#4129,.F.);
#5472=ORIENTED_EDGE('',*,*,#4130,.F.);
#5473=ORIENTED_EDGE('',*,*,#4131,.F.);
#5474=ORIENTED_EDGE('',*,*,#4132,.F.);
#5475=ORIENTED_EDGE('',*,*,#4133,.F.);
#5476=ORIENTED_EDGE('',*,*,#4134,.F.);
#5477=ORIENTED_EDGE('',*,*,#4135,.F.);
#5478=ORIENTED_EDGE('',*,*,#4136,.F.);
#5479=ORIENTED_EDGE('',*,*,#4137,.F.);
#5480=ORIENTED_EDGE('',*,*,#4138,.F.);
#5481=ORIENTED_EDGE('',*,*,#4139,.F.);
#5482=ORIENTED_EDGE('',*,*,#4140,.F.);
#5483=ORIENTED_EDGE('',*,*,#4141,.F.);
#5484=ORIENTED_EDGE('',*,*,#4142,.F.);
#5485=ORIENTED_EDGE('',*,*,#4143,.F.);
#5486=ORIENTED_EDGE('',*,*,#4144,.F.);
#5487=ORIENTED_EDGE('',*,*,#4145,.F.);
#5488=ORIENTED_EDGE('',*,*,#4146,.F.);
#5489=ORIENTED_EDGE('',*,*,#4147,.F.);
#5490=ORIENTED_EDGE('',*,*,#4148,.F.);
#5491=ORIENTED_EDGE('',*,*,#4149,.F.);
#5492=ORIENTED_EDGE('',*,*,#4150,.F.);
#5493=ORIENTED_EDGE('',*,*,#4151,.F.);
#5494=ORIENTED_EDGE('',*,*,#4088,.T.);
#5495=ORIENTED_EDGE('',*,*,#4152,.T.);
#5496=ORIENTED_EDGE('',*,*,#3768,.F.);
#5497=ORIENTED_EDGE('',*,*,#4153,.F.);
#5498=ORIENTED_EDGE('',*,*,#4087,.T.);
#5499=ORIENTED_EDGE('',*,*,#4154,.T.);
#5500=ORIENTED_EDGE('',*,*,#3769,.F.);
#5501=ORIENTED_EDGE('',*,*,#4152,.F.);
#5502=ORIENTED_EDGE('',*,*,#4086,.T.);
#5503=ORIENTED_EDGE('',*,*,#4155,.T.);
#5504=ORIENTED_EDGE('',*,*,#3770,.F.);
#5505=ORIENTED_EDGE('',*,*,#4154,.F.);
#5506=ORIENTED_EDGE('',*,*,#4085,.T.);
#5507=ORIENTED_EDGE('',*,*,#4156,.T.);
#5508=ORIENTED_EDGE('',*,*,#3771,.F.);
#5509=ORIENTED_EDGE('',*,*,#4155,.F.);
#5510=ORIENTED_EDGE('',*,*,#4096,.T.);
#5511=ORIENTED_EDGE('',*,*,#4157,.T.);
#5512=ORIENTED_EDGE('',*,*,#3760,.F.);
#5513=ORIENTED_EDGE('',*,*,#4158,.F.);
#5514=ORIENTED_EDGE('',*,*,#4095,.T.);
#5515=ORIENTED_EDGE('',*,*,#4159,.T.);
#5516=ORIENTED_EDGE('',*,*,#3761,.F.);
#5517=ORIENTED_EDGE('',*,*,#4157,.F.);
#5518=ORIENTED_EDGE('',*,*,#4094,.T.);
#5519=ORIENTED_EDGE('',*,*,#4160,.T.);
#5520=ORIENTED_EDGE('',*,*,#3762,.F.);
#5521=ORIENTED_EDGE('',*,*,#4159,.F.);
#5522=ORIENTED_EDGE('',*,*,#4093,.T.);
#5523=ORIENTED_EDGE('',*,*,#4161,.T.);
#5524=ORIENTED_EDGE('',*,*,#3763,.F.);
#5525=ORIENTED_EDGE('',*,*,#4160,.F.);
#5526=ORIENTED_EDGE('',*,*,#4104,.T.);
#5527=ORIENTED_EDGE('',*,*,#4162,.T.);
#5528=ORIENTED_EDGE('',*,*,#3720,.F.);
#5529=ORIENTED_EDGE('',*,*,#4163,.F.);
#5530=ORIENTED_EDGE('',*,*,#4103,.T.);
#5531=ORIENTED_EDGE('',*,*,#4164,.T.);
#5532=ORIENTED_EDGE('',*,*,#3721,.F.);
#5533=ORIENTED_EDGE('',*,*,#4162,.F.);
#5534=ORIENTED_EDGE('',*,*,#4102,.T.);
#5535=ORIENTED_EDGE('',*,*,#4165,.T.);
#5536=ORIENTED_EDGE('',*,*,#3722,.F.);
#5537=ORIENTED_EDGE('',*,*,#4164,.F.);
#5538=ORIENTED_EDGE('',*,*,#4101,.T.);
#5539=ORIENTED_EDGE('',*,*,#4166,.T.);
#5540=ORIENTED_EDGE('',*,*,#3723,.F.);
#5541=ORIENTED_EDGE('',*,*,#4165,.F.);
#5542=ORIENTED_EDGE('',*,*,#4112,.T.);
#5543=ORIENTED_EDGE('',*,*,#4167,.T.);
#5544=ORIENTED_EDGE('',*,*,#3712,.F.);
#5545=ORIENTED_EDGE('',*,*,#4168,.F.);
#5546=ORIENTED_EDGE('',*,*,#4111,.T.);
#5547=ORIENTED_EDGE('',*,*,#4169,.T.);
#5548=ORIENTED_EDGE('',*,*,#3713,.F.);
#5549=ORIENTED_EDGE('',*,*,#4167,.F.);
#5550=ORIENTED_EDGE('',*,*,#4110,.T.);
#5551=ORIENTED_EDGE('',*,*,#4170,.T.);
#5552=ORIENTED_EDGE('',*,*,#3714,.F.);
#5553=ORIENTED_EDGE('',*,*,#4169,.F.);
#5554=ORIENTED_EDGE('',*,*,#4109,.T.);
#5555=ORIENTED_EDGE('',*,*,#4171,.T.);
#5556=ORIENTED_EDGE('',*,*,#3715,.F.);
#5557=ORIENTED_EDGE('',*,*,#4170,.F.);
#5558=ORIENTED_EDGE('',*,*,#4124,.T.);
#5559=ORIENTED_EDGE('',*,*,#4172,.T.);
#5560=ORIENTED_EDGE('',*,*,#3752,.F.);
#5561=ORIENTED_EDGE('',*,*,#4173,.F.);
#5562=ORIENTED_EDGE('',*,*,#4123,.T.);
#5563=ORIENTED_EDGE('',*,*,#4174,.T.);
#5564=ORIENTED_EDGE('',*,*,#3753,.F.);
#5565=ORIENTED_EDGE('',*,*,#4172,.F.);
#5566=ORIENTED_EDGE('',*,*,#4122,.T.);
#5567=ORIENTED_EDGE('',*,*,#4175,.T.);
#5568=ORIENTED_EDGE('',*,*,#3754,.F.);
#5569=ORIENTED_EDGE('',*,*,#4174,.F.);
#5570=ORIENTED_EDGE('',*,*,#4121,.T.);
#5571=ORIENTED_EDGE('',*,*,#4176,.T.);
#5572=ORIENTED_EDGE('',*,*,#3755,.F.);
#5573=ORIENTED_EDGE('',*,*,#4175,.F.);
#5574=ORIENTED_EDGE('',*,*,#4132,.T.);
#5575=ORIENTED_EDGE('',*,*,#4177,.T.);
#5576=ORIENTED_EDGE('',*,*,#3744,.F.);
#5577=ORIENTED_EDGE('',*,*,#4178,.F.);
#5578=ORIENTED_EDGE('',*,*,#4131,.T.);
#5579=ORIENTED_EDGE('',*,*,#4179,.T.);
#5580=ORIENTED_EDGE('',*,*,#3745,.F.);
#5581=ORIENTED_EDGE('',*,*,#4177,.F.);
#5582=ORIENTED_EDGE('',*,*,#4130,.T.);
#5583=ORIENTED_EDGE('',*,*,#4180,.T.);
#5584=ORIENTED_EDGE('',*,*,#3746,.F.);
#5585=ORIENTED_EDGE('',*,*,#4179,.F.);
#5586=ORIENTED_EDGE('',*,*,#4129,.T.);
#5587=ORIENTED_EDGE('',*,*,#4181,.T.);
#5588=ORIENTED_EDGE('',*,*,#3747,.F.);
#5589=ORIENTED_EDGE('',*,*,#4180,.F.);
#5590=ORIENTED_EDGE('',*,*,#4140,.T.);
#5591=ORIENTED_EDGE('',*,*,#4182,.T.);
#5592=ORIENTED_EDGE('',*,*,#3736,.F.);
#5593=ORIENTED_EDGE('',*,*,#4183,.F.);
#5594=ORIENTED_EDGE('',*,*,#4139,.T.);
#5595=ORIENTED_EDGE('',*,*,#4184,.T.);
#5596=ORIENTED_EDGE('',*,*,#3737,.F.);
#5597=ORIENTED_EDGE('',*,*,#4182,.F.);
#5598=ORIENTED_EDGE('',*,*,#4138,.T.);
#5599=ORIENTED_EDGE('',*,*,#4185,.T.);
#5600=ORIENTED_EDGE('',*,*,#3738,.F.);
#5601=ORIENTED_EDGE('',*,*,#4184,.F.);
#5602=ORIENTED_EDGE('',*,*,#4137,.T.);
#5603=ORIENTED_EDGE('',*,*,#4186,.T.);
#5604=ORIENTED_EDGE('',*,*,#3739,.F.);
#5605=ORIENTED_EDGE('',*,*,#4185,.F.);
#5606=ORIENTED_EDGE('',*,*,#4148,.T.);
#5607=ORIENTED_EDGE('',*,*,#4187,.T.);
#5608=ORIENTED_EDGE('',*,*,#3728,.F.);
#5609=ORIENTED_EDGE('',*,*,#4188,.F.);
#5610=ORIENTED_EDGE('',*,*,#4147,.T.);
#5611=ORIENTED_EDGE('',*,*,#4189,.T.);
#5612=ORIENTED_EDGE('',*,*,#3729,.F.);
#5613=ORIENTED_EDGE('',*,*,#4187,.F.);
#5614=ORIENTED_EDGE('',*,*,#4146,.T.);
#5615=ORIENTED_EDGE('',*,*,#4190,.T.);
#5616=ORIENTED_EDGE('',*,*,#3730,.F.);
#5617=ORIENTED_EDGE('',*,*,#4189,.F.);
#5618=ORIENTED_EDGE('',*,*,#4145,.T.);
#5619=ORIENTED_EDGE('',*,*,#4191,.T.);
#5620=ORIENTED_EDGE('',*,*,#3731,.F.);
#5621=ORIENTED_EDGE('',*,*,#4190,.F.);
#5622=ORIENTED_EDGE('',*,*,#4192,.F.);
#5623=ORIENTED_EDGE('',*,*,#4193,.T.);
#5624=ORIENTED_EDGE('',*,*,#4194,.F.);
#5625=ORIENTED_EDGE('',*,*,#4193,.F.);
#5626=ORIENTED_EDGE('',*,*,#4195,.F.);
#5627=ORIENTED_EDGE('',*,*,#4196,.T.);
#5628=ORIENTED_EDGE('',*,*,#3938,.F.);
#5629=ORIENTED_EDGE('',*,*,#4196,.F.);
#5630=ORIENTED_EDGE('',*,*,#4195,.T.);
#5631=ORIENTED_EDGE('',*,*,#4192,.T.);
#5632=ORIENTED_EDGE('',*,*,#4079,.T.);
#5633=ORIENTED_EDGE('',*,*,#3975,.F.);
#5634=ORIENTED_EDGE('',*,*,#4197,.T.);
#5635=ORIENTED_EDGE('',*,*,#4198,.F.);
#5636=ORIENTED_EDGE('',*,*,#4199,.F.);
#5637=ORIENTED_EDGE('',*,*,#3976,.F.);
#5638=ORIENTED_EDGE('',*,*,#4199,.T.);
#5639=ORIENTED_EDGE('',*,*,#4200,.F.);
#5640=ORIENTED_EDGE('',*,*,#4201,.F.);
#5641=ORIENTED_EDGE('',*,*,#3977,.F.);
#5642=ORIENTED_EDGE('',*,*,#4201,.T.);
#5643=ORIENTED_EDGE('',*,*,#4202,.F.);
#5644=ORIENTED_EDGE('',*,*,#4203,.F.);
#5645=ORIENTED_EDGE('',*,*,#3978,.F.);
#5646=ORIENTED_EDGE('',*,*,#4203,.T.);
#5647=ORIENTED_EDGE('',*,*,#4204,.F.);
#5648=ORIENTED_EDGE('',*,*,#4205,.F.);
#5649=ORIENTED_EDGE('',*,*,#3979,.F.);
#5650=ORIENTED_EDGE('',*,*,#4205,.T.);
#5651=ORIENTED_EDGE('',*,*,#4206,.F.);
#5652=ORIENTED_EDGE('',*,*,#4207,.F.);
#5653=ORIENTED_EDGE('',*,*,#3980,.F.);
#5654=ORIENTED_EDGE('',*,*,#4207,.T.);
#5655=ORIENTED_EDGE('',*,*,#4208,.F.);
#5656=ORIENTED_EDGE('',*,*,#4209,.F.);
#5657=ORIENTED_EDGE('',*,*,#3981,.F.);
#5658=ORIENTED_EDGE('',*,*,#4209,.T.);
#5659=ORIENTED_EDGE('',*,*,#4210,.F.);
#5660=ORIENTED_EDGE('',*,*,#4211,.T.);
#5661=ORIENTED_EDGE('',*,*,#4116,.T.);
#5662=ORIENTED_EDGE('',*,*,#4212,.F.);
#5663=ORIENTED_EDGE('',*,*,#4211,.F.);
#5664=ORIENTED_EDGE('',*,*,#4213,.F.);
#5665=ORIENTED_EDGE('',*,*,#4214,.T.);
#5666=ORIENTED_EDGE('',*,*,#4117,.T.);
#5667=ORIENTED_EDGE('',*,*,#4214,.F.);
#5668=ORIENTED_EDGE('',*,*,#4215,.F.);
#5669=ORIENTED_EDGE('',*,*,#4216,.T.);
#5670=ORIENTED_EDGE('',*,*,#4118,.T.);
#5671=ORIENTED_EDGE('',*,*,#4216,.F.);
#5672=ORIENTED_EDGE('',*,*,#4217,.F.);
#5673=ORIENTED_EDGE('',*,*,#4197,.F.);
#5674=ORIENTED_EDGE('',*,*,#3974,.F.);
#5675=ORIENTED_EDGE('',*,*,#4212,.T.);
#5676=ORIENTED_EDGE('',*,*,#4119,.T.);
#5677=ORIENTED_EDGE('',*,*,#4217,.T.);
#5678=ORIENTED_EDGE('',*,*,#4215,.T.);
#5679=ORIENTED_EDGE('',*,*,#4213,.T.);
#5680=ORIENTED_EDGE('',*,*,#4210,.T.);
#5681=ORIENTED_EDGE('',*,*,#4208,.T.);
#5682=ORIENTED_EDGE('',*,*,#4206,.T.);
#5683=ORIENTED_EDGE('',*,*,#4204,.T.);
#5684=ORIENTED_EDGE('',*,*,#4202,.T.);
#5685=ORIENTED_EDGE('',*,*,#4200,.T.);
#5686=ORIENTED_EDGE('',*,*,#4198,.T.);
#5687=ORIENTED_EDGE('',*,*,#4218,.F.);
#5688=ORIENTED_EDGE('',*,*,#4219,.T.);
#5689=ORIENTED_EDGE('',*,*,#4220,.F.);
#5690=ORIENTED_EDGE('',*,*,#4219,.F.);
#5691=ORIENTED_EDGE('',*,*,#4221,.F.);
#5692=ORIENTED_EDGE('',*,*,#4222,.T.);
#5693=ORIENTED_EDGE('',*,*,#3973,.F.);
#5694=ORIENTED_EDGE('',*,*,#4222,.F.);
#5695=ORIENTED_EDGE('',*,*,#4221,.T.);
#5696=ORIENTED_EDGE('',*,*,#4218,.T.);
#5697=ORIENTED_EDGE('',*,*,#4194,.T.);
#5698=ORIENTED_EDGE('',*,*,#4223,.F.);
#5699=ORIENTED_EDGE('',*,*,#4224,.T.);
#5700=ORIENTED_EDGE('',*,*,#4225,.F.);
#5701=ORIENTED_EDGE('',*,*,#4224,.F.);
#5702=ORIENTED_EDGE('',*,*,#4226,.F.);
#5703=ORIENTED_EDGE('',*,*,#4227,.T.);
#5704=ORIENTED_EDGE('',*,*,#3939,.F.);
#5705=ORIENTED_EDGE('',*,*,#4227,.F.);
#5706=ORIENTED_EDGE('',*,*,#4226,.T.);
#5707=ORIENTED_EDGE('',*,*,#4223,.T.);
#5708=ORIENTED_EDGE('',*,*,#4220,.T.);
#5709=ORIENTED_EDGE('',*,*,#4228,.F.);
#5710=ORIENTED_EDGE('',*,*,#4229,.T.);
#5711=ORIENTED_EDGE('',*,*,#4230,.F.);
#5712=ORIENTED_EDGE('',*,*,#4229,.F.);
#5713=ORIENTED_EDGE('',*,*,#4231,.F.);
#5714=ORIENTED_EDGE('',*,*,#4232,.T.);
#5715=ORIENTED_EDGE('',*,*,#3972,.F.);
#5716=ORIENTED_EDGE('',*,*,#4232,.F.);
#5717=ORIENTED_EDGE('',*,*,#4231,.T.);
#5718=ORIENTED_EDGE('',*,*,#4228,.T.);
#5719=ORIENTED_EDGE('',*,*,#4225,.T.);
#5720=ORIENTED_EDGE('',*,*,#3917,.F.);
#5721=ORIENTED_EDGE('',*,*,#4233,.T.);
#5722=ORIENTED_EDGE('',*,*,#4234,.F.);
#5723=ORIENTED_EDGE('',*,*,#4235,.F.);
#5724=ORIENTED_EDGE('',*,*,#3918,.F.);
#5725=ORIENTED_EDGE('',*,*,#4235,.T.);
#5726=ORIENTED_EDGE('',*,*,#4236,.F.);
#5727=ORIENTED_EDGE('',*,*,#4237,.F.);
#5728=ORIENTED_EDGE('',*,*,#3919,.F.);
#5729=ORIENTED_EDGE('',*,*,#4237,.T.);
#5730=ORIENTED_EDGE('',*,*,#4238,.F.);
#5731=ORIENTED_EDGE('',*,*,#4239,.F.);
#5732=ORIENTED_EDGE('',*,*,#3920,.F.);
#5733=ORIENTED_EDGE('',*,*,#4239,.T.);
#5734=ORIENTED_EDGE('',*,*,#4240,.F.);
#5735=ORIENTED_EDGE('',*,*,#4241,.F.);
#5736=ORIENTED_EDGE('',*,*,#3921,.F.);
#5737=ORIENTED_EDGE('',*,*,#4241,.T.);
#5738=ORIENTED_EDGE('',*,*,#4242,.F.);
#5739=ORIENTED_EDGE('',*,*,#3904,.F.);
#5740=ORIENTED_EDGE('',*,*,#3914,.F.);
#5741=ORIENTED_EDGE('',*,*,#3906,.F.);
#5742=ORIENTED_EDGE('',*,*,#4243,.F.);
#5743=ORIENTED_EDGE('',*,*,#4244,.F.);
#5744=ORIENTED_EDGE('',*,*,#3915,.F.);
#5745=ORIENTED_EDGE('',*,*,#4244,.T.);
#5746=ORIENTED_EDGE('',*,*,#4245,.F.);
#5747=ORIENTED_EDGE('',*,*,#4246,.T.);
#5748=ORIENTED_EDGE('',*,*,#4080,.T.);
#5749=ORIENTED_EDGE('',*,*,#4247,.F.);
#5750=ORIENTED_EDGE('',*,*,#4246,.F.);
#5751=ORIENTED_EDGE('',*,*,#4248,.F.);
#5752=ORIENTED_EDGE('',*,*,#4249,.T.);
#5753=ORIENTED_EDGE('',*,*,#4081,.T.);
#5754=ORIENTED_EDGE('',*,*,#4249,.F.);
#5755=ORIENTED_EDGE('',*,*,#4250,.F.);
#5756=ORIENTED_EDGE('',*,*,#4251,.T.);
#5757=ORIENTED_EDGE('',*,*,#4082,.T.);
#5758=ORIENTED_EDGE('',*,*,#4251,.F.);
#5759=ORIENTED_EDGE('',*,*,#4252,.F.);
#5760=ORIENTED_EDGE('',*,*,#4233,.F.);
#5761=ORIENTED_EDGE('',*,*,#3916,.F.);
#5762=ORIENTED_EDGE('',*,*,#4247,.T.);
#5763=ORIENTED_EDGE('',*,*,#4083,.T.);
#5764=ORIENTED_EDGE('',*,*,#4252,.T.);
#5765=ORIENTED_EDGE('',*,*,#4250,.T.);
#5766=ORIENTED_EDGE('',*,*,#4248,.T.);
#5767=ORIENTED_EDGE('',*,*,#4245,.T.);
#5768=ORIENTED_EDGE('',*,*,#4243,.T.);
#5769=ORIENTED_EDGE('',*,*,#3905,.F.);
#5770=ORIENTED_EDGE('',*,*,#4242,.T.);
#5771=ORIENTED_EDGE('',*,*,#4240,.T.);
#5772=ORIENTED_EDGE('',*,*,#4238,.T.);
#5773=ORIENTED_EDGE('',*,*,#4236,.T.);
#5774=ORIENTED_EDGE('',*,*,#4234,.T.);
#5775=ORIENTED_EDGE('',*,*,#4230,.T.);
#5776=ORIENTED_EDGE('',*,*,#4253,.T.);
#5777=ORIENTED_EDGE('',*,*,#4254,.T.);
#5778=ORIENTED_EDGE('',*,*,#4255,.F.);
#5779=ORIENTED_EDGE('',*,*,#4256,.F.);
#5780=ORIENTED_EDGE('',*,*,#4257,.T.);
#5781=ORIENTED_EDGE('',*,*,#4258,.T.);
#5782=ORIENTED_EDGE('',*,*,#4259,.F.);
#5783=ORIENTED_EDGE('',*,*,#4260,.F.);
#5784=ORIENTED_EDGE('',*,*,#4261,.T.);
#5785=ORIENTED_EDGE('',*,*,#4262,.T.);
#5786=ORIENTED_EDGE('',*,*,#4263,.F.);
#5787=ORIENTED_EDGE('',*,*,#4264,.F.);
#5788=ORIENTED_EDGE('',*,*,#4265,.T.);
#5789=ORIENTED_EDGE('',*,*,#4266,.T.);
#5790=ORIENTED_EDGE('',*,*,#4267,.F.);
#5791=ORIENTED_EDGE('',*,*,#4268,.F.);
#5792=ORIENTED_EDGE('',*,*,#4269,.T.);
#5793=ORIENTED_EDGE('',*,*,#4270,.T.);
#5794=ORIENTED_EDGE('',*,*,#4271,.F.);
#5795=ORIENTED_EDGE('',*,*,#4272,.F.);
#5796=ORIENTED_EDGE('',*,*,#4273,.T.);
#5797=ORIENTED_EDGE('',*,*,#4274,.T.);
#5798=ORIENTED_EDGE('',*,*,#4275,.F.);
#5799=ORIENTED_EDGE('',*,*,#4276,.F.);
#5800=ORIENTED_EDGE('',*,*,#4277,.T.);
#5801=ORIENTED_EDGE('',*,*,#4278,.T.);
#5802=ORIENTED_EDGE('',*,*,#4279,.F.);
#5803=ORIENTED_EDGE('',*,*,#4280,.F.);
#5804=ORIENTED_EDGE('',*,*,#4281,.T.);
#5805=ORIENTED_EDGE('',*,*,#4282,.T.);
#5806=ORIENTED_EDGE('',*,*,#4283,.F.);
#5807=ORIENTED_EDGE('',*,*,#4284,.F.);
#5808=ORIENTED_EDGE('',*,*,#4285,.F.);
#5809=ORIENTED_EDGE('',*,*,#4286,.T.);
#5810=ORIENTED_EDGE('',*,*,#4287,.F.);
#5811=ORIENTED_EDGE('',*,*,#4288,.F.);
#5812=ORIENTED_EDGE('',*,*,#4289,.F.);
#5813=ORIENTED_EDGE('',*,*,#4288,.T.);
#5814=ORIENTED_EDGE('',*,*,#4290,.F.);
#5815=ORIENTED_EDGE('',*,*,#4291,.F.);
#5816=ORIENTED_EDGE('',*,*,#4292,.T.);
#5817=ORIENTED_EDGE('',*,*,#4291,.T.);
#5818=ORIENTED_EDGE('',*,*,#4293,.F.);
#5819=ORIENTED_EDGE('',*,*,#4294,.F.);
#5820=ORIENTED_EDGE('',*,*,#4295,.T.);
#5821=ORIENTED_EDGE('',*,*,#4294,.T.);
#5822=ORIENTED_EDGE('',*,*,#4296,.F.);
#5823=ORIENTED_EDGE('',*,*,#4297,.F.);
#5824=ORIENTED_EDGE('',*,*,#4298,.F.);
#5825=ORIENTED_EDGE('',*,*,#4297,.T.);
#5826=ORIENTED_EDGE('',*,*,#4299,.F.);
#5827=ORIENTED_EDGE('',*,*,#4300,.F.);
#5828=ORIENTED_EDGE('',*,*,#4301,.F.);
#5829=ORIENTED_EDGE('',*,*,#4300,.T.);
#5830=ORIENTED_EDGE('',*,*,#4302,.F.);
#5831=ORIENTED_EDGE('',*,*,#4303,.F.);
#5832=ORIENTED_EDGE('',*,*,#4304,.T.);
#5833=ORIENTED_EDGE('',*,*,#4303,.T.);
#5834=ORIENTED_EDGE('',*,*,#4305,.F.);
#5835=ORIENTED_EDGE('',*,*,#4306,.F.);
#5836=ORIENTED_EDGE('',*,*,#4307,.T.);
#5837=ORIENTED_EDGE('',*,*,#4306,.T.);
#5838=ORIENTED_EDGE('',*,*,#4308,.F.);
#5839=ORIENTED_EDGE('',*,*,#4309,.F.);
#5840=ORIENTED_EDGE('',*,*,#4310,.T.);
#5841=ORIENTED_EDGE('',*,*,#4309,.T.);
#5842=ORIENTED_EDGE('',*,*,#4311,.F.);
#5843=ORIENTED_EDGE('',*,*,#4312,.F.);
#5844=ORIENTED_EDGE('',*,*,#4313,.F.);
#5845=ORIENTED_EDGE('',*,*,#4312,.T.);
#5846=ORIENTED_EDGE('',*,*,#4314,.F.);
#5847=ORIENTED_EDGE('',*,*,#4315,.F.);
#5848=ORIENTED_EDGE('',*,*,#4316,.T.);
#5849=ORIENTED_EDGE('',*,*,#4315,.T.);
#5850=ORIENTED_EDGE('',*,*,#4317,.F.);
#5851=ORIENTED_EDGE('',*,*,#4318,.F.);
#5852=ORIENTED_EDGE('',*,*,#4319,.T.);
#5853=ORIENTED_EDGE('',*,*,#4318,.T.);
#5854=ORIENTED_EDGE('',*,*,#4320,.F.);
#5855=ORIENTED_EDGE('',*,*,#4321,.F.);
#5856=ORIENTED_EDGE('',*,*,#4322,.T.);
#5857=ORIENTED_EDGE('',*,*,#4321,.T.);
#5858=ORIENTED_EDGE('',*,*,#4323,.F.);
#5859=ORIENTED_EDGE('',*,*,#4324,.F.);
#5860=ORIENTED_EDGE('',*,*,#4325,.F.);
#5861=ORIENTED_EDGE('',*,*,#4324,.T.);
#5862=ORIENTED_EDGE('',*,*,#4326,.F.);
#5863=ORIENTED_EDGE('',*,*,#4327,.F.);
#5864=ORIENTED_EDGE('',*,*,#4328,.T.);
#5865=ORIENTED_EDGE('',*,*,#4327,.T.);
#5866=ORIENTED_EDGE('',*,*,#4329,.F.);
#5867=ORIENTED_EDGE('',*,*,#4330,.F.);
#5868=ORIENTED_EDGE('',*,*,#4331,.T.);
#5869=ORIENTED_EDGE('',*,*,#4330,.T.);
#5870=ORIENTED_EDGE('',*,*,#4332,.F.);
#5871=ORIENTED_EDGE('',*,*,#4286,.F.);
#5872=ORIENTED_EDGE('',*,*,#4331,.F.);
#5873=ORIENTED_EDGE('',*,*,#4285,.T.);
#5874=ORIENTED_EDGE('',*,*,#4289,.T.);
#5875=ORIENTED_EDGE('',*,*,#4292,.F.);
#5876=ORIENTED_EDGE('',*,*,#4295,.F.);
#5877=ORIENTED_EDGE('',*,*,#4298,.T.);
#5878=ORIENTED_EDGE('',*,*,#4301,.T.);
#5879=ORIENTED_EDGE('',*,*,#4304,.F.);
#5880=ORIENTED_EDGE('',*,*,#4307,.F.);
#5881=ORIENTED_EDGE('',*,*,#4310,.F.);
#5882=ORIENTED_EDGE('',*,*,#4313,.T.);
#5883=ORIENTED_EDGE('',*,*,#4316,.F.);
#5884=ORIENTED_EDGE('',*,*,#4319,.F.);
#5885=ORIENTED_EDGE('',*,*,#4322,.F.);
#5886=ORIENTED_EDGE('',*,*,#4325,.T.);
#5887=ORIENTED_EDGE('',*,*,#4328,.F.);
#5888=ORIENTED_EDGE('',*,*,#4281,.F.);
#5889=ORIENTED_EDGE('',*,*,#4333,.F.);
#5890=ORIENTED_EDGE('',*,*,#4334,.F.);
#5891=ORIENTED_EDGE('',*,*,#4253,.F.);
#5892=ORIENTED_EDGE('',*,*,#4335,.F.);
#5893=ORIENTED_EDGE('',*,*,#4336,.F.);
#5894=ORIENTED_EDGE('',*,*,#4257,.F.);
#5895=ORIENTED_EDGE('',*,*,#4337,.F.);
#5896=ORIENTED_EDGE('',*,*,#4338,.F.);
#5897=ORIENTED_EDGE('',*,*,#4261,.F.);
#5898=ORIENTED_EDGE('',*,*,#4339,.F.);
#5899=ORIENTED_EDGE('',*,*,#4340,.F.);
#5900=ORIENTED_EDGE('',*,*,#4265,.F.);
#5901=ORIENTED_EDGE('',*,*,#4341,.F.);
#5902=ORIENTED_EDGE('',*,*,#4342,.F.);
#5903=ORIENTED_EDGE('',*,*,#4269,.F.);
#5904=ORIENTED_EDGE('',*,*,#4343,.F.);
#5905=ORIENTED_EDGE('',*,*,#4344,.F.);
#5906=ORIENTED_EDGE('',*,*,#4273,.F.);
#5907=ORIENTED_EDGE('',*,*,#4345,.F.);
#5908=ORIENTED_EDGE('',*,*,#4346,.F.);
#5909=ORIENTED_EDGE('',*,*,#4277,.F.);
#5910=ORIENTED_EDGE('',*,*,#4347,.F.);
#5911=ORIENTED_EDGE('',*,*,#4348,.F.);
#5912=ORIENTED_EDGE('',*,*,#4263,.T.);
#5913=ORIENTED_EDGE('',*,*,#4349,.T.);
#5914=ORIENTED_EDGE('',*,*,#4259,.T.);
#5915=ORIENTED_EDGE('',*,*,#4350,.T.);
#5916=ORIENTED_EDGE('',*,*,#4351,.T.);
#5917=ORIENTED_EDGE('',*,*,#4352,.T.);
#5918=ORIENTED_EDGE('',*,*,#4255,.T.);
#5919=ORIENTED_EDGE('',*,*,#4353,.T.);
#5920=ORIENTED_EDGE('',*,*,#4283,.T.);
#5921=ORIENTED_EDGE('',*,*,#4354,.T.);
#5922=ORIENTED_EDGE('',*,*,#4355,.T.);
#5923=ORIENTED_EDGE('',*,*,#4356,.T.);
#5924=ORIENTED_EDGE('',*,*,#4279,.T.);
#5925=ORIENTED_EDGE('',*,*,#4357,.T.);
#5926=ORIENTED_EDGE('',*,*,#4275,.T.);
#5927=ORIENTED_EDGE('',*,*,#4358,.T.);
#5928=ORIENTED_EDGE('',*,*,#4359,.T.);
#5929=ORIENTED_EDGE('',*,*,#4360,.T.);
#5930=ORIENTED_EDGE('',*,*,#4271,.T.);
#5931=ORIENTED_EDGE('',*,*,#4361,.T.);
#5932=ORIENTED_EDGE('',*,*,#4267,.T.);
#5933=ORIENTED_EDGE('',*,*,#4362,.T.);
#5934=ORIENTED_EDGE('',*,*,#4363,.T.);
#5935=ORIENTED_EDGE('',*,*,#4364,.T.);
#5936=ORIENTED_EDGE('',*,*,#3786,.F.);
#5937=ORIENTED_EDGE('',*,*,#4365,.T.);
#5938=ORIENTED_EDGE('',*,*,#4350,.F.);
#5939=ORIENTED_EDGE('',*,*,#4258,.F.);
#5940=ORIENTED_EDGE('',*,*,#4336,.T.);
#5941=ORIENTED_EDGE('',*,*,#4366,.T.);
#5942=ORIENTED_EDGE('',*,*,#3787,.F.);
#5943=ORIENTED_EDGE('',*,*,#4366,.F.);
#5944=ORIENTED_EDGE('',*,*,#4335,.T.);
#5945=ORIENTED_EDGE('',*,*,#4256,.T.);
#5946=ORIENTED_EDGE('',*,*,#4353,.F.);
#5947=ORIENTED_EDGE('',*,*,#4254,.F.);
#5948=ORIENTED_EDGE('',*,*,#4334,.T.);
#5949=ORIENTED_EDGE('',*,*,#4367,.T.);
#5950=ORIENTED_EDGE('',*,*,#3788,.F.);
#5951=ORIENTED_EDGE('',*,*,#4367,.F.);
#5952=ORIENTED_EDGE('',*,*,#4333,.T.);
#5953=ORIENTED_EDGE('',*,*,#4284,.T.);
#5954=ORIENTED_EDGE('',*,*,#4356,.F.);
#5955=ORIENTED_EDGE('',*,*,#4368,.F.);
#5956=ORIENTED_EDGE('',*,*,#3789,.F.);
#5957=ORIENTED_EDGE('',*,*,#4368,.T.);
#5958=ORIENTED_EDGE('',*,*,#4355,.F.);
#5959=ORIENTED_EDGE('',*,*,#4369,.F.);
#5960=ORIENTED_EDGE('',*,*,#3790,.F.);
#5961=ORIENTED_EDGE('',*,*,#4369,.T.);
#5962=ORIENTED_EDGE('',*,*,#4354,.F.);
#5963=ORIENTED_EDGE('',*,*,#4282,.F.);
#5964=ORIENTED_EDGE('',*,*,#4348,.T.);
#5965=ORIENTED_EDGE('',*,*,#4370,.T.);
#5966=ORIENTED_EDGE('',*,*,#3791,.F.);
#5967=ORIENTED_EDGE('',*,*,#4370,.F.);
#5968=ORIENTED_EDGE('',*,*,#4347,.T.);
#5969=ORIENTED_EDGE('',*,*,#4280,.T.);
#5970=ORIENTED_EDGE('',*,*,#4357,.F.);
#5971=ORIENTED_EDGE('',*,*,#4278,.F.);
#5972=ORIENTED_EDGE('',*,*,#4346,.T.);
#5973=ORIENTED_EDGE('',*,*,#4371,.T.);
#5974=ORIENTED_EDGE('',*,*,#3792,.F.);
#5975=ORIENTED_EDGE('',*,*,#4371,.F.);
#5976=ORIENTED_EDGE('',*,*,#4345,.T.);
#5977=ORIENTED_EDGE('',*,*,#4276,.T.);
#5978=ORIENTED_EDGE('',*,*,#4360,.F.);
#5979=ORIENTED_EDGE('',*,*,#4372,.F.);
#5980=ORIENTED_EDGE('',*,*,#3793,.F.);
#5981=ORIENTED_EDGE('',*,*,#4372,.T.);
#5982=ORIENTED_EDGE('',*,*,#4359,.F.);
#5983=ORIENTED_EDGE('',*,*,#4373,.F.);
#5984=ORIENTED_EDGE('',*,*,#3778,.F.);
#5985=ORIENTED_EDGE('',*,*,#4373,.T.);
#5986=ORIENTED_EDGE('',*,*,#4358,.F.);
#5987=ORIENTED_EDGE('',*,*,#4274,.F.);
#5988=ORIENTED_EDGE('',*,*,#4344,.T.);
#5989=ORIENTED_EDGE('',*,*,#4374,.F.);
#5990=ORIENTED_EDGE('',*,*,#3785,.F.);
#5991=ORIENTED_EDGE('',*,*,#4375,.T.);
#5992=ORIENTED_EDGE('',*,*,#4351,.F.);
#5993=ORIENTED_EDGE('',*,*,#4365,.F.);
#5994=ORIENTED_EDGE('',*,*,#3784,.F.);
#5995=ORIENTED_EDGE('',*,*,#4376,.F.);
#5996=ORIENTED_EDGE('',*,*,#4337,.T.);
#5997=ORIENTED_EDGE('',*,*,#4260,.T.);
#5998=ORIENTED_EDGE('',*,*,#4352,.F.);
#5999=ORIENTED_EDGE('',*,*,#4375,.F.);
#6000=ORIENTED_EDGE('',*,*,#3783,.F.);
#6001=ORIENTED_EDGE('',*,*,#4377,.F.);
#6002=ORIENTED_EDGE('',*,*,#4339,.T.);
#6003=ORIENTED_EDGE('',*,*,#4264,.T.);
#6004=ORIENTED_EDGE('',*,*,#4349,.F.);
#6005=ORIENTED_EDGE('',*,*,#4262,.F.);
#6006=ORIENTED_EDGE('',*,*,#4338,.T.);
#6007=ORIENTED_EDGE('',*,*,#4376,.T.);
#6008=ORIENTED_EDGE('',*,*,#3782,.F.);
#6009=ORIENTED_EDGE('',*,*,#4378,.T.);
#6010=ORIENTED_EDGE('',*,*,#4362,.F.);
#6011=ORIENTED_EDGE('',*,*,#4266,.F.);
#6012=ORIENTED_EDGE('',*,*,#4340,.T.);
#6013=ORIENTED_EDGE('',*,*,#4377,.T.);
#6014=ORIENTED_EDGE('',*,*,#3781,.F.);
#6015=ORIENTED_EDGE('',*,*,#4379,.T.);
#6016=ORIENTED_EDGE('',*,*,#4363,.F.);
#6017=ORIENTED_EDGE('',*,*,#4378,.F.);
#6018=ORIENTED_EDGE('',*,*,#3780,.F.);
#6019=ORIENTED_EDGE('',*,*,#4380,.F.);
#6020=ORIENTED_EDGE('',*,*,#4341,.T.);
#6021=ORIENTED_EDGE('',*,*,#4268,.T.);
#6022=ORIENTED_EDGE('',*,*,#4364,.F.);
#6023=ORIENTED_EDGE('',*,*,#4379,.F.);
#6024=ORIENTED_EDGE('',*,*,#3779,.F.);
#6025=ORIENTED_EDGE('',*,*,#4374,.T.);
#6026=ORIENTED_EDGE('',*,*,#4343,.T.);
#6027=ORIENTED_EDGE('',*,*,#4272,.T.);
#6028=ORIENTED_EDGE('',*,*,#4361,.F.);
#6029=ORIENTED_EDGE('',*,*,#4270,.F.);
#6030=ORIENTED_EDGE('',*,*,#4342,.T.);
#6031=ORIENTED_EDGE('',*,*,#4380,.T.);
#6032=ORIENTED_EDGE('',*,*,#3944,.F.);
#6033=ORIENTED_EDGE('',*,*,#4381,.T.);
#6034=ORIENTED_EDGE('',*,*,#4382,.T.);
#6035=ORIENTED_EDGE('',*,*,#4383,.F.);
#6036=ORIENTED_EDGE('',*,*,#3945,.F.);
#6037=ORIENTED_EDGE('',*,*,#4383,.T.);
#6038=ORIENTED_EDGE('',*,*,#4384,.T.);
#6039=ORIENTED_EDGE('',*,*,#4385,.F.);
#6040=ORIENTED_EDGE('',*,*,#3946,.F.);
#6041=ORIENTED_EDGE('',*,*,#4385,.T.);
#6042=ORIENTED_EDGE('',*,*,#4386,.T.);
#6043=ORIENTED_EDGE('',*,*,#4387,.F.);
#6044=ORIENTED_EDGE('',*,*,#3947,.F.);
#6045=ORIENTED_EDGE('',*,*,#4387,.T.);
#6046=ORIENTED_EDGE('',*,*,#4388,.T.);
#6047=ORIENTED_EDGE('',*,*,#4389,.F.);
#6048=ORIENTED_EDGE('',*,*,#3940,.F.);
#6049=ORIENTED_EDGE('',*,*,#4389,.T.);
#6050=ORIENTED_EDGE('',*,*,#4390,.T.);
#6051=ORIENTED_EDGE('',*,*,#4391,.F.);
#6052=ORIENTED_EDGE('',*,*,#3943,.F.);
#6053=ORIENTED_EDGE('',*,*,#4392,.T.);
#6054=ORIENTED_EDGE('',*,*,#4393,.T.);
#6055=ORIENTED_EDGE('',*,*,#4381,.F.);
#6056=ORIENTED_EDGE('',*,*,#3942,.F.);
#6057=ORIENTED_EDGE('',*,*,#4394,.T.);
#6058=ORIENTED_EDGE('',*,*,#4395,.T.);
#6059=ORIENTED_EDGE('',*,*,#4392,.F.);
#6060=ORIENTED_EDGE('',*,*,#3941,.F.);
#6061=ORIENTED_EDGE('',*,*,#4391,.T.);
#6062=ORIENTED_EDGE('',*,*,#4396,.T.);
#6063=ORIENTED_EDGE('',*,*,#4394,.F.);
#6064=ORIENTED_EDGE('',*,*,#4396,.F.);
#6065=ORIENTED_EDGE('',*,*,#4390,.F.);
#6066=ORIENTED_EDGE('',*,*,#4388,.F.);
#6067=ORIENTED_EDGE('',*,*,#4386,.F.);
#6068=ORIENTED_EDGE('',*,*,#4384,.F.);
#6069=ORIENTED_EDGE('',*,*,#4382,.F.);
#6070=ORIENTED_EDGE('',*,*,#4393,.F.);
#6071=ORIENTED_EDGE('',*,*,#4395,.F.);
#6072=ORIENTED_EDGE('',*,*,#4287,.T.);
#6073=ORIENTED_EDGE('',*,*,#4332,.T.);
#6074=ORIENTED_EDGE('',*,*,#4329,.T.);
#6075=ORIENTED_EDGE('',*,*,#4326,.T.);
#6076=ORIENTED_EDGE('',*,*,#4323,.T.);
#6077=ORIENTED_EDGE('',*,*,#4320,.T.);
#6078=ORIENTED_EDGE('',*,*,#4317,.T.);
#6079=ORIENTED_EDGE('',*,*,#4314,.T.);
#6080=ORIENTED_EDGE('',*,*,#4311,.T.);
#6081=ORIENTED_EDGE('',*,*,#4308,.T.);
#6082=ORIENTED_EDGE('',*,*,#4305,.T.);
#6083=ORIENTED_EDGE('',*,*,#4302,.T.);
#6084=ORIENTED_EDGE('',*,*,#4299,.T.);
#6085=ORIENTED_EDGE('',*,*,#4296,.T.);
#6086=ORIENTED_EDGE('',*,*,#4293,.T.);
#6087=ORIENTED_EDGE('',*,*,#4290,.T.);
#6088=ORIENTED_EDGE('',*,*,#4397,.T.);
#6089=ORIENTED_EDGE('',*,*,#4398,.T.);
#6090=ORIENTED_EDGE('',*,*,#4399,.T.);
#6091=ORIENTED_EDGE('',*,*,#4400,.T.);
#6092=ORIENTED_EDGE('',*,*,#4398,.F.);
#6093=ORIENTED_EDGE('',*,*,#4401,.T.);
#6094=ORIENTED_EDGE('',*,*,#4402,.T.);
#6095=ORIENTED_EDGE('',*,*,#4403,.T.);
#6096=ORIENTED_EDGE('',*,*,#4404,.T.);
#6097=ORIENTED_EDGE('',*,*,#4405,.T.);
#6098=ORIENTED_EDGE('',*,*,#4406,.T.);
#6099=ORIENTED_EDGE('',*,*,#4404,.F.);
#6100=ORIENTED_EDGE('',*,*,#4407,.T.);
#6101=ORIENTED_EDGE('',*,*,#4408,.T.);
#6102=ORIENTED_EDGE('',*,*,#4409,.T.);
#6103=ORIENTED_EDGE('',*,*,#4410,.T.);
#6104=ORIENTED_EDGE('',*,*,#4411,.T.);
#6105=ORIENTED_EDGE('',*,*,#4412,.T.);
#6106=ORIENTED_EDGE('',*,*,#4410,.F.);
#6107=ORIENTED_EDGE('',*,*,#4413,.T.);
#6108=ORIENTED_EDGE('',*,*,#4414,.T.);
#6109=ORIENTED_EDGE('',*,*,#4415,.T.);
#6110=ORIENTED_EDGE('',*,*,#4416,.T.);
#6111=ORIENTED_EDGE('',*,*,#4417,.T.);
#6112=ORIENTED_EDGE('',*,*,#4418,.T.);
#6113=ORIENTED_EDGE('',*,*,#4416,.F.);
#6114=ORIENTED_EDGE('',*,*,#4419,.T.);
#6115=ORIENTED_EDGE('',*,*,#4420,.T.);
#6116=ORIENTED_EDGE('',*,*,#4408,.F.);
#6117=ORIENTED_EDGE('',*,*,#4421,.T.);
#6118=ORIENTED_EDGE('',*,*,#4422,.F.);
#6119=ORIENTED_EDGE('',*,*,#4421,.F.);
#6120=ORIENTED_EDGE('',*,*,#4405,.F.);
#6121=ORIENTED_EDGE('',*,*,#4407,.F.);
#6122=ORIENTED_EDGE('',*,*,#4403,.F.);
#6123=ORIENTED_EDGE('',*,*,#4423,.F.);
#6124=ORIENTED_EDGE('',*,*,#3956,.F.);
#6125=ORIENTED_EDGE('',*,*,#4424,.T.);
#6126=ORIENTED_EDGE('',*,*,#4420,.F.);
#6127=ORIENTED_EDGE('',*,*,#4425,.T.);
#6128=ORIENTED_EDGE('',*,*,#4426,.F.);
#6129=ORIENTED_EDGE('',*,*,#4425,.F.);
#6130=ORIENTED_EDGE('',*,*,#4417,.F.);
#6131=ORIENTED_EDGE('',*,*,#4419,.F.);
#6132=ORIENTED_EDGE('',*,*,#4415,.F.);
#6133=ORIENTED_EDGE('',*,*,#4427,.F.);
#6134=ORIENTED_EDGE('',*,*,#3948,.F.);
#6135=ORIENTED_EDGE('',*,*,#4428,.T.);
#6136=ORIENTED_EDGE('',*,*,#4422,.T.);
#6137=ORIENTED_EDGE('',*,*,#4414,.F.);
#6138=ORIENTED_EDGE('',*,*,#4429,.T.);
#6139=ORIENTED_EDGE('',*,*,#4430,.F.);
#6140=ORIENTED_EDGE('',*,*,#4429,.F.);
#6141=ORIENTED_EDGE('',*,*,#4411,.F.);
#6142=ORIENTED_EDGE('',*,*,#4413,.F.);
#6143=ORIENTED_EDGE('',*,*,#4409,.F.);
#6144=ORIENTED_EDGE('',*,*,#4431,.F.);
#6145=ORIENTED_EDGE('',*,*,#3953,.F.);
#6146=ORIENTED_EDGE('',*,*,#4432,.T.);
#6147=ORIENTED_EDGE('',*,*,#4426,.T.);
#6148=ORIENTED_EDGE('',*,*,#4402,.F.);
#6149=ORIENTED_EDGE('',*,*,#4433,.T.);
#6150=ORIENTED_EDGE('',*,*,#4434,.F.);
#6151=ORIENTED_EDGE('',*,*,#4433,.F.);
#6152=ORIENTED_EDGE('',*,*,#4399,.F.);
#6153=ORIENTED_EDGE('',*,*,#4401,.F.);
#6154=ORIENTED_EDGE('',*,*,#4397,.F.);
#6155=ORIENTED_EDGE('',*,*,#4435,.F.);
#6156=ORIENTED_EDGE('',*,*,#3961,.F.);
#6157=ORIENTED_EDGE('',*,*,#4436,.T.);
#6158=ORIENTED_EDGE('',*,*,#4430,.T.);
#6159=ORIENTED_EDGE('',*,*,#3777,.F.);
#6160=ORIENTED_EDGE('',*,*,#4437,.T.);
#6161=ORIENTED_EDGE('',*,*,#4438,.F.);
#6162=ORIENTED_EDGE('',*,*,#4437,.F.);
#6163=ORIENTED_EDGE('',*,*,#3776,.F.);
#6164=ORIENTED_EDGE('',*,*,#4439,.T.);
#6165=ORIENTED_EDGE('',*,*,#4440,.F.);
#6166=ORIENTED_EDGE('',*,*,#4439,.F.);
#6167=ORIENTED_EDGE('',*,*,#4441,.T.);
#6168=ORIENTED_EDGE('',*,*,#4442,.T.);
#6169=ORIENTED_EDGE('',*,*,#3950,.F.);
#6170=ORIENTED_EDGE('',*,*,#4443,.F.);
#6171=ORIENTED_EDGE('',*,*,#4444,.T.);
#6172=ORIENTED_EDGE('',*,*,#4445,.T.);
#6173=ORIENTED_EDGE('',*,*,#3951,.F.);
#6174=ORIENTED_EDGE('',*,*,#4442,.F.);
#6175=ORIENTED_EDGE('',*,*,#4412,.F.);
#6176=ORIENTED_EDGE('',*,*,#4432,.F.);
#6177=ORIENTED_EDGE('',*,*,#3952,.F.);
#6178=ORIENTED_EDGE('',*,*,#4445,.F.);
#6179=ORIENTED_EDGE('',*,*,#4446,.T.);
#6180=ORIENTED_EDGE('',*,*,#4447,.T.);
#6181=ORIENTED_EDGE('',*,*,#3954,.F.);
#6182=ORIENTED_EDGE('',*,*,#4431,.T.);
#6183=ORIENTED_EDGE('',*,*,#4418,.F.);
#6184=ORIENTED_EDGE('',*,*,#4428,.F.);
#6185=ORIENTED_EDGE('',*,*,#3955,.F.);
#6186=ORIENTED_EDGE('',*,*,#4447,.F.);
#6187=ORIENTED_EDGE('',*,*,#4448,.T.);
#6188=ORIENTED_EDGE('',*,*,#4443,.T.);
#6189=ORIENTED_EDGE('',*,*,#3949,.F.);
#6190=ORIENTED_EDGE('',*,*,#4427,.T.);
#6191=ORIENTED_EDGE('',*,*,#4448,.F.);
#6192=ORIENTED_EDGE('',*,*,#4446,.F.);
#6193=ORIENTED_EDGE('',*,*,#4444,.F.);
#6194=ORIENTED_EDGE('',*,*,#4441,.F.);
#6195=ORIENTED_EDGE('',*,*,#4440,.T.);
#6196=ORIENTED_EDGE('',*,*,#4406,.F.);
#6197=ORIENTED_EDGE('',*,*,#4424,.F.);
#6198=ORIENTED_EDGE('',*,*,#3963,.F.);
#6199=ORIENTED_EDGE('',*,*,#4449,.F.);
#6200=ORIENTED_EDGE('',*,*,#4450,.T.);
#6201=ORIENTED_EDGE('',*,*,#4451,.T.);
#6202=ORIENTED_EDGE('',*,*,#3957,.F.);
#6203=ORIENTED_EDGE('',*,*,#4423,.T.);
#6204=ORIENTED_EDGE('',*,*,#4452,.T.);
#6205=ORIENTED_EDGE('',*,*,#4453,.T.);
#6206=ORIENTED_EDGE('',*,*,#3958,.F.);
#6207=ORIENTED_EDGE('',*,*,#4451,.F.);
#6208=ORIENTED_EDGE('',*,*,#4454,.T.);
#6209=ORIENTED_EDGE('',*,*,#4455,.T.);
#6210=ORIENTED_EDGE('',*,*,#3959,.F.);
#6211=ORIENTED_EDGE('',*,*,#4453,.F.);
#6212=ORIENTED_EDGE('',*,*,#4400,.F.);
#6213=ORIENTED_EDGE('',*,*,#4436,.F.);
#6214=ORIENTED_EDGE('',*,*,#3960,.F.);
#6215=ORIENTED_EDGE('',*,*,#4455,.F.);
#6216=ORIENTED_EDGE('',*,*,#4456,.T.);
#6217=ORIENTED_EDGE('',*,*,#4449,.T.);
#6218=ORIENTED_EDGE('',*,*,#3962,.F.);
#6219=ORIENTED_EDGE('',*,*,#4435,.T.);
#6220=ORIENTED_EDGE('',*,*,#4456,.F.);
#6221=ORIENTED_EDGE('',*,*,#4454,.F.);
#6222=ORIENTED_EDGE('',*,*,#4452,.F.);
#6223=ORIENTED_EDGE('',*,*,#4450,.F.);
#6224=ORIENTED_EDGE('',*,*,#4438,.T.);
#6225=ORIENTED_EDGE('',*,*,#4457,.F.);
#6226=ORIENTED_EDGE('',*,*,#4458,.T.);
#6227=ORIENTED_EDGE('',*,*,#4459,.F.);
#6228=ORIENTED_EDGE('',*,*,#4460,.F.);
#6229=ORIENTED_EDGE('',*,*,#4461,.F.);
#6230=ORIENTED_EDGE('',*,*,#4460,.T.);
#6231=ORIENTED_EDGE('',*,*,#4462,.F.);
#6232=ORIENTED_EDGE('',*,*,#4463,.F.);
#6233=ORIENTED_EDGE('',*,*,#4464,.F.);
#6234=ORIENTED_EDGE('',*,*,#4463,.T.);
#6235=ORIENTED_EDGE('',*,*,#4465,.F.);
#6236=ORIENTED_EDGE('',*,*,#4466,.F.);
#6237=ORIENTED_EDGE('',*,*,#4467,.F.);
#6238=ORIENTED_EDGE('',*,*,#4466,.T.);
#6239=ORIENTED_EDGE('',*,*,#4468,.F.);
#6240=ORIENTED_EDGE('',*,*,#4458,.F.);
#6241=ORIENTED_EDGE('',*,*,#4468,.T.);
#6242=ORIENTED_EDGE('',*,*,#4465,.T.);
#6243=ORIENTED_EDGE('',*,*,#4462,.T.);
#6244=ORIENTED_EDGE('',*,*,#4459,.T.);
#6245=ORIENTED_EDGE('',*,*,#4469,.F.);
#6246=ORIENTED_EDGE('',*,*,#4470,.T.);
#6247=ORIENTED_EDGE('',*,*,#4471,.F.);
#6248=ORIENTED_EDGE('',*,*,#4472,.F.);
#6249=ORIENTED_EDGE('',*,*,#4473,.T.);
#6250=ORIENTED_EDGE('',*,*,#4472,.T.);
#6251=ORIENTED_EDGE('',*,*,#4474,.F.);
#6252=ORIENTED_EDGE('',*,*,#4475,.F.);
#6253=ORIENTED_EDGE('',*,*,#4476,.T.);
#6254=ORIENTED_EDGE('',*,*,#4475,.T.);
#6255=ORIENTED_EDGE('',*,*,#4477,.F.);
#6256=ORIENTED_EDGE('',*,*,#4478,.F.);
#6257=ORIENTED_EDGE('',*,*,#4479,.F.);
#6258=ORIENTED_EDGE('',*,*,#4478,.T.);
#6259=ORIENTED_EDGE('',*,*,#4480,.F.);
#6260=ORIENTED_EDGE('',*,*,#4481,.F.);
#6261=ORIENTED_EDGE('',*,*,#4482,.T.);
#6262=ORIENTED_EDGE('',*,*,#4481,.T.);
#6263=ORIENTED_EDGE('',*,*,#4483,.F.);
#6264=ORIENTED_EDGE('',*,*,#4484,.F.);
#6265=ORIENTED_EDGE('',*,*,#4485,.T.);
#6266=ORIENTED_EDGE('',*,*,#4484,.T.);
#6267=ORIENTED_EDGE('',*,*,#4486,.F.);
#6268=ORIENTED_EDGE('',*,*,#4487,.F.);
#6269=ORIENTED_EDGE('',*,*,#4488,.T.);
#6270=ORIENTED_EDGE('',*,*,#4487,.T.);
#6271=ORIENTED_EDGE('',*,*,#4489,.F.);
#6272=ORIENTED_EDGE('',*,*,#4490,.F.);
#6273=ORIENTED_EDGE('',*,*,#4491,.T.);
#6274=ORIENTED_EDGE('',*,*,#4490,.T.);
#6275=ORIENTED_EDGE('',*,*,#4492,.F.);
#6276=ORIENTED_EDGE('',*,*,#4493,.F.);
#6277=ORIENTED_EDGE('',*,*,#4494,.F.);
#6278=ORIENTED_EDGE('',*,*,#4493,.T.);
#6279=ORIENTED_EDGE('',*,*,#4495,.F.);
#6280=ORIENTED_EDGE('',*,*,#4496,.F.);
#6281=ORIENTED_EDGE('',*,*,#4497,.T.);
#6282=ORIENTED_EDGE('',*,*,#4496,.T.);
#6283=ORIENTED_EDGE('',*,*,#4498,.F.);
#6284=ORIENTED_EDGE('',*,*,#4499,.F.);
#6285=ORIENTED_EDGE('',*,*,#4500,.F.);
#6286=ORIENTED_EDGE('',*,*,#4499,.T.);
#6287=ORIENTED_EDGE('',*,*,#4501,.F.);
#6288=ORIENTED_EDGE('',*,*,#4502,.F.);
#6289=ORIENTED_EDGE('',*,*,#4503,.T.);
#6290=ORIENTED_EDGE('',*,*,#4502,.T.);
#6291=ORIENTED_EDGE('',*,*,#4504,.F.);
#6292=ORIENTED_EDGE('',*,*,#4505,.F.);
#6293=ORIENTED_EDGE('',*,*,#4506,.T.);
#6294=ORIENTED_EDGE('',*,*,#4505,.T.);
#6295=ORIENTED_EDGE('',*,*,#4507,.F.);
#6296=ORIENTED_EDGE('',*,*,#4508,.F.);
#6297=ORIENTED_EDGE('',*,*,#4509,.F.);
#6298=ORIENTED_EDGE('',*,*,#4508,.T.);
#6299=ORIENTED_EDGE('',*,*,#4510,.F.);
#6300=ORIENTED_EDGE('',*,*,#4511,.F.);
#6301=ORIENTED_EDGE('',*,*,#4512,.T.);
#6302=ORIENTED_EDGE('',*,*,#4511,.T.);
#6303=ORIENTED_EDGE('',*,*,#4513,.F.);
#6304=ORIENTED_EDGE('',*,*,#4514,.F.);
#6305=ORIENTED_EDGE('',*,*,#4515,.T.);
#6306=ORIENTED_EDGE('',*,*,#4514,.T.);
#6307=ORIENTED_EDGE('',*,*,#4516,.F.);
#6308=ORIENTED_EDGE('',*,*,#4517,.F.);
#6309=ORIENTED_EDGE('',*,*,#4518,.T.);
#6310=ORIENTED_EDGE('',*,*,#4517,.T.);
#6311=ORIENTED_EDGE('',*,*,#4519,.F.);
#6312=ORIENTED_EDGE('',*,*,#4520,.F.);
#6313=ORIENTED_EDGE('',*,*,#4521,.T.);
#6314=ORIENTED_EDGE('',*,*,#4520,.T.);
#6315=ORIENTED_EDGE('',*,*,#4522,.F.);
#6316=ORIENTED_EDGE('',*,*,#4523,.F.);
#6317=ORIENTED_EDGE('',*,*,#4524,.F.);
#6318=ORIENTED_EDGE('',*,*,#4523,.T.);
#6319=ORIENTED_EDGE('',*,*,#4525,.F.);
#6320=ORIENTED_EDGE('',*,*,#4526,.F.);
#6321=ORIENTED_EDGE('',*,*,#4527,.T.);
#6322=ORIENTED_EDGE('',*,*,#4526,.T.);
#6323=ORIENTED_EDGE('',*,*,#4528,.F.);
#6324=ORIENTED_EDGE('',*,*,#4529,.F.);
#6325=ORIENTED_EDGE('',*,*,#4530,.F.);
#6326=ORIENTED_EDGE('',*,*,#4529,.T.);
#6327=ORIENTED_EDGE('',*,*,#4531,.F.);
#6328=ORIENTED_EDGE('',*,*,#4532,.F.);
#6329=ORIENTED_EDGE('',*,*,#4533,.T.);
#6330=ORIENTED_EDGE('',*,*,#4532,.T.);
#6331=ORIENTED_EDGE('',*,*,#4534,.F.);
#6332=ORIENTED_EDGE('',*,*,#4535,.F.);
#6333=ORIENTED_EDGE('',*,*,#4536,.T.);
#6334=ORIENTED_EDGE('',*,*,#4535,.T.);
#6335=ORIENTED_EDGE('',*,*,#4537,.F.);
#6336=ORIENTED_EDGE('',*,*,#4538,.F.);
#6337=ORIENTED_EDGE('',*,*,#4539,.F.);
#6338=ORIENTED_EDGE('',*,*,#4538,.T.);
#6339=ORIENTED_EDGE('',*,*,#4540,.F.);
#6340=ORIENTED_EDGE('',*,*,#4541,.F.);
#6341=ORIENTED_EDGE('',*,*,#4542,.T.);
#6342=ORIENTED_EDGE('',*,*,#4541,.T.);
#6343=ORIENTED_EDGE('',*,*,#4543,.F.);
#6344=ORIENTED_EDGE('',*,*,#4544,.F.);
#6345=ORIENTED_EDGE('',*,*,#4545,.T.);
#6346=ORIENTED_EDGE('',*,*,#4544,.T.);
#6347=ORIENTED_EDGE('',*,*,#4546,.F.);
#6348=ORIENTED_EDGE('',*,*,#4547,.F.);
#6349=ORIENTED_EDGE('',*,*,#4548,.T.);
#6350=ORIENTED_EDGE('',*,*,#4547,.T.);
#6351=ORIENTED_EDGE('',*,*,#4549,.F.);
#6352=ORIENTED_EDGE('',*,*,#4550,.F.);
#6353=ORIENTED_EDGE('',*,*,#4551,.T.);
#6354=ORIENTED_EDGE('',*,*,#4550,.T.);
#6355=ORIENTED_EDGE('',*,*,#4552,.F.);
#6356=ORIENTED_EDGE('',*,*,#4553,.F.);
#6357=ORIENTED_EDGE('',*,*,#4554,.F.);
#6358=ORIENTED_EDGE('',*,*,#4553,.T.);
#6359=ORIENTED_EDGE('',*,*,#4555,.F.);
#6360=ORIENTED_EDGE('',*,*,#4556,.F.);
#6361=ORIENTED_EDGE('',*,*,#4557,.T.);
#6362=ORIENTED_EDGE('',*,*,#4556,.T.);
#6363=ORIENTED_EDGE('',*,*,#4558,.F.);
#6364=ORIENTED_EDGE('',*,*,#4559,.F.);
#6365=ORIENTED_EDGE('',*,*,#4560,.F.);
#6366=ORIENTED_EDGE('',*,*,#4559,.T.);
#6367=ORIENTED_EDGE('',*,*,#4561,.F.);
#6368=ORIENTED_EDGE('',*,*,#4562,.F.);
#6369=ORIENTED_EDGE('',*,*,#4563,.T.);
#6370=ORIENTED_EDGE('',*,*,#4562,.T.);
#6371=ORIENTED_EDGE('',*,*,#4564,.F.);
#6372=ORIENTED_EDGE('',*,*,#4565,.F.);
#6373=ORIENTED_EDGE('',*,*,#4566,.T.);
#6374=ORIENTED_EDGE('',*,*,#4565,.T.);
#6375=ORIENTED_EDGE('',*,*,#4567,.F.);
#6376=ORIENTED_EDGE('',*,*,#4568,.F.);
#6377=ORIENTED_EDGE('',*,*,#4569,.F.);
#6378=ORIENTED_EDGE('',*,*,#4568,.T.);
#6379=ORIENTED_EDGE('',*,*,#4570,.F.);
#6380=ORIENTED_EDGE('',*,*,#4571,.F.);
#6381=ORIENTED_EDGE('',*,*,#4572,.T.);
#6382=ORIENTED_EDGE('',*,*,#4571,.T.);
#6383=ORIENTED_EDGE('',*,*,#4573,.F.);
#6384=ORIENTED_EDGE('',*,*,#4574,.F.);
#6385=ORIENTED_EDGE('',*,*,#4575,.T.);
#6386=ORIENTED_EDGE('',*,*,#4574,.T.);
#6387=ORIENTED_EDGE('',*,*,#4576,.F.);
#6388=ORIENTED_EDGE('',*,*,#4577,.F.);
#6389=ORIENTED_EDGE('',*,*,#4578,.T.);
#6390=ORIENTED_EDGE('',*,*,#4577,.T.);
#6391=ORIENTED_EDGE('',*,*,#4579,.F.);
#6392=ORIENTED_EDGE('',*,*,#4580,.F.);
#6393=ORIENTED_EDGE('',*,*,#4581,.T.);
#6394=ORIENTED_EDGE('',*,*,#4580,.T.);
#6395=ORIENTED_EDGE('',*,*,#4582,.F.);
#6396=ORIENTED_EDGE('',*,*,#4583,.F.);
#6397=ORIENTED_EDGE('',*,*,#4584,.F.);
#6398=ORIENTED_EDGE('',*,*,#4583,.T.);
#6399=ORIENTED_EDGE('',*,*,#4585,.F.);
#6400=ORIENTED_EDGE('',*,*,#4586,.F.);
#6401=ORIENTED_EDGE('',*,*,#4587,.T.);
#6402=ORIENTED_EDGE('',*,*,#4586,.T.);
#6403=ORIENTED_EDGE('',*,*,#4588,.F.);
#6404=ORIENTED_EDGE('',*,*,#4470,.F.);
#6405=ORIENTED_EDGE('',*,*,#4587,.F.);
#6406=ORIENTED_EDGE('',*,*,#4469,.T.);
#6407=ORIENTED_EDGE('',*,*,#4473,.F.);
#6408=ORIENTED_EDGE('',*,*,#4476,.F.);
#6409=ORIENTED_EDGE('',*,*,#4479,.T.);
#6410=ORIENTED_EDGE('',*,*,#4482,.F.);
#6411=ORIENTED_EDGE('',*,*,#4485,.F.);
#6412=ORIENTED_EDGE('',*,*,#4488,.F.);
#6413=ORIENTED_EDGE('',*,*,#4491,.F.);
#6414=ORIENTED_EDGE('',*,*,#4494,.T.);
#6415=ORIENTED_EDGE('',*,*,#4497,.F.);
#6416=ORIENTED_EDGE('',*,*,#4500,.T.);
#6417=ORIENTED_EDGE('',*,*,#4503,.F.);
#6418=ORIENTED_EDGE('',*,*,#4506,.F.);
#6419=ORIENTED_EDGE('',*,*,#4509,.T.);
#6420=ORIENTED_EDGE('',*,*,#4512,.F.);
#6421=ORIENTED_EDGE('',*,*,#4515,.F.);
#6422=ORIENTED_EDGE('',*,*,#4518,.F.);
#6423=ORIENTED_EDGE('',*,*,#4521,.F.);
#6424=ORIENTED_EDGE('',*,*,#4524,.T.);
#6425=ORIENTED_EDGE('',*,*,#4527,.F.);
#6426=ORIENTED_EDGE('',*,*,#4530,.T.);
#6427=ORIENTED_EDGE('',*,*,#4533,.F.);
#6428=ORIENTED_EDGE('',*,*,#4536,.F.);
#6429=ORIENTED_EDGE('',*,*,#4539,.T.);
#6430=ORIENTED_EDGE('',*,*,#4542,.F.);
#6431=ORIENTED_EDGE('',*,*,#4545,.F.);
#6432=ORIENTED_EDGE('',*,*,#4548,.F.);
#6433=ORIENTED_EDGE('',*,*,#4551,.F.);
#6434=ORIENTED_EDGE('',*,*,#4554,.T.);
#6435=ORIENTED_EDGE('',*,*,#4557,.F.);
#6436=ORIENTED_EDGE('',*,*,#4560,.T.);
#6437=ORIENTED_EDGE('',*,*,#4563,.F.);
#6438=ORIENTED_EDGE('',*,*,#4566,.F.);
#6439=ORIENTED_EDGE('',*,*,#4569,.T.);
#6440=ORIENTED_EDGE('',*,*,#4572,.F.);
#6441=ORIENTED_EDGE('',*,*,#4575,.F.);
#6442=ORIENTED_EDGE('',*,*,#4578,.F.);
#6443=ORIENTED_EDGE('',*,*,#4581,.F.);
#6444=ORIENTED_EDGE('',*,*,#4584,.T.);
#6445=ORIENTED_EDGE('',*,*,#4457,.T.);
#6446=ORIENTED_EDGE('',*,*,#4461,.T.);
#6447=ORIENTED_EDGE('',*,*,#4464,.T.);
#6448=ORIENTED_EDGE('',*,*,#4467,.T.);
#6449=ORIENTED_EDGE('',*,*,#3968,.F.);
#6450=ORIENTED_EDGE('',*,*,#4589,.T.);
#6451=ORIENTED_EDGE('',*,*,#4590,.T.);
#6452=ORIENTED_EDGE('',*,*,#4591,.F.);
#6453=ORIENTED_EDGE('',*,*,#3969,.F.);
#6454=ORIENTED_EDGE('',*,*,#4591,.T.);
#6455=ORIENTED_EDGE('',*,*,#4592,.T.);
#6456=ORIENTED_EDGE('',*,*,#4593,.F.);
#6457=ORIENTED_EDGE('',*,*,#3970,.F.);
#6458=ORIENTED_EDGE('',*,*,#4593,.T.);
#6459=ORIENTED_EDGE('',*,*,#4594,.T.);
#6460=ORIENTED_EDGE('',*,*,#4595,.F.);
#6461=ORIENTED_EDGE('',*,*,#3971,.F.);
#6462=ORIENTED_EDGE('',*,*,#4595,.T.);
#6463=ORIENTED_EDGE('',*,*,#4596,.T.);
#6464=ORIENTED_EDGE('',*,*,#4597,.F.);
#6465=ORIENTED_EDGE('',*,*,#3964,.F.);
#6466=ORIENTED_EDGE('',*,*,#4597,.T.);
#6467=ORIENTED_EDGE('',*,*,#4598,.T.);
#6468=ORIENTED_EDGE('',*,*,#4599,.F.);
#6469=ORIENTED_EDGE('',*,*,#3967,.F.);
#6470=ORIENTED_EDGE('',*,*,#4600,.T.);
#6471=ORIENTED_EDGE('',*,*,#4601,.T.);
#6472=ORIENTED_EDGE('',*,*,#4589,.F.);
#6473=ORIENTED_EDGE('',*,*,#3966,.F.);
#6474=ORIENTED_EDGE('',*,*,#4602,.T.);
#6475=ORIENTED_EDGE('',*,*,#4603,.T.);
#6476=ORIENTED_EDGE('',*,*,#4600,.F.);
#6477=ORIENTED_EDGE('',*,*,#3965,.F.);
#6478=ORIENTED_EDGE('',*,*,#4599,.T.);
#6479=ORIENTED_EDGE('',*,*,#4604,.T.);
#6480=ORIENTED_EDGE('',*,*,#4602,.F.);
#6481=ORIENTED_EDGE('',*,*,#4604,.F.);
#6482=ORIENTED_EDGE('',*,*,#4598,.F.);
#6483=ORIENTED_EDGE('',*,*,#4596,.F.);
#6484=ORIENTED_EDGE('',*,*,#4594,.F.);
#6485=ORIENTED_EDGE('',*,*,#4592,.F.);
#6486=ORIENTED_EDGE('',*,*,#4590,.F.);
#6487=ORIENTED_EDGE('',*,*,#4601,.F.);
#6488=ORIENTED_EDGE('',*,*,#4603,.F.);
#6489=ORIENTED_EDGE('',*,*,#4471,.T.);
#6490=ORIENTED_EDGE('',*,*,#4588,.T.);
#6491=ORIENTED_EDGE('',*,*,#4585,.T.);
#6492=ORIENTED_EDGE('',*,*,#4582,.T.);
#6493=ORIENTED_EDGE('',*,*,#4579,.T.);
#6494=ORIENTED_EDGE('',*,*,#4576,.T.);
#6495=ORIENTED_EDGE('',*,*,#4573,.T.);
#6496=ORIENTED_EDGE('',*,*,#4570,.T.);
#6497=ORIENTED_EDGE('',*,*,#4567,.T.);
#6498=ORIENTED_EDGE('',*,*,#4564,.T.);
#6499=ORIENTED_EDGE('',*,*,#4561,.T.);
#6500=ORIENTED_EDGE('',*,*,#4558,.T.);
#6501=ORIENTED_EDGE('',*,*,#4555,.T.);
#6502=ORIENTED_EDGE('',*,*,#4552,.T.);
#6503=ORIENTED_EDGE('',*,*,#4549,.T.);
#6504=ORIENTED_EDGE('',*,*,#4546,.T.);
#6505=ORIENTED_EDGE('',*,*,#4543,.T.);
#6506=ORIENTED_EDGE('',*,*,#4540,.T.);
#6507=ORIENTED_EDGE('',*,*,#4537,.T.);
#6508=ORIENTED_EDGE('',*,*,#4534,.T.);
#6509=ORIENTED_EDGE('',*,*,#4531,.T.);
#6510=ORIENTED_EDGE('',*,*,#4528,.T.);
#6511=ORIENTED_EDGE('',*,*,#4525,.T.);
#6512=ORIENTED_EDGE('',*,*,#4522,.T.);
#6513=ORIENTED_EDGE('',*,*,#4519,.T.);
#6514=ORIENTED_EDGE('',*,*,#4516,.T.);
#6515=ORIENTED_EDGE('',*,*,#4513,.T.);
#6516=ORIENTED_EDGE('',*,*,#4510,.T.);
#6517=ORIENTED_EDGE('',*,*,#4507,.T.);
#6518=ORIENTED_EDGE('',*,*,#4504,.T.);
#6519=ORIENTED_EDGE('',*,*,#4501,.T.);
#6520=ORIENTED_EDGE('',*,*,#4498,.T.);
#6521=ORIENTED_EDGE('',*,*,#4495,.T.);
#6522=ORIENTED_EDGE('',*,*,#4492,.T.);
#6523=ORIENTED_EDGE('',*,*,#4489,.T.);
#6524=ORIENTED_EDGE('',*,*,#4486,.T.);
#6525=ORIENTED_EDGE('',*,*,#4483,.T.);
#6526=ORIENTED_EDGE('',*,*,#4480,.T.);
#6527=ORIENTED_EDGE('',*,*,#4477,.T.);
#6528=ORIENTED_EDGE('',*,*,#4474,.T.);
#6529=ORIENTED_EDGE('',*,*,#4605,.F.);
#6530=ORIENTED_EDGE('',*,*,#4606,.F.);
#6531=ORIENTED_EDGE('',*,*,#4607,.F.);
#6532=ORIENTED_EDGE('',*,*,#4608,.F.);
#6533=ORIENTED_EDGE('',*,*,#4605,.T.);
#6534=ORIENTED_EDGE('',*,*,#4609,.T.);
#6535=ORIENTED_EDGE('',*,*,#3775,.F.);
#6536=ORIENTED_EDGE('',*,*,#4609,.F.);
#6537=ORIENTED_EDGE('',*,*,#4606,.T.);
#6538=ORIENTED_EDGE('',*,*,#4610,.T.);
#6539=ORIENTED_EDGE('',*,*,#3774,.F.);
#6540=ORIENTED_EDGE('',*,*,#4610,.F.);
#6541=ORIENTED_EDGE('',*,*,#4607,.T.);
#6542=ORIENTED_EDGE('',*,*,#4611,.T.);
#6543=ORIENTED_EDGE('',*,*,#3773,.F.);
#6544=ORIENTED_EDGE('',*,*,#4611,.F.);
#6545=ORIENTED_EDGE('',*,*,#4608,.T.);
#6546=ORIENTED_EDGE('',*,*,#4612,.T.);
#6547=ORIENTED_EDGE('',*,*,#3772,.F.);
#6548=ORIENTED_EDGE('',*,*,#4612,.F.);
#6549=ORIENTED_EDGE('',*,*,#3922,.F.);
#6550=ORIENTED_EDGE('',*,*,#3902,.T.);
#6551=ORIENTED_EDGE('',*,*,#3808,.F.);
#6552=ORIENTED_EDGE('',*,*,#3661,.F.);
#6553=ORIENTED_EDGE('',*,*,#3852,.T.);
#6554=ORIENTED_EDGE('',*,*,#3867,.F.);
#6555=ORIENTED_EDGE('',*,*,#3926,.F.);
#6556=ORIENTED_EDGE('',*,*,#4073,.T.);
#6557=ORIENTED_EDGE('',*,*,#3653,.T.);
#6558=ORIENTED_EDGE('',*,*,#3811,.F.);
#6559=ORIENTED_EDGE('',*,*,#4613,.F.);
#6560=ORIENTED_EDGE('',*,*,#3930,.F.);
#6561=ORIENTED_EDGE('',*,*,#3931,.F.);
#6562=ORIENTED_EDGE('',*,*,#4613,.T.);
#6563=ORIENTED_EDGE('',*,*,#3810,.F.);
#6564=ORIENTED_EDGE('',*,*,#3901,.F.);
#6565=ORIENTED_EDGE('',*,*,#4084,.T.);
#6566=ORIENTED_EDGE('',*,*,#4614,.T.);
#6567=ORIENTED_EDGE('',*,*,#3764,.F.);
#6568=ORIENTED_EDGE('',*,*,#4156,.F.);
#6569=ORIENTED_EDGE('',*,*,#4089,.T.);
#6570=ORIENTED_EDGE('',*,*,#4153,.T.);
#6571=ORIENTED_EDGE('',*,*,#3767,.F.);
#6572=ORIENTED_EDGE('',*,*,#4615,.F.);
#6573=ORIENTED_EDGE('',*,*,#4090,.T.);
#6574=ORIENTED_EDGE('',*,*,#4615,.T.);
#6575=ORIENTED_EDGE('',*,*,#3766,.F.);
#6576=ORIENTED_EDGE('',*,*,#4616,.T.);
#6577=ORIENTED_EDGE('',*,*,#4091,.T.);
#6578=ORIENTED_EDGE('',*,*,#4616,.F.);
#6579=ORIENTED_EDGE('',*,*,#3765,.F.);
#6580=ORIENTED_EDGE('',*,*,#4614,.F.);
#6581=ORIENTED_EDGE('',*,*,#4092,.T.);
#6582=ORIENTED_EDGE('',*,*,#4617,.T.);
#6583=ORIENTED_EDGE('',*,*,#3756,.F.);
#6584=ORIENTED_EDGE('',*,*,#4161,.F.);
#6585=ORIENTED_EDGE('',*,*,#4097,.T.);
#6586=ORIENTED_EDGE('',*,*,#4158,.T.);
#6587=ORIENTED_EDGE('',*,*,#3759,.F.);
#6588=ORIENTED_EDGE('',*,*,#4618,.F.);
#6589=ORIENTED_EDGE('',*,*,#4098,.T.);
#6590=ORIENTED_EDGE('',*,*,#4618,.T.);
#6591=ORIENTED_EDGE('',*,*,#3758,.F.);
#6592=ORIENTED_EDGE('',*,*,#4619,.T.);
#6593=ORIENTED_EDGE('',*,*,#4099,.T.);
#6594=ORIENTED_EDGE('',*,*,#4619,.F.);
#6595=ORIENTED_EDGE('',*,*,#3757,.F.);
#6596=ORIENTED_EDGE('',*,*,#4617,.F.);
#6597=ORIENTED_EDGE('',*,*,#4120,.T.);
#6598=ORIENTED_EDGE('',*,*,#4620,.T.);
#6599=ORIENTED_EDGE('',*,*,#3748,.F.);
#6600=ORIENTED_EDGE('',*,*,#4176,.F.);
#6601=ORIENTED_EDGE('',*,*,#4125,.T.);
#6602=ORIENTED_EDGE('',*,*,#4173,.T.);
#6603=ORIENTED_EDGE('',*,*,#3751,.F.);
#6604=ORIENTED_EDGE('',*,*,#4621,.F.);
#6605=ORIENTED_EDGE('',*,*,#4126,.T.);
#6606=ORIENTED_EDGE('',*,*,#4621,.T.);
#6607=ORIENTED_EDGE('',*,*,#3750,.F.);
#6608=ORIENTED_EDGE('',*,*,#4622,.T.);
#6609=ORIENTED_EDGE('',*,*,#4127,.T.);
#6610=ORIENTED_EDGE('',*,*,#4622,.F.);
#6611=ORIENTED_EDGE('',*,*,#3749,.F.);
#6612=ORIENTED_EDGE('',*,*,#4620,.F.);
#6613=ORIENTED_EDGE('',*,*,#4128,.T.);
#6614=ORIENTED_EDGE('',*,*,#4623,.T.);
#6615=ORIENTED_EDGE('',*,*,#3740,.F.);
#6616=ORIENTED_EDGE('',*,*,#4181,.F.);
#6617=ORIENTED_EDGE('',*,*,#4133,.T.);
#6618=ORIENTED_EDGE('',*,*,#4178,.T.);
#6619=ORIENTED_EDGE('',*,*,#3743,.F.);
#6620=ORIENTED_EDGE('',*,*,#4624,.F.);
#6621=ORIENTED_EDGE('',*,*,#4134,.T.);
#6622=ORIENTED_EDGE('',*,*,#4624,.T.);
#6623=ORIENTED_EDGE('',*,*,#3742,.F.);
#6624=ORIENTED_EDGE('',*,*,#4625,.T.);
#6625=ORIENTED_EDGE('',*,*,#4135,.T.);
#6626=ORIENTED_EDGE('',*,*,#4625,.F.);
#6627=ORIENTED_EDGE('',*,*,#3741,.F.);
#6628=ORIENTED_EDGE('',*,*,#4623,.F.);
#6629=ORIENTED_EDGE('',*,*,#4136,.T.);
#6630=ORIENTED_EDGE('',*,*,#4626,.T.);
#6631=ORIENTED_EDGE('',*,*,#3732,.F.);
#6632=ORIENTED_EDGE('',*,*,#4186,.F.);
#6633=ORIENTED_EDGE('',*,*,#4141,.T.);
#6634=ORIENTED_EDGE('',*,*,#4183,.T.);
#6635=ORIENTED_EDGE('',*,*,#3735,.F.);
#6636=ORIENTED_EDGE('',*,*,#4627,.F.);
#6637=ORIENTED_EDGE('',*,*,#4142,.T.);
#6638=ORIENTED_EDGE('',*,*,#4627,.T.);
#6639=ORIENTED_EDGE('',*,*,#3734,.F.);
#6640=ORIENTED_EDGE('',*,*,#4628,.T.);
#6641=ORIENTED_EDGE('',*,*,#4143,.T.);
#6642=ORIENTED_EDGE('',*,*,#4628,.F.);
#6643=ORIENTED_EDGE('',*,*,#3733,.F.);
#6644=ORIENTED_EDGE('',*,*,#4626,.F.);
#6645=ORIENTED_EDGE('',*,*,#4144,.T.);
#6646=ORIENTED_EDGE('',*,*,#4629,.T.);
#6647=ORIENTED_EDGE('',*,*,#3724,.F.);
#6648=ORIENTED_EDGE('',*,*,#4191,.F.);
#6649=ORIENTED_EDGE('',*,*,#4149,.T.);
#6650=ORIENTED_EDGE('',*,*,#4188,.T.);
#6651=ORIENTED_EDGE('',*,*,#3727,.F.);
#6652=ORIENTED_EDGE('',*,*,#4630,.F.);
#6653=ORIENTED_EDGE('',*,*,#4150,.T.);
#6654=ORIENTED_EDGE('',*,*,#4630,.T.);
#6655=ORIENTED_EDGE('',*,*,#3726,.F.);
#6656=ORIENTED_EDGE('',*,*,#4631,.T.);
#6657=ORIENTED_EDGE('',*,*,#4151,.T.);
#6658=ORIENTED_EDGE('',*,*,#4631,.F.);
#6659=ORIENTED_EDGE('',*,*,#3725,.F.);
#6660=ORIENTED_EDGE('',*,*,#4629,.F.);
#6661=ORIENTED_EDGE('',*,*,#4100,.T.);
#6662=ORIENTED_EDGE('',*,*,#4632,.T.);
#6663=ORIENTED_EDGE('',*,*,#3716,.F.);
#6664=ORIENTED_EDGE('',*,*,#4166,.F.);
#6665=ORIENTED_EDGE('',*,*,#4105,.T.);
#6666=ORIENTED_EDGE('',*,*,#4163,.T.);
#6667=ORIENTED_EDGE('',*,*,#3719,.F.);
#6668=ORIENTED_EDGE('',*,*,#4633,.F.);
#6669=ORIENTED_EDGE('',*,*,#4106,.T.);
#6670=ORIENTED_EDGE('',*,*,#4633,.T.);
#6671=ORIENTED_EDGE('',*,*,#3718,.F.);
#6672=ORIENTED_EDGE('',*,*,#4634,.T.);
#6673=ORIENTED_EDGE('',*,*,#4107,.T.);
#6674=ORIENTED_EDGE('',*,*,#4634,.F.);
#6675=ORIENTED_EDGE('',*,*,#3717,.F.);
#6676=ORIENTED_EDGE('',*,*,#4632,.F.);
#6677=ORIENTED_EDGE('',*,*,#4108,.T.);
#6678=ORIENTED_EDGE('',*,*,#4635,.T.);
#6679=ORIENTED_EDGE('',*,*,#3708,.F.);
#6680=ORIENTED_EDGE('',*,*,#4171,.F.);
#6681=ORIENTED_EDGE('',*,*,#4113,.T.);
#6682=ORIENTED_EDGE('',*,*,#4168,.T.);
#6683=ORIENTED_EDGE('',*,*,#3711,.F.);
#6684=ORIENTED_EDGE('',*,*,#4636,.F.);
#6685=ORIENTED_EDGE('',*,*,#4114,.T.);
#6686=ORIENTED_EDGE('',*,*,#4636,.T.);
#6687=ORIENTED_EDGE('',*,*,#3710,.F.);
#6688=ORIENTED_EDGE('',*,*,#4637,.T.);
#6689=ORIENTED_EDGE('',*,*,#4115,.T.);
#6690=ORIENTED_EDGE('',*,*,#4637,.F.);
#6691=ORIENTED_EDGE('',*,*,#3709,.F.);
#6692=ORIENTED_EDGE('',*,*,#4635,.F.);
#6693=ORIENTED_EDGE('',*,*,#3690,.F.);
#6694=ORIENTED_EDGE('',*,*,#3701,.T.);
#6695=ORIENTED_EDGE('',*,*,#3820,.F.);
#6696=ORIENTED_EDGE('',*,*,#4638,.F.);
#6697=ORIENTED_EDGE('',*,*,#3693,.F.);
#6698=ORIENTED_EDGE('',*,*,#4638,.T.);
#6699=ORIENTED_EDGE('',*,*,#3819,.F.);
#6700=ORIENTED_EDGE('',*,*,#4639,.F.);
#6701=ORIENTED_EDGE('',*,*,#3696,.F.);
#6702=ORIENTED_EDGE('',*,*,#4639,.T.);
#6703=ORIENTED_EDGE('',*,*,#3818,.F.);
#6704=ORIENTED_EDGE('',*,*,#3998,.F.);
#6705=ORIENTED_EDGE('',*,*,#4434,.T.);
#6706=CYLINDRICAL_SURFACE('',#7292,2.5);
#6707=CYLINDRICAL_SURFACE('',#7295,2.5);
#6708=CYLINDRICAL_SURFACE('',#7298,2.5);
#6709=CYLINDRICAL_SURFACE('',#7301,2.5);
#6710=CYLINDRICAL_SURFACE('',#7305,1.05);
#6711=CYLINDRICAL_SURFACE('',#7309,1.05000000000002);
#6712=CYLINDRICAL_SURFACE('',#7313,1.05000000000003);
#6713=CYLINDRICAL_SURFACE('',#7318,1.05000000000002);
#6714=CYLINDRICAL_SURFACE('',#7341,2.);
#6715=CYLINDRICAL_SURFACE('',#7348,2.);
#6716=CYLINDRICAL_SURFACE('',#7354,2.);
#6717=CYLINDRICAL_SURFACE('',#7360,2.);
#6718=CYLINDRICAL_SURFACE('',#7365,22.5);
#6719=CYLINDRICAL_SURFACE('',#7368,6.);
#6720=CYLINDRICAL_SURFACE('',#7433,5.00000000000002);
#6721=CYLINDRICAL_SURFACE('',#7435,5.00000000000001);
#6722=CYLINDRICAL_SURFACE('',#7463,0.700000000000003);
#6723=CYLINDRICAL_SURFACE('',#7466,2.25);
#6724=CYLINDRICAL_SURFACE('',#7512,0.700000000000003);
#6725=CYLINDRICAL_SURFACE('',#7515,2.25);
#6726=CYLINDRICAL_SURFACE('',#7520,21.5);
#6727=CYLINDRICAL_SURFACE('',#7522,21.4999999999999);
#6728=CYLINDRICAL_SURFACE('',#7523,6.);
#6729=CYLINDRICAL_SURFACE('',#7524,0.700000000000003);
#6730=CYLINDRICAL_SURFACE('',#7527,2.25);
#6731=CYLINDRICAL_SURFACE('',#7531,0.700000000000003);
#6732=CYLINDRICAL_SURFACE('',#7534,2.25);
#6733=CYLINDRICAL_SURFACE('',#7538,0.700000000000003);
#6734=CYLINDRICAL_SURFACE('',#7541,2.25);
#6735=CYLINDRICAL_SURFACE('',#7545,0.700000000000003);
#6736=CYLINDRICAL_SURFACE('',#7548,2.25);
#6737=CYLINDRICAL_SURFACE('',#7552,0.700000000000003);
#6738=CYLINDRICAL_SURFACE('',#7555,2.25000000000001);
#6739=CYLINDRICAL_SURFACE('',#7559,0.700000000000003);
#6740=CYLINDRICAL_SURFACE('',#7562,2.25);
#6741=CYLINDRICAL_SURFACE('',#7566,0.700000000000003);
#6742=CYLINDRICAL_SURFACE('',#7569,2.25);
#6743=CYLINDRICAL_SURFACE('',#7573,0.699999999999994);
#6744=CYLINDRICAL_SURFACE('',#7576,2.25000000000001);
#6745=CYLINDRICAL_SURFACE('',#7580,0.700000000000003);
#6746=CYLINDRICAL_SURFACE('',#7583,2.25000000000001);
#6747=CYLINDRICAL_SURFACE('',#7587,0.699999999999994);
#6748=CYLINDRICAL_SURFACE('',#7589,2.25000000000001);
#6749=CYLINDRICAL_SURFACE('',#7591,0.700000000000003);
#6750=CYLINDRICAL_SURFACE('',#7594,2.25);
#6751=CYLINDRICAL_SURFACE('',#7599,4.);
#6752=CYLINDRICAL_SURFACE('',#7604,3.1);
#6753=CYLINDRICAL_SURFACE('',#7605,0.700000000000001);
#6754=CYLINDRICAL_SURFACE('',#7608,2.254);
#6755=CYLINDRICAL_SURFACE('',#7613,4.);
#6756=CYLINDRICAL_SURFACE('',#7614,0.699999999999994);
#6757=CYLINDRICAL_SURFACE('',#7616,2.24999999999998);
#6758=CYLINDRICAL_SURFACE('',#7617,0.700000000000003);
#6759=CYLINDRICAL_SURFACE('',#7619,2.5);
#6760=CYLINDRICAL_SURFACE('',#7622,0.700000000000003);
#6761=CYLINDRICAL_SURFACE('',#7624,2.5);
#6762=CYLINDRICAL_SURFACE('',#7626,0.700000000000003);
#6763=CYLINDRICAL_SURFACE('',#7628,2.5);
#6764=CYLINDRICAL_SURFACE('',#7630,0.700000000000003);
#6765=CYLINDRICAL_SURFACE('',#7632,2.5);
#6766=CYLINDRICAL_SURFACE('',#7669,1.00000000000004);
#6767=CYLINDRICAL_SURFACE('',#7671,1.00000000000001);
#6768=CYLINDRICAL_SURFACE('',#7673,1.00000000000009);
#6769=CYLINDRICAL_SURFACE('',#7675,1.00000000000008);
#6770=CYLINDRICAL_SURFACE('',#7677,1.00000000000008);
#6771=CYLINDRICAL_SURFACE('',#7679,1.00000000000003);
#6772=CYLINDRICAL_SURFACE('',#7681,1.00000000000009);
#6773=CYLINDRICAL_SURFACE('',#7683,1.00000000000008);
#6774=CYLINDRICAL_SURFACE('',#7684,0.999999999999977);
#6775=CYLINDRICAL_SURFACE('',#7686,1.00000000000002);
#6776=CYLINDRICAL_SURFACE('',#7688,1.00000000000001);
#6777=CYLINDRICAL_SURFACE('',#7690,0.999999999999977);
#6778=CYLINDRICAL_SURFACE('',#7692,0.999999999999977);
#6779=CYLINDRICAL_SURFACE('',#7694,1.00000000000001);
#6780=CYLINDRICAL_SURFACE('',#7697,1.00000000000003);
#6781=CYLINDRICAL_SURFACE('',#7699,0.999999999999977);
#6782=CYLINDRICAL_SURFACE('',#7700,0.700000000000003);
#6783=CYLINDRICAL_SURFACE('',#7703,2.25);
#6784=CYLINDRICAL_SURFACE('',#7718,0.700000000000003);
#6785=CYLINDRICAL_SURFACE('',#7721,2.25);
#6786=CYLINDRICAL_SURFACE('',#7725,0.700000000000003);
#6787=CYLINDRICAL_SURFACE('',#7728,2.25);
#6788=CYLINDRICAL_SURFACE('',#7732,0.700000000000003);
#6789=CYLINDRICAL_SURFACE('',#7735,2.25);
#6790=CYLINDRICAL_SURFACE('',#7751,2.79999999999999);
#6791=CYLINDRICAL_SURFACE('',#7754,7.00000000000001);
#6792=CYLINDRICAL_SURFACE('',#7757,2.79999999999999);
#6793=CYLINDRICAL_SURFACE('',#7760,6.99999999999999);
#6794=CYLINDRICAL_SURFACE('',#7763,2.79999999999999);
#6795=CYLINDRICAL_SURFACE('',#7766,6.99999999999999);
#6796=CYLINDRICAL_SURFACE('',#7769,2.79999999999999);
#6797=CYLINDRICAL_SURFACE('',#7772,6.99999999999999);
#6798=CYLINDRICAL_SURFACE('',#7777,4.62499999999998);
#6799=CYLINDRICAL_SURFACE('',#7783,4.62499999999999);
#6800=CYLINDRICAL_SURFACE('',#7789,4.625);
#6801=CYLINDRICAL_SURFACE('',#7795,4.625);
#6802=CYLINDRICAL_SURFACE('',#7815,0.399999999999991);
#6803=CYLINDRICAL_SURFACE('',#7819,0.399999999999991);
#6804=CYLINDRICAL_SURFACE('',#7821,0.399999999999991);
#6805=CYLINDRICAL_SURFACE('',#7825,0.399999999999991);
#6806=CYLINDRICAL_SURFACE('',#7829,5.50000000000001);
#6807=CYLINDRICAL_SURFACE('',#7832,5.49999999999999);
#6808=CYLINDRICAL_SURFACE('',#7835,5.49999999999999);
#6809=CYLINDRICAL_SURFACE('',#7838,5.50000000000001);
#6810=CYLINDRICAL_SURFACE('',#7865,0.700000000000003);
#6811=CYLINDRICAL_SURFACE('',#7867,2.50000000000001);
#6812=CYLINDRICAL_SURFACE('',#7868,0.700000000000003);
#6813=CYLINDRICAL_SURFACE('',#7870,2.49999999999999);
#6814=CYLINDRICAL_SURFACE('',#7872,0.700000000000003);
#6815=CYLINDRICAL_SURFACE('',#7874,2.5);
#6816=CYLINDRICAL_SURFACE('',#7876,0.699999999999985);
#6817=CYLINDRICAL_SURFACE('',#7878,2.50000000000001);
#6818=CYLINDRICAL_SURFACE('',#7880,7.5);
#6819=CYLINDRICAL_SURFACE('',#7882,7.5);
#6820=CYLINDRICAL_SURFACE('',#7900,0.399999999999995);
#6821=CYLINDRICAL_SURFACE('',#7903,5.62500000000011);
#6822=CYLINDRICAL_SURFACE('',#7906,1.49999999999999);
#6823=CYLINDRICAL_SURFACE('',#7909,5.62499999999993);
#6824=CYLINDRICAL_SURFACE('',#7912,0.400000000000002);
#6825=CYLINDRICAL_SURFACE('',#7916,0.399999999999995);
#6826=CYLINDRICAL_SURFACE('',#7919,4.62500000000001);
#6827=CYLINDRICAL_SURFACE('',#7922,0.399999999999989);
#6828=CYLINDRICAL_SURFACE('',#7926,0.400000000000012);
#6829=CYLINDRICAL_SURFACE('',#7929,5.62499999999993);
#6830=CYLINDRICAL_SURFACE('',#7932,1.49999999999999);
#6831=CYLINDRICAL_SURFACE('',#7935,5.62500000000002);
#6832=CYLINDRICAL_SURFACE('',#7938,0.400000000000002);
#6833=CYLINDRICAL_SURFACE('',#7942,0.399999999999996);
#6834=CYLINDRICAL_SURFACE('',#7945,4.62500000000002);
#6835=CYLINDRICAL_SURFACE('',#7948,0.399999999999995);
#6836=CYLINDRICAL_SURFACE('',#7952,0.400000000000005);
#6837=CYLINDRICAL_SURFACE('',#7955,5.625);
#6838=CYLINDRICAL_SURFACE('',#7958,1.50000000000001);
#6839=CYLINDRICAL_SURFACE('',#7961,5.62499999999987);
#6840=CYLINDRICAL_SURFACE('',#7964,0.399999999999995);
#6841=CYLINDRICAL_SURFACE('',#7968,0.400000000000006);
#6842=CYLINDRICAL_SURFACE('',#7971,4.62500000000001);
#6843=CYLINDRICAL_SURFACE('',#7974,0.400000000000008);
#6844=CYLINDRICAL_SURFACE('',#7978,0.400000000000009);
#6845=CYLINDRICAL_SURFACE('',#7981,5.62499999999989);
#6846=CYLINDRICAL_SURFACE('',#7984,1.50000000000012);
#6847=CYLINDRICAL_SURFACE('',#7987,5.62500000000011);
#6848=CYLINDRICAL_SURFACE('',#7990,0.399999999999995);
#6849=CYLINDRICAL_SURFACE('',#7994,0.399999999999987);
#6850=CYLINDRICAL_SURFACE('',#7997,4.625);
#6851=CYLINDRICAL_SURFACE('',#8000,0.400000000000027);
#6852=CYLINDRICAL_SURFACE('',#8004,1.00000000000012);
#6853=CYLINDRICAL_SURFACE('',#8006,6.50000000000001);
#6854=CYLINDRICAL_SURFACE('',#8008,1.00000000000005);
#6855=CYLINDRICAL_SURFACE('',#8010,6.50000000000001);
#6856=CYLINDRICAL_SURFACE('',#8012,0.999999999999992);
#6857=CYLINDRICAL_SURFACE('',#8014,6.50000000000006);
#6858=CYLINDRICAL_SURFACE('',#8016,1.00000000000014);
#6859=CYLINDRICAL_SURFACE('',#8018,6.49999999999989);
#6860=CYLINDRICAL_SURFACE('',#8025,3.8);
#6861=CYLINDRICAL_SURFACE('',#8026,3.80000000000001);
#6862=CYLINDRICAL_SURFACE('',#8027,3.80000000000001);
#6863=CYLINDRICAL_SURFACE('',#8028,3.8);
#6864=CYLINDRICAL_SURFACE('',#8029,20.5000000000001);
#6865=CYLINDRICAL_SURFACE('',#8030,4.00000000000002);
#6866=CYLINDRICAL_SURFACE('',#8032,20.5);
#6867=CYLINDRICAL_SURFACE('',#8034,1.00000000000008);
#6868=CYLINDRICAL_SURFACE('',#8036,1.00000000000009);
#6869=CYLINDRICAL_SURFACE('',#8038,1.00000000000001);
#6870=CYLINDRICAL_SURFACE('',#8040,1.00000000000003);
#6871=CYLINDRICAL_SURFACE('',#8041,0.999999999999977);
#6872=CYLINDRICAL_SURFACE('',#8043,1.00000000000003);
#6873=CYLINDRICAL_SURFACE('',#8045,1.00000000000004);
#6874=CYLINDRICAL_SURFACE('',#8047,0.999999999999977);
#6875=CYLINDRICAL_SURFACE('',#8049,0.999999999999977);
#6876=CYLINDRICAL_SURFACE('',#8051,1.00000000000003);
#6877=CYLINDRICAL_SURFACE('',#8054,0.999999999999975);
#6878=CYLINDRICAL_SURFACE('',#8056,1.00000000000002);
#6879=CYLINDRICAL_SURFACE('',#8058,1.00000000000009);
#6880=CYLINDRICAL_SURFACE('',#8060,1.00000000000001);
#6881=CYLINDRICAL_SURFACE('',#8062,1.00000000000001);
#6882=CYLINDRICAL_SURFACE('',#8064,1.00000000000004);
#6883=CYLINDRICAL_SURFACE('',#8066,22.5);
#6884=ADVANCED_FACE('',(#341),#6706,.T.);
#6885=ADVANCED_FACE('',(#342),#6707,.T.);
#6886=ADVANCED_FACE('',(#343),#6708,.T.);
#6887=ADVANCED_FACE('',(#344),#6709,.T.);
#6888=ADVANCED_FACE('',(#345),#117,.F.);
#6889=ADVANCED_FACE('',(#346),#6710,.F.);
#6890=ADVANCED_FACE('',(#347),#118,.F.);
#6891=ADVANCED_FACE('',(#348),#6711,.F.);
#6892=ADVANCED_FACE('',(#349),#119,.F.);
#6893=ADVANCED_FACE('',(#350),#6712,.F.);
#6894=ADVANCED_FACE('',(#351),#120,.F.);
#6895=ADVANCED_FACE('',(#352),#6713,.F.);
#6896=ADVANCED_FACE('',(#353,#27),#121,.F.);
#6897=ADVANCED_FACE('',(#354,#28),#122,.T.);
#6898=ADVANCED_FACE('',(#355),#123,.T.);
#6899=ADVANCED_FACE('',(#356,#29),#124,.T.);
#6900=ADVANCED_FACE('',(#357),#125,.T.);
#6901=ADVANCED_FACE('',(#358,#30),#126,.T.);
#6902=ADVANCED_FACE('',(#359),#127,.T.);
#6903=ADVANCED_FACE('',(#360,#31),#128,.T.);
#6904=ADVANCED_FACE('',(#361),#129,.T.);
#6905=ADVANCED_FACE('',(#362),#6714,.T.);
#6906=ADVANCED_FACE('',(#363),#23,.T.);
#6907=ADVANCED_FACE('',(#364),#6715,.T.);
#6908=ADVANCED_FACE('',(#365),#24,.T.);
#6909=ADVANCED_FACE('',(#366),#6716,.T.);
#6910=ADVANCED_FACE('',(#367),#25,.T.);
#6911=ADVANCED_FACE('',(#368),#6717,.T.);
#6912=ADVANCED_FACE('',(#369),#26,.T.);
#6913=ADVANCED_FACE('',(#370),#6718,.T.);
#6914=ADVANCED_FACE('',(#371),#130,.T.);
#6915=ADVANCED_FACE('',(#372),#6719,.T.);
#6916=ADVANCED_FACE('',(#373),#131,.T.);
#6917=ADVANCED_FACE('',(#374,#32,#33,#34,#35,#36,#37,#38,#39,#40,#41,#42,
#43,#44,#45,#46,#47,#48),#132,.T.);
#6918=ADVANCED_FACE('',(#375,#49,#50,#51),#133,.T.);
#6919=ADVANCED_FACE('',(#376,#52),#134,.F.);
#6920=ADVANCED_FACE('',(#377),#6720,.T.);
#6921=ADVANCED_FACE('',(#378),#135,.F.);
#6922=ADVANCED_FACE('',(#379),#6721,.T.);
#6923=ADVANCED_FACE('',(#380),#136,.F.);
#6924=ADVANCED_FACE('',(#381),#137,.F.);
#6925=ADVANCED_FACE('',(#382),#138,.F.);
#6926=ADVANCED_FACE('',(#383),#139,.F.);
#6927=ADVANCED_FACE('',(#384),#140,.F.);
#6928=ADVANCED_FACE('',(#385),#141,.F.);
#6929=ADVANCED_FACE('',(#386,#53),#142,.F.);
#6930=ADVANCED_FACE('',(#387),#143,.T.);
#6931=ADVANCED_FACE('',(#388),#144,.T.);
#6932=ADVANCED_FACE('',(#389),#145,.T.);
#6933=ADVANCED_FACE('',(#390),#146,.T.);
#6934=ADVANCED_FACE('',(#391),#147,.T.);
#6935=ADVANCED_FACE('',(#392),#148,.F.);
#6936=ADVANCED_FACE('',(#393),#149,.T.);
#6937=ADVANCED_FACE('',(#394),#150,.T.);
#6938=ADVANCED_FACE('',(#395),#151,.T.);
#6939=ADVANCED_FACE('',(#396),#152,.T.);
#6940=ADVANCED_FACE('',(#397),#153,.T.);
#6941=ADVANCED_FACE('',(#398),#154,.T.);
#6942=ADVANCED_FACE('',(#399),#155,.T.);
#6943=ADVANCED_FACE('',(#400),#156,.T.);
#6944=ADVANCED_FACE('',(#401),#157,.T.);
#6945=ADVANCED_FACE('',(#402),#158,.T.);
#6946=ADVANCED_FACE('',(#403),#159,.T.);
#6947=ADVANCED_FACE('',(#404),#6722,.F.);
#6948=ADVANCED_FACE('',(#405),#6723,.T.);
#6949=ADVANCED_FACE('',(#406,#54),#160,.T.);
#6950=ADVANCED_FACE('',(#407,#55,#56,#57,#58,#59,#60,#61,#62,#63,#64,#65,
#66,#67,#68,#69,#70,#71,#72,#73,#74,#75,#76,#77,#78),#161,.F.);
#6951=ADVANCED_FACE('',(#408),#6724,.F.);
#6952=ADVANCED_FACE('',(#409),#6725,.T.);
#6953=ADVANCED_FACE('',(#410,#79),#162,.T.);
#6954=ADVANCED_FACE('',(#411),#163,.F.);
#6955=ADVANCED_FACE('',(#412),#164,.F.);
#6956=ADVANCED_FACE('',(#413),#6726,.T.);
#6957=ADVANCED_FACE('',(#414),#165,.F.);
#6958=ADVANCED_FACE('',(#415),#6727,.T.);
#6959=ADVANCED_FACE('',(#416),#6728,.T.);
#6960=ADVANCED_FACE('',(#417),#6729,.F.);
#6961=ADVANCED_FACE('',(#418),#6730,.T.);
#6962=ADVANCED_FACE('',(#419,#80),#166,.F.);
#6963=ADVANCED_FACE('',(#420),#167,.F.);
#6964=ADVANCED_FACE('',(#421),#6731,.F.);
#6965=ADVANCED_FACE('',(#422),#6732,.T.);
#6966=ADVANCED_FACE('',(#423,#81),#168,.F.);
#6967=ADVANCED_FACE('',(#424),#169,.F.);
#6968=ADVANCED_FACE('',(#425),#6733,.F.);
#6969=ADVANCED_FACE('',(#426),#6734,.T.);
#6970=ADVANCED_FACE('',(#427,#82),#170,.F.);
#6971=ADVANCED_FACE('',(#428),#171,.F.);
#6972=ADVANCED_FACE('',(#429),#6735,.F.);
#6973=ADVANCED_FACE('',(#430),#6736,.T.);
#6974=ADVANCED_FACE('',(#431,#83),#172,.F.);
#6975=ADVANCED_FACE('',(#432),#173,.F.);
#6976=ADVANCED_FACE('',(#433),#6737,.F.);
#6977=ADVANCED_FACE('',(#434),#6738,.T.);
#6978=ADVANCED_FACE('',(#435,#84),#174,.F.);
#6979=ADVANCED_FACE('',(#436),#175,.F.);
#6980=ADVANCED_FACE('',(#437),#6739,.F.);
#6981=ADVANCED_FACE('',(#438),#6740,.T.);
#6982=ADVANCED_FACE('',(#439,#85),#176,.F.);
#6983=ADVANCED_FACE('',(#440),#177,.F.);
#6984=ADVANCED_FACE('',(#441),#6741,.F.);
#6985=ADVANCED_FACE('',(#442),#6742,.T.);
#6986=ADVANCED_FACE('',(#443,#86),#178,.F.);
#6987=ADVANCED_FACE('',(#444),#179,.F.);
#6988=ADVANCED_FACE('',(#445),#6743,.F.);
#6989=ADVANCED_FACE('',(#446),#6744,.T.);
#6990=ADVANCED_FACE('',(#447,#87),#180,.F.);
#6991=ADVANCED_FACE('',(#448),#181,.F.);
#6992=ADVANCED_FACE('',(#449),#6745,.F.);
#6993=ADVANCED_FACE('',(#450),#6746,.T.);
#6994=ADVANCED_FACE('',(#451,#88),#182,.F.);
#6995=ADVANCED_FACE('',(#452),#183,.F.);
#6996=ADVANCED_FACE('',(#453),#6747,.F.);
#6997=ADVANCED_FACE('',(#454),#6748,.T.);
#6998=ADVANCED_FACE('',(#455),#184,.F.);
#6999=ADVANCED_FACE('',(#456),#6749,.F.);
#7000=ADVANCED_FACE('',(#457),#6750,.T.);
#7001=ADVANCED_FACE('',(#458,#89),#185,.F.);
#7002=ADVANCED_FACE('',(#459),#186,.F.);
#7003=ADVANCED_FACE('',(#460),#187,.F.);
#7004=ADVANCED_FACE('',(#461),#6751,.F.);
#7005=ADVANCED_FACE('',(#462),#188,.T.);
#7006=ADVANCED_FACE('',(#463),#6752,.F.);
#7007=ADVANCED_FACE('',(#464),#6753,.F.);
#7008=ADVANCED_FACE('',(#465),#189,.T.);
#7009=ADVANCED_FACE('',(#466),#6754,.T.);
#7010=ADVANCED_FACE('',(#467),#190,.T.);
#7011=ADVANCED_FACE('',(#468,#90),#191,.F.);
#7012=ADVANCED_FACE('',(#469),#6755,.F.);
#7013=ADVANCED_FACE('',(#470),#6756,.F.);
#7014=ADVANCED_FACE('',(#471),#192,.T.);
#7015=ADVANCED_FACE('',(#472),#6757,.T.);
#7016=ADVANCED_FACE('',(#473),#6758,.F.);
#7017=ADVANCED_FACE('',(#474),#6759,.T.);
#7018=ADVANCED_FACE('',(#475),#193,.T.);
#7019=ADVANCED_FACE('',(#476),#194,.F.);
#7020=ADVANCED_FACE('',(#477),#6760,.F.);
#7021=ADVANCED_FACE('',(#478),#6761,.T.);
#7022=ADVANCED_FACE('',(#479),#195,.F.);
#7023=ADVANCED_FACE('',(#480),#6762,.F.);
#7024=ADVANCED_FACE('',(#481),#6763,.T.);
#7025=ADVANCED_FACE('',(#482),#196,.F.);
#7026=ADVANCED_FACE('',(#483),#6764,.F.);
#7027=ADVANCED_FACE('',(#484),#6765,.T.);
#7028=ADVANCED_FACE('',(#485),#197,.F.);
#7029=ADVANCED_FACE('',(#486,#91,#92,#93,#94),#198,.F.);
#7030=ADVANCED_FACE('',(#487,#95,#96,#97,#98),#199,.F.);
#7031=ADVANCED_FACE('',(#488),#200,.F.);
#7032=ADVANCED_FACE('',(#489),#6766,.F.);
#7033=ADVANCED_FACE('',(#490),#201,.F.);
#7034=ADVANCED_FACE('',(#491),#6767,.F.);
#7035=ADVANCED_FACE('',(#492),#202,.F.);
#7036=ADVANCED_FACE('',(#493),#6768,.F.);
#7037=ADVANCED_FACE('',(#494),#203,.F.);
#7038=ADVANCED_FACE('',(#495),#6769,.F.);
#7039=ADVANCED_FACE('',(#496),#204,.F.);
#7040=ADVANCED_FACE('',(#497),#6770,.F.);
#7041=ADVANCED_FACE('',(#498),#205,.F.);
#7042=ADVANCED_FACE('',(#499),#6771,.F.);
#7043=ADVANCED_FACE('',(#500),#206,.F.);
#7044=ADVANCED_FACE('',(#501),#6772,.F.);
#7045=ADVANCED_FACE('',(#502),#207,.F.);
#7046=ADVANCED_FACE('',(#503),#6773,.F.);
#7047=ADVANCED_FACE('',(#504),#6774,.F.);
#7048=ADVANCED_FACE('',(#505),#208,.F.);
#7049=ADVANCED_FACE('',(#506),#6775,.F.);
#7050=ADVANCED_FACE('',(#507),#209,.F.);
#7051=ADVANCED_FACE('',(#508),#6776,.F.);
#7052=ADVANCED_FACE('',(#509),#210,.F.);
#7053=ADVANCED_FACE('',(#510),#6777,.F.);
#7054=ADVANCED_FACE('',(#511),#211,.F.);
#7055=ADVANCED_FACE('',(#512),#6778,.F.);
#7056=ADVANCED_FACE('',(#513),#212,.F.);
#7057=ADVANCED_FACE('',(#514),#6779,.F.);
#7058=ADVANCED_FACE('',(#515),#213,.F.);
#7059=ADVANCED_FACE('',(#516),#214,.F.);
#7060=ADVANCED_FACE('',(#517),#6780,.F.);
#7061=ADVANCED_FACE('',(#518),#215,.F.);
#7062=ADVANCED_FACE('',(#519),#6781,.F.);
#7063=ADVANCED_FACE('',(#520),#6782,.F.);
#7064=ADVANCED_FACE('',(#521),#6783,.T.);
#7065=ADVANCED_FACE('',(#522,#99),#216,.T.);
#7066=ADVANCED_FACE('',(#523),#217,.F.);
#7067=ADVANCED_FACE('',(#524),#218,.T.);
#7068=ADVANCED_FACE('',(#525),#219,.T.);
#7069=ADVANCED_FACE('',(#526),#220,.T.);
#7070=ADVANCED_FACE('',(#527),#221,.T.);
#7071=ADVANCED_FACE('',(#528),#222,.T.);
#7072=ADVANCED_FACE('',(#529),#223,.T.);
#7073=ADVANCED_FACE('',(#530),#224,.T.);
#7074=ADVANCED_FACE('',(#531),#225,.T.);
#7075=ADVANCED_FACE('',(#532),#226,.T.);
#7076=ADVANCED_FACE('',(#533),#227,.T.);
#7077=ADVANCED_FACE('',(#534),#228,.T.);
#7078=ADVANCED_FACE('',(#535),#6784,.F.);
#7079=ADVANCED_FACE('',(#536),#6785,.T.);
#7080=ADVANCED_FACE('',(#537,#100),#229,.T.);
#7081=ADVANCED_FACE('',(#538),#230,.F.);
#7082=ADVANCED_FACE('',(#539),#6786,.F.);
#7083=ADVANCED_FACE('',(#540),#6787,.T.);
#7084=ADVANCED_FACE('',(#541,#101),#231,.T.);
#7085=ADVANCED_FACE('',(#542),#232,.F.);
#7086=ADVANCED_FACE('',(#543),#6788,.F.);
#7087=ADVANCED_FACE('',(#544),#6789,.T.);
#7088=ADVANCED_FACE('',(#545,#102),#233,.T.);
#7089=ADVANCED_FACE('',(#546),#234,.F.);
#7090=ADVANCED_FACE('',(#547),#235,.T.);
#7091=ADVANCED_FACE('',(#548),#236,.T.);
#7092=ADVANCED_FACE('',(#549),#237,.T.);
#7093=ADVANCED_FACE('',(#550),#238,.T.);
#7094=ADVANCED_FACE('',(#551),#239,.T.);
#7095=ADVANCED_FACE('',(#552),#240,.T.);
#7096=ADVANCED_FACE('',(#553),#241,.T.);
#7097=ADVANCED_FACE('',(#554),#242,.T.);
#7098=ADVANCED_FACE('',(#555),#243,.T.);
#7099=ADVANCED_FACE('',(#556),#244,.T.);
#7100=ADVANCED_FACE('',(#557),#245,.T.);
#7101=ADVANCED_FACE('',(#558),#246,.F.);
#7102=ADVANCED_FACE('',(#559),#6790,.F.);
#7103=ADVANCED_FACE('',(#560),#6791,.F.);
#7104=ADVANCED_FACE('',(#561),#6792,.F.);
#7105=ADVANCED_FACE('',(#562),#6793,.F.);
#7106=ADVANCED_FACE('',(#563),#6794,.F.);
#7107=ADVANCED_FACE('',(#564),#6795,.F.);
#7108=ADVANCED_FACE('',(#565),#6796,.F.);
#7109=ADVANCED_FACE('',(#566),#6797,.F.);
#7110=ADVANCED_FACE('',(#567),#247,.T.);
#7111=ADVANCED_FACE('',(#568),#248,.T.);
#7112=ADVANCED_FACE('',(#569),#6798,.T.);
#7113=ADVANCED_FACE('',(#570),#249,.T.);
#7114=ADVANCED_FACE('',(#571),#250,.T.);
#7115=ADVANCED_FACE('',(#572),#251,.T.);
#7116=ADVANCED_FACE('',(#573),#6799,.T.);
#7117=ADVANCED_FACE('',(#574),#252,.T.);
#7118=ADVANCED_FACE('',(#575),#253,.T.);
#7119=ADVANCED_FACE('',(#576),#254,.T.);
#7120=ADVANCED_FACE('',(#577),#6800,.T.);
#7121=ADVANCED_FACE('',(#578),#255,.T.);
#7122=ADVANCED_FACE('',(#579),#256,.T.);
#7123=ADVANCED_FACE('',(#580),#257,.T.);
#7124=ADVANCED_FACE('',(#581),#6801,.T.);
#7125=ADVANCED_FACE('',(#582),#258,.T.);
#7126=ADVANCED_FACE('',(#583,#103),#259,.F.);
#7127=ADVANCED_FACE('',(#584),#260,.T.);
#7128=ADVANCED_FACE('',(#585),#261,.T.);
#7129=ADVANCED_FACE('',(#586),#262,.T.);
#7130=ADVANCED_FACE('',(#587),#263,.T.);
#7131=ADVANCED_FACE('',(#588),#264,.T.);
#7132=ADVANCED_FACE('',(#589),#265,.T.);
#7133=ADVANCED_FACE('',(#590),#266,.T.);
#7134=ADVANCED_FACE('',(#591),#267,.T.);
#7135=ADVANCED_FACE('',(#592),#268,.F.);
#7136=ADVANCED_FACE('',(#593),#269,.F.);
#7137=ADVANCED_FACE('',(#594),#270,.F.);
#7138=ADVANCED_FACE('',(#595),#6802,.T.);
#7139=ADVANCED_FACE('',(#596),#271,.F.);
#7140=ADVANCED_FACE('',(#597),#272,.F.);
#7141=ADVANCED_FACE('',(#598),#273,.F.);
#7142=ADVANCED_FACE('',(#599),#6803,.T.);
#7143=ADVANCED_FACE('',(#600),#274,.F.);
#7144=ADVANCED_FACE('',(#601),#6804,.T.);
#7145=ADVANCED_FACE('',(#602),#275,.F.);
#7146=ADVANCED_FACE('',(#603),#276,.F.);
#7147=ADVANCED_FACE('',(#604),#277,.F.);
#7148=ADVANCED_FACE('',(#605),#6805,.T.);
#7149=ADVANCED_FACE('',(#606),#278,.F.);
#7150=ADVANCED_FACE('',(#607),#279,.F.);
#7151=ADVANCED_FACE('',(#608),#280,.F.);
#7152=ADVANCED_FACE('',(#609),#6806,.F.);
#7153=ADVANCED_FACE('',(#610),#281,.F.);
#7154=ADVANCED_FACE('',(#611),#6807,.F.);
#7155=ADVANCED_FACE('',(#612),#282,.F.);
#7156=ADVANCED_FACE('',(#613),#6808,.F.);
#7157=ADVANCED_FACE('',(#614),#283,.F.);
#7158=ADVANCED_FACE('',(#615),#6809,.F.);
#7159=ADVANCED_FACE('',(#616,#104),#284,.T.);
#7160=ADVANCED_FACE('',(#617),#285,.T.);
#7161=ADVANCED_FACE('',(#618,#105),#286,.F.);
#7162=ADVANCED_FACE('',(#619),#287,.T.);
#7163=ADVANCED_FACE('',(#620,#106),#288,.F.);
#7164=ADVANCED_FACE('',(#621),#289,.T.);
#7165=ADVANCED_FACE('',(#622,#107),#290,.F.);
#7166=ADVANCED_FACE('',(#623),#291,.T.);
#7167=ADVANCED_FACE('',(#624,#108),#292,.F.);
#7168=ADVANCED_FACE('',(#625),#6810,.F.);
#7169=ADVANCED_FACE('',(#626),#6811,.T.);
#7170=ADVANCED_FACE('',(#627),#6812,.F.);
#7171=ADVANCED_FACE('',(#628),#6813,.T.);
#7172=ADVANCED_FACE('',(#629),#293,.F.);
#7173=ADVANCED_FACE('',(#630),#6814,.F.);
#7174=ADVANCED_FACE('',(#631),#6815,.T.);
#7175=ADVANCED_FACE('',(#632),#294,.F.);
#7176=ADVANCED_FACE('',(#633),#6816,.F.);
#7177=ADVANCED_FACE('',(#634),#6817,.T.);
#7178=ADVANCED_FACE('',(#635),#295,.F.);
#7179=ADVANCED_FACE('',(#636),#6818,.F.);
#7180=ADVANCED_FACE('',(#637),#6819,.F.);
#7181=ADVANCED_FACE('',(#638),#296,.F.);
#7182=ADVANCED_FACE('',(#639),#297,.F.);
#7183=ADVANCED_FACE('',(#640),#298,.F.);
#7184=ADVANCED_FACE('',(#641),#299,.F.);
#7185=ADVANCED_FACE('',(#642,#109),#300,.F.);
#7186=ADVANCED_FACE('',(#643),#301,.F.);
#7187=ADVANCED_FACE('',(#644),#302,.F.);
#7188=ADVANCED_FACE('',(#645),#303,.F.);
#7189=ADVANCED_FACE('',(#646),#304,.F.);
#7190=ADVANCED_FACE('',(#647,#110),#305,.F.);
#7191=ADVANCED_FACE('',(#648),#306,.T.);
#7192=ADVANCED_FACE('',(#649),#307,.T.);
#7193=ADVANCED_FACE('',(#650),#308,.T.);
#7194=ADVANCED_FACE('',(#651),#309,.T.);
#7195=ADVANCED_FACE('',(#652),#310,.T.);
#7196=ADVANCED_FACE('',(#653),#311,.T.);
#7197=ADVANCED_FACE('',(#654),#6820,.T.);
#7198=ADVANCED_FACE('',(#655),#6821,.T.);
#7199=ADVANCED_FACE('',(#656),#6822,.F.);
#7200=ADVANCED_FACE('',(#657),#6823,.T.);
#7201=ADVANCED_FACE('',(#658),#6824,.T.);
#7202=ADVANCED_FACE('',(#659),#312,.T.);
#7203=ADVANCED_FACE('',(#660),#6825,.T.);
#7204=ADVANCED_FACE('',(#661),#6826,.F.);
#7205=ADVANCED_FACE('',(#662),#6827,.T.);
#7206=ADVANCED_FACE('',(#663),#313,.T.);
#7207=ADVANCED_FACE('',(#664),#6828,.T.);
#7208=ADVANCED_FACE('',(#665),#6829,.T.);
#7209=ADVANCED_FACE('',(#666),#6830,.F.);
#7210=ADVANCED_FACE('',(#667),#6831,.T.);
#7211=ADVANCED_FACE('',(#668),#6832,.T.);
#7212=ADVANCED_FACE('',(#669),#314,.T.);
#7213=ADVANCED_FACE('',(#670),#6833,.T.);
#7214=ADVANCED_FACE('',(#671),#6834,.F.);
#7215=ADVANCED_FACE('',(#672),#6835,.T.);
#7216=ADVANCED_FACE('',(#673),#315,.T.);
#7217=ADVANCED_FACE('',(#674),#6836,.T.);
#7218=ADVANCED_FACE('',(#675),#6837,.T.);
#7219=ADVANCED_FACE('',(#676),#6838,.F.);
#7220=ADVANCED_FACE('',(#677),#6839,.T.);
#7221=ADVANCED_FACE('',(#678),#6840,.T.);
#7222=ADVANCED_FACE('',(#679),#316,.T.);
#7223=ADVANCED_FACE('',(#680),#6841,.T.);
#7224=ADVANCED_FACE('',(#681),#6842,.F.);
#7225=ADVANCED_FACE('',(#682),#6843,.T.);
#7226=ADVANCED_FACE('',(#683),#317,.T.);
#7227=ADVANCED_FACE('',(#684),#6844,.T.);
#7228=ADVANCED_FACE('',(#685),#6845,.T.);
#7229=ADVANCED_FACE('',(#686),#6846,.F.);
#7230=ADVANCED_FACE('',(#687),#6847,.T.);
#7231=ADVANCED_FACE('',(#688),#6848,.T.);
#7232=ADVANCED_FACE('',(#689),#318,.T.);
#7233=ADVANCED_FACE('',(#690),#6849,.T.);
#7234=ADVANCED_FACE('',(#691),#6850,.F.);
#7235=ADVANCED_FACE('',(#692),#6851,.T.);
#7236=ADVANCED_FACE('',(#693,#111),#319,.F.);
#7237=ADVANCED_FACE('',(#694),#6852,.T.);
#7238=ADVANCED_FACE('',(#695),#6853,.F.);
#7239=ADVANCED_FACE('',(#696),#6854,.T.);
#7240=ADVANCED_FACE('',(#697),#6855,.F.);
#7241=ADVANCED_FACE('',(#698),#6856,.T.);
#7242=ADVANCED_FACE('',(#699),#6857,.F.);
#7243=ADVANCED_FACE('',(#700),#6858,.T.);
#7244=ADVANCED_FACE('',(#701),#6859,.F.);
#7245=ADVANCED_FACE('',(#702,#112,#113,#114,#115,#116),#320,.T.);
#7246=ADVANCED_FACE('',(#703),#6860,.F.);
#7247=ADVANCED_FACE('',(#704),#6861,.F.);
#7248=ADVANCED_FACE('',(#705),#6862,.F.);
#7249=ADVANCED_FACE('',(#706),#6863,.F.);
#7250=ADVANCED_FACE('',(#707),#6864,.F.);
#7251=ADVANCED_FACE('',(#708),#6865,.F.);
#7252=ADVANCED_FACE('',(#709),#321,.T.);
#7253=ADVANCED_FACE('',(#710),#6866,.F.);
#7254=ADVANCED_FACE('',(#711),#322,.F.);
#7255=ADVANCED_FACE('',(#712),#6867,.F.);
#7256=ADVANCED_FACE('',(#713),#323,.F.);
#7257=ADVANCED_FACE('',(#714),#6868,.F.);
#7258=ADVANCED_FACE('',(#715),#324,.F.);
#7259=ADVANCED_FACE('',(#716),#6869,.F.);
#7260=ADVANCED_FACE('',(#717),#325,.F.);
#7261=ADVANCED_FACE('',(#718),#6870,.F.);
#7262=ADVANCED_FACE('',(#719),#6871,.F.);
#7263=ADVANCED_FACE('',(#720),#326,.F.);
#7264=ADVANCED_FACE('',(#721),#6872,.F.);
#7265=ADVANCED_FACE('',(#722),#327,.F.);
#7266=ADVANCED_FACE('',(#723),#6873,.F.);
#7267=ADVANCED_FACE('',(#724),#328,.F.);
#7268=ADVANCED_FACE('',(#725),#6874,.F.);
#7269=ADVANCED_FACE('',(#726),#329,.F.);
#7270=ADVANCED_FACE('',(#727),#6875,.F.);
#7271=ADVANCED_FACE('',(#728),#330,.F.);
#7272=ADVANCED_FACE('',(#729),#6876,.F.);
#7273=ADVANCED_FACE('',(#730),#331,.F.);
#7274=ADVANCED_FACE('',(#731),#332,.F.);
#7275=ADVANCED_FACE('',(#732),#6877,.F.);
#7276=ADVANCED_FACE('',(#733),#333,.F.);
#7277=ADVANCED_FACE('',(#734),#6878,.F.);
#7278=ADVANCED_FACE('',(#735),#334,.F.);
#7279=ADVANCED_FACE('',(#736),#6879,.F.);
#7280=ADVANCED_FACE('',(#737),#335,.F.);
#7281=ADVANCED_FACE('',(#738),#6880,.F.);
#7282=ADVANCED_FACE('',(#739),#336,.F.);
#7283=ADVANCED_FACE('',(#740),#6881,.F.);
#7284=ADVANCED_FACE('',(#741),#337,.F.);
#7285=ADVANCED_FACE('',(#742),#6882,.F.);
#7286=ADVANCED_FACE('',(#743),#338,.T.);
#7287=ADVANCED_FACE('',(#744),#6883,.T.);
#7288=ADVANCED_FACE('',(#745),#339,.T.);
#7289=ADVANCED_FACE('',(#746),#340,.F.);
#7290=CLOSED_SHELL('',(#6884,#6885,#6886,#6887,#6888,#6889,#6890,#6891,
#6892,#6893,#6894,#6895,#6896,#6897,#6898,#6899,#6900,#6901,#6902,#6903,
#6904,#6905,#6906,#6907,#6908,#6909,#6910,#6911,#6912,#6913,#6914,#6915,
#6916,#6917,#6918,#6919,#6920,#6921,#6922,#6923,#6924,#6925,#6926,#6927,
#6928,#6929,#6930,#6931,#6932,#6933,#6934,#6935,#6936,#6937,#6938,#6939,
#6940,#6941,#6942,#6943,#6944,#6945,#6946,#6947,#6948,#6949,#6950,#6951,
#6952,#6953,#6954,#6955,#6956,#6957,#6958,#6959,#6960,#6961,#6962,#6963,
#6964,#6965,#6966,#6967,#6968,#6969,#6970,#6971,#6972,#6973,#6974,#6975,
#6976,#6977,#6978,#6979,#6980,#6981,#6982,#6983,#6984,#6985,#6986,#6987,
#6988,#6989,#6990,#6991,#6992,#6993,#6994,#6995,#6996,#6997,#6998,#6999,
#7000,#7001,#7002,#7003,#7004,#7005,#7006,#7007,#7008,#7009,#7010,#7011,
#7012,#7013,#7014,#7015,#7016,#7017,#7018,#7019,#7020,#7021,#7022,#7023,
#7024,#7025,#7026,#7027,#7028,#7029,#7030,#7031,#7032,#7033,#7034,#7035,
#7036,#7037,#7038,#7039,#7040,#7041,#7042,#7043,#7044,#7045,#7046,#7047,
#7048,#7049,#7050,#7051,#7052,#7053,#7054,#7055,#7056,#7057,#7058,#7059,
#7060,#7061,#7062,#7063,#7064,#7065,#7066,#7067,#7068,#7069,#7070,#7071,
#7072,#7073,#7074,#7075,#7076,#7077,#7078,#7079,#7080,#7081,#7082,#7083,
#7084,#7085,#7086,#7087,#7088,#7089,#7090,#7091,#7092,#7093,#7094,#7095,
#7096,#7097,#7098,#7099,#7100,#7101,#7102,#7103,#7104,#7105,#7106,#7107,
#7108,#7109,#7110,#7111,#7112,#7113,#7114,#7115,#7116,#7117,#7118,#7119,
#7120,#7121,#7122,#7123,#7124,#7125,#7126,#7127,#7128,#7129,#7130,#7131,
#7132,#7133,#7134,#7135,#7136,#7137,#7138,#7139,#7140,#7141,#7142,#7143,
#7144,#7145,#7146,#7147,#7148,#7149,#7150,#7151,#7152,#7153,#7154,#7155,
#7156,#7157,#7158,#7159,#7160,#7161,#7162,#7163,#7164,#7165,#7166,#7167,
#7168,#7169,#7170,#7171,#7172,#7173,#7174,#7175,#7176,#7177,#7178,#7179,
#7180,#7181,#7182,#7183,#7184,#7185,#7186,#7187,#7188,#7189,#7190,#7191,
#7192,#7193,#7194,#7195,#7196,#7197,#7198,#7199,#7200,#7201,#7202,#7203,
#7204,#7205,#7206,#7207,#7208,#7209,#7210,#7211,#7212,#7213,#7214,#7215,
#7216,#7217,#7218,#7219,#7220,#7221,#7222,#7223,#7224,#7225,#7226,#7227,
#7228,#7229,#7230,#7231,#7232,#7233,#7234,#7235,#7236,#7237,#7238,#7239,
#7240,#7241,#7242,#7243,#7244,#7245,#7246,#7247,#7248,#7249,#7250,#7251,
#7252,#7253,#7254,#7255,#7256,#7257,#7258,#7259,#7260,#7261,#7262,#7263,
#7264,#7265,#7266,#7267,#7268,#7269,#7270,#7271,#7272,#7273,#7274,#7275,
#7276,#7277,#7278,#7279,#7280,#7281,#7282,#7283,#7284,#7285,#7286,#7287,
#7288,#7289));
#7291=AXIS2_PLACEMENT_3D('',#10287,#8069,#8070);
#7292=AXIS2_PLACEMENT_3D('',#10288,#8071,#8072);
#7293=AXIS2_PLACEMENT_3D('',#10293,#8074,#8075);
#7294=AXIS2_PLACEMENT_3D('',#10296,#8077,#8078);
#7295=AXIS2_PLACEMENT_3D('',#10297,#8079,#8080);
#7296=AXIS2_PLACEMENT_3D('',#10302,#8082,#8083);
#7297=AXIS2_PLACEMENT_3D('',#10305,#8085,#8086);
#7298=AXIS2_PLACEMENT_3D('',#10306,#8087,#8088);
#7299=AXIS2_PLACEMENT_3D('',#10311,#8090,#8091);
#7300=AXIS2_PLACEMENT_3D('',#10314,#8093,#8094);
#7301=AXIS2_PLACEMENT_3D('',#10315,#8095,#8096);
#7302=AXIS2_PLACEMENT_3D('',#10320,#8098,#8099);
#7303=AXIS2_PLACEMENT_3D('',#10323,#8101,#8102);
#7304=AXIS2_PLACEMENT_3D('',#10324,#8103,#8104);
#7305=AXIS2_PLACEMENT_3D('',#10333,#8109,#8110);
#7306=AXIS2_PLACEMENT_3D('',#10335,#8111,#8112);
#7307=AXIS2_PLACEMENT_3D('',#10338,#8114,#8115);
#7308=AXIS2_PLACEMENT_3D('',#10339,#8116,#8117);
#7309=AXIS2_PLACEMENT_3D('',#10345,#8121,#8122);
#7310=AXIS2_PLACEMENT_3D('',#10347,#8123,#8124);
#7311=AXIS2_PLACEMENT_3D('',#10350,#8126,#8127);
#7312=AXIS2_PLACEMENT_3D('',#10351,#8128,#8129);
#7313=AXIS2_PLACEMENT_3D('',#10357,#8133,#8134);
#7314=AXIS2_PLACEMENT_3D('',#10359,#8135,#8136);
#7315=AXIS2_PLACEMENT_3D('',#10361,#8137,#8138);
#7316=AXIS2_PLACEMENT_3D('',#10364,#8140,#8141);
#7317=AXIS2_PLACEMENT_3D('',#10365,#8142,#8143);
#7318=AXIS2_PLACEMENT_3D('',#10371,#8147,#8148);
#7319=AXIS2_PLACEMENT_3D('',#10373,#8149,#8150);
#7320=AXIS2_PLACEMENT_3D('',#10374,#8151,#8152);
#7321=AXIS2_PLACEMENT_3D('',#10375,#8153,#8154);
#7322=AXIS2_PLACEMENT_3D('',#10376,#8155,#8156);
#7323=AXIS2_PLACEMENT_3D('',#10378,#8157,#8158);
#7324=AXIS2_PLACEMENT_3D('',#10380,#8159,#8160);
#7325=AXIS2_PLACEMENT_3D('',#10381,#8161,#8162);
#7326=AXIS2_PLACEMENT_3D('',#10382,#8163,#8164);
#7327=AXIS2_PLACEMENT_3D('',#10384,#8165,#8166);
#7328=AXIS2_PLACEMENT_3D('',#10385,#8167,#8168);
#7329=AXIS2_PLACEMENT_3D('',#10390,#8173,#8174);
#7330=AXIS2_PLACEMENT_3D('',#10391,#8175,#8176);
#7331=AXIS2_PLACEMENT_3D('',#10393,#8177,#8178);
#7332=AXIS2_PLACEMENT_3D('',#10394,#8179,#8180);
#7333=AXIS2_PLACEMENT_3D('',#10401,#8185,#8186);
#7334=AXIS2_PLACEMENT_3D('',#10402,#8187,#8188);
#7335=AXIS2_PLACEMENT_3D('',#10404,#8189,#8190);
#7336=AXIS2_PLACEMENT_3D('',#10405,#8191,#8192);
#7337=AXIS2_PLACEMENT_3D('',#10409,#8196,#8197);
#7338=AXIS2_PLACEMENT_3D('',#10410,#8198,#8199);
#7339=AXIS2_PLACEMENT_3D('',#10412,#8200,#8201);
#7340=AXIS2_PLACEMENT_3D('',#10413,#8202,#8203);
#7341=AXIS2_PLACEMENT_3D('',#10423,#8209,#8210);
#7342=AXIS2_PLACEMENT_3D('',#10426,#8211,#8212);
#7343=AXIS2_PLACEMENT_3D('',#10430,#8214,#8215);
#7344=AXIS2_PLACEMENT_3D('',#10432,#8217,#8218);
#7345=AXIS2_PLACEMENT_3D('',#10435,#8219,#8220);
#7346=AXIS2_PLACEMENT_3D('',#10436,#8221,#8222);
#7347=AXIS2_PLACEMENT_3D('',#10437,#8223,#8224);
#7348=AXIS2_PLACEMENT_3D('',#10438,#8225,#8226);
#7349=AXIS2_PLACEMENT_3D('',#10441,#8227,#8228);
#7350=AXIS2_PLACEMENT_3D('',#10444,#8231,#8232);
#7351=AXIS2_PLACEMENT_3D('',#10447,#8233,#8234);
#7352=AXIS2_PLACEMENT_3D('',#10448,#8235,#8236);
#7353=AXIS2_PLACEMENT_3D('',#10449,#8237,#8238);
#7354=AXIS2_PLACEMENT_3D('',#10450,#8239,#8240);
#7355=AXIS2_PLACEMENT_3D('',#10453,#8241,#8242);
#7356=AXIS2_PLACEMENT_3D('',#10456,#8245,#8246);
#7357=AXIS2_PLACEMENT_3D('',#10459,#8247,#8248);
#7358=AXIS2_PLACEMENT_3D('',#10460,#8249,#8250);
#7359=AXIS2_PLACEMENT_3D('',#10461,#8251,#8252);
#7360=AXIS2_PLACEMENT_3D('',#10462,#8253,#8254);
#7361=AXIS2_PLACEMENT_3D('',#10465,#8255,#8256);
#7362=AXIS2_PLACEMENT_3D('',#10468,#8259,#8260);
#7363=AXIS2_PLACEMENT_3D('',#10469,#8261,#8262);
#7364=AXIS2_PLACEMENT_3D('',#10470,#8263,#8264);
#7365=AXIS2_PLACEMENT_3D('',#10471,#8265,#8266);
#7366=AXIS2_PLACEMENT_3D('',#10475,#8268,#8269);
#7367=AXIS2_PLACEMENT_3D('',#10477,#8271,#8272);
#7368=AXIS2_PLACEMENT_3D('',#10481,#8275,#8276);
#7369=AXIS2_PLACEMENT_3D('',#10484,#8278,#8279);
#7370=AXIS2_PLACEMENT_3D('',#10485,#8280,#8281);
#7371=AXIS2_PLACEMENT_3D('',#10489,#8284,#8285);
#7372=AXIS2_PLACEMENT_3D('',#10494,#8287,#8288);
#7373=AXIS2_PLACEMENT_3D('',#10498,#8290,#8291);
#7374=AXIS2_PLACEMENT_3D('',#10502,#8293,#8294);
#7375=AXIS2_PLACEMENT_3D('',#10505,#8296,#8297);
#7376=AXIS2_PLACEMENT_3D('',#10510,#8299,#8300);
#7377=AXIS2_PLACEMENT_3D('',#10514,#8302,#8303);
#7378=AXIS2_PLACEMENT_3D('',#10518,#8305,#8306);
#7379=AXIS2_PLACEMENT_3D('',#10521,#8308,#8309);
#7380=AXIS2_PLACEMENT_3D('',#10526,#8311,#8312);
#7381=AXIS2_PLACEMENT_3D('',#10530,#8314,#8315);
#7382=AXIS2_PLACEMENT_3D('',#10534,#8317,#8318);
#7383=AXIS2_PLACEMENT_3D('',#10537,#8320,#8321);
#7384=AXIS2_PLACEMENT_3D('',#10540,#8322,#8323);
#7385=AXIS2_PLACEMENT_3D('',#10544,#8325,#8326);
#7386=AXIS2_PLACEMENT_3D('',#10548,#8328,#8329);
#7387=AXIS2_PLACEMENT_3D('',#10552,#8331,#8332);
#7388=AXIS2_PLACEMENT_3D('',#10556,#8334,#8335);
#7389=AXIS2_PLACEMENT_3D('',#10560,#8337,#8338);
#7390=AXIS2_PLACEMENT_3D('',#10564,#8340,#8341);
#7391=AXIS2_PLACEMENT_3D('',#10568,#8343,#8344);
#7392=AXIS2_PLACEMENT_3D('',#10572,#8346,#8347);
#7393=AXIS2_PLACEMENT_3D('',#10576,#8349,#8350);
#7394=AXIS2_PLACEMENT_3D('',#10580,#8352,#8353);
#7395=AXIS2_PLACEMENT_3D('',#10584,#8355,#8356);
#7396=AXIS2_PLACEMENT_3D('',#10590,#8359,#8360);
#7397=AXIS2_PLACEMENT_3D('',#10594,#8362,#8363);
#7398=AXIS2_PLACEMENT_3D('',#10598,#8365,#8366);
#7399=AXIS2_PLACEMENT_3D('',#10601,#8368,#8369);
#7400=AXIS2_PLACEMENT_3D('',#10606,#8371,#8372);
#7401=AXIS2_PLACEMENT_3D('',#10610,#8374,#8375);
#7402=AXIS2_PLACEMENT_3D('',#10614,#8377,#8378);
#7403=AXIS2_PLACEMENT_3D('',#10617,#8380,#8381);
#7404=AXIS2_PLACEMENT_3D('',#10619,#8382,#8383);
#7405=AXIS2_PLACEMENT_3D('',#10621,#8384,#8385);
#7406=AXIS2_PLACEMENT_3D('',#10623,#8386,#8387);
#7407=AXIS2_PLACEMENT_3D('',#10625,#8388,#8389);
#7408=AXIS2_PLACEMENT_3D('',#10627,#8390,#8391);
#7409=AXIS2_PLACEMENT_3D('',#10629,#8392,#8393);
#7410=AXIS2_PLACEMENT_3D('',#10638,#8397,#8398);
#7411=AXIS2_PLACEMENT_3D('',#10646,#8402,#8403);
#7412=AXIS2_PLACEMENT_3D('',#10654,#8407,#8408);
#7413=AXIS2_PLACEMENT_3D('',#10661,#8412,#8413);
#7414=AXIS2_PLACEMENT_3D('',#10663,#8414,#8415);
#7415=AXIS2_PLACEMENT_3D('',#10664,#8416,#8417);
#7416=AXIS2_PLACEMENT_3D('',#10669,#8419,#8420);
#7417=AXIS2_PLACEMENT_3D('',#10673,#8422,#8423);
#7418=AXIS2_PLACEMENT_3D('',#10677,#8425,#8426);
#7419=AXIS2_PLACEMENT_3D('',#10680,#8428,#8429);
#7420=AXIS2_PLACEMENT_3D('',#10682,#8430,#8431);
#7421=AXIS2_PLACEMENT_3D('',#10687,#8433,#8434);
#7422=AXIS2_PLACEMENT_3D('',#10692,#8437,#8438);
#7423=AXIS2_PLACEMENT_3D('',#10696,#8440,#8441);
#7424=AXIS2_PLACEMENT_3D('',#10701,#8444,#8445);
#7425=AXIS2_PLACEMENT_3D('',#10706,#8448,#8449);
#7426=AXIS2_PLACEMENT_3D('',#10707,#8450,#8451);
#7427=AXIS2_PLACEMENT_3D('',#10709,#8452,#8453);
#7428=AXIS2_PLACEMENT_3D('',#10713,#8455,#8456);
#7429=AXIS2_PLACEMENT_3D('',#10717,#8458,#8459);
#7430=AXIS2_PLACEMENT_3D('',#10721,#8461,#8462);
#7431=AXIS2_PLACEMENT_3D('',#10725,#8464,#8465);
#7432=AXIS2_PLACEMENT_3D('',#10729,#8467,#8468);
#7433=AXIS2_PLACEMENT_3D('',#10731,#8470,#8471);
#7434=AXIS2_PLACEMENT_3D('',#10734,#8474,#8475);
#7435=AXIS2_PLACEMENT_3D('',#10736,#8477,#8478);
#7436=AXIS2_PLACEMENT_3D('',#10738,#8480,#8481);
#7437=AXIS2_PLACEMENT_3D('',#10740,#8483,#8484);
#7438=AXIS2_PLACEMENT_3D('',#10749,#8489,#8490);
#7439=AXIS2_PLACEMENT_3D('',#10756,#8495,#8496);
#7440=AXIS2_PLACEMENT_3D('',#10762,#8500,#8501);
#7441=AXIS2_PLACEMENT_3D('',#10766,#8505,#8506);
#7442=AXIS2_PLACEMENT_3D('',#10767,#8507,#8508);
#7443=AXIS2_PLACEMENT_3D('',#10772,#8510,#8511);
#7444=AXIS2_PLACEMENT_3D('',#10778,#8514,#8515);
#7445=AXIS2_PLACEMENT_3D('',#10781,#8517,#8518);
#7446=AXIS2_PLACEMENT_3D('',#10782,#8519,#8520);
#7447=AXIS2_PLACEMENT_3D('',#10783,#8521,#8522);
#7448=AXIS2_PLACEMENT_3D('',#10792,#8527,#8528);
#7449=AXIS2_PLACEMENT_3D('',#10795,#8531,#8532);
#7450=AXIS2_PLACEMENT_3D('',#10798,#8535,#8536);
#7451=AXIS2_PLACEMENT_3D('',#10808,#8542,#8543);
#7452=AXIS2_PLACEMENT_3D('',#10817,#8548,#8549);
#7453=AXIS2_PLACEMENT_3D('',#10826,#8554,#8555);
#7454=AXIS2_PLACEMENT_3D('',#10833,#8560,#8561);
#7455=AXIS2_PLACEMENT_3D('',#10837,#8564,#8565);
#7456=AXIS2_PLACEMENT_3D('',#10841,#8568,#8569);
#7457=AXIS2_PLACEMENT_3D('',#10847,#8573,#8574);
#7458=AXIS2_PLACEMENT_3D('',#10853,#8578,#8579);
#7459=AXIS2_PLACEMENT_3D('',#10862,#8584,#8585);
#7460=AXIS2_PLACEMENT_3D('',#10868,#8589,#8590);
#7461=AXIS2_PLACEMENT_3D('',#10871,#8593,#8594);
#7462=AXIS2_PLACEMENT_3D('',#10873,#8596,#8597);
#7463=AXIS2_PLACEMENT_3D('',#10888,#8606,#8607);
#7464=AXIS2_PLACEMENT_3D('',#10890,#8608,#8609);
#7465=AXIS2_PLACEMENT_3D('',#10893,#8611,#8612);
#7466=AXIS2_PLACEMENT_3D('',#10894,#8613,#8614);
#7467=AXIS2_PLACEMENT_3D('',#10896,#8615,#8616);
#7468=AXIS2_PLACEMENT_3D('',#10899,#8618,#8619);
#7469=AXIS2_PLACEMENT_3D('',#10900,#8620,#8621);
#7470=AXIS2_PLACEMENT_3D('',#10901,#8622,#8623);
#7471=AXIS2_PLACEMENT_3D('',#10917,#8632,#8633);
#7472=AXIS2_PLACEMENT_3D('',#10918,#8634,#8635);
#7473=AXIS2_PLACEMENT_3D('',#10919,#8636,#8637);
#7474=AXIS2_PLACEMENT_3D('',#10922,#8639,#8640);
#7475=AXIS2_PLACEMENT_3D('',#10923,#8641,#8642);
#7476=AXIS2_PLACEMENT_3D('',#10924,#8643,#8644);
#7477=AXIS2_PLACEMENT_3D('',#10925,#8645,#8646);
#7478=AXIS2_PLACEMENT_3D('',#10928,#8648,#8649);
#7479=AXIS2_PLACEMENT_3D('',#10930,#8650,#8651);
#7480=AXIS2_PLACEMENT_3D('',#10932,#8652,#8653);
#7481=AXIS2_PLACEMENT_3D('',#10934,#8654,#8655);
#7482=AXIS2_PLACEMENT_3D('',#10936,#8656,#8657);
#7483=AXIS2_PLACEMENT_3D('',#10938,#8658,#8659);
#7484=AXIS2_PLACEMENT_3D('',#10940,#8660,#8661);
#7485=AXIS2_PLACEMENT_3D('',#10942,#8662,#8663);
#7486=AXIS2_PLACEMENT_3D('',#10944,#8664,#8665);
#7487=AXIS2_PLACEMENT_3D('',#10949,#8667,#8668);
#7488=AXIS2_PLACEMENT_3D('',#10953,#8670,#8671);
#7489=AXIS2_PLACEMENT_3D('',#10957,#8673,#8674);
#7490=AXIS2_PLACEMENT_3D('',#10960,#8676,#8677);
#7491=AXIS2_PLACEMENT_3D('',#10963,#8678,#8679);
#7492=AXIS2_PLACEMENT_3D('',#10973,#8684,#8685);
#7493=AXIS2_PLACEMENT_3D('',#10979,#8688,#8689);
#7494=AXIS2_PLACEMENT_3D('',#10989,#8694,#8695);
#7495=AXIS2_PLACEMENT_3D('',#10995,#8698,#8699);
#7496=AXIS2_PLACEMENT_3D('',#10997,#8700,#8701);
#7497=AXIS2_PLACEMENT_3D('',#10999,#8702,#8703);
#7498=AXIS2_PLACEMENT_3D('',#11001,#8704,#8705);
#7499=AXIS2_PLACEMENT_3D('',#11003,#8706,#8707);
#7500=AXIS2_PLACEMENT_3D('',#11005,#8708,#8709);
#7501=AXIS2_PLACEMENT_3D('',#11007,#8710,#8711);
#7502=AXIS2_PLACEMENT_3D('',#11008,#8712,#8713);
#7503=AXIS2_PLACEMENT_3D('',#11010,#8714,#8715);
#7504=AXIS2_PLACEMENT_3D('',#11012,#8716,#8717);
#7505=AXIS2_PLACEMENT_3D('',#11032,#8727,#8728);
#7506=AXIS2_PLACEMENT_3D('',#11034,#8729,#8730);
#7507=AXIS2_PLACEMENT_3D('',#11036,#8731,#8732);
#7508=AXIS2_PLACEMENT_3D('',#11038,#8733,#8734);
#7509=AXIS2_PLACEMENT_3D('',#11040,#8735,#8736);
#7510=AXIS2_PLACEMENT_3D('',#11042,#8737,#8738);
#7511=AXIS2_PLACEMENT_3D('',#11044,#8739,#8740);
#7512=AXIS2_PLACEMENT_3D('',#11045,#8741,#8742);
#7513=AXIS2_PLACEMENT_3D('',#11047,#8743,#8744);
#7514=AXIS2_PLACEMENT_3D('',#11050,#8746,#8747);
#7515=AXIS2_PLACEMENT_3D('',#11051,#8748,#8749);
#7516=AXIS2_PLACEMENT_3D('',#11053,#8750,#8751);
#7517=AXIS2_PLACEMENT_3D('',#11055,#8753,#8754);
#7518=AXIS2_PLACEMENT_3D('',#11056,#8755,#8756);
#7519=AXIS2_PLACEMENT_3D('',#11057,#8757,#8758);
#7520=AXIS2_PLACEMENT_3D('',#11059,#8760,#8761);
#7521=AXIS2_PLACEMENT_3D('',#11061,#8763,#8764);
#7522=AXIS2_PLACEMENT_3D('',#11063,#8766,#8767);
#7523=AXIS2_PLACEMENT_3D('',#11064,#8768,#8769);
#7524=AXIS2_PLACEMENT_3D('',#11066,#8771,#8772);
#7525=AXIS2_PLACEMENT_3D('',#11068,#8773,#8774);
#7526=AXIS2_PLACEMENT_3D('',#11071,#8776,#8777);
#7527=AXIS2_PLACEMENT_3D('',#11072,#8778,#8779);
#7528=AXIS2_PLACEMENT_3D('',#11075,#8781,#8782);
#7529=AXIS2_PLACEMENT_3D('',#11076,#8783,#8784);
#7530=AXIS2_PLACEMENT_3D('',#11077,#8785,#8786);
#7531=AXIS2_PLACEMENT_3D('',#11078,#8787,#8788);
#7532=AXIS2_PLACEMENT_3D('',#11080,#8789,#8790);
#7533=AXIS2_PLACEMENT_3D('',#11083,#8792,#8793);
#7534=AXIS2_PLACEMENT_3D('',#11084,#8794,#8795);
#7535=AXIS2_PLACEMENT_3D('',#11087,#8797,#8798);
#7536=AXIS2_PLACEMENT_3D('',#11088,#8799,#8800);
#7537=AXIS2_PLACEMENT_3D('',#11089,#8801,#8802);
#7538=AXIS2_PLACEMENT_3D('',#11090,#8803,#8804);
#7539=AXIS2_PLACEMENT_3D('',#11092,#8805,#8806);
#7540=AXIS2_PLACEMENT_3D('',#11095,#8808,#8809);
#7541=AXIS2_PLACEMENT_3D('',#11096,#8810,#8811);
#7542=AXIS2_PLACEMENT_3D('',#11099,#8813,#8814);
#7543=AXIS2_PLACEMENT_3D('',#11100,#8815,#8816);
#7544=AXIS2_PLACEMENT_3D('',#11101,#8817,#8818);
#7545=AXIS2_PLACEMENT_3D('',#11102,#8819,#8820);
#7546=AXIS2_PLACEMENT_3D('',#11104,#8821,#8822);
#7547=AXIS2_PLACEMENT_3D('',#11107,#8824,#8825);
#7548=AXIS2_PLACEMENT_3D('',#11108,#8826,#8827);
#7549=AXIS2_PLACEMENT_3D('',#11111,#8829,#8830);
#7550=AXIS2_PLACEMENT_3D('',#11112,#8831,#8832);
#7551=AXIS2_PLACEMENT_3D('',#11113,#8833,#8834);
#7552=AXIS2_PLACEMENT_3D('',#11114,#8835,#8836);
#7553=AXIS2_PLACEMENT_3D('',#11116,#8837,#8838);
#7554=AXIS2_PLACEMENT_3D('',#11119,#8840,#8841);
#7555=AXIS2_PLACEMENT_3D('',#11120,#8842,#8843);
#7556=AXIS2_PLACEMENT_3D('',#11123,#8845,#8846);
#7557=AXIS2_PLACEMENT_3D('',#11124,#8847,#8848);
#7558=AXIS2_PLACEMENT_3D('',#11125,#8849,#8850);
#7559=AXIS2_PLACEMENT_3D('',#11126,#8851,#8852);
#7560=AXIS2_PLACEMENT_3D('',#11128,#8853,#8854);
#7561=AXIS2_PLACEMENT_3D('',#11131,#8856,#8857);
#7562=AXIS2_PLACEMENT_3D('',#11132,#8858,#8859);
#7563=AXIS2_PLACEMENT_3D('',#11135,#8861,#8862);
#7564=AXIS2_PLACEMENT_3D('',#11136,#8863,#8864);
#7565=AXIS2_PLACEMENT_3D('',#11137,#8865,#8866);
#7566=AXIS2_PLACEMENT_3D('',#11138,#8867,#8868);
#7567=AXIS2_PLACEMENT_3D('',#11140,#8869,#8870);
#7568=AXIS2_PLACEMENT_3D('',#11143,#8872,#8873);
#7569=AXIS2_PLACEMENT_3D('',#11144,#8874,#8875);
#7570=AXIS2_PLACEMENT_3D('',#11147,#8877,#8878);
#7571=AXIS2_PLACEMENT_3D('',#11148,#8879,#8880);
#7572=AXIS2_PLACEMENT_3D('',#11149,#8881,#8882);
#7573=AXIS2_PLACEMENT_3D('',#11150,#8883,#8884);
#7574=AXIS2_PLACEMENT_3D('',#11152,#8885,#8886);
#7575=AXIS2_PLACEMENT_3D('',#11155,#8888,#8889);
#7576=AXIS2_PLACEMENT_3D('',#11156,#8890,#8891);
#7577=AXIS2_PLACEMENT_3D('',#11159,#8893,#8894);
#7578=AXIS2_PLACEMENT_3D('',#11160,#8895,#8896);
#7579=AXIS2_PLACEMENT_3D('',#11161,#8897,#8898);
#7580=AXIS2_PLACEMENT_3D('',#11162,#8899,#8900);
#7581=AXIS2_PLACEMENT_3D('',#11164,#8901,#8902);
#7582=AXIS2_PLACEMENT_3D('',#11167,#8904,#8905);
#7583=AXIS2_PLACEMENT_3D('',#11168,#8906,#8907);
#7584=AXIS2_PLACEMENT_3D('',#11171,#8909,#8910);
#7585=AXIS2_PLACEMENT_3D('',#11172,#8911,#8912);
#7586=AXIS2_PLACEMENT_3D('',#11173,#8913,#8914);
#7587=AXIS2_PLACEMENT_3D('',#11174,#8915,#8916);
#7588=AXIS2_PLACEMENT_3D('',#11176,#8917,#8918);
#7589=AXIS2_PLACEMENT_3D('',#11178,#8920,#8921);
#7590=AXIS2_PLACEMENT_3D('',#11180,#8923,#8924);
#7591=AXIS2_PLACEMENT_3D('',#11181,#8925,#8926);
#7592=AXIS2_PLACEMENT_3D('',#11183,#8927,#8928);
#7593=AXIS2_PLACEMENT_3D('',#11186,#8930,#8931);
#7594=AXIS2_PLACEMENT_3D('',#11187,#8932,#8933);
#7595=AXIS2_PLACEMENT_3D('',#11190,#8935,#8936);
#7596=AXIS2_PLACEMENT_3D('',#11191,#8937,#8938);
#7597=AXIS2_PLACEMENT_3D('',#11192,#8939,#8940);
#7598=AXIS2_PLACEMENT_3D('',#11193,#8941,#8942);
#7599=AXIS2_PLACEMENT_3D('',#11201,#8947,#8948);
#7600=AXIS2_PLACEMENT_3D('',#11202,#8949,#8950);
#7601=AXIS2_PLACEMENT_3D('',#11203,#8951,#8952);
#7602=AXIS2_PLACEMENT_3D('',#11205,#8953,#8954);
#7603=AXIS2_PLACEMENT_3D('',#11206,#8955,#8956);
#7604=AXIS2_PLACEMENT_3D('',#11207,#8957,#8958);
#7605=AXIS2_PLACEMENT_3D('',#11209,#8960,#8961);
#7606=AXIS2_PLACEMENT_3D('',#11212,#8963,#8964);
#7607=AXIS2_PLACEMENT_3D('',#11213,#8965,#8966);
#7608=AXIS2_PLACEMENT_3D('',#11217,#8969,#8970);
#7609=AXIS2_PLACEMENT_3D('',#11219,#8971,#8972);
#7610=AXIS2_PLACEMENT_3D('',#11221,#8974,#8975);
#7611=AXIS2_PLACEMENT_3D('',#11223,#8977,#8978);
#7612=AXIS2_PLACEMENT_3D('',#11224,#8979,#8980);
#7613=AXIS2_PLACEMENT_3D('',#11225,#8981,#8982);
#7614=AXIS2_PLACEMENT_3D('',#11226,#8983,#8984);
#7615=AXIS2_PLACEMENT_3D('',#11228,#8986,#8987);
#7616=AXIS2_PLACEMENT_3D('',#11231,#8990,#8991);
#7617=AXIS2_PLACEMENT_3D('',#11232,#8992,#8993);
#7618=AXIS2_PLACEMENT_3D('',#11235,#8995,#8996);
#7619=AXIS2_PLACEMENT_3D('',#11236,#8997,#8998);
#7620=AXIS2_PLACEMENT_3D('',#11237,#8999,#9000);
#7621=AXIS2_PLACEMENT_3D('',#11239,#9002,#9003);
#7622=AXIS2_PLACEMENT_3D('',#11240,#9004,#9005);
#7623=AXIS2_PLACEMENT_3D('',#11243,#9007,#9008);
#7624=AXIS2_PLACEMENT_3D('',#11244,#9009,#9010);
#7625=AXIS2_PLACEMENT_3D('',#11245,#9011,#9012);
#7626=AXIS2_PLACEMENT_3D('',#11246,#9013,#9014);
#7627=AXIS2_PLACEMENT_3D('',#11249,#9016,#9017);
#7628=AXIS2_PLACEMENT_3D('',#11250,#9018,#9019);
#7629=AXIS2_PLACEMENT_3D('',#11251,#9020,#9021);
#7630=AXIS2_PLACEMENT_3D('',#11252,#9022,#9023);
#7631=AXIS2_PLACEMENT_3D('',#11255,#9025,#9026);
#7632=AXIS2_PLACEMENT_3D('',#11256,#9027,#9028);
#7633=AXIS2_PLACEMENT_3D('',#11257,#9029,#9030);
#7634=AXIS2_PLACEMENT_3D('',#11258,#9031,#9032);
#7635=AXIS2_PLACEMENT_3D('',#11271,#9038,#9039);
#7636=AXIS2_PLACEMENT_3D('',#11275,#9041,#9042);
#7637=AXIS2_PLACEMENT_3D('',#11279,#9044,#9045);
#7638=AXIS2_PLACEMENT_3D('',#11282,#9047,#9048);
#7639=AXIS2_PLACEMENT_3D('',#11287,#9050,#9051);
#7640=AXIS2_PLACEMENT_3D('',#11291,#9053,#9054);
#7641=AXIS2_PLACEMENT_3D('',#11295,#9056,#9057);
#7642=AXIS2_PLACEMENT_3D('',#11298,#9059,#9060);
#7643=AXIS2_PLACEMENT_3D('',#11303,#9062,#9063);
#7644=AXIS2_PLACEMENT_3D('',#11307,#9065,#9066);
#7645=AXIS2_PLACEMENT_3D('',#11311,#9068,#9069);
#7646=AXIS2_PLACEMENT_3D('',#11314,#9071,#9072);
#7647=AXIS2_PLACEMENT_3D('',#11319,#9074,#9075);
#7648=AXIS2_PLACEMENT_3D('',#11323,#9077,#9078);
#7649=AXIS2_PLACEMENT_3D('',#11327,#9080,#9081);
#7650=AXIS2_PLACEMENT_3D('',#11330,#9083,#9084);
#7651=AXIS2_PLACEMENT_3D('',#11331,#9085,#9086);
#7652=AXIS2_PLACEMENT_3D('',#11342,#9091,#9092);
#7653=AXIS2_PLACEMENT_3D('',#11346,#9094,#9095);
#7654=AXIS2_PLACEMENT_3D('',#11350,#9097,#9098);
#7655=AXIS2_PLACEMENT_3D('',#11354,#9100,#9101);
#7656=AXIS2_PLACEMENT_3D('',#11358,#9103,#9104);
#7657=AXIS2_PLACEMENT_3D('',#11362,#9106,#9107);
#7658=AXIS2_PLACEMENT_3D('',#11366,#9109,#9110);
#7659=AXIS2_PLACEMENT_3D('',#11370,#9112,#9113);
#7660=AXIS2_PLACEMENT_3D('',#11374,#9115,#9116);
#7661=AXIS2_PLACEMENT_3D('',#11378,#9118,#9119);
#7662=AXIS2_PLACEMENT_3D('',#11382,#9121,#9122);
#7663=AXIS2_PLACEMENT_3D('',#11386,#9124,#9125);
#7664=AXIS2_PLACEMENT_3D('',#11392,#9128,#9129);
#7665=AXIS2_PLACEMENT_3D('',#11396,#9131,#9132);
#7666=AXIS2_PLACEMENT_3D('',#11400,#9134,#9135);
#7667=AXIS2_PLACEMENT_3D('',#11403,#9137,#9138);
#7668=AXIS2_PLACEMENT_3D('',#11404,#9139,#9140);
#7669=AXIS2_PLACEMENT_3D('',#11407,#9143,#9144);
#7670=AXIS2_PLACEMENT_3D('',#11409,#9146,#9147);
#7671=AXIS2_PLACEMENT_3D('',#11411,#9149,#9150);
#7672=AXIS2_PLACEMENT_3D('',#11413,#9152,#9153);
#7673=AXIS2_PLACEMENT_3D('',#11416,#9156,#9157);
#7674=AXIS2_PLACEMENT_3D('',#11418,#9159,#9160);
#7675=AXIS2_PLACEMENT_3D('',#11420,#9162,#9163);
#7676=AXIS2_PLACEMENT_3D('',#11422,#9165,#9166);
#7677=AXIS2_PLACEMENT_3D('',#11425,#9169,#9170);
#7678=AXIS2_PLACEMENT_3D('',#11427,#9172,#9173);
#7679=AXIS2_PLACEMENT_3D('',#11429,#9175,#9176);
#7680=AXIS2_PLACEMENT_3D('',#11431,#9178,#9179);
#7681=AXIS2_PLACEMENT_3D('',#11434,#9182,#9183);
#7682=AXIS2_PLACEMENT_3D('',#11436,#9185,#9186);
#7683=AXIS2_PLACEMENT_3D('',#11438,#9188,#9189);
#7684=AXIS2_PLACEMENT_3D('',#11440,#9191,#9192);
#7685=AXIS2_PLACEMENT_3D('',#11443,#9195,#9196);
#7686=AXIS2_PLACEMENT_3D('',#11445,#9198,#9199);
#7687=AXIS2_PLACEMENT_3D('',#11447,#9201,#9202);
#7688=AXIS2_PLACEMENT_3D('',#11449,#9204,#9205);
#7689=AXIS2_PLACEMENT_3D('',#11452,#9208,#9209);
#7690=AXIS2_PLACEMENT_3D('',#11454,#9211,#9212);
#7691=AXIS2_PLACEMENT_3D('',#11456,#9214,#9215);
#7692=AXIS2_PLACEMENT_3D('',#11458,#9217,#9218);
#7693=AXIS2_PLACEMENT_3D('',#11461,#9221,#9222);
#7694=AXIS2_PLACEMENT_3D('',#11463,#9224,#9225);
#7695=AXIS2_PLACEMENT_3D('',#11465,#9227,#9228);
#7696=AXIS2_PLACEMENT_3D('',#11467,#9230,#9231);
#7697=AXIS2_PLACEMENT_3D('',#11470,#9234,#9235);
#7698=AXIS2_PLACEMENT_3D('',#11472,#9237,#9238);
#7699=AXIS2_PLACEMENT_3D('',#11474,#9240,#9241);
#7700=AXIS2_PLACEMENT_3D('',#11476,#9243,#9244);
#7701=AXIS2_PLACEMENT_3D('',#11478,#9245,#9246);
#7702=AXIS2_PLACEMENT_3D('',#11481,#9248,#9249);
#7703=AXIS2_PLACEMENT_3D('',#11482,#9250,#9251);
#7704=AXIS2_PLACEMENT_3D('',#11484,#9252,#9253);
#7705=AXIS2_PLACEMENT_3D('',#11486,#9255,#9256);
#7706=AXIS2_PLACEMENT_3D('',#11487,#9257,#9258);
#7707=AXIS2_PLACEMENT_3D('',#11488,#9259,#9260);
#7708=AXIS2_PLACEMENT_3D('',#11494,#9264,#9265);
#7709=AXIS2_PLACEMENT_3D('',#11498,#9268,#9269);
#7710=AXIS2_PLACEMENT_3D('',#11502,#9272,#9273);
#7711=AXIS2_PLACEMENT_3D('',#11506,#9276,#9277);
#7712=AXIS2_PLACEMENT_3D('',#11510,#9280,#9281);
#7713=AXIS2_PLACEMENT_3D('',#11514,#9284,#9285);
#7714=AXIS2_PLACEMENT_3D('',#11519,#9289,#9290);
#7715=AXIS2_PLACEMENT_3D('',#11523,#9293,#9294);
#7716=AXIS2_PLACEMENT_3D('',#11527,#9297,#9298);
#7717=AXIS2_PLACEMENT_3D('',#11529,#9300,#9301);
#7718=AXIS2_PLACEMENT_3D('',#11530,#9302,#9303);
#7719=AXIS2_PLACEMENT_3D('',#11532,#9304,#9305);
#7720=AXIS2_PLACEMENT_3D('',#11535,#9307,#9308);
#7721=AXIS2_PLACEMENT_3D('',#11536,#9309,#9310);
#7722=AXIS2_PLACEMENT_3D('',#11538,#9311,#9312);
#7723=AXIS2_PLACEMENT_3D('',#11540,#9314,#9315);
#7724=AXIS2_PLACEMENT_3D('',#11541,#9316,#9317);
#7725=AXIS2_PLACEMENT_3D('',#11542,#9318,#9319);
#7726=AXIS2_PLACEMENT_3D('',#11544,#9320,#9321);
#7727=AXIS2_PLACEMENT_3D('',#11547,#9323,#9324);
#7728=AXIS2_PLACEMENT_3D('',#11548,#9325,#9326);
#7729=AXIS2_PLACEMENT_3D('',#11550,#9327,#9328);
#7730=AXIS2_PLACEMENT_3D('',#11552,#9330,#9331);
#7731=AXIS2_PLACEMENT_3D('',#11553,#9332,#9333);
#7732=AXIS2_PLACEMENT_3D('',#11554,#9334,#9335);
#7733=AXIS2_PLACEMENT_3D('',#11556,#9336,#9337);
#7734=AXIS2_PLACEMENT_3D('',#11559,#9339,#9340);
#7735=AXIS2_PLACEMENT_3D('',#11560,#9341,#9342);
#7736=AXIS2_PLACEMENT_3D('',#11562,#9343,#9344);
#7737=AXIS2_PLACEMENT_3D('',#11564,#9346,#9347);
#7738=AXIS2_PLACEMENT_3D('',#11565,#9348,#9349);
#7739=AXIS2_PLACEMENT_3D('',#11566,#9350,#9351);
#7740=AXIS2_PLACEMENT_3D('',#11572,#9355,#9356);
#7741=AXIS2_PLACEMENT_3D('',#11576,#9359,#9360);
#7742=AXIS2_PLACEMENT_3D('',#11580,#9363,#9364);
#7743=AXIS2_PLACEMENT_3D('',#11584,#9367,#9368);
#7744=AXIS2_PLACEMENT_3D('',#11586,#9370,#9371);
#7745=AXIS2_PLACEMENT_3D('',#11590,#9374,#9375);
#7746=AXIS2_PLACEMENT_3D('',#11595,#9379,#9380);
#7747=AXIS2_PLACEMENT_3D('',#11599,#9383,#9384);
#7748=AXIS2_PLACEMENT_3D('',#11603,#9387,#9388);
#7749=AXIS2_PLACEMENT_3D('',#11605,#9390,#9391);
#7750=AXIS2_PLACEMENT_3D('',#11606,#9392,#9393);
#7751=AXIS2_PLACEMENT_3D('',#11607,#9394,#9395);
#7752=AXIS2_PLACEMENT_3D('',#11610,#9396,#9397);
#7753=AXIS2_PLACEMENT_3D('',#11614,#9399,#9400);
#7754=AXIS2_PLACEMENT_3D('',#11616,#9402,#9403);
#7755=AXIS2_PLACEMENT_3D('',#11619,#9404,#9405);
#7756=AXIS2_PLACEMENT_3D('',#11623,#9407,#9408);
#7757=AXIS2_PLACEMENT_3D('',#11625,#9410,#9411);
#7758=AXIS2_PLACEMENT_3D('',#11628,#9412,#9413);
#7759=AXIS2_PLACEMENT_3D('',#11632,#9415,#9416);
#7760=AXIS2_PLACEMENT_3D('',#11634,#9418,#9419);
#7761=AXIS2_PLACEMENT_3D('',#11637,#9420,#9421);
#7762=AXIS2_PLACEMENT_3D('',#11641,#9423,#9424);
#7763=AXIS2_PLACEMENT_3D('',#11643,#9426,#9427);
#7764=AXIS2_PLACEMENT_3D('',#11646,#9428,#9429);
#7765=AXIS2_PLACEMENT_3D('',#11650,#9431,#9432);
#7766=AXIS2_PLACEMENT_3D('',#11652,#9434,#9435);
#7767=AXIS2_PLACEMENT_3D('',#11655,#9436,#9437);
#7768=AXIS2_PLACEMENT_3D('',#11659,#9439,#9440);
#7769=AXIS2_PLACEMENT_3D('',#11661,#9442,#9443);
#7770=AXIS2_PLACEMENT_3D('',#11664,#9444,#9445);
#7771=AXIS2_PLACEMENT_3D('',#11668,#9447,#9448);
#7772=AXIS2_PLACEMENT_3D('',#11670,#9450,#9451);
#7773=AXIS2_PLACEMENT_3D('',#11673,#9452,#9453);
#7774=AXIS2_PLACEMENT_3D('',#11677,#9455,#9456);
#7775=AXIS2_PLACEMENT_3D('',#11679,#9458,#9459);
#7776=AXIS2_PLACEMENT_3D('',#11688,#9464,#9465);
#7777=AXIS2_PLACEMENT_3D('',#11694,#9469,#9470);
#7778=AXIS2_PLACEMENT_3D('',#11696,#9471,#9472);
#7779=AXIS2_PLACEMENT_3D('',#11698,#9473,#9474);
#7780=AXIS2_PLACEMENT_3D('',#11700,#9476,#9477);
#7781=AXIS2_PLACEMENT_3D('',#11706,#9481,#9482);
#7782=AXIS2_PLACEMENT_3D('',#11712,#9486,#9487);
#7783=AXIS2_PLACEMENT_3D('',#11718,#9491,#9492);
#7784=AXIS2_PLACEMENT_3D('',#11720,#9493,#9494);
#7785=AXIS2_PLACEMENT_3D('',#11722,#9495,#9496);
#7786=AXIS2_PLACEMENT_3D('',#11724,#9498,#9499);
#7787=AXIS2_PLACEMENT_3D('',#11730,#9503,#9504);
#7788=AXIS2_PLACEMENT_3D('',#11736,#9508,#9509);
#7789=AXIS2_PLACEMENT_3D('',#11742,#9513,#9514);
#7790=AXIS2_PLACEMENT_3D('',#11744,#9515,#9516);
#7791=AXIS2_PLACEMENT_3D('',#11746,#9517,#9518);
#7792=AXIS2_PLACEMENT_3D('',#11748,#9520,#9521);
#7793=AXIS2_PLACEMENT_3D('',#11754,#9525,#9526);
#7794=AXIS2_PLACEMENT_3D('',#11760,#9530,#9531);
#7795=AXIS2_PLACEMENT_3D('',#11766,#9535,#9536);
#7796=AXIS2_PLACEMENT_3D('',#11768,#9537,#9538);
#7797=AXIS2_PLACEMENT_3D('',#11770,#9539,#9540);
#7798=AXIS2_PLACEMENT_3D('',#11772,#9542,#9543);
#7799=AXIS2_PLACEMENT_3D('',#11775,#9546,#9547);
#7800=AXIS2_PLACEMENT_3D('',#11800,#9564,#9565);
#7801=AXIS2_PLACEMENT_3D('',#11802,#9567,#9568);
#7802=AXIS2_PLACEMENT_3D('',#11806,#9570,#9571);
#7803=AXIS2_PLACEMENT_3D('',#11808,#9573,#9574);
#7804=AXIS2_PLACEMENT_3D('',#11810,#9576,#9577);
#7805=AXIS2_PLACEMENT_3D('',#11814,#9579,#9580);
#7806=AXIS2_PLACEMENT_3D('',#11816,#9582,#9583);
#7807=AXIS2_PLACEMENT_3D('',#11818,#9585,#9586);
#7808=AXIS2_PLACEMENT_3D('',#11822,#9588,#9589);
#7809=AXIS2_PLACEMENT_3D('',#11824,#9591,#9592);
#7810=AXIS2_PLACEMENT_3D('',#11826,#9594,#9595);
#7811=AXIS2_PLACEMENT_3D('',#11830,#9597,#9598);
#7812=AXIS2_PLACEMENT_3D('',#11832,#9600,#9601);
#7813=AXIS2_PLACEMENT_3D('',#11835,#9604,#9605);
#7814=AXIS2_PLACEMENT_3D('',#11837,#9607,#9608);
#7815=AXIS2_PLACEMENT_3D('',#11839,#9610,#9611);
#7816=AXIS2_PLACEMENT_3D('',#11841,#9613,#9614);
#7817=AXIS2_PLACEMENT_3D('',#11843,#9616,#9617);
#7818=AXIS2_PLACEMENT_3D('',#11845,#9619,#9620);
#7819=AXIS2_PLACEMENT_3D('',#11847,#9622,#9623);
#7820=AXIS2_PLACEMENT_3D('',#11849,#9625,#9626);
#7821=AXIS2_PLACEMENT_3D('',#11851,#9628,#9629);
#7822=AXIS2_PLACEMENT_3D('',#11853,#9631,#9632);
#7823=AXIS2_PLACEMENT_3D('',#11855,#9634,#9635);
#7824=AXIS2_PLACEMENT_3D('',#11857,#9637,#9638);
#7825=AXIS2_PLACEMENT_3D('',#11859,#9640,#9641);
#7826=AXIS2_PLACEMENT_3D('',#11861,#9643,#9644);
#7827=AXIS2_PLACEMENT_3D('',#11863,#9646,#9647);
#7828=AXIS2_PLACEMENT_3D('',#11864,#9648,#9649);
#7829=AXIS2_PLACEMENT_3D('',#11870,#9653,#9654);
#7830=AXIS2_PLACEMENT_3D('',#11872,#9655,#9656);
#7831=AXIS2_PLACEMENT_3D('',#11874,#9658,#9659);
#7832=AXIS2_PLACEMENT_3D('',#11878,#9662,#9663);
#7833=AXIS2_PLACEMENT_3D('',#11880,#9664,#9665);
#7834=AXIS2_PLACEMENT_3D('',#11882,#9667,#9668);
#7835=AXIS2_PLACEMENT_3D('',#11886,#9671,#9672);
#7836=AXIS2_PLACEMENT_3D('',#11889,#9674,#9675);
#7837=AXIS2_PLACEMENT_3D('',#11890,#9676,#9677);
#7838=AXIS2_PLACEMENT_3D('',#11894,#9680,#9681);
#7839=AXIS2_PLACEMENT_3D('',#11895,#9682,#9683);
#7840=AXIS2_PLACEMENT_3D('',#11896,#9684,#9685);
#7841=AXIS2_PLACEMENT_3D('',#11897,#9686,#9687);
#7842=AXIS2_PLACEMENT_3D('',#11900,#9688,#9689);
#7843=AXIS2_PLACEMENT_3D('',#11904,#9691,#9692);
#7844=AXIS2_PLACEMENT_3D('',#11906,#9694,#9695);
#7845=AXIS2_PLACEMENT_3D('',#11907,#9696,#9697);
#7846=AXIS2_PLACEMENT_3D('',#11909,#9698,#9699);
#7847=AXIS2_PLACEMENT_3D('',#11910,#9700,#9701);
#7848=AXIS2_PLACEMENT_3D('',#11913,#9702,#9703);
#7849=AXIS2_PLACEMENT_3D('',#11917,#9705,#9706);
#7850=AXIS2_PLACEMENT_3D('',#11919,#9708,#9709);
#7851=AXIS2_PLACEMENT_3D('',#11920,#9710,#9711);
#7852=AXIS2_PLACEMENT_3D('',#11922,#9712,#9713);
#7853=AXIS2_PLACEMENT_3D('',#11923,#9714,#9715);
#7854=AXIS2_PLACEMENT_3D('',#11926,#9716,#9717);
#7855=AXIS2_PLACEMENT_3D('',#11930,#9719,#9720);
#7856=AXIS2_PLACEMENT_3D('',#11932,#9722,#9723);
#7857=AXIS2_PLACEMENT_3D('',#11933,#9724,#9725);
#7858=AXIS2_PLACEMENT_3D('',#11935,#9726,#9727);
#7859=AXIS2_PLACEMENT_3D('',#11936,#9728,#9729);
#7860=AXIS2_PLACEMENT_3D('',#11939,#9730,#9731);
#7861=AXIS2_PLACEMENT_3D('',#11943,#9733,#9734);
#7862=AXIS2_PLACEMENT_3D('',#11945,#9736,#9737);
#7863=AXIS2_PLACEMENT_3D('',#11946,#9738,#9739);
#7864=AXIS2_PLACEMENT_3D('',#11948,#9740,#9741);
#7865=AXIS2_PLACEMENT_3D('',#11949,#9742,#9743);
#7866=AXIS2_PLACEMENT_3D('',#11952,#9745,#9746);
#7867=AXIS2_PLACEMENT_3D('',#11953,#9747,#9748);
#7868=AXIS2_PLACEMENT_3D('',#11956,#9751,#9752);
#7869=AXIS2_PLACEMENT_3D('',#11959,#9754,#9755);
#7870=AXIS2_PLACEMENT_3D('',#11960,#9756,#9757);
#7871=AXIS2_PLACEMENT_3D('',#11963,#9760,#9761);
#7872=AXIS2_PLACEMENT_3D('',#11964,#9762,#9763);
#7873=AXIS2_PLACEMENT_3D('',#11967,#9765,#9766);
#7874=AXIS2_PLACEMENT_3D('',#11968,#9767,#9768);
#7875=AXIS2_PLACEMENT_3D('',#11971,#9771,#9772);
#7876=AXIS2_PLACEMENT_3D('',#11972,#9773,#9774);
#7877=AXIS2_PLACEMENT_3D('',#11975,#9776,#9777);
#7878=AXIS2_PLACEMENT_3D('',#11976,#9778,#9779);
#7879=AXIS2_PLACEMENT_3D('',#11979,#9782,#9783);
#7880=AXIS2_PLACEMENT_3D('',#11980,#9784,#9785);
#7881=AXIS2_PLACEMENT_3D('',#11983,#9787,#9788);
#7882=AXIS2_PLACEMENT_3D('',#11984,#9789,#9790);
#7883=AXIS2_PLACEMENT_3D('',#11987,#9792,#9793);
#7884=AXIS2_PLACEMENT_3D('',#11988,#9794,#9795);
#7885=AXIS2_PLACEMENT_3D('',#11994,#9799,#9800);
#7886=AXIS2_PLACEMENT_3D('',#11998,#9803,#9804);
#7887=AXIS2_PLACEMENT_3D('',#12002,#9807,#9808);
#7888=AXIS2_PLACEMENT_3D('',#12004,#9810,#9811);
#7889=AXIS2_PLACEMENT_3D('',#12005,#9812,#9813);
#7890=AXIS2_PLACEMENT_3D('',#12011,#9817,#9818);
#7891=AXIS2_PLACEMENT_3D('',#12015,#9821,#9822);
#7892=AXIS2_PLACEMENT_3D('',#12019,#9825,#9826);
#7893=AXIS2_PLACEMENT_3D('',#12021,#9828,#9829);
#7894=AXIS2_PLACEMENT_3D('',#12022,#9830,#9831);
#7895=AXIS2_PLACEMENT_3D('',#12031,#9836,#9837);
#7896=AXIS2_PLACEMENT_3D('',#12037,#9841,#9842);
#7897=AXIS2_PLACEMENT_3D('',#12043,#9846,#9847);
#7898=AXIS2_PLACEMENT_3D('',#12046,#9850,#9851);
#7899=AXIS2_PLACEMENT_3D('',#12047,#9852,#9853);
#7900=AXIS2_PLACEMENT_3D('',#12056,#9858,#9859);
#7901=AXIS2_PLACEMENT_3D('',#12058,#9860,#9861);
#7902=AXIS2_PLACEMENT_3D('',#12060,#9862,#9863);
#7903=AXIS2_PLACEMENT_3D('',#12062,#9865,#9866);
#7904=AXIS2_PLACEMENT_3D('',#12064,#9867,#9868);
#7905=AXIS2_PLACEMENT_3D('',#12066,#9869,#9870);
#7906=AXIS2_PLACEMENT_3D('',#12068,#9872,#9873);
#7907=AXIS2_PLACEMENT_3D('',#12070,#9874,#9875);
#7908=AXIS2_PLACEMENT_3D('',#12072,#9876,#9877);
#7909=AXIS2_PLACEMENT_3D('',#12074,#9879,#9880);
#7910=AXIS2_PLACEMENT_3D('',#12076,#9881,#9882);
#7911=AXIS2_PLACEMENT_3D('',#12078,#9883,#9884);
#7912=AXIS2_PLACEMENT_3D('',#12080,#9886,#9887);
#7913=AXIS2_PLACEMENT_3D('',#12082,#9888,#9889);
#7914=AXIS2_PLACEMENT_3D('',#12084,#9890,#9891);
#7915=AXIS2_PLACEMENT_3D('',#12086,#9893,#9894);
#7916=AXIS2_PLACEMENT_3D('',#12092,#9898,#9899);
#7917=AXIS2_PLACEMENT_3D('',#12094,#9900,#9901);
#7918=AXIS2_PLACEMENT_3D('',#12096,#9902,#9903);
#7919=AXIS2_PLACEMENT_3D('',#12098,#9905,#9906);
#7920=AXIS2_PLACEMENT_3D('',#12100,#9907,#9908);
#7921=AXIS2_PLACEMENT_3D('',#12102,#9909,#9910);
#7922=AXIS2_PLACEMENT_3D('',#12104,#9912,#9913);
#7923=AXIS2_PLACEMENT_3D('',#12106,#9914,#9915);
#7924=AXIS2_PLACEMENT_3D('',#12108,#9916,#9917);
#7925=AXIS2_PLACEMENT_3D('',#12110,#9919,#9920);
#7926=AXIS2_PLACEMENT_3D('',#12116,#9924,#9925);
#7927=AXIS2_PLACEMENT_3D('',#12118,#9926,#9927);
#7928=AXIS2_PLACEMENT_3D('',#12120,#9928,#9929);
#7929=AXIS2_PLACEMENT_3D('',#12122,#9931,#9932);
#7930=AXIS2_PLACEMENT_3D('',#12124,#9933,#9934);
#7931=AXIS2_PLACEMENT_3D('',#12126,#9935,#9936);
#7932=AXIS2_PLACEMENT_3D('',#12128,#9938,#9939);
#7933=AXIS2_PLACEMENT_3D('',#12130,#9940,#9941);
#7934=AXIS2_PLACEMENT_3D('',#12132,#9942,#9943);
#7935=AXIS2_PLACEMENT_3D('',#12134,#9945,#9946);
#7936=AXIS2_PLACEMENT_3D('',#12136,#9947,#9948);
#7937=AXIS2_PLACEMENT_3D('',#12138,#9949,#9950);
#7938=AXIS2_PLACEMENT_3D('',#12140,#9952,#9953);
#7939=AXIS2_PLACEMENT_3D('',#12142,#9954,#9955);
#7940=AXIS2_PLACEMENT_3D('',#12144,#9956,#9957);
#7941=AXIS2_PLACEMENT_3D('',#12146,#9959,#9960);
#7942=AXIS2_PLACEMENT_3D('',#12152,#9964,#9965);
#7943=AXIS2_PLACEMENT_3D('',#12154,#9966,#9967);
#7944=AXIS2_PLACEMENT_3D('',#12156,#9968,#9969);
#7945=AXIS2_PLACEMENT_3D('',#12158,#9971,#9972);
#7946=AXIS2_PLACEMENT_3D('',#12160,#9973,#9974);
#7947=AXIS2_PLACEMENT_3D('',#12162,#9975,#9976);
#7948=AXIS2_PLACEMENT_3D('',#12164,#9978,#9979);
#7949=AXIS2_PLACEMENT_3D('',#12166,#9980,#9981);
#7950=AXIS2_PLACEMENT_3D('',#12168,#9982,#9983);
#7951=AXIS2_PLACEMENT_3D('',#12170,#9985,#9986);
#7952=AXIS2_PLACEMENT_3D('',#12176,#9990,#9991);
#7953=AXIS2_PLACEMENT_3D('',#12178,#9992,#9993);
#7954=AXIS2_PLACEMENT_3D('',#12180,#9994,#9995);
#7955=AXIS2_PLACEMENT_3D('',#12182,#9997,#9998);
#7956=AXIS2_PLACEMENT_3D('',#12184,#9999,#10000);
#7957=AXIS2_PLACEMENT_3D('',#12186,#10001,#10002);
#7958=AXIS2_PLACEMENT_3D('',#12188,#10004,#10005);
#7959=AXIS2_PLACEMENT_3D('',#12190,#10006,#10007);
#7960=AXIS2_PLACEMENT_3D('',#12192,#10008,#10009);
#7961=AXIS2_PLACEMENT_3D('',#12194,#10011,#10012);
#7962=AXIS2_PLACEMENT_3D('',#12196,#10013,#10014);
#7963=AXIS2_PLACEMENT_3D('',#12198,#10015,#10016);
#7964=AXIS2_PLACEMENT_3D('',#12200,#10018,#10019);
#7965=AXIS2_PLACEMENT_3D('',#12202,#10020,#10021);
#7966=AXIS2_PLACEMENT_3D('',#12204,#10022,#10023);
#7967=AXIS2_PLACEMENT_3D('',#12206,#10025,#10026);
#7968=AXIS2_PLACEMENT_3D('',#12212,#10030,#10031);
#7969=AXIS2_PLACEMENT_3D('',#12214,#10032,#10033);
#7970=AXIS2_PLACEMENT_3D('',#12216,#10034,#10035);
#7971=AXIS2_PLACEMENT_3D('',#12218,#10037,#10038);
#7972=AXIS2_PLACEMENT_3D('',#12220,#10039,#10040);
#7973=AXIS2_PLACEMENT_3D('',#12222,#10041,#10042);
#7974=AXIS2_PLACEMENT_3D('',#12224,#10044,#10045);
#7975=AXIS2_PLACEMENT_3D('',#12226,#10046,#10047);
#7976=AXIS2_PLACEMENT_3D('',#12228,#10048,#10049);
#7977=AXIS2_PLACEMENT_3D('',#12230,#10051,#10052);
#7978=AXIS2_PLACEMENT_3D('',#12236,#10056,#10057);
#7979=AXIS2_PLACEMENT_3D('',#12238,#10058,#10059);
#7980=AXIS2_PLACEMENT_3D('',#12240,#10060,#10061);
#7981=AXIS2_PLACEMENT_3D('',#12242,#10063,#10064);
#7982=AXIS2_PLACEMENT_3D('',#12244,#10065,#10066);
#7983=AXIS2_PLACEMENT_3D('',#12246,#10067,#10068);
#7984=AXIS2_PLACEMENT_3D('',#12248,#10070,#10071);
#7985=AXIS2_PLACEMENT_3D('',#12250,#10072,#10073);
#7986=AXIS2_PLACEMENT_3D('',#12252,#10074,#10075);
#7987=AXIS2_PLACEMENT_3D('',#12254,#10077,#10078);
#7988=AXIS2_PLACEMENT_3D('',#12256,#10079,#10080);
#7989=AXIS2_PLACEMENT_3D('',#12258,#10081,#10082);
#7990=AXIS2_PLACEMENT_3D('',#12260,#10084,#10085);
#7991=AXIS2_PLACEMENT_3D('',#12262,#10086,#10087);
#7992=AXIS2_PLACEMENT_3D('',#12264,#10088,#10089);
#7993=AXIS2_PLACEMENT_3D('',#12266,#10091,#10092);
#7994=AXIS2_PLACEMENT_3D('',#12272,#10096,#10097);
#7995=AXIS2_PLACEMENT_3D('',#12274,#10098,#10099);
#7996=AXIS2_PLACEMENT_3D('',#12276,#10100,#10101);
#7997=AXIS2_PLACEMENT_3D('',#12278,#10103,#10104);
#7998=AXIS2_PLACEMENT_3D('',#12280,#10105,#10106);
#7999=AXIS2_PLACEMENT_3D('',#12282,#10107,#10108);
#8000=AXIS2_PLACEMENT_3D('',#12284,#10110,#10111);
#8001=AXIS2_PLACEMENT_3D('',#12285,#10112,#10113);
#8002=AXIS2_PLACEMENT_3D('',#12286,#10114,#10115);
#8003=AXIS2_PLACEMENT_3D('',#12287,#10116,#10117);
#8004=AXIS2_PLACEMENT_3D('',#12288,#10118,#10119);
#8005=AXIS2_PLACEMENT_3D('',#12292,#10121,#10122);
#8006=AXIS2_PLACEMENT_3D('',#12294,#10124,#10125);
#8007=AXIS2_PLACEMENT_3D('',#12296,#10126,#10127);
#8008=AXIS2_PLACEMENT_3D('',#12298,#10129,#10130);
#8009=AXIS2_PLACEMENT_3D('',#12300,#10131,#10132);
#8010=AXIS2_PLACEMENT_3D('',#12302,#10134,#10135);
#8011=AXIS2_PLACEMENT_3D('',#12304,#10136,#10137);
#8012=AXIS2_PLACEMENT_3D('',#12306,#10139,#10140);
#8013=AXIS2_PLACEMENT_3D('',#12308,#10141,#10142);
#8014=AXIS2_PLACEMENT_3D('',#12310,#10144,#10145);
#8015=AXIS2_PLACEMENT_3D('',#12313,#10147,#10148);
#8016=AXIS2_PLACEMENT_3D('',#12314,#10149,#10150);
#8017=AXIS2_PLACEMENT_3D('',#12317,#10152,#10153);
#8018=AXIS2_PLACEMENT_3D('',#12318,#10154,#10155);
#8019=AXIS2_PLACEMENT_3D('',#12319,#10156,#10157);
#8020=AXIS2_PLACEMENT_3D('',#12320,#10158,#10159);
#8021=AXIS2_PLACEMENT_3D('',#12322,#10160,#10161);
#8022=AXIS2_PLACEMENT_3D('',#12324,#10162,#10163);
#8023=AXIS2_PLACEMENT_3D('',#12326,#10164,#10165);
#8024=AXIS2_PLACEMENT_3D('',#12328,#10166,#10167);
#8025=AXIS2_PLACEMENT_3D('',#12329,#10168,#10169);
#8026=AXIS2_PLACEMENT_3D('',#12331,#10171,#10172);
#8027=AXIS2_PLACEMENT_3D('',#12333,#10174,#10175);
#8028=AXIS2_PLACEMENT_3D('',#12335,#10177,#10178);
#8029=AXIS2_PLACEMENT_3D('',#12337,#10180,#10181);
#8030=AXIS2_PLACEMENT_3D('',#12338,#10182,#10183);
#8031=AXIS2_PLACEMENT_3D('',#12339,#10184,#10185);
#8032=AXIS2_PLACEMENT_3D('',#12341,#10187,#10188);
#8033=AXIS2_PLACEMENT_3D('',#12342,#10189,#10190);
#8034=AXIS2_PLACEMENT_3D('',#12344,#10192,#10193);
#8035=AXIS2_PLACEMENT_3D('',#12346,#10195,#10196);
#8036=AXIS2_PLACEMENT_3D('',#12348,#10198,#10199);
#8037=AXIS2_PLACEMENT_3D('',#12349,#10200,#10201);
#8038=AXIS2_PLACEMENT_3D('',#12351,#10203,#10204);
#8039=AXIS2_PLACEMENT_3D('',#12353,#10206,#10207);
#8040=AXIS2_PLACEMENT_3D('',#12355,#10209,#10210);
#8041=AXIS2_PLACEMENT_3D('',#12356,#10211,#10212);
#8042=AXIS2_PLACEMENT_3D('',#12358,#10214,#10215);
#8043=AXIS2_PLACEMENT_3D('',#12360,#10217,#10218);
#8044=AXIS2_PLACEMENT_3D('',#12362,#10220,#10221);
#8045=AXIS2_PLACEMENT_3D('',#12363,#10222,#10223);
#8046=AXIS2_PLACEMENT_3D('',#12365,#10225,#10226);
#8047=AXIS2_PLACEMENT_3D('',#12367,#10228,#10229);
#8048=AXIS2_PLACEMENT_3D('',#12369,#10231,#10232);
#8049=AXIS2_PLACEMENT_3D('',#12370,#10233,#10234);
#8050=AXIS2_PLACEMENT_3D('',#12372,#10236,#10237);
#8051=AXIS2_PLACEMENT_3D('',#12374,#10239,#10240);
#8052=AXIS2_PLACEMENT_3D('',#12376,#10242,#10243);
#8053=AXIS2_PLACEMENT_3D('',#12377,#10244,#10245);
#8054=AXIS2_PLACEMENT_3D('',#12379,#10247,#10248);
#8055=AXIS2_PLACEMENT_3D('',#12381,#10250,#10251);
#8056=AXIS2_PLACEMENT_3D('',#12383,#10253,#10254);
#8057=AXIS2_PLACEMENT_3D('',#12384,#10255,#10256);
#8058=AXIS2_PLACEMENT_3D('',#12386,#10258,#10259);
#8059=AXIS2_PLACEMENT_3D('',#12388,#10261,#10262);
#8060=AXIS2_PLACEMENT_3D('',#12390,#10264,#10265);
#8061=AXIS2_PLACEMENT_3D('',#12391,#10266,#10267);
#8062=AXIS2_PLACEMENT_3D('',#12393,#10269,#10270);
#8063=AXIS2_PLACEMENT_3D('',#12395,#10272,#10273);
#8064=AXIS2_PLACEMENT_3D('',#12397,#10275,#10276);
#8065=AXIS2_PLACEMENT_3D('',#12398,#10277,#10278);
#8066=AXIS2_PLACEMENT_3D('',#12400,#10280,#10281);
#8067=AXIS2_PLACEMENT_3D('',#12402,#10283,#10284);
#8068=AXIS2_PLACEMENT_3D('',#12403,#10285,#10286);
#8069=DIRECTION('axis',(0.,0.,1.));
#8070=DIRECTION('refdir',(1.,0.,0.));
#8071=DIRECTION('center_axis',(0.,0.,-1.));
#8072=DIRECTION('ref_axis',(1.,0.,0.));
#8073=DIRECTION('',(0.,0.,1.));
#8074=DIRECTION('center_axis',(0.,0.,-1.));
#8075=DIRECTION('ref_axis',(1.,0.,0.));
#8076=DIRECTION('',(0.,0.,-1.));
#8077=DIRECTION('center_axis',(0.,0.,1.));
#8078=DIRECTION('ref_axis',(1.,0.,0.));
#8079=DIRECTION('center_axis',(0.,0.,-1.));
#8080=DIRECTION('ref_axis',(1.,0.,0.));
#8081=DIRECTION('',(0.,0.,1.));
#8082=DIRECTION('center_axis',(0.,0.,-1.));
#8083=DIRECTION('ref_axis',(1.,0.,0.));
#8084=DIRECTION('',(0.,0.,-1.));
#8085=DIRECTION('center_axis',(0.,0.,1.));
#8086=DIRECTION('ref_axis',(1.,0.,0.));
#8087=DIRECTION('center_axis',(0.,0.,-1.));
#8088=DIRECTION('ref_axis',(1.,0.,0.));
#8089=DIRECTION('',(0.,0.,1.));
#8090=DIRECTION('center_axis',(0.,0.,-1.));
#8091=DIRECTION('ref_axis',(1.,0.,0.));
#8092=DIRECTION('',(0.,0.,-1.));
#8093=DIRECTION('center_axis',(0.,0.,1.));
#8094=DIRECTION('ref_axis',(1.,0.,0.));
#8095=DIRECTION('center_axis',(0.,0.,-1.));
#8096=DIRECTION('ref_axis',(1.,0.,0.));
#8097=DIRECTION('',(0.,0.,1.));
#8098=DIRECTION('center_axis',(0.,0.,-1.));
#8099=DIRECTION('ref_axis',(1.,0.,0.));
#8100=DIRECTION('',(0.,0.,-1.));
#8101=DIRECTION('center_axis',(0.,0.,1.));
#8102=DIRECTION('ref_axis',(1.,0.,0.));
#8103=DIRECTION('center_axis',(-7.59126854444552E-17,1.,0.));
#8104=DIRECTION('ref_axis',(-1.,-7.59126854444552E-17,0.));
#8105=DIRECTION('',(-1.,-7.59126854444552E-17,0.));
#8106=DIRECTION('',(0.,0.,1.));
#8107=DIRECTION('',(1.,7.59126854444552E-17,0.));
#8108=DIRECTION('',(0.,0.,1.));
#8109=DIRECTION('center_axis',(0.,0.,1.));
#8110=DIRECTION('ref_axis',(0.,1.,0.));
#8111=DIRECTION('center_axis',(0.,0.,-1.));
#8112=DIRECTION('ref_axis',(0.,1.,0.));
#8113=DIRECTION('',(0.,0.,1.));
#8114=DIRECTION('center_axis',(0.,0.,-1.));
#8115=DIRECTION('ref_axis',(0.,1.,0.));
#8116=DIRECTION('center_axis',(1.,1.1686558153949E-16,0.));
#8117=DIRECTION('ref_axis',(-1.1686558153949E-16,1.,0.));
#8118=DIRECTION('',(-1.1686558153949E-16,1.,0.));
#8119=DIRECTION('',(0.,0.,1.));
#8120=DIRECTION('',(1.1686558153949E-16,-1.,0.));
#8121=DIRECTION('center_axis',(0.,0.,1.));
#8122=DIRECTION('ref_axis',(1.,4.22942104619098E-15,0.));
#8123=DIRECTION('center_axis',(0.,0.,-1.));
#8124=DIRECTION('ref_axis',(1.,4.22942104619098E-15,0.));
#8125=DIRECTION('',(0.,0.,1.));
#8126=DIRECTION('center_axis',(0.,0.,-1.));
#8127=DIRECTION('ref_axis',(1.,4.22942104619098E-15,0.));
#8128=DIRECTION('center_axis',(0.,-1.,0.));
#8129=DIRECTION('ref_axis',(1.,0.,0.));
#8130=DIRECTION('',(1.,0.,0.));
#8131=DIRECTION('',(0.,0.,1.));
#8132=DIRECTION('',(-1.,0.,0.));
#8133=DIRECTION('center_axis',(0.,0.,1.));
#8134=DIRECTION('ref_axis',(-2.11471052309548E-15,-1.,0.));
#8135=DIRECTION('center_axis',(0.,0.,-1.));
#8136=DIRECTION('ref_axis',(-2.11471052309548E-15,-1.,0.));
#8137=DIRECTION('center_axis',(0.,0.,1.));
#8138=DIRECTION('ref_axis',(-2.11471052309548E-15,-1.,0.));
#8139=DIRECTION('',(0.,0.,1.));
#8140=DIRECTION('center_axis',(0.,0.,-1.));
#8141=DIRECTION('ref_axis',(-2.11471052309548E-15,-1.,0.));
#8142=DIRECTION('center_axis',(-1.,2.92163953848726E-17,0.));
#8143=DIRECTION('ref_axis',(-2.92163953848726E-17,-1.,0.));
#8144=DIRECTION('',(-2.92163953848726E-17,-1.,0.));
#8145=DIRECTION('',(0.,0.,1.));
#8146=DIRECTION('',(2.92163953848726E-17,1.,0.));
#8147=DIRECTION('center_axis',(0.,0.,1.));
#8148=DIRECTION('ref_axis',(-1.,1.26882631385729E-14,0.));
#8149=DIRECTION('center_axis',(0.,0.,1.));
#8150=DIRECTION('ref_axis',(-1.,1.26882631385729E-14,0.));
#8151=DIRECTION('center_axis',(0.,0.,-1.));
#8152=DIRECTION('ref_axis',(-1.,1.26882631385729E-14,0.));
#8153=DIRECTION('center_axis',(0.,0.,-1.));
#8154=DIRECTION('ref_axis',(-1.,1.26882631385729E-14,0.));
#8155=DIRECTION('center_axis',(-4.33680868988646E-19,7.81297769536505E-15,
1.));
#8156=DIRECTION('ref_axis',(-1.,-6.77667791272972E-33,-4.33680868988646E-19));
#8157=DIRECTION('center_axis',(4.33680868988646E-19,-7.81297769536505E-15,
-1.));
#8158=DIRECTION('ref_axis',(-1.,-6.77667791272972E-33,-4.33680868988646E-19));
#8159=DIRECTION('center_axis',(-4.33680868988646E-19,7.81297769536505E-15,
1.));
#8160=DIRECTION('ref_axis',(-1.,-6.77667791272972E-33,-4.33680868988646E-19));
#8161=DIRECTION('center_axis',(0.,0.,-1.));
#8162=DIRECTION('ref_axis',(1.,0.,0.));
#8163=DIRECTION('center_axis',(0.,0.,-1.));
#8164=DIRECTION('ref_axis',(1.,0.,0.));
#8165=DIRECTION('center_axis',(0.,0.,1.));
#8166=DIRECTION('ref_axis',(1.,0.,0.));
#8167=DIRECTION('center_axis',(0.,1.,0.));
#8168=DIRECTION('ref_axis',(1.,0.,0.));
#8169=DIRECTION('',(0.,0.,-1.));
#8170=DIRECTION('',(-1.,0.,0.));
#8171=DIRECTION('',(0.,0.,-1.));
#8172=DIRECTION('',(1.,0.,0.));
#8173=DIRECTION('center_axis',(0.,0.,-1.));
#8174=DIRECTION('ref_axis',(1.,0.,0.));
#8175=DIRECTION('center_axis',(0.,0.,-1.));
#8176=DIRECTION('ref_axis',(1.,0.,0.));
#8177=DIRECTION('center_axis',(0.,0.,1.));
#8178=DIRECTION('ref_axis',(1.,0.,0.));
#8179=DIRECTION('center_axis',(0.,-1.,0.));
#8180=DIRECTION('ref_axis',(-1.,0.,0.));
#8181=DIRECTION('',(0.,0.,-1.));
#8182=DIRECTION('',(1.,0.,0.));
#8183=DIRECTION('',(0.,0.,-1.));
#8184=DIRECTION('',(-1.,0.,0.));
#8185=DIRECTION('center_axis',(0.,0.,-1.));
#8186=DIRECTION('ref_axis',(1.,0.,0.));
#8187=DIRECTION('center_axis',(0.,0.,-1.));
#8188=DIRECTION('ref_axis',(1.,0.,0.));
#8189=DIRECTION('center_axis',(0.,0.,1.));
#8190=DIRECTION('ref_axis',(1.,0.,0.));
#8191=DIRECTION('center_axis',(0.,-1.,0.));
#8192=DIRECTION('ref_axis',(-1.,0.,0.));
#8193=DIRECTION('',(-1.,0.,0.));
#8194=DIRECTION('',(0.,0.,-1.));
#8195=DIRECTION('',(1.,0.,0.));
#8196=DIRECTION('center_axis',(0.,0.,-1.));
#8197=DIRECTION('ref_axis',(1.,0.,0.));
#8198=DIRECTION('center_axis',(0.,0.,-1.));
#8199=DIRECTION('ref_axis',(1.,0.,0.));
#8200=DIRECTION('center_axis',(0.,0.,1.));
#8201=DIRECTION('ref_axis',(1.,0.,0.));
#8202=DIRECTION('center_axis',(0.,1.,0.));
#8203=DIRECTION('ref_axis',(1.,0.,0.));
#8204=DIRECTION('',(-1.,0.,0.));
#8205=DIRECTION('',(0.,0.,-1.));
#8206=DIRECTION('',(-1.,0.,0.));
#8207=DIRECTION('',(0.,0.,-1.));
#8208=DIRECTION('',(1.,0.,0.));
#8209=DIRECTION('center_axis',(0.,1.,0.));
#8210=DIRECTION('ref_axis',(0.707106781186549,0.,0.707106781186546));
#8211=DIRECTION('center_axis',(0.,1.,0.));
#8212=DIRECTION('ref_axis',(0.,0.,1.));
#8213=DIRECTION('',(0.,1.,0.));
#8214=DIRECTION('center_axis',(0.,-1.,0.));
#8215=DIRECTION('ref_axis',(1.,0.,0.));
#8216=DIRECTION('',(0.,-1.,0.));
#8217=DIRECTION('center_axis',(0.,0.,1.));
#8218=DIRECTION('ref_axis',(1.,0.,0.));
#8219=DIRECTION('center_axis',(1.,4.44089209850056E-15,0.));
#8220=DIRECTION('ref_axis',(-4.44089209850056E-15,1.,0.));
#8221=DIRECTION('center_axis',(0.,0.,-1.));
#8222=DIRECTION('ref_axis',(0.707106781186548,0.707106781186548,0.));
#8223=DIRECTION('center_axis',(0.,0.,1.));
#8224=DIRECTION('ref_axis',(0.707106781186548,0.707106781186548,0.));
#8225=DIRECTION('center_axis',(-1.,1.52476981922768E-16,0.));
#8226=DIRECTION('ref_axis',(0.,0.707106781186546,0.707106781186549));
#8227=DIRECTION('center_axis',(1.,0.,0.));
#8228=DIRECTION('ref_axis',(0.,1.,0.));
#8229=DIRECTION('',(1.,-1.52476981922768E-16,0.));
#8230=DIRECTION('',(-1.,1.52476981922768E-16,0.));
#8231=DIRECTION('center_axis',(0.,0.,1.));
#8232=DIRECTION('ref_axis',(1.,0.,0.));
#8233=DIRECTION('center_axis',(-2.22044604925032E-15,1.,0.));
#8234=DIRECTION('ref_axis',(-1.,-2.22044604925032E-15,0.));
#8235=DIRECTION('center_axis',(0.,0.,-1.));
#8236=DIRECTION('ref_axis',(-0.707106781186548,0.707106781186547,0.));
#8237=DIRECTION('center_axis',(0.,0.,1.));
#8238=DIRECTION('ref_axis',(-0.707106781186548,0.707106781186547,0.));
#8239=DIRECTION('center_axis',(4.27522705030145E-16,-1.,0.));
#8240=DIRECTION('ref_axis',(-0.707106781186546,0.,0.707106781186549));
#8241=DIRECTION('center_axis',(0.,1.,0.));
#8242=DIRECTION('ref_axis',(-1.,0.,0.));
#8243=DIRECTION('',(-4.27522705030145E-16,1.,0.));
#8244=DIRECTION('',(4.27522705030145E-16,-1.,0.));
#8245=DIRECTION('center_axis',(0.,0.,1.));
#8246=DIRECTION('ref_axis',(1.,0.,0.));
#8247=DIRECTION('center_axis',(-1.,0.,0.));
#8248=DIRECTION('ref_axis',(0.,-1.,0.));
#8249=DIRECTION('center_axis',(0.,0.,-1.));
#8250=DIRECTION('ref_axis',(-0.707106781186548,-0.707106781186547,0.));
#8251=DIRECTION('center_axis',(0.,0.,1.));
#8252=DIRECTION('ref_axis',(-0.707106781186548,-0.707106781186547,0.));
#8253=DIRECTION('center_axis',(1.,0.,0.));
#8254=DIRECTION('ref_axis',(0.,-0.707106781186549,0.707106781186546));
#8255=DIRECTION('center_axis',(-1.,0.,0.));
#8256=DIRECTION('ref_axis',(0.,-1.,0.));
#8257=DIRECTION('',(-1.,0.,0.));
#8258=DIRECTION('',(1.,0.,0.));
#8259=DIRECTION('center_axis',(0.,0.,1.));
#8260=DIRECTION('ref_axis',(1.,0.,0.));
#8261=DIRECTION('center_axis',(0.,0.,-1.));
#8262=DIRECTION('ref_axis',(0.707106781186548,-0.707106781186547,0.));
#8263=DIRECTION('center_axis',(0.,0.,1.));
#8264=DIRECTION('ref_axis',(0.707106781186548,-0.707106781186547,0.));
#8265=DIRECTION('center_axis',(0.,0.,-1.));
#8266=DIRECTION('ref_axis',(7.89491928622334E-16,1.,0.));
#8267=DIRECTION('',(0.,0.,-1.));
#8268=DIRECTION('center_axis',(0.,0.,-1.));
#8269=DIRECTION('ref_axis',(7.89491928622334E-16,1.,0.));
#8270=DIRECTION('',(0.,0.,-1.));
#8271=DIRECTION('center_axis',(1.52476981922768E-16,1.,0.));
#8272=DIRECTION('ref_axis',(1.,-1.52476981922768E-16,0.));
#8273=DIRECTION('',(0.,0.,-1.));
#8274=DIRECTION('',(1.,-1.52476981922768E-16,0.));
#8275=DIRECTION('center_axis',(0.,0.,-1.));
#8276=DIRECTION('ref_axis',(1.,0.,0.));
#8277=DIRECTION('',(0.,0.,-1.));
#8278=DIRECTION('center_axis',(0.,0.,-1.));
#8279=DIRECTION('ref_axis',(1.,0.,0.));
#8280=DIRECTION('center_axis',(1.,0.,0.));
#8281=DIRECTION('ref_axis',(0.,-1.,0.));
#8282=DIRECTION('',(0.,0.,-1.));
#8283=DIRECTION('',(0.,-1.,0.));
#8284=DIRECTION('center_axis',(0.,0.,1.));
#8285=DIRECTION('ref_axis',(-1.,0.,0.));
#8286=DIRECTION('',(0.866025403784436,-0.500000000000005,0.));
#8287=DIRECTION('center_axis',(0.,0.,-1.));
#8288=DIRECTION('ref_axis',(0.866025403784436,-0.500000000000005,0.));
#8289=DIRECTION('',(-0.500000000000042,-0.866025403784414,0.));
#8290=DIRECTION('center_axis',(0.,0.,-1.));
#8291=DIRECTION('ref_axis',(-0.5,-0.866025403784439,0.));
#8292=DIRECTION('',(-0.866025403784437,0.500000000000002,0.));
#8293=DIRECTION('center_axis',(0.,0.,-1.));
#8294=DIRECTION('ref_axis',(-0.866025403784441,0.499999999999996,0.));
#8295=DIRECTION('',(0.500000000000024,0.866025403784425,0.));
#8296=DIRECTION('center_axis',(0.,0.,-1.));
#8297=DIRECTION('ref_axis',(0.500000000000003,0.866025403784437,0.));
#8298=DIRECTION('',(-0.50000000000003,-0.866025403784421,0.));
#8299=DIRECTION('center_axis',(0.,0.,-1.));
#8300=DIRECTION('ref_axis',(-0.5,-0.866025403784439,0.));
#8301=DIRECTION('',(-0.866025403784435,0.500000000000006,0.));
#8302=DIRECTION('center_axis',(0.,0.,-1.));
#8303=DIRECTION('ref_axis',(-0.866025403784481,0.499999999999927,0.));
#8304=DIRECTION('',(0.499999999999996,0.866025403784441,0.));
#8305=DIRECTION('center_axis',(0.,0.,-1.));
#8306=DIRECTION('ref_axis',(0.499999999999948,0.866025403784469,0.));
#8307=DIRECTION('',(0.866025403784434,-0.500000000000007,0.));
#8308=DIRECTION('center_axis',(0.,0.,-1.));
#8309=DIRECTION('ref_axis',(0.866025403784443,-0.499999999999992,0.));
#8310=DIRECTION('',(-0.499999999999988,0.866025403784445,0.));
#8311=DIRECTION('center_axis',(0.,0.,-1.));
#8312=DIRECTION('ref_axis',(-0.500000000000017,0.866025403784429,0.));
#8313=DIRECTION('',(0.866025403784438,0.500000000000001,0.));
#8314=DIRECTION('center_axis',(0.,0.,-1.));
#8315=DIRECTION('ref_axis',(0.866025403784438,0.500000000000002,0.));
#8316=DIRECTION('',(0.500000000000023,-0.866025403784425,0.));
#8317=DIRECTION('center_axis',(0.,0.,-1.));
#8318=DIRECTION('ref_axis',(0.500000000000047,-0.866025403784411,0.));
#8319=DIRECTION('',(-0.866025403784438,-0.500000000000001,0.));
#8320=DIRECTION('center_axis',(0.,0.,-1.));
#8321=DIRECTION('ref_axis',(-0.866025403784454,-0.499999999999974,0.));
#8322=DIRECTION('center_axis',(0.,0.,-1.));
#8323=DIRECTION('ref_axis',(0.866025403784454,0.499999999999974,0.));
#8324=DIRECTION('',(0.499999999999988,-0.866025403784445,0.));
#8325=DIRECTION('center_axis',(0.,0.,-1.));
#8326=DIRECTION('ref_axis',(0.500000000000044,-0.866025403784414,0.));
#8327=DIRECTION('',(-0.866025403784438,-0.500000000000001,0.));
#8328=DIRECTION('center_axis',(0.,0.,-1.));
#8329=DIRECTION('ref_axis',(-0.866025403784454,-0.499999999999974,0.));
#8330=DIRECTION('',(-0.499999999999981,0.86602540378445,0.));
#8331=DIRECTION('center_axis',(0.,0.,-1.));
#8332=DIRECTION('ref_axis',(-0.500000000000021,0.866025403784427,0.));
#8333=DIRECTION('',(0.866025403784438,0.500000000000001,0.));
#8334=DIRECTION('center_axis',(0.,0.,-1.));
#8335=DIRECTION('ref_axis',(0.500000000000005,-0.866025403784436,0.));
#8336=DIRECTION('',(-0.866025403784438,-0.500000000000001,0.));
#8337=DIRECTION('center_axis',(0.,0.,-1.));
#8338=DIRECTION('ref_axis',(-0.866025403784454,-0.499999999999974,0.));
#8339=DIRECTION('',(-0.499999999999981,0.86602540378445,0.));
#8340=DIRECTION('center_axis',(0.,0.,-1.));
#8341=DIRECTION('ref_axis',(-0.500000000000021,0.866025403784427,0.));
#8342=DIRECTION('',(0.866025403784437,0.500000000000003,0.));
#8343=DIRECTION('center_axis',(0.,0.,-1.));
#8344=DIRECTION('ref_axis',(0.866025403784454,0.499999999999974,0.));
#8345=DIRECTION('',(0.499999999999988,-0.866025403784445,0.));
#8346=DIRECTION('center_axis',(0.,0.,-1.));
#8347=DIRECTION('ref_axis',(0.866025403784454,0.499999999999974,0.));
#8348=DIRECTION('',(0.499999999999988,-0.866025403784445,0.));
#8349=DIRECTION('center_axis',(0.,0.,-1.));
#8350=DIRECTION('ref_axis',(0.500000000000044,-0.866025403784414,0.));
#8351=DIRECTION('',(-0.866025403784438,-0.500000000000001,0.));
#8352=DIRECTION('center_axis',(0.,0.,-1.));
#8353=DIRECTION('ref_axis',(-0.866025403784454,-0.499999999999974,0.));
#8354=DIRECTION('',(-0.499999999999981,0.86602540378445,0.));
#8355=DIRECTION('center_axis',(0.,0.,-1.));
#8356=DIRECTION('ref_axis',(-0.500000000000017,0.866025403784429,0.));
#8357=DIRECTION('',(0.866025403784437,0.500000000000003,0.));
#8358=DIRECTION('',(0.866025403784436,-0.500000000000004,0.));
#8359=DIRECTION('center_axis',(0.,0.,-1.));
#8360=DIRECTION('ref_axis',(0.866025403784423,-0.500000000000026,0.));
#8361=DIRECTION('',(-0.500000000000023,-0.866025403784425,0.));
#8362=DIRECTION('center_axis',(0.,0.,-1.));
#8363=DIRECTION('ref_axis',(-0.5,-0.866025403784439,0.));
#8364=DIRECTION('',(-0.866025403784435,0.500000000000006,0.));
#8365=DIRECTION('center_axis',(0.,0.,-1.));
#8366=DIRECTION('ref_axis',(-0.866025403784441,0.499999999999996,0.));
#8367=DIRECTION('',(0.500000000000035,0.866025403784418,0.));
#8368=DIRECTION('center_axis',(0.,0.,-1.));
#8369=DIRECTION('ref_axis',(0.500000000000003,0.866025403784437,0.));
#8370=DIRECTION('',(-0.866025403784437,0.500000000000003,0.));
#8371=DIRECTION('center_axis',(0.,0.,-1.));
#8372=DIRECTION('ref_axis',(-0.866025403784441,0.499999999999996,0.));
#8373=DIRECTION('',(0.500000000000004,0.866025403784436,0.));
#8374=DIRECTION('center_axis',(0.,0.,-1.));
#8375=DIRECTION('ref_axis',(0.500000000000003,0.866025403784437,0.));
#8376=DIRECTION('',(0.866025403784438,-0.5,0.));
#8377=DIRECTION('center_axis',(0.,0.,-1.));
#8378=DIRECTION('ref_axis',(0.866025403784436,-0.500000000000005,0.));
#8379=DIRECTION('',(-0.500000000000061,-0.866025403784404,0.));
#8380=DIRECTION('center_axis',(0.,0.,-1.));
#8381=DIRECTION('ref_axis',(-0.5,-0.866025403784439,0.));
#8382=DIRECTION('center_axis',(0.,0.,-1.));
#8383=DIRECTION('ref_axis',(-1.,0.,0.));
#8384=DIRECTION('center_axis',(0.,0.,-1.));
#8385=DIRECTION('ref_axis',(-1.,0.,0.));
#8386=DIRECTION('center_axis',(0.,0.,-1.));
#8387=DIRECTION('ref_axis',(-1.,0.,0.));
#8388=DIRECTION('center_axis',(0.,0.,-1.));
#8389=DIRECTION('ref_axis',(-1.,0.,0.));
#8390=DIRECTION('center_axis',(0.,0.,-1.));
#8391=DIRECTION('ref_axis',(-1.,0.,0.));
#8392=DIRECTION('center_axis',(0.,0.,-1.));
#8393=DIRECTION('ref_axis',(-1.,0.,0.));
#8394=DIRECTION('',(-1.,0.,0.));
#8395=DIRECTION('',(0.,1.,0.));
#8396=DIRECTION('',(1.,0.,0.));
#8397=DIRECTION('center_axis',(0.,0.,1.));
#8398=DIRECTION('ref_axis',(0.,-1.,0.));
#8399=DIRECTION('',(0.,1.,0.));
#8400=DIRECTION('',(1.,0.,0.));
#8401=DIRECTION('',(0.,-1.,0.));
#8402=DIRECTION('center_axis',(0.,0.,1.));
#8403=DIRECTION('ref_axis',(-1.,0.,0.));
#8404=DIRECTION('',(1.,0.,0.));
#8405=DIRECTION('',(0.,-1.,0.));
#8406=DIRECTION('',(-1.,0.,0.));
#8407=DIRECTION('center_axis',(0.,0.,1.));
#8408=DIRECTION('ref_axis',(0.,1.,0.));
#8409=DIRECTION('',(0.,-1.,0.));
#8410=DIRECTION('',(-1.,0.,0.));
#8411=DIRECTION('',(0.,1.,0.));
#8412=DIRECTION('center_axis',(0.,0.,1.));
#8413=DIRECTION('ref_axis',(1.,0.,0.));
#8414=DIRECTION('center_axis',(0.,0.,-1.));
#8415=DIRECTION('ref_axis',(-1.,0.,0.));
#8416=DIRECTION('center_axis',(0.,0.,-1.));
#8417=DIRECTION('ref_axis',(1.,0.,0.));
#8418=DIRECTION('',(-1.,1.52476981922768E-16,0.));
#8419=DIRECTION('center_axis',(0.,0.,-1.));
#8420=DIRECTION('ref_axis',(-1.,4.13106241720991E-15,0.));
#8421=DIRECTION('',(-4.27522705030144E-16,1.,0.));
#8422=DIRECTION('center_axis',(0.,0.,-1.));
#8423=DIRECTION('ref_axis',(0.,1.,0.));
#8424=DIRECTION('',(1.,0.,0.));
#8425=DIRECTION('center_axis',(0.,0.,-1.));
#8426=DIRECTION('ref_axis',(1.,3.55271367880049E-15,0.));
#8427=DIRECTION('',(0.,-1.,0.));
#8428=DIRECTION('center_axis',(0.,0.,-1.));
#8429=DIRECTION('ref_axis',(2.66453525910037E-15,-1.,0.));
#8430=DIRECTION('center_axis',(0.,0.,1.));
#8431=DIRECTION('ref_axis',(1.,0.,0.));
#8432=DIRECTION('',(-1.,0.,0.));
#8433=DIRECTION('center_axis',(0.,0.,-1.));
#8434=DIRECTION('ref_axis',(5.92118946466756E-15,-1.,0.));
#8435=DIRECTION('',(0.,1.,0.));
#8436=DIRECTION('',(-1.,0.,0.));
#8437=DIRECTION('center_axis',(0.,0.,1.));
#8438=DIRECTION('ref_axis',(-1.,3.466062125659E-15,0.));
#8439=DIRECTION('',(0.,-1.,0.));
#8440=DIRECTION('center_axis',(0.,0.,1.));
#8441=DIRECTION('ref_axis',(-1.73303106282951E-15,-1.,0.));
#8442=DIRECTION('',(1.,0.,0.));
#8443=DIRECTION('',(5.62708071274788E-16,1.,0.));
#8444=DIRECTION('center_axis',(0.,0.,-1.));
#8445=DIRECTION('ref_axis',(-1.,0.,0.));
#8446=DIRECTION('',(1.,0.,0.));
#8447=DIRECTION('',(0.,1.,0.));
#8448=DIRECTION('center_axis',(0.,0.,1.));
#8449=DIRECTION('ref_axis',(1.,0.,0.));
#8450=DIRECTION('center_axis',(0.,0.,1.));
#8451=DIRECTION('ref_axis',(-1.,0.,0.));
#8452=DIRECTION('center_axis',(0.,0.,-1.));
#8453=DIRECTION('ref_axis',(3.70074341541719E-16,-1.,0.));
#8454=DIRECTION('',(-1.,0.,0.));
#8455=DIRECTION('center_axis',(0.,0.,-1.));
#8456=DIRECTION('ref_axis',(-1.,7.89491928622333E-16,0.));
#8457=DIRECTION('',(-4.27522705030145E-16,1.,0.));
#8458=DIRECTION('center_axis',(0.,0.,-1.));
#8459=DIRECTION('ref_axis',(-1.,4.13106241720991E-15,0.));
#8460=DIRECTION('',(-1.,1.52476981922768E-16,0.));
#8461=DIRECTION('center_axis',(0.,0.,-1.));
#8462=DIRECTION('ref_axis',(2.66453525910037E-15,-1.,0.));
#8463=DIRECTION('',(0.,-1.,0.));
#8464=DIRECTION('center_axis',(0.,0.,-1.));
#8465=DIRECTION('ref_axis',(1.,3.55271367880049E-15,0.));
#8466=DIRECTION('',(1.,0.,0.));
#8467=DIRECTION('center_axis',(0.,0.,-1.));
#8468=DIRECTION('ref_axis',(0.,1.,0.));
#8469=DIRECTION('',(-4.27522705030144E-16,1.,0.));
#8470=DIRECTION('center_axis',(0.,0.,1.));
#8471=DIRECTION('ref_axis',(1.,3.55271367880049E-15,0.));
#8472=DIRECTION('',(0.,0.,1.));
#8473=DIRECTION('',(0.,0.,1.));
#8474=DIRECTION('center_axis',(-1.,0.,0.));
#8475=DIRECTION('ref_axis',(0.,-1.,0.));
#8476=DIRECTION('',(0.,0.,1.));
#8477=DIRECTION('center_axis',(0.,0.,1.));
#8478=DIRECTION('ref_axis',(2.66453525910037E-15,-1.,0.));
#8479=DIRECTION('',(0.,0.,1.));
#8480=DIRECTION('center_axis',(1.52476981922768E-16,1.,0.));
#8481=DIRECTION('ref_axis',(-1.,1.52476981922768E-16,0.));
#8482=DIRECTION('',(0.,0.,-1.));
#8483=DIRECTION('center_axis',(-1.,0.,0.));
#8484=DIRECTION('ref_axis',(0.,-1.,0.));
#8485=DIRECTION('',(0.,-1.,0.));
#8486=DIRECTION('',(0.,0.,1.));
#8487=DIRECTION('',(0.,-1.,0.));
#8488=DIRECTION('',(0.,0.,1.));
#8489=DIRECTION('center_axis',(0.,-1.,0.));
#8490=DIRECTION('ref_axis',(1.,0.,0.));
#8491=DIRECTION('',(1.,0.,0.));
#8492=DIRECTION('',(1.,0.,0.));
#8493=DIRECTION('',(1.,0.,0.));
#8494=DIRECTION('',(0.,0.,1.));
#8495=DIRECTION('center_axis',(1.,0.,0.));
#8496=DIRECTION('ref_axis',(0.,1.,0.));
#8497=DIRECTION('',(0.,1.,0.));
#8498=DIRECTION('',(0.,-1.,0.));
#8499=DIRECTION('',(0.,0.,1.));
#8500=DIRECTION('center_axis',(0.,1.,0.));
#8501=DIRECTION('ref_axis',(-1.,0.,0.));
#8502=DIRECTION('',(-1.,0.,0.));
#8503=DIRECTION('',(1.,0.,0.));
#8504=DIRECTION('',(-1.,0.,0.));
#8505=DIRECTION('center_axis',(0.,0.,1.));
#8506=DIRECTION('ref_axis',(1.,0.,0.));
#8507=DIRECTION('center_axis',(0.,0.,-1.));
#8508=DIRECTION('ref_axis',(1.,0.,0.));
#8509=DIRECTION('',(0.,-1.,0.));
#8510=DIRECTION('center_axis',(0.,0.,-1.));
#8511=DIRECTION('ref_axis',(5.92118946466756E-15,-1.,0.));
#8512=DIRECTION('',(1.,0.,0.));
#8513=DIRECTION('',(-1.19138621019467E-16,-1.,0.));
#8514=DIRECTION('center_axis',(0.,0.,-1.));
#8515=DIRECTION('ref_axis',(4.4408920985006E-15,1.,0.));
#8516=DIRECTION('',(1.,0.,0.));
#8517=DIRECTION('center_axis',(0.,0.,1.));
#8518=DIRECTION('ref_axis',(1.,0.,0.));
#8519=DIRECTION('center_axis',(0.,0.,1.));
#8520=DIRECTION('ref_axis',(-1.,0.,0.));
#8521=DIRECTION('center_axis',(0.,0.,1.));
#8522=DIRECTION('ref_axis',(0.,1.,0.));
#8523=DIRECTION('',(-1.19138621019467E-16,-1.,0.));
#8524=DIRECTION('',(1.,0.,0.));
#8525=DIRECTION('',(0.,1.,0.));
#8526=DIRECTION('',(-1.,0.,0.));
#8527=DIRECTION('center_axis',(-1.,0.,0.));
#8528=DIRECTION('ref_axis',(0.,0.,1.));
#8529=DIRECTION('',(0.,0.,1.));
#8530=DIRECTION('',(0.,0.,-1.));
#8531=DIRECTION('center_axis',(0.,-1.,0.));
#8532=DIRECTION('ref_axis',(-1.,0.,0.));
#8533=DIRECTION('',(0.,0.,-1.));
#8534=DIRECTION('',(0.,0.,-1.));
#8535=DIRECTION('center_axis',(-1.,1.19138621019467E-16,0.));
#8536=DIRECTION('ref_axis',(1.19138621019467E-16,1.,0.));
#8537=DIRECTION('',(0.,0.,1.));
#8538=DIRECTION('',(-1.19138621019467E-16,-1.,0.));
#8539=DIRECTION('',(0.,0.,-1.));
#8540=DIRECTION('',(-1.19138621019467E-16,-1.,0.));
#8541=DIRECTION('',(0.,0.,-1.));
#8542=DIRECTION('center_axis',(0.,0.,1.));
#8543=DIRECTION('ref_axis',(1.,0.,0.));
#8544=DIRECTION('',(-1.,0.,0.));
#8545=DIRECTION('',(0.,1.,0.));
#8546=DIRECTION('',(1.,0.,0.));
#8547=DIRECTION('',(0.,-1.,0.));
#8548=DIRECTION('center_axis',(-1.,0.,0.));
#8549=DIRECTION('ref_axis',(0.,1.,0.));
#8550=DIRECTION('',(0.,-1.,0.));
#8551=DIRECTION('',(0.,0.,-1.));
#8552=DIRECTION('',(0.,1.,0.));
#8553=DIRECTION('',(0.,0.,-1.));
#8554=DIRECTION('center_axis',(0.,-1.,0.));
#8555=DIRECTION('ref_axis',(-1.,0.,0.));
#8556=DIRECTION('',(-1.,0.,0.));
#8557=DIRECTION('',(0.,0.,1.));
#8558=DIRECTION('',(0.,0.,1.));
#8559=DIRECTION('',(-1.,0.,0.));
#8560=DIRECTION('center_axis',(-1.,0.,0.));
#8561=DIRECTION('ref_axis',(0.,1.,0.));
#8562=DIRECTION('',(0.,1.,0.));
#8563=DIRECTION('',(0.,0.,1.));
#8564=DIRECTION('center_axis',(0.,1.,0.));
#8565=DIRECTION('ref_axis',(1.,0.,0.));
#8566=DIRECTION('',(1.,0.,0.));
#8567=DIRECTION('',(0.,0.,1.));
#8568=DIRECTION('center_axis',(1.,0.,0.));
#8569=DIRECTION('ref_axis',(0.,-1.,0.));
#8570=DIRECTION('',(0.,-1.,0.));
#8571=DIRECTION('',(0.,0.,-1.));
#8572=DIRECTION('',(0.,1.,0.));
#8573=DIRECTION('center_axis',(0.,1.,0.));
#8574=DIRECTION('ref_axis',(1.,0.,0.));
#8575=DIRECTION('',(-1.,0.,0.));
#8576=DIRECTION('',(1.,0.,0.));
#8577=DIRECTION('',(0.,0.,-1.));
#8578=DIRECTION('center_axis',(0.,-1.,0.));
#8579=DIRECTION('ref_axis',(-1.,0.,0.));
#8580=DIRECTION('',(1.,0.,0.));
#8581=DIRECTION('',(0.,0.,1.));
#8582=DIRECTION('',(-1.,0.,0.));
#8583=DIRECTION('',(0.,0.,-1.));
#8584=DIRECTION('center_axis',(1.,0.,0.));
#8585=DIRECTION('ref_axis',(0.,-1.,0.));
#8586=DIRECTION('',(0.,1.,0.));
#8587=DIRECTION('',(0.,-1.,0.));
#8588=DIRECTION('',(0.,0.,-1.));
#8589=DIRECTION('center_axis',(0.,1.,0.));
#8590=DIRECTION('ref_axis',(1.,0.,0.));
#8591=DIRECTION('',(-1.,0.,0.));
#8592=DIRECTION('',(1.,0.,0.));
#8593=DIRECTION('center_axis',(0.,0.,-1.));
#8594=DIRECTION('ref_axis',(-1.,0.,0.));
#8595=DIRECTION('',(0.,-1.,0.));
#8596=DIRECTION('center_axis',(1.,0.,0.));
#8597=DIRECTION('ref_axis',(0.,-1.,0.));
#8598=DIRECTION('',(0.,1.,0.));
#8599=DIRECTION('',(0.,0.,-1.));
#8600=DIRECTION('',(0.,0.,-1.));
#8601=DIRECTION('',(0.,1.,0.));
#8602=DIRECTION('',(0.,0.,-1.));
#8603=DIRECTION('',(0.,-1.,0.));
#8604=DIRECTION('',(0.,0.,1.));
#8605=DIRECTION('',(0.,1.,0.));
#8606=DIRECTION('center_axis',(0.,0.,-1.));
#8607=DIRECTION('ref_axis',(1.,0.,0.));
#8608=DIRECTION('center_axis',(0.,0.,1.));
#8609=DIRECTION('ref_axis',(1.,0.,0.));
#8610=DIRECTION('',(0.,0.,1.));
#8611=DIRECTION('center_axis',(0.,0.,-1.));
#8612=DIRECTION('ref_axis',(1.,0.,0.));
#8613=DIRECTION('center_axis',(0.,0.,-1.));
#8614=DIRECTION('ref_axis',(1.,0.,0.));
#8615=DIRECTION('center_axis',(0.,0.,-1.));
#8616=DIRECTION('ref_axis',(1.,0.,0.));
#8617=DIRECTION('',(0.,0.,1.));
#8618=DIRECTION('center_axis',(0.,0.,1.));
#8619=DIRECTION('ref_axis',(1.,0.,0.));
#8620=DIRECTION('center_axis',(0.,0.,-1.));
#8621=DIRECTION('ref_axis',(1.,0.,0.));
#8622=DIRECTION('center_axis',(0.,0.,1.));
#8623=DIRECTION('ref_axis',(-1.,0.,0.));
#8624=DIRECTION('',(0.866025403784445,-0.49999999999999,0.));
#8625=DIRECTION('',(0.499999999999994,0.866025403784442,0.));
#8626=DIRECTION('',(0.866025403784438,-0.500000000000001,0.));
#8627=DIRECTION('',(-0.499999999999994,-0.866025403784442,0.));
#8628=DIRECTION('',(0.866025403784439,-0.499999999999999,0.));
#8629=DIRECTION('',(0.500000000000002,0.866025403784437,0.));
#8630=DIRECTION('',(-0.866025403784438,0.5,0.));
#8631=DIRECTION('',(-0.5,-0.866025403784439,0.));
#8632=DIRECTION('center_axis',(0.,0.,-1.));
#8633=DIRECTION('ref_axis',(-1.,3.466062125659E-15,0.));
#8634=DIRECTION('center_axis',(0.,0.,1.));
#8635=DIRECTION('ref_axis',(1.,0.,0.));
#8636=DIRECTION('center_axis',(0.,0.,1.));
#8637=DIRECTION('ref_axis',(1.,0.,0.));
#8638=DIRECTION('',(1.,0.,0.));
#8639=DIRECTION('center_axis',(0.,0.,-1.));
#8640=DIRECTION('ref_axis',(4.4408920985006E-15,1.,0.));
#8641=DIRECTION('center_axis',(0.,0.,-1.));
#8642=DIRECTION('ref_axis',(1.,-2.22044604925031E-15,0.));
#8643=DIRECTION('center_axis',(0.,0.,1.));
#8644=DIRECTION('ref_axis',(1.,0.,0.));
#8645=DIRECTION('center_axis',(0.,0.,1.));
#8646=DIRECTION('ref_axis',(1.,0.,0.));
#8647=DIRECTION('',(-1.,0.,0.));
#8648=DIRECTION('center_axis',(0.,0.,-1.));
#8649=DIRECTION('ref_axis',(-1.73303106282951E-15,-1.,0.));
#8650=DIRECTION('center_axis',(0.,0.,1.));
#8651=DIRECTION('ref_axis',(1.,0.,0.));
#8652=DIRECTION('center_axis',(0.,0.,1.));
#8653=DIRECTION('ref_axis',(-1.,-2.05046946030624E-33,0.));
#8654=DIRECTION('center_axis',(0.,0.,1.));
#8655=DIRECTION('ref_axis',(-1.,-4.41357368651798E-33,0.));
#8656=DIRECTION('center_axis',(0.,0.,1.));
#8657=DIRECTION('ref_axis',(-1.,-4.41357368651798E-33,0.));
#8658=DIRECTION('center_axis',(0.,0.,1.));
#8659=DIRECTION('ref_axis',(-1.,-3.23202157341211E-33,0.));
#8660=DIRECTION('center_axis',(0.,0.,1.));
#8661=DIRECTION('ref_axis',(-1.,-4.41357368651798E-33,0.));
#8662=DIRECTION('center_axis',(0.,0.,1.));
#8663=DIRECTION('ref_axis',(1.,0.,0.));
#8664=DIRECTION('center_axis',(0.,0.,1.));
#8665=DIRECTION('ref_axis',(1.,0.,0.));
#8666=DIRECTION('',(0.707106781186548,-0.707106781186548,0.));
#8667=DIRECTION('center_axis',(0.,0.,1.));
#8668=DIRECTION('ref_axis',(0.990923320367224,0.134428319755909,0.));
#8669=DIRECTION('',(0.707106781186548,0.707106781186548,0.));
#8670=DIRECTION('center_axis',(0.,0.,1.));
#8671=DIRECTION('ref_axis',(-0.130873129333399,0.991399124479381,0.));
#8672=DIRECTION('',(-0.707106781186523,0.707106781186572,0.));
#8673=DIRECTION('center_axis',(0.,0.,1.));
#8674=DIRECTION('ref_axis',(-0.990802834096489,-0.135313502453988,0.));
#8675=DIRECTION('',(-0.706747901817467,-0.707465478505211,0.));
#8676=DIRECTION('center_axis',(0.,0.,1.));
#8677=DIRECTION('ref_axis',(0.133242109760126,-0.991083518270116,0.));
#8678=DIRECTION('center_axis',(0.,0.,1.));
#8679=DIRECTION('ref_axis',(0.836478332056483,-0.548000000000004,0.));
#8680=DIRECTION('',(-1.,0.,0.));
#8681=DIRECTION('',(0.,-1.,0.));
#8682=DIRECTION('',(1.,9.428645644375E-16,0.));
#8683=DIRECTION('',(0.,1.,0.));
#8684=DIRECTION('center_axis',(0.,0.,1.));
#8685=DIRECTION('ref_axis',(-0.548000000000006,-0.836478332056481,0.));
#8686=DIRECTION('',(0.,1.,0.));
#8687=DIRECTION('',(-1.,0.,0.));
#8688=DIRECTION('center_axis',(0.,0.,1.));
#8689=DIRECTION('ref_axis',(0.547999999999999,0.836478332056486,0.));
#8690=DIRECTION('',(0.,-1.,0.));
#8691=DIRECTION('',(1.,0.,0.));
#8692=DIRECTION('',(0.,1.,0.));
#8693=DIRECTION('',(-1.,-1.0153689579327E-15,0.));
#8694=DIRECTION('center_axis',(0.,0.,1.));
#8695=DIRECTION('ref_axis',(0.836478332056485,-0.548000000000001,0.));
#8696=DIRECTION('',(-1.,-1.0153689579327E-15,0.));
#8697=DIRECTION('',(0.,-1.,0.));
#8698=DIRECTION('center_axis',(0.,0.,-1.));
#8699=DIRECTION('ref_axis',(0.99991227310701,-0.0132456064403287,0.));
#8700=DIRECTION('center_axis',(0.,0.,1.));
#8701=DIRECTION('ref_axis',(-0.0132456064403643,-0.99991227310701,0.));
#8702=DIRECTION('center_axis',(0.,0.,-1.));
#8703=DIRECTION('ref_axis',(0.0132456064404245,0.999912273107009,0.));
#8704=DIRECTION('center_axis',(0.,0.,1.));
#8705=DIRECTION('ref_axis',(0.99991227310701,-0.0132456064403421,0.));
#8706=DIRECTION('center_axis',(0.,0.,-1.));
#8707=DIRECTION('ref_axis',(-0.999912273107008,0.0132456064404602,0.));
#8708=DIRECTION('center_axis',(0.,0.,1.));
#8709=DIRECTION('ref_axis',(0.013245606440345,0.99991227310701,0.));
#8710=DIRECTION('center_axis',(0.,0.,-1.));
#8711=DIRECTION('ref_axis',(-0.01324560644039,-0.999912273107009,0.));
#8712=DIRECTION('center_axis',(0.,0.,1.));
#8713=DIRECTION('ref_axis',(-0.99991227310701,0.0132456064403299,0.));
#8714=DIRECTION('center_axis',(0.,0.,1.));
#8715=DIRECTION('ref_axis',(1.,0.,0.));
#8716=DIRECTION('center_axis',(0.,0.,1.));
#8717=DIRECTION('ref_axis',(1.,0.,0.));
#8718=DIRECTION('',(-0.866025403784439,-0.5,0.));
#8719=DIRECTION('',(-0.499999999999999,0.866025403784439,0.));
#8720=DIRECTION('',(-0.866025403784438,-0.5,0.));
#8721=DIRECTION('',(0.5,-0.866025403784439,0.));
#8722=DIRECTION('',(0.866025403784439,0.5,0.));
#8723=DIRECTION('',(-0.5,0.866025403784439,0.));
#8724=DIRECTION('',(-0.86602540378444,-0.499999999999997,0.));
#8725=DIRECTION('',(0.500000000000002,-0.866025403784437,0.));
#8726=DIRECTION('',(0.,-1.,0.));
#8727=DIRECTION('center_axis',(0.,0.,1.));
#8728=DIRECTION('ref_axis',(-0.775000000000001,0.631961232988225,0.));
#8729=DIRECTION('center_axis',(0.,0.,1.));
#8730=DIRECTION('ref_axis',(-1.,-2.05046946030624E-33,0.));
#8731=DIRECTION('center_axis',(0.,0.,1.));
#8732=DIRECTION('ref_axis',(-1.,-2.05046946030624E-33,0.));
#8733=DIRECTION('center_axis',(0.,0.,1.));
#8734=DIRECTION('ref_axis',(-1.,-2.05046946030624E-33,0.));
#8735=DIRECTION('center_axis',(0.,0.,1.));
#8736=DIRECTION('ref_axis',(-1.,-2.05046946030624E-33,0.));
#8737=DIRECTION('center_axis',(0.,0.,1.));
#8738=DIRECTION('ref_axis',(-1.,-4.41357368651798E-33,0.));
#8739=DIRECTION('center_axis',(0.,0.,1.));
#8740=DIRECTION('ref_axis',(-1.,-4.41357368651798E-33,0.));
#8741=DIRECTION('center_axis',(0.,0.,-1.));
#8742=DIRECTION('ref_axis',(1.,0.,0.));
#8743=DIRECTION('center_axis',(0.,0.,1.));
#8744=DIRECTION('ref_axis',(1.,0.,0.));
#8745=DIRECTION('',(0.,0.,1.));
#8746=DIRECTION('center_axis',(0.,0.,-1.));
#8747=DIRECTION('ref_axis',(1.,0.,0.));
#8748=DIRECTION('center_axis',(0.,0.,-1.));
#8749=DIRECTION('ref_axis',(1.,0.,0.));
#8750=DIRECTION('center_axis',(0.,0.,-1.));
#8751=DIRECTION('ref_axis',(1.,0.,0.));
#8752=DIRECTION('',(0.,0.,1.));
#8753=DIRECTION('center_axis',(0.,0.,-1.));
#8754=DIRECTION('ref_axis',(1.,0.,0.));
#8755=DIRECTION('center_axis',(0.,0.,1.));
#8756=DIRECTION('ref_axis',(-1.,0.,0.));
#8757=DIRECTION('center_axis',(0.,-1.,0.));
#8758=DIRECTION('ref_axis',(1.,0.,0.));
#8759=DIRECTION('',(0.,0.,1.));
#8760=DIRECTION('center_axis',(0.,0.,1.));
#8761=DIRECTION('ref_axis',(0.,1.,0.));
#8762=DIRECTION('',(0.,0.,1.));
#8763=DIRECTION('center_axis',(1.,4.27522705030144E-16,0.));
#8764=DIRECTION('ref_axis',(-4.27522705030144E-16,1.,0.));
#8765=DIRECTION('',(0.,0.,1.));
#8766=DIRECTION('center_axis',(0.,0.,1.));
#8767=DIRECTION('ref_axis',(-1.,4.13106241720991E-15,0.));
#8768=DIRECTION('center_axis',(0.,0.,-1.));
#8769=DIRECTION('ref_axis',(3.70074341541719E-16,-1.,0.));
#8770=DIRECTION('',(0.,0.,-1.));
#8771=DIRECTION('center_axis',(0.,5.44894736012347E-15,1.));
#8772=DIRECTION('ref_axis',(-1.,-4.41357368651798E-33,0.));
#8773=DIRECTION('center_axis',(0.,0.,-1.));
#8774=DIRECTION('ref_axis',(-1.,-4.41357368651798E-33,0.));
#8775=DIRECTION('',(0.,-5.44894736012347E-15,-1.));
#8776=DIRECTION('center_axis',(4.33680868988646E-19,-7.81297769536505E-15,
-1.));
#8777=DIRECTION('ref_axis',(-1.,-6.77667791272972E-33,-4.33680868988646E-19));
#8778=DIRECTION('center_axis',(0.,5.44894736012347E-15,1.));
#8779=DIRECTION('ref_axis',(-1.,-4.41357368651798E-33,0.));
#8780=DIRECTION('',(0.,-5.44894736012347E-15,-1.));
#8781=DIRECTION('center_axis',(-4.33680868988646E-19,7.81297769536505E-15,
1.));
#8782=DIRECTION('ref_axis',(-1.,-6.77667791272971E-33,-4.33680868988646E-19));
#8783=DIRECTION('center_axis',(-4.33680868988646E-19,7.81297769536505E-15,
1.));
#8784=DIRECTION('ref_axis',(-1.,-6.77667791272972E-33,-4.33680868988646E-19));
#8785=DIRECTION('center_axis',(0.,0.,1.));
#8786=DIRECTION('ref_axis',(-1.,0.,0.));
#8787=DIRECTION('center_axis',(0.,1.08978947202469E-14,1.));
#8788=DIRECTION('ref_axis',(-1.,-2.05046946030624E-33,0.));
#8789=DIRECTION('center_axis',(0.,0.,-1.));
#8790=DIRECTION('ref_axis',(-1.,-2.05046946030624E-33,0.));
#8791=DIRECTION('',(0.,-1.08978947202469E-14,-1.));
#8792=DIRECTION('center_axis',(4.33680868988646E-19,-7.81297769536505E-15,
-1.));
#8793=DIRECTION('ref_axis',(-1.,-6.77667791272972E-33,-4.33680868988646E-19));
#8794=DIRECTION('center_axis',(0.,1.08978947202469E-14,1.));
#8795=DIRECTION('ref_axis',(-1.,-2.05046946030624E-33,0.));
#8796=DIRECTION('',(0.,-1.08978947202469E-14,-1.));
#8797=DIRECTION('center_axis',(-4.33680868988646E-19,7.81297769536505E-15,
1.));
#8798=DIRECTION('ref_axis',(-1.,-6.77667791272971E-33,-4.33680868988646E-19));
#8799=DIRECTION('center_axis',(-4.33680868988646E-19,7.81297769536505E-15,
1.));
#8800=DIRECTION('ref_axis',(-1.,-6.77667791272972E-33,-4.33680868988646E-19));
#8801=DIRECTION('center_axis',(0.,0.,1.));
#8802=DIRECTION('ref_axis',(-1.,0.,0.));
#8803=DIRECTION('center_axis',(0.,5.44894736012347E-15,1.));
#8804=DIRECTION('ref_axis',(-1.,-4.41357368651798E-33,0.));
#8805=DIRECTION('center_axis',(0.,0.,-1.));
#8806=DIRECTION('ref_axis',(-1.,-4.41357368651798E-33,0.));
#8807=DIRECTION('',(0.,-5.44894736012347E-15,-1.));
#8808=DIRECTION('center_axis',(4.33680868988646E-19,-7.81297769536505E-15,
-1.));
#8809=DIRECTION('ref_axis',(-1.,-6.77667791272972E-33,-4.33680868988646E-19));
#8810=DIRECTION('center_axis',(0.,5.44894736012347E-15,1.));
#8811=DIRECTION('ref_axis',(-1.,-4.41357368651798E-33,0.));
#8812=DIRECTION('',(0.,-5.44894736012347E-15,-1.));
#8813=DIRECTION('center_axis',(-4.33680868988646E-19,7.81297769536505E-15,
1.));
#8814=DIRECTION('ref_axis',(-1.,-6.77667791272971E-33,-4.33680868988646E-19));
#8815=DIRECTION('center_axis',(-4.33680868988646E-19,7.81297769536505E-15,
1.));
#8816=DIRECTION('ref_axis',(-1.,-6.77667791272972E-33,-4.33680868988646E-19));
#8817=DIRECTION('center_axis',(0.,0.,1.));
#8818=DIRECTION('ref_axis',(-1.,0.,0.));
#8819=DIRECTION('center_axis',(0.,5.44894736012347E-15,1.));
#8820=DIRECTION('ref_axis',(-1.,-4.41357368651798E-33,0.));
#8821=DIRECTION('center_axis',(0.,0.,-1.));
#8822=DIRECTION('ref_axis',(-1.,-4.41357368651798E-33,0.));
#8823=DIRECTION('',(0.,-5.44894736012347E-15,-1.));
#8824=DIRECTION('center_axis',(4.33680868988646E-19,-7.81297769536505E-15,
-1.));
#8825=DIRECTION('ref_axis',(-1.,-6.77667791272972E-33,-4.33680868988646E-19));
#8826=DIRECTION('center_axis',(0.,5.44894736012347E-15,1.));
#8827=DIRECTION('ref_axis',(-1.,-4.41357368651798E-33,0.));
#8828=DIRECTION('',(0.,-5.44894736012347E-15,-1.));
#8829=DIRECTION('center_axis',(-4.33680868988646E-19,7.81297769536505E-15,
1.));
#8830=DIRECTION('ref_axis',(-1.,-6.77667791272971E-33,-4.33680868988646E-19));
#8831=DIRECTION('center_axis',(-4.33680868988646E-19,7.81297769536505E-15,
1.));
#8832=DIRECTION('ref_axis',(-1.,-6.77667791272972E-33,-4.33680868988646E-19));
#8833=DIRECTION('center_axis',(0.,0.,1.));
#8834=DIRECTION('ref_axis',(-1.,0.,0.));
#8835=DIRECTION('center_axis',(0.,1.08978947202469E-14,1.));
#8836=DIRECTION('ref_axis',(-1.,-2.05046946030624E-33,0.));
#8837=DIRECTION('center_axis',(0.,0.,-1.));
#8838=DIRECTION('ref_axis',(-1.,-2.05046946030624E-33,0.));
#8839=DIRECTION('',(0.,-1.08978947202469E-14,-1.));
#8840=DIRECTION('center_axis',(4.33680868988646E-19,-7.81297769536505E-15,
-1.));
#8841=DIRECTION('ref_axis',(-1.,-6.77667791272972E-33,-4.33680868988646E-19));
#8842=DIRECTION('center_axis',(0.,1.08978947202469E-14,1.));
#8843=DIRECTION('ref_axis',(-1.,-2.05046946030624E-33,0.));
#8844=DIRECTION('',(0.,-1.08978947202469E-14,-1.));
#8845=DIRECTION('center_axis',(-4.33680868988646E-19,7.81297769536505E-15,
1.));
#8846=DIRECTION('ref_axis',(-1.,-6.77667791272972E-33,-4.33680868988646E-19));
#8847=DIRECTION('center_axis',(-4.33680868988646E-19,7.81297769536505E-15,
1.));
#8848=DIRECTION('ref_axis',(-1.,-6.77667791272972E-33,-4.33680868988646E-19));
#8849=DIRECTION('center_axis',(0.,0.,1.));
#8850=DIRECTION('ref_axis',(-1.,0.,0.));
#8851=DIRECTION('center_axis',(0.,5.44894736012347E-15,1.));
#8852=DIRECTION('ref_axis',(-1.,-4.41357368651798E-33,0.));
#8853=DIRECTION('center_axis',(0.,0.,-1.));
#8854=DIRECTION('ref_axis',(-1.,-4.41357368651798E-33,0.));
#8855=DIRECTION('',(0.,-5.44894736012347E-15,-1.));
#8856=DIRECTION('center_axis',(4.33680868988646E-19,-7.81297769536505E-15,
-1.));
#8857=DIRECTION('ref_axis',(-1.,-6.77667791272972E-33,-4.33680868988646E-19));
#8858=DIRECTION('center_axis',(0.,5.44894736012347E-15,1.));
#8859=DIRECTION('ref_axis',(-1.,-4.41357368651798E-33,0.));
#8860=DIRECTION('',(0.,-5.44894736012347E-15,-1.));
#8861=DIRECTION('center_axis',(-4.33680868988646E-19,7.81297769536505E-15,
1.));
#8862=DIRECTION('ref_axis',(-1.,-6.77667791272971E-33,-4.33680868988646E-19));
#8863=DIRECTION('center_axis',(-4.33680868988646E-19,7.81297769536505E-15,
1.));
#8864=DIRECTION('ref_axis',(-1.,-6.77667791272972E-33,-4.33680868988646E-19));
#8865=DIRECTION('center_axis',(0.,0.,1.));
#8866=DIRECTION('ref_axis',(-1.,0.,0.));
#8867=DIRECTION('center_axis',(0.,1.08978947202469E-14,1.));
#8868=DIRECTION('ref_axis',(-1.,-2.05046946030624E-33,0.));
#8869=DIRECTION('center_axis',(0.,0.,-1.));
#8870=DIRECTION('ref_axis',(-1.,-2.05046946030624E-33,0.));
#8871=DIRECTION('',(0.,-1.08978947202469E-14,-1.));
#8872=DIRECTION('center_axis',(4.33680868988646E-19,-7.81297769536505E-15,
-1.));
#8873=DIRECTION('ref_axis',(-1.,-6.77667791272972E-33,-4.33680868988646E-19));
#8874=DIRECTION('center_axis',(0.,1.08978947202469E-14,1.));
#8875=DIRECTION('ref_axis',(-1.,-2.05046946030624E-33,0.));
#8876=DIRECTION('',(0.,-1.08978947202469E-14,-1.));
#8877=DIRECTION('center_axis',(-4.33680868988646E-19,7.81297769536505E-15,
1.));
#8878=DIRECTION('ref_axis',(-1.,-6.77667791272971E-33,-4.33680868988646E-19));
#8879=DIRECTION('center_axis',(-4.33680868988646E-19,7.81297769536505E-15,
1.));
#8880=DIRECTION('ref_axis',(-1.,-6.77667791272972E-33,-4.33680868988646E-19));
#8881=DIRECTION('center_axis',(0.,0.,1.));
#8882=DIRECTION('ref_axis',(-1.,0.,0.));
#8883=DIRECTION('center_axis',(0.,8.17342104018521E-15,1.));
#8884=DIRECTION('ref_axis',(-1.,-3.23202157341211E-33,0.));
#8885=DIRECTION('center_axis',(0.,0.,-1.));
#8886=DIRECTION('ref_axis',(-1.,-3.23202157341211E-33,0.));
#8887=DIRECTION('',(0.,-8.17342104018521E-15,-1.));
#8888=DIRECTION('center_axis',(4.33680868988646E-19,-7.81297769536505E-15,
-1.));
#8889=DIRECTION('ref_axis',(-1.,-6.77667791272972E-33,-4.33680868988646E-19));
#8890=DIRECTION('center_axis',(0.,8.17342104018521E-15,1.));
#8891=DIRECTION('ref_axis',(-1.,-3.23202157341211E-33,0.));
#8892=DIRECTION('',(0.,-8.17342104018521E-15,-1.));
#8893=DIRECTION('center_axis',(-4.33680868988646E-19,7.81297769536505E-15,
1.));
#8894=DIRECTION('ref_axis',(-1.,-6.77667791272972E-33,-4.33680868988646E-19));
#8895=DIRECTION('center_axis',(-4.33680868988646E-19,7.81297769536505E-15,
1.));
#8896=DIRECTION('ref_axis',(-1.,-6.77667791272972E-33,-4.33680868988646E-19));
#8897=DIRECTION('center_axis',(0.,0.,1.));
#8898=DIRECTION('ref_axis',(-1.,0.,0.));
#8899=DIRECTION('center_axis',(0.,1.08978947202469E-14,1.));
#8900=DIRECTION('ref_axis',(-1.,-2.05046946030624E-33,0.));
#8901=DIRECTION('center_axis',(0.,0.,-1.));
#8902=DIRECTION('ref_axis',(-1.,-2.05046946030624E-33,0.));
#8903=DIRECTION('',(0.,-1.08978947202469E-14,-1.));
#8904=DIRECTION('center_axis',(4.33680868988646E-19,-7.81297769536505E-15,
-1.));
#8905=DIRECTION('ref_axis',(-1.,-6.77667791272972E-33,-4.33680868988646E-19));
#8906=DIRECTION('center_axis',(0.,1.08978947202469E-14,1.));
#8907=DIRECTION('ref_axis',(-1.,-2.05046946030624E-33,0.));
#8908=DIRECTION('',(0.,-1.08978947202469E-14,-1.));
#8909=DIRECTION('center_axis',(-4.33680868988646E-19,7.81297769536505E-15,
1.));
#8910=DIRECTION('ref_axis',(-1.,-6.77667791272972E-33,-4.33680868988646E-19));
#8911=DIRECTION('center_axis',(-4.33680868988646E-19,7.81297769536505E-15,
1.));
#8912=DIRECTION('ref_axis',(-1.,-6.77667791272972E-33,-4.33680868988646E-19));
#8913=DIRECTION('center_axis',(0.,0.,1.));
#8914=DIRECTION('ref_axis',(-1.,0.,0.));
#8915=DIRECTION('center_axis',(0.,5.44894736012347E-15,1.));
#8916=DIRECTION('ref_axis',(-1.,-4.41357368651798E-33,0.));
#8917=DIRECTION('center_axis',(0.,0.,-1.));
#8918=DIRECTION('ref_axis',(-1.,-4.41357368651798E-33,0.));
#8919=DIRECTION('',(0.,-5.44894736012347E-15,-1.));
#8920=DIRECTION('center_axis',(0.,5.44894736012347E-15,1.));
#8921=DIRECTION('ref_axis',(-1.,-4.41357368651798E-33,0.));
#8922=DIRECTION('',(0.,-5.44894736012347E-15,-1.));
#8923=DIRECTION('center_axis',(0.,0.,1.));
#8924=DIRECTION('ref_axis',(-1.,0.,0.));
#8925=DIRECTION('center_axis',(0.,1.08978947202469E-14,1.));
#8926=DIRECTION('ref_axis',(-1.,-2.05046946030624E-33,0.));
#8927=DIRECTION('center_axis',(0.,0.,-1.));
#8928=DIRECTION('ref_axis',(-1.,-2.05046946030624E-33,0.));
#8929=DIRECTION('',(0.,-1.08978947202469E-14,-1.));
#8930=DIRECTION('center_axis',(4.33680868988646E-19,-7.81297769536505E-15,
-1.));
#8931=DIRECTION('ref_axis',(-1.,-6.77667791272972E-33,-4.33680868988646E-19));
#8932=DIRECTION('center_axis',(0.,1.08978947202469E-14,1.));
#8933=DIRECTION('ref_axis',(-1.,-2.05046946030624E-33,0.));
#8934=DIRECTION('',(0.,-1.08978947202469E-14,-1.));
#8935=DIRECTION('center_axis',(-4.33680868988646E-19,7.81297769536505E-15,
1.));
#8936=DIRECTION('ref_axis',(-1.,-6.77667791272971E-33,-4.33680868988646E-19));
#8937=DIRECTION('center_axis',(-4.33680868988646E-19,7.81297769536505E-15,
1.));
#8938=DIRECTION('ref_axis',(-1.,-6.77667791272972E-33,-4.33680868988646E-19));
#8939=DIRECTION('center_axis',(0.,0.,1.));
#8940=DIRECTION('ref_axis',(-1.,0.,0.));
#8941=DIRECTION('center_axis',(-1.,0.,0.));
#8942=DIRECTION('ref_axis',(0.,-1.,0.));
#8943=DIRECTION('',(0.,0.,1.));
#8944=DIRECTION('',(0.,-1.,0.));
#8945=DIRECTION('',(0.,-1.,0.));
#8946=DIRECTION('',(0.,0.,1.));
#8947=DIRECTION('center_axis',(0.,0.,1.));
#8948=DIRECTION('ref_axis',(1.,-4.16333634234434E-16,0.));
#8949=DIRECTION('center_axis',(0.,0.,1.));
#8950=DIRECTION('ref_axis',(-0.775000000000001,0.631961232988225,0.));
#8951=DIRECTION('center_axis',(0.,0.,-1.));
#8952=DIRECTION('ref_axis',(1.,0.,0.));
#8953=DIRECTION('center_axis',(0.,0.,-1.));
#8954=DIRECTION('ref_axis',(-1.,0.,0.));
#8955=DIRECTION('center_axis',(0.,0.,-1.));
#8956=DIRECTION('ref_axis',(-1.,0.,0.));
#8957=DIRECTION('center_axis',(0.,0.,-1.));
#8958=DIRECTION('ref_axis',(-1.,0.,0.));
#8959=DIRECTION('',(0.,0.,-1.));
#8960=DIRECTION('center_axis',(0.,0.,-1.));
#8961=DIRECTION('ref_axis',(1.,0.,0.));
#8962=DIRECTION('',(0.,0.,1.));
#8963=DIRECTION('center_axis',(0.,0.,1.));
#8964=DIRECTION('ref_axis',(1.,0.,0.));
#8965=DIRECTION('center_axis',(0.,1.,0.));
#8966=DIRECTION('ref_axis',(1.,0.,0.));
#8967=DIRECTION('',(0.,0.,-1.));
#8968=DIRECTION('',(-1.,0.,0.));
#8969=DIRECTION('center_axis',(0.,0.,-1.));
#8970=DIRECTION('ref_axis',(-1.,0.,0.));
#8971=DIRECTION('center_axis',(0.,0.,-1.));
#8972=DIRECTION('ref_axis',(-1.,0.,0.));
#8973=DIRECTION('',(0.,0.,-1.));
#8974=DIRECTION('center_axis',(-1.,5.62708071274788E-16,0.));
#8975=DIRECTION('ref_axis',(5.62708071274788E-16,1.,0.));
#8976=DIRECTION('',(-5.62708071274788E-16,-1.,0.));
#8977=DIRECTION('center_axis',(0.,0.,-1.));
#8978=DIRECTION('ref_axis',(1.,0.,0.));
#8979=DIRECTION('center_axis',(0.,0.,-1.));
#8980=DIRECTION('ref_axis',(1.,-2.22044604925031E-15,0.));
#8981=DIRECTION('center_axis',(0.,0.,-1.));
#8982=DIRECTION('ref_axis',(1.,-2.22044604925031E-15,0.));
#8983=DIRECTION('center_axis',(0.,0.,-1.));
#8984=DIRECTION('ref_axis',(1.,0.,0.));
#8985=DIRECTION('',(0.,0.,1.));
#8986=DIRECTION('center_axis',(-1.,0.,0.));
#8987=DIRECTION('ref_axis',(0.,1.,0.));
#8988=DIRECTION('',(0.,0.,1.));
#8989=DIRECTION('',(0.,0.,-1.));
#8990=DIRECTION('center_axis',(0.,0.,-1.));
#8991=DIRECTION('ref_axis',(5.92118946466756E-15,-1.,0.));
#8992=DIRECTION('center_axis',(0.,0.,-1.));
#8993=DIRECTION('ref_axis',(1.,0.,0.));
#8994=DIRECTION('',(0.,0.,1.));
#8995=DIRECTION('center_axis',(0.,0.,-1.));
#8996=DIRECTION('ref_axis',(1.,0.,0.));
#8997=DIRECTION('center_axis',(0.,0.,-1.));
#8998=DIRECTION('ref_axis',(1.,0.,0.));
#8999=DIRECTION('center_axis',(0.,-1.,0.));
#9000=DIRECTION('ref_axis',(-1.,0.,0.));
#9001=DIRECTION('',(0.,0.,-1.));
#9002=DIRECTION('center_axis',(0.,0.,1.));
#9003=DIRECTION('ref_axis',(-1.,0.,0.));
#9004=DIRECTION('center_axis',(0.,0.,-1.));
#9005=DIRECTION('ref_axis',(1.,0.,0.));
#9006=DIRECTION('',(0.,0.,1.));
#9007=DIRECTION('center_axis',(0.,0.,-1.));
#9008=DIRECTION('ref_axis',(1.,0.,0.));
#9009=DIRECTION('center_axis',(0.,0.,-1.));
#9010=DIRECTION('ref_axis',(1.,0.,0.));
#9011=DIRECTION('center_axis',(0.,0.,1.));
#9012=DIRECTION('ref_axis',(-1.,0.,0.));
#9013=DIRECTION('center_axis',(0.,0.,-1.));
#9014=DIRECTION('ref_axis',(1.,0.,0.));
#9015=DIRECTION('',(0.,0.,1.));
#9016=DIRECTION('center_axis',(0.,0.,-1.));
#9017=DIRECTION('ref_axis',(1.,0.,0.));
#9018=DIRECTION('center_axis',(0.,0.,-1.));
#9019=DIRECTION('ref_axis',(1.,0.,0.));
#9020=DIRECTION('center_axis',(0.,0.,1.));
#9021=DIRECTION('ref_axis',(-1.,0.,0.));
#9022=DIRECTION('center_axis',(0.,0.,-1.));
#9023=DIRECTION('ref_axis',(1.,0.,0.));
#9024=DIRECTION('',(0.,0.,1.));
#9025=DIRECTION('center_axis',(0.,0.,-1.));
#9026=DIRECTION('ref_axis',(1.,0.,0.));
#9027=DIRECTION('center_axis',(0.,0.,-1.));
#9028=DIRECTION('ref_axis',(1.,0.,0.));
#9029=DIRECTION('center_axis',(0.,0.,1.));
#9030=DIRECTION('ref_axis',(-1.,0.,0.));
#9031=DIRECTION('center_axis',(0.,0.,1.));
#9032=DIRECTION('ref_axis',(1.,0.,0.));
#9033=DIRECTION('',(-0.500000000000002,-0.866025403784438,0.));
#9034=DIRECTION('',(-0.866025403784438,0.500000000000001,0.));
#9035=DIRECTION('',(0.500000000000002,0.866025403784438,0.));
#9036=DIRECTION('',(0.866025403784438,-0.500000000000001,0.));
#9037=DIRECTION('',(-0.866025403784437,0.500000000000003,0.));
#9038=DIRECTION('center_axis',(0.,0.,-1.));
#9039=DIRECTION('ref_axis',(-0.5,-0.866025403784439,0.));
#9040=DIRECTION('',(-0.500000000000061,-0.866025403784404,0.));
#9041=DIRECTION('center_axis',(0.,0.,-1.));
#9042=DIRECTION('ref_axis',(0.866025403784436,-0.500000000000005,0.));
#9043=DIRECTION('',(0.866025403784438,-0.5,0.));
#9044=DIRECTION('center_axis',(0.,0.,-1.));
#9045=DIRECTION('ref_axis',(0.500000000000003,0.866025403784437,0.));
#9046=DIRECTION('',(0.500000000000004,0.866025403784436,0.));
#9047=DIRECTION('center_axis',(0.,0.,-1.));
#9048=DIRECTION('ref_axis',(-0.866025403784441,0.499999999999996,0.));
#9049=DIRECTION('',(0.866025403784436,-0.500000000000004,0.));
#9050=DIRECTION('center_axis',(0.,0.,-1.));
#9051=DIRECTION('ref_axis',(0.500000000000003,0.866025403784437,0.));
#9052=DIRECTION('',(0.500000000000035,0.866025403784418,0.));
#9053=DIRECTION('center_axis',(0.,0.,-1.));
#9054=DIRECTION('ref_axis',(-0.866025403784441,0.499999999999996,0.));
#9055=DIRECTION('',(-0.866025403784435,0.500000000000006,0.));
#9056=DIRECTION('center_axis',(0.,0.,-1.));
#9057=DIRECTION('ref_axis',(-0.5,-0.866025403784439,0.));
#9058=DIRECTION('',(-0.500000000000023,-0.866025403784425,0.));
#9059=DIRECTION('center_axis',(0.,0.,-1.));
#9060=DIRECTION('ref_axis',(0.866025403784423,-0.500000000000026,0.));
#9061=DIRECTION('',(-0.50000000000003,-0.866025403784421,0.));
#9062=DIRECTION('center_axis',(0.,0.,-1.));
#9063=DIRECTION('ref_axis',(0.866025403784443,-0.499999999999992,0.));
#9064=DIRECTION('',(0.866025403784434,-0.500000000000007,0.));
#9065=DIRECTION('center_axis',(0.,0.,-1.));
#9066=DIRECTION('ref_axis',(0.499999999999948,0.866025403784469,0.));
#9067=DIRECTION('',(0.499999999999996,0.866025403784441,0.));
#9068=DIRECTION('center_axis',(0.,0.,-1.));
#9069=DIRECTION('ref_axis',(-0.866025403784481,0.499999999999927,0.));
#9070=DIRECTION('',(-0.866025403784435,0.500000000000006,0.));
#9071=DIRECTION('center_axis',(0.,0.,-1.));
#9072=DIRECTION('ref_axis',(-0.5,-0.866025403784439,0.));
#9073=DIRECTION('',(0.866025403784436,-0.500000000000005,0.));
#9074=DIRECTION('center_axis',(0.,0.,-1.));
#9075=DIRECTION('ref_axis',(0.500000000000003,0.866025403784437,0.));
#9076=DIRECTION('',(0.500000000000024,0.866025403784425,0.));
#9077=DIRECTION('center_axis',(0.,0.,-1.));
#9078=DIRECTION('ref_axis',(-0.866025403784441,0.499999999999996,0.));
#9079=DIRECTION('',(-0.866025403784437,0.500000000000002,0.));
#9080=DIRECTION('center_axis',(0.,0.,-1.));
#9081=DIRECTION('ref_axis',(-0.5,-0.866025403784439,0.));
#9082=DIRECTION('',(-0.500000000000042,-0.866025403784414,0.));
#9083=DIRECTION('center_axis',(0.,0.,-1.));
#9084=DIRECTION('ref_axis',(0.866025403784436,-0.500000000000005,0.));
#9085=DIRECTION('center_axis',(0.,0.,1.));
#9086=DIRECTION('ref_axis',(1.,0.,0.));
#9087=DIRECTION('',(-0.5,0.866025403784438,0.));
#9088=DIRECTION('',(0.866025403784438,0.5,0.));
#9089=DIRECTION('',(0.5,-0.866025403784439,0.));
#9090=DIRECTION('',(-0.866025403784439,-0.5,0.));
#9091=DIRECTION('center_axis',(0.,0.,-1.));
#9092=DIRECTION('ref_axis',(0.866025403784454,0.499999999999974,0.));
#9093=DIRECTION('',(0.866025403784437,0.500000000000003,0.));
#9094=DIRECTION('center_axis',(0.,0.,-1.));
#9095=DIRECTION('ref_axis',(-0.500000000000017,0.866025403784429,0.));
#9096=DIRECTION('',(-0.499999999999981,0.86602540378445,0.));
#9097=DIRECTION('center_axis',(0.,0.,-1.));
#9098=DIRECTION('ref_axis',(-0.866025403784454,-0.499999999999974,0.));
#9099=DIRECTION('',(-0.866025403784438,-0.500000000000001,0.));
#9100=DIRECTION('center_axis',(0.,0.,-1.));
#9101=DIRECTION('ref_axis',(0.500000000000044,-0.866025403784414,0.));
#9102=DIRECTION('',(0.499999999999988,-0.866025403784445,0.));
#9103=DIRECTION('center_axis',(0.,0.,-1.));
#9104=DIRECTION('ref_axis',(0.500000000000005,-0.866025403784436,0.));
#9105=DIRECTION('',(0.499999999999988,-0.866025403784445,0.));
#9106=DIRECTION('center_axis',(0.,0.,-1.));
#9107=DIRECTION('ref_axis',(0.866025403784454,0.499999999999974,0.));
#9108=DIRECTION('',(0.866025403784437,0.500000000000003,0.));
#9109=DIRECTION('center_axis',(0.,0.,-1.));
#9110=DIRECTION('ref_axis',(-0.500000000000021,0.866025403784427,0.));
#9111=DIRECTION('',(-0.499999999999981,0.86602540378445,0.));
#9112=DIRECTION('center_axis',(0.,0.,-1.));
#9113=DIRECTION('ref_axis',(-0.866025403784454,-0.499999999999974,0.));
#9114=DIRECTION('',(-0.866025403784438,-0.500000000000001,0.));
#9115=DIRECTION('center_axis',(0.,0.,-1.));
#9116=DIRECTION('ref_axis',(0.866025403784454,0.499999999999974,0.));
#9117=DIRECTION('',(0.866025403784438,0.500000000000001,0.));
#9118=DIRECTION('center_axis',(0.,0.,-1.));
#9119=DIRECTION('ref_axis',(-0.500000000000021,0.866025403784427,0.));
#9120=DIRECTION('',(-0.499999999999981,0.86602540378445,0.));
#9121=DIRECTION('center_axis',(0.,0.,-1.));
#9122=DIRECTION('ref_axis',(-0.866025403784454,-0.499999999999974,0.));
#9123=DIRECTION('',(-0.866025403784438,-0.500000000000001,0.));
#9124=DIRECTION('center_axis',(0.,0.,-1.));
#9125=DIRECTION('ref_axis',(0.500000000000044,-0.866025403784414,0.));
#9126=DIRECTION('',(0.499999999999988,-0.866025403784445,0.));
#9127=DIRECTION('',(-0.499999999999988,0.866025403784445,0.));
#9128=DIRECTION('center_axis',(0.,0.,-1.));
#9129=DIRECTION('ref_axis',(-0.866025403784454,-0.499999999999974,0.));
#9130=DIRECTION('',(-0.866025403784438,-0.500000000000001,0.));
#9131=DIRECTION('center_axis',(0.,0.,-1.));
#9132=DIRECTION('ref_axis',(0.500000000000047,-0.866025403784411,0.));
#9133=DIRECTION('',(0.500000000000023,-0.866025403784425,0.));
#9134=DIRECTION('center_axis',(0.,0.,-1.));
#9135=DIRECTION('ref_axis',(0.866025403784438,0.500000000000002,0.));
#9136=DIRECTION('',(0.866025403784438,0.500000000000001,0.));
#9137=DIRECTION('center_axis',(0.,0.,-1.));
#9138=DIRECTION('ref_axis',(-0.500000000000017,0.866025403784429,0.));
#9139=DIRECTION('center_axis',(0.5,0.866025403784438,0.));
#9140=DIRECTION('ref_axis',(0.866025403784438,-0.5,0.));
#9141=DIRECTION('',(0.,0.,1.));
#9142=DIRECTION('',(0.,0.,1.));
#9143=DIRECTION('center_axis',(0.,0.,-1.));
#9144=DIRECTION('ref_axis',(0.866025403784436,-0.500000000000005,0.));
#9145=DIRECTION('',(0.,0.,1.));
#9146=DIRECTION('center_axis',(0.866025403784404,-0.500000000000061,0.));
#9147=DIRECTION('ref_axis',(-0.500000000000061,-0.866025403784404,0.));
#9148=DIRECTION('',(0.,0.,1.));
#9149=DIRECTION('center_axis',(0.,0.,-1.));
#9150=DIRECTION('ref_axis',(-0.5,-0.866025403784439,0.));
#9151=DIRECTION('',(0.,0.,1.));
#9152=DIRECTION('center_axis',(-0.500000000000006,-0.866025403784435,0.));
#9153=DIRECTION('ref_axis',(-0.866025403784435,0.500000000000006,0.));
#9154=DIRECTION('',(0.,0.,1.));
#9155=DIRECTION('',(0.,0.,1.));
#9156=DIRECTION('center_axis',(0.,0.,-1.));
#9157=DIRECTION('ref_axis',(-0.866025403784441,0.499999999999996,0.));
#9158=DIRECTION('',(0.,0.,1.));
#9159=DIRECTION('center_axis',(-0.866025403784418,0.500000000000035,0.));
#9160=DIRECTION('ref_axis',(0.500000000000035,0.866025403784418,0.));
#9161=DIRECTION('',(0.,0.,1.));
#9162=DIRECTION('center_axis',(0.,0.,-1.));
#9163=DIRECTION('ref_axis',(0.500000000000003,0.866025403784437,0.));
#9164=DIRECTION('',(0.,0.,1.));
#9165=DIRECTION('center_axis',(-0.866025403784441,0.499999999999996,0.));
#9166=DIRECTION('ref_axis',(0.499999999999996,0.866025403784441,0.));
#9167=DIRECTION('',(0.,0.,1.));
#9168=DIRECTION('',(0.,0.,1.));
#9169=DIRECTION('center_axis',(0.,0.,-1.));
#9170=DIRECTION('ref_axis',(0.499999999999948,0.866025403784469,0.));
#9171=DIRECTION('',(0.,0.,1.));
#9172=DIRECTION('center_axis',(0.500000000000007,0.866025403784434,0.));
#9173=DIRECTION('ref_axis',(0.866025403784434,-0.500000000000007,0.));
#9174=DIRECTION('',(0.,0.,1.));
#9175=DIRECTION('center_axis',(0.,0.,-1.));
#9176=DIRECTION('ref_axis',(0.866025403784443,-0.499999999999992,0.));
#9177=DIRECTION('',(0.,0.,1.));
#9178=DIRECTION('center_axis',(-0.500000000000002,-0.866025403784437,0.));
#9179=DIRECTION('ref_axis',(-0.866025403784437,0.500000000000002,0.));
#9180=DIRECTION('',(0.,0.,1.));
#9181=DIRECTION('',(0.,0.,1.));
#9182=DIRECTION('center_axis',(0.,0.,-1.));
#9183=DIRECTION('ref_axis',(-0.866025403784441,0.499999999999996,0.));
#9184=DIRECTION('',(0.,0.,1.));
#9185=DIRECTION('center_axis',(-0.866025403784425,0.500000000000024,0.));
#9186=DIRECTION('ref_axis',(0.500000000000024,0.866025403784425,0.));
#9187=DIRECTION('',(0.,0.,1.));
#9188=DIRECTION('center_axis',(0.,0.,-1.));
#9189=DIRECTION('ref_axis',(0.500000000000003,0.866025403784437,0.));
#9190=DIRECTION('',(0.,0.,1.));
#9191=DIRECTION('center_axis',(0.,0.,-1.));
#9192=DIRECTION('ref_axis',(-0.866025403784454,-0.499999999999974,0.));
#9193=DIRECTION('',(0.,0.,1.));
#9194=DIRECTION('',(0.,0.,1.));
#9195=DIRECTION('center_axis',(-0.86602540378445,-0.499999999999981,0.));
#9196=DIRECTION('ref_axis',(-0.499999999999981,0.86602540378445,0.));
#9197=DIRECTION('',(0.,0.,1.));
#9198=DIRECTION('center_axis',(0.,0.,-1.));
#9199=DIRECTION('ref_axis',(-0.500000000000017,0.866025403784429,0.));
#9200=DIRECTION('',(0.,0.,1.));
#9201=DIRECTION('center_axis',(-0.500000000000003,0.866025403784437,0.));
#9202=DIRECTION('ref_axis',(0.866025403784437,0.500000000000003,0.));
#9203=DIRECTION('',(0.,0.,1.));
#9204=DIRECTION('center_axis',(0.,0.,-1.));
#9205=DIRECTION('ref_axis',(-0.500000000000021,0.866025403784427,0.));
#9206=DIRECTION('',(0.,0.,1.));
#9207=DIRECTION('',(0.,0.,1.));
#9208=DIRECTION('center_axis',(-0.500000000000003,0.866025403784437,0.));
#9209=DIRECTION('ref_axis',(0.866025403784437,0.500000000000003,0.));
#9210=DIRECTION('',(0.,0.,1.));
#9211=DIRECTION('center_axis',(0.,0.,-1.));
#9212=DIRECTION('ref_axis',(0.866025403784454,0.499999999999974,0.));
#9213=DIRECTION('',(0.,0.,1.));
#9214=DIRECTION('center_axis',(0.866025403784445,0.499999999999988,0.));
#9215=DIRECTION('ref_axis',(0.499999999999988,-0.866025403784445,0.));
#9216=DIRECTION('',(0.,0.,1.));
#9217=DIRECTION('center_axis',(0.,0.,-1.));
#9218=DIRECTION('ref_axis',(-0.866025403784454,-0.499999999999974,0.));
#9219=DIRECTION('',(0.,0.,1.));
#9220=DIRECTION('',(0.,0.,1.));
#9221=DIRECTION('center_axis',(-0.86602540378445,-0.499999999999981,0.));
#9222=DIRECTION('ref_axis',(-0.499999999999981,0.86602540378445,0.));
#9223=DIRECTION('',(0.,0.,1.));
#9224=DIRECTION('center_axis',(0.,0.,-1.));
#9225=DIRECTION('ref_axis',(-0.500000000000021,0.866025403784427,0.));
#9226=DIRECTION('',(0.,0.,1.));
#9227=DIRECTION('center_axis',(-0.500000000000001,0.866025403784438,0.));
#9228=DIRECTION('ref_axis',(0.866025403784438,0.500000000000001,0.));
#9229=DIRECTION('',(0.,0.,1.));
#9230=DIRECTION('center_axis',(0.866025403784425,0.500000000000023,0.));
#9231=DIRECTION('ref_axis',(0.500000000000023,-0.866025403784425,0.));
#9232=DIRECTION('',(0.,0.,1.));
#9233=DIRECTION('',(0.,0.,1.));
#9234=DIRECTION('center_axis',(0.,0.,-1.));
#9235=DIRECTION('ref_axis',(0.500000000000047,-0.866025403784411,0.));
#9236=DIRECTION('',(0.,0.,1.));
#9237=DIRECTION('center_axis',(0.500000000000001,-0.866025403784438,0.));
#9238=DIRECTION('ref_axis',(-0.866025403784438,-0.500000000000001,0.));
#9239=DIRECTION('',(0.,0.,1.));
#9240=DIRECTION('center_axis',(0.,0.,-1.));
#9241=DIRECTION('ref_axis',(-0.866025403784454,-0.499999999999974,0.));
#9242=DIRECTION('',(0.,0.,1.));
#9243=DIRECTION('center_axis',(0.,0.,-1.));
#9244=DIRECTION('ref_axis',(1.,0.,0.));
#9245=DIRECTION('center_axis',(0.,0.,1.));
#9246=DIRECTION('ref_axis',(1.,0.,0.));
#9247=DIRECTION('',(0.,0.,1.));
#9248=DIRECTION('center_axis',(0.,0.,-1.));
#9249=DIRECTION('ref_axis',(1.,0.,0.));
#9250=DIRECTION('center_axis',(0.,0.,-1.));
#9251=DIRECTION('ref_axis',(1.,0.,0.));
#9252=DIRECTION('center_axis',(0.,0.,-1.));
#9253=DIRECTION('ref_axis',(1.,0.,0.));
#9254=DIRECTION('',(0.,0.,1.));
#9255=DIRECTION('center_axis',(0.,0.,-1.));
#9256=DIRECTION('ref_axis',(1.,0.,0.));
#9257=DIRECTION('center_axis',(0.,0.,1.));
#9258=DIRECTION('ref_axis',(-1.,0.,0.));
#9259=DIRECTION('center_axis',(0.86602540378444,0.499999999999999,0.));
#9260=DIRECTION('ref_axis',(0.499999999999999,-0.866025403784439,0.));
#9261=DIRECTION('',(0.,0.,-1.));
#9262=DIRECTION('',(0.499999999999998,-0.866025403784439,0.));
#9263=DIRECTION('',(0.,0.,-1.));
#9264=DIRECTION('center_axis',(-0.5,0.866025403784439,0.));
#9265=DIRECTION('ref_axis',(0.866025403784439,0.5,0.));
#9266=DIRECTION('',(0.866025403784438,0.5,0.));
#9267=DIRECTION('',(0.,0.,-1.));
#9268=DIRECTION('center_axis',(-0.866025403784439,-0.5,0.));
#9269=DIRECTION('ref_axis',(-0.5,0.866025403784439,0.));
#9270=DIRECTION('',(-0.5,0.866025403784439,0.));
#9271=DIRECTION('',(0.,0.,-1.));
#9272=DIRECTION('center_axis',(0.5,-0.866025403784439,0.));
#9273=DIRECTION('ref_axis',(-0.866025403784439,-0.5,0.));
#9274=DIRECTION('',(-0.866025403784439,-0.5,0.));
#9275=DIRECTION('',(0.,0.,-1.));
#9276=DIRECTION('center_axis',(0.866025403784439,0.5,0.));
#9277=DIRECTION('ref_axis',(0.5,-0.866025403784439,0.));
#9278=DIRECTION('',(0.5,-0.866025403784439,0.));
#9279=DIRECTION('',(0.,0.,-1.));
#9280=DIRECTION('center_axis',(-0.499999999999997,0.86602540378444,0.));
#9281=DIRECTION('ref_axis',(0.86602540378444,0.499999999999997,0.));
#9282=DIRECTION('',(0.86602540378444,0.499999999999997,0.));
#9283=DIRECTION('',(0.,0.,-1.));
#9284=DIRECTION('center_axis',(-0.866025403784437,-0.500000000000003,0.));
#9285=DIRECTION('ref_axis',(-0.500000000000002,0.866025403784437,0.));
#9286=DIRECTION('',(-0.500000000000002,0.866025403784437,0.));
#9287=DIRECTION('',(0.,0.,1.));
#9288=DIRECTION('',(0.,0.,1.));
#9289=DIRECTION('center_axis',(-0.499999999999997,0.86602540378444,0.));
#9290=DIRECTION('ref_axis',(0.86602540378444,0.499999999999997,0.));
#9291=DIRECTION('',(0.86602540378444,0.499999999999997,0.));
#9292=DIRECTION('',(0.,0.,1.));
#9293=DIRECTION('center_axis',(0.866025403784439,0.5,0.));
#9294=DIRECTION('ref_axis',(0.5,-0.866025403784439,0.));
#9295=DIRECTION('',(0.5,-0.866025403784439,0.));
#9296=DIRECTION('',(0.,0.,1.));
#9297=DIRECTION('center_axis',(0.499999999999999,-0.866025403784439,0.));
#9298=DIRECTION('ref_axis',(-0.866025403784439,-0.499999999999999,0.));
#9299=DIRECTION('',(-0.866025403784439,-0.499999999999999,0.));
#9300=DIRECTION('center_axis',(0.,0.,-1.));
#9301=DIRECTION('ref_axis',(-1.,0.,0.));
#9302=DIRECTION('center_axis',(0.,0.,-1.));
#9303=DIRECTION('ref_axis',(1.,0.,0.));
#9304=DIRECTION('center_axis',(0.,0.,1.));
#9305=DIRECTION('ref_axis',(1.,0.,0.));
#9306=DIRECTION('',(0.,0.,1.));
#9307=DIRECTION('center_axis',(0.,0.,-1.));
#9308=DIRECTION('ref_axis',(1.,0.,0.));
#9309=DIRECTION('center_axis',(0.,0.,-1.));
#9310=DIRECTION('ref_axis',(1.,0.,0.));
#9311=DIRECTION('center_axis',(0.,0.,-1.));
#9312=DIRECTION('ref_axis',(1.,0.,0.));
#9313=DIRECTION('',(0.,0.,1.));
#9314=DIRECTION('center_axis',(0.,0.,-1.));
#9315=DIRECTION('ref_axis',(1.,0.,0.));
#9316=DIRECTION('center_axis',(0.,0.,1.));
#9317=DIRECTION('ref_axis',(-1.,0.,0.));
#9318=DIRECTION('center_axis',(0.,0.,-1.));
#9319=DIRECTION('ref_axis',(1.,0.,0.));
#9320=DIRECTION('center_axis',(0.,0.,1.));
#9321=DIRECTION('ref_axis',(1.,0.,0.));
#9322=DIRECTION('',(0.,0.,1.));
#9323=DIRECTION('center_axis',(0.,0.,-1.));
#9324=DIRECTION('ref_axis',(1.,0.,0.));
#9325=DIRECTION('center_axis',(0.,0.,-1.));
#9326=DIRECTION('ref_axis',(1.,0.,0.));
#9327=DIRECTION('center_axis',(0.,0.,-1.));
#9328=DIRECTION('ref_axis',(1.,0.,0.));
#9329=DIRECTION('',(0.,0.,1.));
#9330=DIRECTION('center_axis',(0.,0.,-1.));
#9331=DIRECTION('ref_axis',(1.,0.,0.));
#9332=DIRECTION('center_axis',(0.,0.,1.));
#9333=DIRECTION('ref_axis',(-1.,0.,0.));
#9334=DIRECTION('center_axis',(0.,0.,-1.));
#9335=DIRECTION('ref_axis',(1.,0.,0.));
#9336=DIRECTION('center_axis',(0.,0.,1.));
#9337=DIRECTION('ref_axis',(1.,0.,0.));
#9338=DIRECTION('',(0.,0.,1.));
#9339=DIRECTION('center_axis',(0.,0.,-1.));
#9340=DIRECTION('ref_axis',(1.,0.,0.));
#9341=DIRECTION('center_axis',(0.,0.,-1.));
#9342=DIRECTION('ref_axis',(1.,0.,0.));
#9343=DIRECTION('center_axis',(0.,0.,-1.));
#9344=DIRECTION('ref_axis',(1.,0.,0.));
#9345=DIRECTION('',(0.,0.,1.));
#9346=DIRECTION('center_axis',(0.,0.,-1.));
#9347=DIRECTION('ref_axis',(1.,0.,0.));
#9348=DIRECTION('center_axis',(0.,0.,1.));
#9349=DIRECTION('ref_axis',(-1.,0.,0.));
#9350=DIRECTION('center_axis',(-0.866025403784442,0.499999999999994,0.));
#9351=DIRECTION('ref_axis',(0.499999999999994,0.866025403784442,0.));
#9352=DIRECTION('',(0.,0.,-1.));
#9353=DIRECTION('',(0.499999999999994,0.866025403784442,0.));
#9354=DIRECTION('',(0.,0.,-1.));
#9355=DIRECTION('center_axis',(-0.499999999999999,-0.866025403784439,0.));
#9356=DIRECTION('ref_axis',(-0.866025403784439,0.499999999999999,0.));
#9357=DIRECTION('',(-0.866025403784439,0.499999999999999,0.));
#9358=DIRECTION('',(0.,0.,-1.));
#9359=DIRECTION('center_axis',(0.866025403784437,-0.500000000000002,0.));
#9360=DIRECTION('ref_axis',(-0.500000000000002,-0.866025403784437,0.));
#9361=DIRECTION('',(-0.500000000000002,-0.866025403784437,0.));
#9362=DIRECTION('',(0.,0.,-1.));
#9363=DIRECTION('center_axis',(0.5,0.866025403784438,0.));
#9364=DIRECTION('ref_axis',(0.866025403784438,-0.5,0.));
#9365=DIRECTION('',(0.866025403784438,-0.5,0.));
#9366=DIRECTION('',(0.,0.,-1.));
#9367=DIRECTION('center_axis',(-0.866025403784439,0.5,0.));
#9368=DIRECTION('ref_axis',(0.5,0.866025403784439,0.));
#9369=DIRECTION('',(0.5,0.866025403784439,0.));
#9370=DIRECTION('center_axis',(-0.49999999999999,-0.866025403784445,0.));
#9371=DIRECTION('ref_axis',(-0.866025403784445,0.49999999999999,0.));
#9372=DIRECTION('',(-0.866025403784445,0.49999999999999,0.));
#9373=DIRECTION('',(0.,0.,-1.));
#9374=DIRECTION('center_axis',(0.866025403784442,-0.499999999999994,0.));
#9375=DIRECTION('ref_axis',(-0.499999999999994,-0.866025403784442,0.));
#9376=DIRECTION('',(-0.499999999999994,-0.866025403784442,0.));
#9377=DIRECTION('',(0.,0.,1.));
#9378=DIRECTION('',(0.,0.,1.));
#9379=DIRECTION('center_axis',(-0.500000000000004,-0.866025403784436,0.));
#9380=DIRECTION('ref_axis',(-0.866025403784436,0.500000000000004,0.));
#9381=DIRECTION('',(-0.866025403784436,0.500000000000004,0.));
#9382=DIRECTION('',(0.,0.,1.));
#9383=DIRECTION('center_axis',(-0.866025403784438,0.500000000000002,0.));
#9384=DIRECTION('ref_axis',(0.500000000000002,0.866025403784438,0.));
#9385=DIRECTION('',(0.500000000000002,0.866025403784438,0.));
#9386=DIRECTION('',(0.,0.,1.));
#9387=DIRECTION('center_axis',(0.500000000000003,0.866025403784437,0.));
#9388=DIRECTION('ref_axis',(0.866025403784437,-0.500000000000003,0.));
#9389=DIRECTION('',(0.866025403784437,-0.500000000000003,0.));
#9390=DIRECTION('center_axis',(0.,0.,-1.));
#9391=DIRECTION('ref_axis',(-1.,0.,0.));
#9392=DIRECTION('center_axis',(0.,0.,1.));
#9393=DIRECTION('ref_axis',(-1.,0.,0.));
#9394=DIRECTION('center_axis',(0.,0.,1.));
#9395=DIRECTION('ref_axis',(1.,-1.22464679914735E-16,0.));
#9396=DIRECTION('center_axis',(0.,0.,-1.));
#9397=DIRECTION('ref_axis',(-1.,0.,0.));
#9398=DIRECTION('',(0.,0.,1.));
#9399=DIRECTION('center_axis',(0.,0.,-1.));
#9400=DIRECTION('ref_axis',(-1.,0.,0.));
#9401=DIRECTION('',(0.,0.,1.));
#9402=DIRECTION('center_axis',(0.,0.,1.));
#9403=DIRECTION('ref_axis',(0.88939328092991,0.457142857142852,0.));
#9404=DIRECTION('center_axis',(0.,0.,-1.));
#9405=DIRECTION('ref_axis',(0.88939328092991,0.457142857142852,0.));
#9406=DIRECTION('',(0.,0.,1.));
#9407=DIRECTION('center_axis',(0.,0.,-1.));
#9408=DIRECTION('ref_axis',(0.88939328092991,0.457142857142852,0.));
#9409=DIRECTION('',(0.,0.,1.));
#9410=DIRECTION('center_axis',(0.,0.,1.));
#9411=DIRECTION('ref_axis',(-1.,0.,0.));
#9412=DIRECTION('center_axis',(0.,0.,-1.));
#9413=DIRECTION('ref_axis',(-1.,0.,0.));
#9414=DIRECTION('',(0.,0.,1.));
#9415=DIRECTION('center_axis',(0.,0.,-1.));
#9416=DIRECTION('ref_axis',(-1.,0.,0.));
#9417=DIRECTION('',(0.,0.,1.));
#9418=DIRECTION('center_axis',(0.,0.,1.));
#9419=DIRECTION('ref_axis',(-0.457142857142858,0.889393280929907,0.));
#9420=DIRECTION('center_axis',(0.,0.,-1.));
#9421=DIRECTION('ref_axis',(-0.457142857142858,0.889393280929907,0.));
#9422=DIRECTION('',(0.,0.,1.));
#9423=DIRECTION('center_axis',(0.,0.,-1.));
#9424=DIRECTION('ref_axis',(-0.457142857142858,0.889393280929907,0.));
#9425=DIRECTION('',(0.,0.,1.));
#9426=DIRECTION('center_axis',(0.,0.,1.));
#9427=DIRECTION('ref_axis',(-1.,0.,0.));
#9428=DIRECTION('center_axis',(0.,0.,-1.));
#9429=DIRECTION('ref_axis',(-1.,0.,0.));
#9430=DIRECTION('',(0.,0.,1.));
#9431=DIRECTION('center_axis',(0.,0.,-1.));
#9432=DIRECTION('ref_axis',(-1.,0.,0.));
#9433=DIRECTION('',(0.,0.,1.));
#9434=DIRECTION('center_axis',(0.,0.,1.));
#9435=DIRECTION('ref_axis',(-0.889393280929907,-0.457142857142858,0.));
#9436=DIRECTION('center_axis',(0.,0.,-1.));
#9437=DIRECTION('ref_axis',(-0.889393280929907,-0.457142857142858,0.));
#9438=DIRECTION('',(0.,0.,1.));
#9439=DIRECTION('center_axis',(0.,0.,-1.));
#9440=DIRECTION('ref_axis',(-0.889393280929907,-0.457142857142858,0.));
#9441=DIRECTION('',(0.,0.,1.));
#9442=DIRECTION('center_axis',(0.,0.,1.));
#9443=DIRECTION('ref_axis',(-1.,0.,0.));
#9444=DIRECTION('center_axis',(0.,0.,-1.));
#9445=DIRECTION('ref_axis',(-1.,0.,0.));
#9446=DIRECTION('',(0.,0.,1.));
#9447=DIRECTION('center_axis',(0.,0.,-1.));
#9448=DIRECTION('ref_axis',(-1.,0.,0.));
#9449=DIRECTION('',(0.,0.,1.));
#9450=DIRECTION('center_axis',(0.,0.,1.));
#9451=DIRECTION('ref_axis',(0.457142857142858,-0.889393280929907,0.));
#9452=DIRECTION('center_axis',(0.,0.,-1.));
#9453=DIRECTION('ref_axis',(0.457142857142858,-0.889393280929907,0.));
#9454=DIRECTION('',(0.,0.,1.));
#9455=DIRECTION('center_axis',(0.,0.,-1.));
#9456=DIRECTION('ref_axis',(0.457142857142858,-0.889393280929907,0.));
#9457=DIRECTION('',(0.,0.,1.));
#9458=DIRECTION('center_axis',(0.707120135720105,0.70709342640077,0.));
#9459=DIRECTION('ref_axis',(-0.70709342640077,0.707120135720105,0.));
#9460=DIRECTION('',(0.70709342640077,-0.707120135720105,0.));
#9461=DIRECTION('',(0.,0.,1.));
#9462=DIRECTION('',(-0.70709342640077,0.707120135720105,0.));
#9463=DIRECTION('',(0.,0.,1.));
#9464=DIRECTION('center_axis',(-0.000490082179128542,0.999999879909722,
0.));
#9465=DIRECTION('ref_axis',(-0.999999879909722,-0.000490082179128542,0.));
#9466=DIRECTION('',(0.999999879909722,0.000490082179128542,0.));
#9467=DIRECTION('',(-0.999999879909722,-0.000490082179128542,0.));
#9468=DIRECTION('',(0.,0.,1.));
#9469=DIRECTION('center_axis',(0.,0.,1.));
#9470=DIRECTION('ref_axis',(0.000490082179137088,-0.999999879909722,0.));
#9471=DIRECTION('center_axis',(0.,0.,1.));
#9472=DIRECTION('ref_axis',(0.000490082179137088,-0.999999879909722,0.));
#9473=DIRECTION('center_axis',(0.,0.,1.));
#9474=DIRECTION('ref_axis',(0.000490082179137088,-0.999999879909722,0.));
#9475=DIRECTION('',(0.,0.,1.));
#9476=DIRECTION('center_axis',(0.000490082179164026,-0.999999879909722,
0.));
#9477=DIRECTION('ref_axis',(0.999999879909722,0.000490082179164026,0.));
#9478=DIRECTION('',(0.999999879909722,0.000490082179164026,0.));
#9479=DIRECTION('',(0.999999879909722,0.000490082179164026,0.));
#9480=DIRECTION('',(0.,0.,1.));
#9481=DIRECTION('center_axis',(0.707106781186548,-0.707106781186548,0.));
#9482=DIRECTION('ref_axis',(0.707106781186548,0.707106781186548,0.));
#9483=DIRECTION('',(-0.707106781186548,-0.707106781186548,0.));
#9484=DIRECTION('',(0.707106781186548,0.707106781186548,0.));
#9485=DIRECTION('',(0.,0.,1.));
#9486=DIRECTION('center_axis',(1.,-2.74899299972716E-14,0.));
#9487=DIRECTION('ref_axis',(2.74899299972716E-14,1.,0.));
#9488=DIRECTION('',(-2.74899299972716E-14,-1.,0.));
#9489=DIRECTION('',(2.74899299972716E-14,1.,0.));
#9490=DIRECTION('',(0.,0.,1.));
#9491=DIRECTION('center_axis',(0.,0.,1.));
#9492=DIRECTION('ref_axis',(-1.,0.,0.));
#9493=DIRECTION('center_axis',(0.,0.,1.));
#9494=DIRECTION('ref_axis',(-1.,0.,0.));
#9495=DIRECTION('center_axis',(0.,0.,1.));
#9496=DIRECTION('ref_axis',(-1.,0.,0.));
#9497=DIRECTION('',(0.,0.,1.));
#9498=DIRECTION('center_axis',(-1.,-1.39909186074093E-14,0.));
#9499=DIRECTION('ref_axis',(1.39909186074093E-14,-1.,0.));
#9500=DIRECTION('',(1.39909186074093E-14,-1.,0.));
#9501=DIRECTION('',(1.39909186074093E-14,-1.,0.));
#9502=DIRECTION('',(0.,0.,1.));
#9503=DIRECTION('center_axis',(-0.707102953943717,-0.707110608408663,0.));
#9504=DIRECTION('ref_axis',(0.707110608408663,-0.707102953943717,0.));
#9505=DIRECTION('',(0.707110608408663,-0.707102953943717,0.));
#9506=DIRECTION('',(0.707110608408663,-0.707102953943717,0.));
#9507=DIRECTION('',(0.,0.,1.));
#9508=DIRECTION('center_axis',(0.000490082179130403,-0.999999879909722,
0.));
#9509=DIRECTION('ref_axis',(0.999999879909722,0.000490082179130403,0.));
#9510=DIRECTION('',(-0.999999879909722,-0.000490082179130403,0.));
#9511=DIRECTION('',(0.999999879909722,0.000490082179130403,0.));
#9512=DIRECTION('',(0.,0.,1.));
#9513=DIRECTION('center_axis',(0.,0.,1.));
#9514=DIRECTION('ref_axis',(-0.000490082179137087,0.999999879909722,0.));
#9515=DIRECTION('center_axis',(0.,0.,1.));
#9516=DIRECTION('ref_axis',(-0.000490082179137087,0.999999879909722,0.));
#9517=DIRECTION('center_axis',(0.,0.,1.));
#9518=DIRECTION('ref_axis',(-0.000490082179137087,0.999999879909722,0.));
#9519=DIRECTION('',(0.,0.,1.));
#9520=DIRECTION('center_axis',(-0.000490082179144925,0.999999879909722,
0.));
#9521=DIRECTION('ref_axis',(-0.999999879909722,-0.000490082179144925,0.));
#9522=DIRECTION('',(-0.999999879909722,-0.000490082179144925,0.));
#9523=DIRECTION('',(-0.999999879909722,-0.000490082179144925,0.));
#9524=DIRECTION('',(0.,0.,1.));
#9525=DIRECTION('center_axis',(-0.707465478505216,0.706747901817463,0.));
#9526=DIRECTION('ref_axis',(-0.706747901817463,-0.707465478505216,0.));
#9527=DIRECTION('',(-0.706747901817463,-0.707465478505216,0.));
#9528=DIRECTION('',(-0.706747901817463,-0.707465478505216,0.));
#9529=DIRECTION('',(0.,0.,1.));
#9530=DIRECTION('center_axis',(-1.,0.,0.));
#9531=DIRECTION('ref_axis',(0.,-1.,0.));
#9532=DIRECTION('',(0.,1.,0.));
#9533=DIRECTION('',(0.,-1.,0.));
#9534=DIRECTION('',(0.,0.,1.));
#9535=DIRECTION('center_axis',(0.,0.,1.));
#9536=DIRECTION('ref_axis',(0.00287152960951145,0.999995877150352,0.));
#9537=DIRECTION('center_axis',(0.,0.,1.));
#9538=DIRECTION('ref_axis',(0.999983508635404,-0.00574303554124164,0.));
#9539=DIRECTION('center_axis',(0.,0.,1.));
#9540=DIRECTION('ref_axis',(0.999983508635404,-0.00574303554124164,0.));
#9541=DIRECTION('',(0.,0.,1.));
#9542=DIRECTION('center_axis',(0.999983508635405,-0.00574303554099774,0.));
#9543=DIRECTION('ref_axis',(0.00574303554099774,0.999983508635405,0.));
#9544=DIRECTION('',(0.00574303554099774,0.999983508635405,0.));
#9545=DIRECTION('',(0.00574303554099774,0.999983508635405,0.));
#9546=DIRECTION('center_axis',(0.,0.,1.));
#9547=DIRECTION('ref_axis',(-1.,0.,0.));
#9548=DIRECTION('',(-1.,0.,0.));
#9549=DIRECTION('',(0.,-1.,0.));
#9550=DIRECTION('',(0.,-1.,0.));
#9551=DIRECTION('',(1.,0.,0.));
#9552=DIRECTION('',(0.,-1.,0.));
#9553=DIRECTION('',(1.,0.,0.));
#9554=DIRECTION('',(1.,0.,0.));
#9555=DIRECTION('',(0.,1.,0.));
#9556=DIRECTION('',(1.,0.,0.));
#9557=DIRECTION('',(0.,1.,0.));
#9558=DIRECTION('',(0.,1.,0.));
#9559=DIRECTION('',(-1.,0.,0.));
#9560=DIRECTION('',(0.,1.,0.));
#9561=DIRECTION('',(-1.,0.,0.));
#9562=DIRECTION('',(-1.,0.,0.));
#9563=DIRECTION('',(0.,-1.,0.));
#9564=DIRECTION('center_axis',(0.,0.,-1.));
#9565=DIRECTION('ref_axis',(1.,0.,0.));
#9566=DIRECTION('',(-1.,0.,0.));
#9567=DIRECTION('center_axis',(0.,0.,-1.));
#9568=DIRECTION('ref_axis',(1.,0.,0.));
#9569=DIRECTION('',(-1.,0.,0.));
#9570=DIRECTION('center_axis',(0.,0.,-1.));
#9571=DIRECTION('ref_axis',(-1.,0.,0.));
#9572=DIRECTION('',(0.,1.,0.));
#9573=DIRECTION('center_axis',(0.,0.,-1.));
#9574=DIRECTION('ref_axis',(1.,0.,0.));
#9575=DIRECTION('',(0.,1.,0.));
#9576=DIRECTION('center_axis',(0.,0.,-1.));
#9577=DIRECTION('ref_axis',(1.,0.,0.));
#9578=DIRECTION('',(0.,1.,0.));
#9579=DIRECTION('center_axis',(0.,0.,-1.));
#9580=DIRECTION('ref_axis',(0.,1.,0.));
#9581=DIRECTION('',(1.,0.,0.));
#9582=DIRECTION('center_axis',(0.,0.,-1.));
#9583=DIRECTION('ref_axis',(1.,0.,0.));
#9584=DIRECTION('',(1.,0.,0.));
#9585=DIRECTION('center_axis',(0.,0.,-1.));
#9586=DIRECTION('ref_axis',(1.,0.,0.));
#9587=DIRECTION('',(1.,0.,0.));
#9588=DIRECTION('center_axis',(0.,0.,-1.));
#9589=DIRECTION('ref_axis',(1.,0.,0.));
#9590=DIRECTION('',(0.,-1.,0.));
#9591=DIRECTION('center_axis',(0.,0.,-1.));
#9592=DIRECTION('ref_axis',(1.,0.,0.));
#9593=DIRECTION('',(0.,-1.,0.));
#9594=DIRECTION('center_axis',(0.,0.,-1.));
#9595=DIRECTION('ref_axis',(1.,0.,0.));
#9596=DIRECTION('',(0.,-1.,0.));
#9597=DIRECTION('center_axis',(0.,0.,-1.));
#9598=DIRECTION('ref_axis',(0.,-1.,0.));
#9599=DIRECTION('',(-1.,0.,0.));
#9600=DIRECTION('center_axis',(0.,1.,0.));
#9601=DIRECTION('ref_axis',(1.,0.,0.));
#9602=DIRECTION('',(0.,0.,-1.));
#9603=DIRECTION('',(0.,0.,1.));
#9604=DIRECTION('center_axis',(1.,0.,0.));
#9605=DIRECTION('ref_axis',(0.,-1.,0.));
#9606=DIRECTION('',(0.,0.,1.));
#9607=DIRECTION('center_axis',(0.,-1.,0.));
#9608=DIRECTION('ref_axis',(-1.,0.,0.));
#9609=DIRECTION('',(0.,0.,-1.));
#9610=DIRECTION('center_axis',(0.,0.,-1.));
#9611=DIRECTION('ref_axis',(0.,1.,0.));
#9612=DIRECTION('',(0.,0.,-1.));
#9613=DIRECTION('center_axis',(1.,0.,0.));
#9614=DIRECTION('ref_axis',(0.,-1.,0.));
#9615=DIRECTION('',(0.,0.,1.));
#9616=DIRECTION('center_axis',(0.,-1.,0.));
#9617=DIRECTION('ref_axis',(-1.,0.,0.));
#9618=DIRECTION('',(0.,0.,1.));
#9619=DIRECTION('center_axis',(-1.,0.,0.));
#9620=DIRECTION('ref_axis',(0.,1.,0.));
#9621=DIRECTION('',(0.,0.,-1.));
#9622=DIRECTION('center_axis',(0.,0.,-1.));
#9623=DIRECTION('ref_axis',(1.,0.,0.));
#9624=DIRECTION('',(0.,0.,-1.));
#9625=DIRECTION('center_axis',(0.,-1.,0.));
#9626=DIRECTION('ref_axis',(-1.,0.,0.));
#9627=DIRECTION('',(0.,0.,-1.));
#9628=DIRECTION('center_axis',(0.,0.,-1.));
#9629=DIRECTION('ref_axis',(-1.,0.,0.));
#9630=DIRECTION('',(0.,0.,-1.));
#9631=DIRECTION('center_axis',(1.,0.,0.));
#9632=DIRECTION('ref_axis',(0.,-1.,0.));
#9633=DIRECTION('',(0.,0.,1.));
#9634=DIRECTION('center_axis',(0.,1.,0.));
#9635=DIRECTION('ref_axis',(1.,0.,0.));
#9636=DIRECTION('',(0.,0.,1.));
#9637=DIRECTION('center_axis',(-1.,0.,0.));
#9638=DIRECTION('ref_axis',(0.,1.,0.));
#9639=DIRECTION('',(0.,0.,-1.));
#9640=DIRECTION('center_axis',(0.,0.,-1.));
#9641=DIRECTION('ref_axis',(0.,-1.,0.));
#9642=DIRECTION('',(0.,0.,-1.));
#9643=DIRECTION('center_axis',(0.,1.,0.));
#9644=DIRECTION('ref_axis',(1.,0.,0.));
#9645=DIRECTION('',(0.,0.,1.));
#9646=DIRECTION('center_axis',(-1.,0.,0.));
#9647=DIRECTION('ref_axis',(0.,1.,0.));
#9648=DIRECTION('center_axis',(0.707106781186572,0.707106781186523,0.));
#9649=DIRECTION('ref_axis',(-0.707106781186523,0.707106781186572,0.));
#9650=DIRECTION('',(0.,0.,1.));
#9651=DIRECTION('',(-0.707106781186523,0.707106781186572,0.));
#9652=DIRECTION('',(0.,0.,1.));
#9653=DIRECTION('center_axis',(0.,0.,1.));
#9654=DIRECTION('ref_axis',(-0.00224011582685272,0.999997490937394,0.));
#9655=DIRECTION('center_axis',(0.,0.,1.));
#9656=DIRECTION('ref_axis',(-0.990802834096489,-0.135313502453988,0.));
#9657=DIRECTION('',(0.,0.,1.));
#9658=DIRECTION('center_axis',(-0.707465478505211,0.706747901817467,0.));
#9659=DIRECTION('ref_axis',(-0.706747901817467,-0.707465478505211,0.));
#9660=DIRECTION('',(-0.706747901817467,-0.707465478505211,0.));
#9661=DIRECTION('',(0.,0.,1.));
#9662=DIRECTION('center_axis',(0.,0.,1.));
#9663=DIRECTION('ref_axis',(-0.999999364293873,0.00112756900001588,0.));
#9664=DIRECTION('center_axis',(0.,0.,1.));
#9665=DIRECTION('ref_axis',(0.133242109760126,-0.991083518270116,0.));
#9666=DIRECTION('',(0.,0.,1.));
#9667=DIRECTION('center_axis',(-0.707106781186548,-0.707106781186548,0.));
#9668=DIRECTION('ref_axis',(0.707106781186548,-0.707106781186548,0.));
#9669=DIRECTION('',(0.707106781186548,-0.707106781186548,0.));
#9670=DIRECTION('',(0.,0.,1.));
#9671=DIRECTION('center_axis',(0.,0.,1.));
#9672=DIRECTION('ref_axis',(0.999998391777645,-0.00179344420692815,0.));
#9673=DIRECTION('',(0.,0.,1.));
#9674=DIRECTION('center_axis',(0.,0.,1.));
#9675=DIRECTION('ref_axis',(-0.130873129333399,0.991399124479381,0.));
#9676=DIRECTION('center_axis',(0.707106781186548,-0.707106781186548,0.));
#9677=DIRECTION('ref_axis',(0.707106781186548,0.707106781186548,0.));
#9678=DIRECTION('',(0.,0.,1.));
#9679=DIRECTION('',(0.707106781186547,0.707106781186547,0.));
#9680=DIRECTION('center_axis',(0.,0.,1.));
#9681=DIRECTION('ref_axis',(0.000598489248477298,-0.999999820905294,0.));
#9682=DIRECTION('center_axis',(0.,0.,1.));
#9683=DIRECTION('ref_axis',(0.990923320367224,0.134428319755909,0.));
#9684=DIRECTION('center_axis',(0.,0.,-1.));
#9685=DIRECTION('ref_axis',(1.,0.,0.));
#9686=DIRECTION('center_axis',(7.17974275560527E-16,-0.707106781186548,
-0.707106781186548));
#9687=DIRECTION('ref_axis',(-1.,0.,-1.0153689579327E-15));
#9688=DIRECTION('center_axis',(7.17974275560527E-16,-0.707106781186548,
-0.707106781186548));
#9689=DIRECTION('ref_axis',(9.02803163743169E-16,-0.707106781186548,0.707106781186547));
#9690=DIRECTION('',(1.,1.0153689579327E-15,0.));
#9691=DIRECTION('center_axis',(7.17974275560527E-16,-0.707106781186548,
-0.707106781186548));
#9692=DIRECTION('ref_axis',(9.02803163743169E-16,-0.707106781186548,0.707106781186547));
#9693=DIRECTION('',(-1.,-1.0153689579327E-15,0.));
#9694=DIRECTION('center_axis',(0.,0.,1.));
#9695=DIRECTION('ref_axis',(-1.,0.,0.));
#9696=DIRECTION('center_axis',(0.,0.,-1.));
#9697=DIRECTION('ref_axis',(0.836478332056485,-0.548000000000001,0.));
#9698=DIRECTION('center_axis',(0.,0.,1.));
#9699=DIRECTION('ref_axis',(-1.,0.,0.));
#9700=DIRECTION('center_axis',(0.707106781186541,0.,-0.707106781186554));
#9701=DIRECTION('ref_axis',(-0.707106781186554,0.,-0.707106781186541));
#9702=DIRECTION('center_axis',(0.707106781186541,0.,-0.707106781186554));
#9703=DIRECTION('ref_axis',(0.707106781186554,0.,0.707106781186541));
#9704=DIRECTION('',(0.,1.,0.));
#9705=DIRECTION('center_axis',(0.707106781186541,0.,-0.707106781186554));
#9706=DIRECTION('ref_axis',(0.707106781186554,0.,0.707106781186541));
#9707=DIRECTION('',(0.,-1.,0.));
#9708=DIRECTION('center_axis',(0.,0.,1.));
#9709=DIRECTION('ref_axis',(-1.,0.,0.));
#9710=DIRECTION('center_axis',(0.,0.,-1.));
#9711=DIRECTION('ref_axis',(0.547999999999999,0.836478332056486,0.));
#9712=DIRECTION('center_axis',(0.,0.,1.));
#9713=DIRECTION('ref_axis',(-1.,0.,0.));
#9714=DIRECTION('center_axis',(-0.707106781186548,0.,-0.707106781186548));
#9715=DIRECTION('ref_axis',(-0.707106781186548,0.,0.707106781186548));
#9716=DIRECTION('center_axis',(-0.707106781186548,0.,-0.707106781186548));
#9717=DIRECTION('ref_axis',(-0.707106781186547,-3.92523114670944E-17,0.707106781186547));
#9718=DIRECTION('',(0.,-1.,0.));
#9719=DIRECTION('center_axis',(-0.707106781186548,0.,-0.707106781186548));
#9720=DIRECTION('ref_axis',(-0.707106781186547,-3.92523114670944E-17,0.707106781186547));
#9721=DIRECTION('',(0.,1.,0.));
#9722=DIRECTION('center_axis',(0.,0.,1.));
#9723=DIRECTION('ref_axis',(-1.,0.,0.));
#9724=DIRECTION('center_axis',(0.,0.,-1.));
#9725=DIRECTION('ref_axis',(-0.548000000000006,-0.836478332056481,0.));
#9726=DIRECTION('center_axis',(0.,0.,1.));
#9727=DIRECTION('ref_axis',(-1.,0.,0.));
#9728=DIRECTION('center_axis',(0.,-0.707106781186541,-0.707106781186554));
#9729=DIRECTION('ref_axis',(-1.,0.,0.));
#9730=DIRECTION('center_axis',(0.,-0.707106781186541,-0.707106781186554));
#9731=DIRECTION('ref_axis',(0.,-0.707106781186554,0.707106781186541));
#9732=DIRECTION('',(1.,0.,0.));
#9733=DIRECTION('center_axis',(0.,-0.707106781186541,-0.707106781186554));
#9734=DIRECTION('ref_axis',(0.,-0.707106781186554,0.707106781186541));
#9735=DIRECTION('',(-1.,0.,0.));
#9736=DIRECTION('center_axis',(0.,0.,1.));
#9737=DIRECTION('ref_axis',(-1.,0.,0.));
#9738=DIRECTION('center_axis',(0.,0.,-1.));
#9739=DIRECTION('ref_axis',(0.836478332056483,-0.548000000000004,0.));
#9740=DIRECTION('center_axis',(0.,0.,1.));
#9741=DIRECTION('ref_axis',(-1.,0.,0.));
#9742=DIRECTION('center_axis',(0.,0.,-1.));
#9743=DIRECTION('ref_axis',(-1.,0.,0.));
#9744=DIRECTION('',(0.,0.,1.));
#9745=DIRECTION('center_axis',(0.,0.,-1.));
#9746=DIRECTION('ref_axis',(-1.,0.,0.));
#9747=DIRECTION('center_axis',(0.,0.,-1.));
#9748=DIRECTION('ref_axis',(-1.,-1.99840144432527E-15,0.));
#9749=DIRECTION('',(0.,0.,-1.));
#9750=DIRECTION('',(0.,0.,-1.));
#9751=DIRECTION('center_axis',(0.,0.,-1.));
#9752=DIRECTION('ref_axis',(-1.,0.,0.));
#9753=DIRECTION('',(0.,0.,1.));
#9754=DIRECTION('center_axis',(0.,0.,-1.));
#9755=DIRECTION('ref_axis',(-1.,0.,0.));
#9756=DIRECTION('center_axis',(0.,0.,-1.));
#9757=DIRECTION('ref_axis',(2.22044604925032E-16,1.,0.));
#9758=DIRECTION('',(0.,0.,-1.));
#9759=DIRECTION('',(0.,0.,-1.));
#9760=DIRECTION('center_axis',(0.,0.,1.));
#9761=DIRECTION('ref_axis',(-1.,0.,0.));
#9762=DIRECTION('center_axis',(0.,0.,-1.));
#9763=DIRECTION('ref_axis',(-1.,0.,0.));
#9764=DIRECTION('',(0.,0.,1.));
#9765=DIRECTION('center_axis',(0.,0.,-1.));
#9766=DIRECTION('ref_axis',(-1.,0.,0.));
#9767=DIRECTION('center_axis',(0.,0.,-1.));
#9768=DIRECTION('ref_axis',(1.,3.33066907387548E-16,0.));
#9769=DIRECTION('',(0.,0.,-1.));
#9770=DIRECTION('',(0.,0.,-1.));
#9771=DIRECTION('center_axis',(0.,0.,1.));
#9772=DIRECTION('ref_axis',(-1.,0.,0.));
#9773=DIRECTION('center_axis',(0.,0.,-1.));
#9774=DIRECTION('ref_axis',(-1.,0.,0.));
#9775=DIRECTION('',(0.,0.,1.));
#9776=DIRECTION('center_axis',(0.,0.,-1.));
#9777=DIRECTION('ref_axis',(-1.,0.,0.));
#9778=DIRECTION('center_axis',(0.,0.,-1.));
#9779=DIRECTION('ref_axis',(-5.55111512312577E-17,1.,0.));
#9780=DIRECTION('',(0.,0.,-1.));
#9781=DIRECTION('',(0.,0.,-1.));
#9782=DIRECTION('center_axis',(0.,0.,1.));
#9783=DIRECTION('ref_axis',(-1.,0.,0.));
#9784=DIRECTION('center_axis',(0.,0.,-1.));
#9785=DIRECTION('ref_axis',(-1.,0.,0.));
#9786=DIRECTION('',(0.,0.,-1.));
#9787=DIRECTION('center_axis',(0.,0.,1.));
#9788=DIRECTION('ref_axis',(-1.,0.,0.));
#9789=DIRECTION('center_axis',(0.,0.,-1.));
#9790=DIRECTION('ref_axis',(-1.,0.,0.));
#9791=DIRECTION('',(0.,0.,-1.));
#9792=DIRECTION('center_axis',(0.,0.,1.));
#9793=DIRECTION('ref_axis',(-1.,0.,0.));
#9794=DIRECTION('center_axis',(-1.,0.,0.));
#9795=DIRECTION('ref_axis',(0.,1.,0.));
#9796=DIRECTION('',(0.,-1.,0.));
#9797=DIRECTION('',(0.,0.,-1.));
#9798=DIRECTION('',(0.,0.,-1.));
#9799=DIRECTION('center_axis',(9.428645644375E-16,-1.,0.));
#9800=DIRECTION('ref_axis',(-1.,-9.428645644375E-16,0.));
#9801=DIRECTION('',(1.,9.428645644375E-16,0.));
#9802=DIRECTION('',(0.,0.,-1.));
#9803=DIRECTION('center_axis',(1.,0.,0.));
#9804=DIRECTION('ref_axis',(0.,-1.,0.));
#9805=DIRECTION('',(0.,1.,0.));
#9806=DIRECTION('',(0.,0.,-1.));
#9807=DIRECTION('center_axis',(0.,1.,0.));
#9808=DIRECTION('ref_axis',(1.,0.,0.));
#9809=DIRECTION('',(-1.,0.,0.));
#9810=DIRECTION('center_axis',(0.,0.,1.));
#9811=DIRECTION('ref_axis',(-1.,0.,0.));
#9812=DIRECTION('center_axis',(-1.,0.,0.));
#9813=DIRECTION('ref_axis',(0.,1.,0.));
#9814=DIRECTION('',(0.,0.,-1.));
#9815=DIRECTION('',(0.,-1.,0.));
#9816=DIRECTION('',(0.,0.,-1.));
#9817=DIRECTION('center_axis',(0.,-1.,0.));
#9818=DIRECTION('ref_axis',(-1.,0.,0.));
#9819=DIRECTION('',(1.,0.,0.));
#9820=DIRECTION('',(0.,0.,-1.));
#9821=DIRECTION('center_axis',(1.,0.,0.));
#9822=DIRECTION('ref_axis',(0.,-1.,0.));
#9823=DIRECTION('',(0.,1.,0.));
#9824=DIRECTION('',(0.,0.,-1.));
#9825=DIRECTION('center_axis',(-1.0153689579327E-15,1.,0.));
#9826=DIRECTION('ref_axis',(1.,1.0153689579327E-15,0.));
#9827=DIRECTION('',(-1.,-1.0153689579327E-15,0.));
#9828=DIRECTION('center_axis',(0.,0.,1.));
#9829=DIRECTION('ref_axis',(-1.,0.,0.));
#9830=DIRECTION('center_axis',(-1.,0.,0.));
#9831=DIRECTION('ref_axis',(0.,1.,0.));
#9832=DIRECTION('',(0.,-1.,0.));
#9833=DIRECTION('',(0.,0.,-1.));
#9834=DIRECTION('',(0.,1.,0.));
#9835=DIRECTION('',(0.,0.,-1.));
#9836=DIRECTION('center_axis',(0.,-1.,0.));
#9837=DIRECTION('ref_axis',(-1.,0.,0.));
#9838=DIRECTION('',(1.,0.,0.));
#9839=DIRECTION('',(-1.,0.,0.));
#9840=DIRECTION('',(0.,0.,-1.));
#9841=DIRECTION('center_axis',(1.,0.,0.));
#9842=DIRECTION('ref_axis',(0.,-1.,0.));
#9843=DIRECTION('',(0.,1.,0.));
#9844=DIRECTION('',(0.,-1.,0.));
#9845=DIRECTION('',(0.,0.,-1.));
#9846=DIRECTION('center_axis',(0.,1.,0.));
#9847=DIRECTION('ref_axis',(1.,0.,0.));
#9848=DIRECTION('',(-1.,0.,0.));
#9849=DIRECTION('',(1.,0.,0.));
#9850=DIRECTION('center_axis',(0.,0.,-1.));
#9851=DIRECTION('ref_axis',(-1.,0.,0.));
#9852=DIRECTION('center_axis',(-0.707106781186548,0.707106781186548,0.));
#9853=DIRECTION('ref_axis',(-0.707106781186548,-0.707106781186548,0.));
#9854=DIRECTION('',(0.707106781186548,0.707106781186548,0.));
#9855=DIRECTION('',(0.,0.,1.));
#9856=DIRECTION('',(-0.707106781186548,-0.707106781186548,0.));
#9857=DIRECTION('',(0.,0.,1.));
#9858=DIRECTION('center_axis',(0.,0.,1.));
#9859=DIRECTION('ref_axis',(0.894998817124792,0.446068511940961,0.));
#9860=DIRECTION('center_axis',(0.,0.,1.));
#9861=DIRECTION('ref_axis',(0.894998817124792,0.446068511940961,0.));
#9862=DIRECTION('center_axis',(0.,0.,1.));
#9863=DIRECTION('ref_axis',(0.894998817124792,0.446068511940961,0.));
#9864=DIRECTION('',(0.,0.,1.));
#9865=DIRECTION('center_axis',(0.,0.,1.));
#9866=DIRECTION('ref_axis',(0.999224627575045,-0.0393718636530349,0.));
#9867=DIRECTION('center_axis',(0.,0.,1.));
#9868=DIRECTION('ref_axis',(0.999224627575045,-0.0393718636530349,0.));
#9869=DIRECTION('center_axis',(0.,0.,1.));
#9870=DIRECTION('ref_axis',(0.999224627575045,-0.0393718636530349,0.));
#9871=DIRECTION('',(0.,0.,1.));
#9872=DIRECTION('center_axis',(0.,0.,1.));
#9873=DIRECTION('ref_axis',(-0.999224627575044,0.0393718636530417,0.));
#9874=DIRECTION('center_axis',(0.,0.,1.));
#9875=DIRECTION('ref_axis',(-0.999224627575044,0.0393718636530417,0.));
#9876=DIRECTION('center_axis',(0.,0.,-1.));
#9877=DIRECTION('ref_axis',(-0.999224627575044,0.0393718636530417,0.));
#9878=DIRECTION('',(0.,0.,1.));
#9879=DIRECTION('center_axis',(0.,0.,1.));
#9880=DIRECTION('ref_axis',(0.894900493593704,-0.446265735370469,0.));
#9881=DIRECTION('center_axis',(0.,0.,1.));
#9882=DIRECTION('ref_axis',(0.894900493593704,-0.446265735370469,0.));
#9883=DIRECTION('center_axis',(0.,0.,1.));
#9884=DIRECTION('ref_axis',(0.894900493593704,-0.446265735370469,0.));
#9885=DIRECTION('',(0.,0.,1.));
#9886=DIRECTION('center_axis',(0.,0.,1.));
#9887=DIRECTION('ref_axis',(-0.707106781186547,-0.707106781186547,0.));
#9888=DIRECTION('center_axis',(0.,0.,1.));
#9889=DIRECTION('ref_axis',(-0.707106781186547,-0.707106781186547,0.));
#9890=DIRECTION('center_axis',(0.,0.,1.));
#9891=DIRECTION('ref_axis',(-0.707106781186547,-0.707106781186547,0.));
#9892=DIRECTION('',(0.,0.,1.));
#9893=DIRECTION('center_axis',(-0.707106781186548,-0.707106781186548,0.));
#9894=DIRECTION('ref_axis',(0.707106781186548,-0.707106781186548,0.));
#9895=DIRECTION('',(0.707106781186547,-0.707106781186547,0.));
#9896=DIRECTION('',(0.707106781186548,-0.707106781186548,0.));
#9897=DIRECTION('',(0.,0.,1.));
#9898=DIRECTION('center_axis',(0.,0.,1.));
#9899=DIRECTION('ref_axis',(-0.90077563370602,0.43428476570278,0.));
#9900=DIRECTION('center_axis',(0.,0.,1.));
#9901=DIRECTION('ref_axis',(-0.90077563370602,0.43428476570278,0.));
#9902=DIRECTION('center_axis',(0.,0.,1.));
#9903=DIRECTION('ref_axis',(-0.90077563370602,0.43428476570278,0.));
#9904=DIRECTION('',(0.,0.,1.));
#9905=DIRECTION('center_axis',(0.,0.,1.));
#9906=DIRECTION('ref_axis',(-0.708229295991214,0.70598248158137,0.));
#9907=DIRECTION('center_axis',(0.,0.,1.));
#9908=DIRECTION('ref_axis',(0.900775633706027,-0.434284765702766,0.));
#9909=DIRECTION('center_axis',(0.,0.,-1.));
#9910=DIRECTION('ref_axis',(0.900775633706027,-0.434284765702766,0.));
#9911=DIRECTION('',(0.,0.,1.));
#9912=DIRECTION('center_axis',(0.,0.,1.));
#9913=DIRECTION('ref_axis',(0.70710678118657,0.707106781186525,0.));
#9914=DIRECTION('center_axis',(0.,0.,1.));
#9915=DIRECTION('ref_axis',(0.70710678118657,0.707106781186525,0.));
#9916=DIRECTION('center_axis',(0.,0.,1.));
#9917=DIRECTION('ref_axis',(0.70710678118657,0.707106781186525,0.));
#9918=DIRECTION('',(0.,0.,1.));
#9919=DIRECTION('center_axis',(0.707106781186548,0.707106781186548,0.));
#9920=DIRECTION('ref_axis',(-0.707106781186548,0.707106781186548,0.));
#9921=DIRECTION('',(0.707106781186548,-0.707106781186548,0.));
#9922=DIRECTION('',(-0.707106781186548,0.707106781186548,0.));
#9923=DIRECTION('',(0.,0.,1.));
#9924=DIRECTION('center_axis',(0.,0.,1.));
#9925=DIRECTION('ref_axis',(0.448986024348539,-0.893538779203059,0.));
#9926=DIRECTION('center_axis',(0.,0.,1.));
#9927=DIRECTION('ref_axis',(0.448986024348539,-0.893538779203059,0.));
#9928=DIRECTION('center_axis',(0.,0.,1.));
#9929=DIRECTION('ref_axis',(0.448986024348539,-0.893538779203059,0.));
#9930=DIRECTION('',(0.,0.,1.));
#9931=DIRECTION('center_axis',(0.,0.,1.));
#9932=DIRECTION('ref_axis',(-0.0393718636530283,-0.999224627575045,0.));
#9933=DIRECTION('center_axis',(0.,0.,1.));
#9934=DIRECTION('ref_axis',(-0.0393718636530283,-0.999224627575045,0.));
#9935=DIRECTION('center_axis',(0.,0.,1.));
#9936=DIRECTION('ref_axis',(-0.0393718636530283,-0.999224627575045,0.));
#9937=DIRECTION('',(0.,0.,1.));
#9938=DIRECTION('center_axis',(0.,0.,1.));
#9939=DIRECTION('ref_axis',(0.0393718636530299,0.999224627575045,0.));
#9940=DIRECTION('center_axis',(0.,0.,1.));
#9941=DIRECTION('ref_axis',(0.0393718636530299,0.999224627575045,0.));
#9942=DIRECTION('center_axis',(0.,0.,-1.));
#9943=DIRECTION('ref_axis',(0.0393718636530299,0.999224627575045,0.));
#9944=DIRECTION('',(0.,0.,1.));
#9945=DIRECTION('center_axis',(0.,0.,1.));
#9946=DIRECTION('ref_axis',(-0.449468946103254,-0.893295956830003,0.));
#9947=DIRECTION('center_axis',(0.,0.,1.));
#9948=DIRECTION('ref_axis',(-0.449468946103254,-0.893295956830003,0.));
#9949=DIRECTION('center_axis',(0.,0.,1.));
#9950=DIRECTION('ref_axis',(-0.449468946103254,-0.893295956830003,0.));
#9951=DIRECTION('',(0.,0.,1.));
#9952=DIRECTION('center_axis',(0.,0.,1.));
#9953=DIRECTION('ref_axis',(-0.707106781186547,0.707106781186547,0.));
#9954=DIRECTION('center_axis',(0.,0.,1.));
#9955=DIRECTION('ref_axis',(-0.707106781186547,0.707106781186547,0.));
#9956=DIRECTION('center_axis',(0.,0.,1.));
#9957=DIRECTION('ref_axis',(-0.707106781186547,0.707106781186547,0.));
#9958=DIRECTION('',(0.,0.,1.));
#9959=DIRECTION('center_axis',(-0.707106781186505,0.70710678118659,0.));
#9960=DIRECTION('ref_axis',(-0.70710678118659,-0.707106781186505,0.));
#9961=DIRECTION('',(-0.70710678118659,-0.707106781186505,0.));
#9962=DIRECTION('',(-0.70710678118659,-0.707106781186505,0.));
#9963=DIRECTION('',(0.,0.,1.));
#9964=DIRECTION('center_axis',(0.,0.,1.));
#9965=DIRECTION('ref_axis',(0.437652453506292,0.899144220878899,0.));
#9966=DIRECTION('center_axis',(0.,0.,1.));
#9967=DIRECTION('ref_axis',(0.437652453506292,0.899144220878899,0.));
#9968=DIRECTION('center_axis',(0.,0.,1.));
#9969=DIRECTION('ref_axis',(0.437652453506292,0.899144220878899,0.));
#9970=DIRECTION('',(0.,0.,1.));
#9971=DIRECTION('center_axis',(0.,0.,1.));
#9972=DIRECTION('ref_axis',(0.708628012454723,0.705582270160233,0.));
#9973=DIRECTION('center_axis',(0.,0.,1.));
#9974=DIRECTION('ref_axis',(-0.437652453506302,-0.899144220878895,0.));
#9975=DIRECTION('center_axis',(0.,0.,-1.));
#9976=DIRECTION('ref_axis',(-0.437652453506302,-0.899144220878895,0.));
#9977=DIRECTION('',(0.,0.,1.));
#9978=DIRECTION('center_axis',(0.,0.,1.));
#9979=DIRECTION('ref_axis',(0.707106781186536,-0.707106781186559,0.));
#9980=DIRECTION('center_axis',(0.,0.,1.));
#9981=DIRECTION('ref_axis',(0.707106781186536,-0.707106781186559,0.));
#9982=DIRECTION('center_axis',(0.,0.,1.));
#9983=DIRECTION('ref_axis',(0.707106781186536,-0.707106781186559,0.));
#9984=DIRECTION('',(0.,0.,1.));
#9985=DIRECTION('center_axis',(0.707106781186526,-0.707106781186569,0.));
#9986=DIRECTION('ref_axis',(0.707106781186569,0.707106781186526,0.));
#9987=DIRECTION('',(-0.707106781186569,-0.707106781186526,0.));
#9988=DIRECTION('',(0.707106781186569,0.707106781186526,0.));
#9989=DIRECTION('',(0.,0.,1.));
#9990=DIRECTION('center_axis',(0.,0.,1.));
#9991=DIRECTION('ref_axis',(-0.895141871800942,-0.445781369449988,0.));
#9992=DIRECTION('center_axis',(0.,0.,1.));
#9993=DIRECTION('ref_axis',(-0.895141871800942,-0.445781369449988,0.));
#9994=DIRECTION('center_axis',(0.,0.,1.));
#9995=DIRECTION('ref_axis',(-0.895141871800942,-0.445781369449988,0.));
#9996=DIRECTION('',(0.,0.,1.));
#9997=DIRECTION('center_axis',(0.,0.,1.));
#9998=DIRECTION('ref_axis',(-0.999224627575044,0.039371863653042,0.));
#9999=DIRECTION('center_axis',(0.,0.,1.));
#10000=DIRECTION('ref_axis',(-0.999224627575044,0.039371863653042,0.));
#10001=DIRECTION('center_axis',(0.,0.,1.));
#10002=DIRECTION('ref_axis',(-0.999224627575044,0.039371863653042,0.));
#10003=DIRECTION('',(0.,0.,1.));
#10004=DIRECTION('center_axis',(0.,0.,1.));
#10005=DIRECTION('ref_axis',(0.999224627575044,-0.0393718636530413,0.));
#10006=DIRECTION('center_axis',(0.,0.,1.));
#10007=DIRECTION('ref_axis',(0.999224627575044,-0.0393718636530413,0.));
#10008=DIRECTION('center_axis',(0.,0.,-1.));
#10009=DIRECTION('ref_axis',(0.999224627575044,-0.0393718636530413,0.));
#10010=DIRECTION('',(0.,0.,1.));
#10011=DIRECTION('center_axis',(0.,0.,1.));
#10012=DIRECTION('ref_axis',(-0.893384676771692,0.449292576512833,0.));
#10013=DIRECTION('center_axis',(0.,0.,1.));
#10014=DIRECTION('ref_axis',(-0.893384676771692,0.449292576512833,0.));
#10015=DIRECTION('center_axis',(0.,0.,1.));
#10016=DIRECTION('ref_axis',(-0.893384676771692,0.449292576512833,0.));
#10017=DIRECTION('',(0.,0.,1.));
#10018=DIRECTION('center_axis',(0.,0.,1.));
#10019=DIRECTION('ref_axis',(0.707106781186536,0.707106781186559,0.));
#10020=DIRECTION('center_axis',(0.,0.,1.));
#10021=DIRECTION('ref_axis',(0.707106781186536,0.707106781186559,0.));
#10022=DIRECTION('center_axis',(0.,0.,1.));
#10023=DIRECTION('ref_axis',(0.707106781186536,0.707106781186559,0.));
#10024=DIRECTION('',(0.,0.,1.));
#10025=DIRECTION('center_axis',(0.707106781186569,0.707106781186526,0.));
#10026=DIRECTION('ref_axis',(-0.707106781186526,0.707106781186569,0.));
#10027=DIRECTION('',(-0.707106781186526,0.707106781186569,0.));
#10028=DIRECTION('',(-0.707106781186526,0.707106781186569,0.));
#10029=DIRECTION('',(0.,0.,1.));
#10030=DIRECTION('center_axis',(0.,0.,1.));
#10031=DIRECTION('ref_axis',(0.899234446582008,-0.437467038850186,0.));
#10032=DIRECTION('center_axis',(0.,0.,1.));
#10033=DIRECTION('ref_axis',(0.899234446582008,-0.437467038850186,0.));
#10034=DIRECTION('center_axis',(0.,0.,1.));
#10035=DIRECTION('ref_axis',(0.899234446582008,-0.437467038850186,0.));
#10036=DIRECTION('',(0.,0.,1.));
#10037=DIRECTION('center_axis',(0.,0.,1.));
#10038=DIRECTION('ref_axis',(0.705728479896015,-0.70848240109664,0.));
#10039=DIRECTION('center_axis',(0.,0.,1.));
#10040=DIRECTION('ref_axis',(-0.899234446582014,0.437467038850173,0.));
#10041=DIRECTION('center_axis',(0.,0.,-1.));
#10042=DIRECTION('ref_axis',(-0.899234446582014,0.437467038850173,0.));
#10043=DIRECTION('',(0.,0.,1.));
#10044=DIRECTION('center_axis',(0.,0.,1.));
#10045=DIRECTION('ref_axis',(-0.707106781186559,-0.707106781186536,0.));
#10046=DIRECTION('center_axis',(0.,0.,1.));
#10047=DIRECTION('ref_axis',(-0.707106781186559,-0.707106781186536,0.));
#10048=DIRECTION('center_axis',(0.,0.,1.));
#10049=DIRECTION('ref_axis',(-0.707106781186559,-0.707106781186536,0.));
#10050=DIRECTION('',(0.,0.,1.));
#10051=DIRECTION('center_axis',(-0.707106781186548,-0.707106781186548,0.));
#10052=DIRECTION('ref_axis',(0.707106781186548,-0.707106781186548,0.));
#10053=DIRECTION('',(-0.707106781186547,0.707106781186547,0.));
#10054=DIRECTION('',(0.707106781186548,-0.707106781186548,0.));
#10055=DIRECTION('',(0.,0.,1.));
#10056=DIRECTION('center_axis',(0.,0.,1.));
#10057=DIRECTION('ref_axis',(-0.445958317087926,0.895053729906817,0.));
#10058=DIRECTION('center_axis',(0.,0.,1.));
#10059=DIRECTION('ref_axis',(-0.445958317087926,0.895053729906817,0.));
#10060=DIRECTION('center_axis',(0.,0.,1.));
#10061=DIRECTION('ref_axis',(-0.445958317087926,0.895053729906817,0.));
#10062=DIRECTION('',(0.,0.,1.));
#10063=DIRECTION('center_axis',(0.,0.,1.));
#10064=DIRECTION('ref_axis',(0.0393718636529985,0.999224627575046,0.));
#10065=DIRECTION('center_axis',(0.,0.,1.));
#10066=DIRECTION('ref_axis',(0.0393718636529985,0.999224627575046,0.));
#10067=DIRECTION('center_axis',(0.,0.,1.));
#10068=DIRECTION('ref_axis',(0.0393718636529985,0.999224627575046,0.));
#10069=DIRECTION('',(0.,0.,1.));
#10070=DIRECTION('center_axis',(0.,0.,1.));
#10071=DIRECTION('ref_axis',(-0.0393718636529732,-0.999224627575047,0.));
#10072=DIRECTION('center_axis',(0.,0.,1.));
#10073=DIRECTION('ref_axis',(-0.0393718636529732,-0.999224627575047,0.));
#10074=DIRECTION('center_axis',(0.,0.,-1.));
#10075=DIRECTION('ref_axis',(-0.0393718636529732,-0.999224627575047,0.));
#10076=DIRECTION('',(0.,0.,1.));
#10077=DIRECTION('center_axis',(0.,0.,1.));
#10078=DIRECTION('ref_axis',(0.4491827122906,0.893439920184486,0.));
#10079=DIRECTION('center_axis',(0.,0.,1.));
#10080=DIRECTION('ref_axis',(0.4491827122906,0.893439920184486,0.));
#10081=DIRECTION('center_axis',(0.,0.,1.));
#10082=DIRECTION('ref_axis',(0.4491827122906,0.893439920184486,0.));
#10083=DIRECTION('',(0.,0.,1.));
#10084=DIRECTION('center_axis',(0.,0.,1.));
#10085=DIRECTION('ref_axis',(0.707106781186559,-0.707106781186536,0.));
#10086=DIRECTION('center_axis',(0.,0.,1.));
#10087=DIRECTION('ref_axis',(0.707106781186559,-0.707106781186536,0.));
#10088=DIRECTION('center_axis',(0.,0.,1.));
#10089=DIRECTION('ref_axis',(0.707106781186559,-0.707106781186536,0.));
#10090=DIRECTION('',(0.,0.,1.));
#10091=DIRECTION('center_axis',(0.707106781186569,-0.707106781186526,0.));
#10092=DIRECTION('ref_axis',(0.707106781186526,0.707106781186569,0.));
#10093=DIRECTION('',(0.707106781186526,0.707106781186569,0.));
#10094=DIRECTION('',(0.707106781186526,0.707106781186569,0.));
#10095=DIRECTION('',(0.,0.,1.));
#10096=DIRECTION('center_axis',(0.,0.,1.));
#10097=DIRECTION('ref_axis',(-0.437351539619272,-0.899290626434332,0.));
#10098=DIRECTION('center_axis',(0.,0.,1.));
#10099=DIRECTION('ref_axis',(-0.437351539619272,-0.899290626434332,0.));
#10100=DIRECTION('center_axis',(0.,0.,1.));
#10101=DIRECTION('ref_axis',(-0.437351539619272,-0.899290626434332,0.));
#10102=DIRECTION('',(0.,0.,1.));
#10103=DIRECTION('center_axis',(0.,0.,1.));
#10104=DIRECTION('ref_axis',(-0.708391693713394,-0.705819529538443,0.));
#10105=DIRECTION('center_axis',(0.,0.,1.));
#10106=DIRECTION('ref_axis',(0.437351539619286,0.899290626434325,0.));
#10107=DIRECTION('center_axis',(0.,0.,-1.));
#10108=DIRECTION('ref_axis',(0.437351539619286,0.899290626434325,0.));
#10109=DIRECTION('',(0.,0.,1.));
#10110=DIRECTION('center_axis',(0.,0.,1.));
#10111=DIRECTION('ref_axis',(-0.707106781186592,0.707106781186503,0.));
#10112=DIRECTION('center_axis',(0.,0.,1.));
#10113=DIRECTION('ref_axis',(-0.707106781186592,0.707106781186503,0.));
#10114=DIRECTION('center_axis',(0.,0.,1.));
#10115=DIRECTION('ref_axis',(-0.707106781186592,0.707106781186503,0.));
#10116=DIRECTION('center_axis',(0.,0.,1.));
#10117=DIRECTION('ref_axis',(-1.,0.,0.));
#10118=DIRECTION('center_axis',(0.,0.,1.));
#10119=DIRECTION('ref_axis',(-0.999912273107008,0.0132456064404602,0.));
#10120=DIRECTION('',(0.,0.,1.));
#10121=DIRECTION('center_axis',(0.,0.,-1.));
#10122=DIRECTION('ref_axis',(-0.999912273107008,0.0132456064404602,0.));
#10123=DIRECTION('',(0.,0.,1.));
#10124=DIRECTION('center_axis',(0.,0.,1.));
#10125=DIRECTION('ref_axis',(0.013245606440345,0.99991227310701,0.));
#10126=DIRECTION('center_axis',(0.,0.,1.));
#10127=DIRECTION('ref_axis',(0.013245606440345,0.99991227310701,0.));
#10128=DIRECTION('',(0.,0.,1.));
#10129=DIRECTION('center_axis',(0.,0.,1.));
#10130=DIRECTION('ref_axis',(-0.01324560644039,-0.999912273107009,0.));
#10131=DIRECTION('center_axis',(0.,0.,-1.));
#10132=DIRECTION('ref_axis',(-0.01324560644039,-0.999912273107009,0.));
#10133=DIRECTION('',(0.,0.,1.));
#10134=DIRECTION('center_axis',(0.,0.,1.));
#10135=DIRECTION('ref_axis',(-0.99991227310701,0.0132456064403299,0.));
#10136=DIRECTION('center_axis',(0.,0.,1.));
#10137=DIRECTION('ref_axis',(-0.99991227310701,0.0132456064403299,0.));
#10138=DIRECTION('',(0.,0.,1.));
#10139=DIRECTION('center_axis',(0.,0.,1.));
#10140=DIRECTION('ref_axis',(0.99991227310701,-0.0132456064403287,0.));
#10141=DIRECTION('center_axis',(0.,0.,-1.));
#10142=DIRECTION('ref_axis',(0.99991227310701,-0.0132456064403287,0.));
#10143=DIRECTION('',(0.,0.,1.));
#10144=DIRECTION('center_axis',(0.,0.,1.));
#10145=DIRECTION('ref_axis',(0.99991227310701,-0.0132456064403421,0.));
#10146=DIRECTION('',(0.,0.,1.));
#10147=DIRECTION('center_axis',(0.,0.,1.));
#10148=DIRECTION('ref_axis',(0.99991227310701,-0.0132456064403421,0.));
#10149=DIRECTION('center_axis',(0.,0.,1.));
#10150=DIRECTION('ref_axis',(0.0132456064404245,0.999912273107009,0.));
#10151=DIRECTION('',(0.,0.,1.));
#10152=DIRECTION('center_axis',(0.,0.,-1.));
#10153=DIRECTION('ref_axis',(0.0132456064404245,0.999912273107009,0.));
#10154=DIRECTION('center_axis',(0.,0.,1.));
#10155=DIRECTION('ref_axis',(-0.0132456064403643,-0.99991227310701,0.));
#10156=DIRECTION('center_axis',(0.,0.,1.));
#10157=DIRECTION('ref_axis',(-0.0132456064403643,-0.99991227310701,0.));
#10158=DIRECTION('center_axis',(0.,0.,-1.));
#10159=DIRECTION('ref_axis',(1.,0.,0.));
#10160=DIRECTION('center_axis',(0.,0.,-1.));
#10161=DIRECTION('ref_axis',(-1.,0.,0.));
#10162=DIRECTION('center_axis',(0.,0.,-1.));
#10163=DIRECTION('ref_axis',(-1.,0.,0.));
#10164=DIRECTION('center_axis',(0.,0.,-1.));
#10165=DIRECTION('ref_axis',(-1.,0.,0.));
#10166=DIRECTION('center_axis',(0.,0.,-1.));
#10167=DIRECTION('ref_axis',(-1.,0.,0.));
#10168=DIRECTION('center_axis',(0.,0.,1.));
#10169=DIRECTION('ref_axis',(-1.,0.,0.));
#10170=DIRECTION('',(0.,0.,1.));
#10171=DIRECTION('center_axis',(0.,0.,1.));
#10172=DIRECTION('ref_axis',(-1.,0.,0.));
#10173=DIRECTION('',(0.,0.,1.));
#10174=DIRECTION('center_axis',(0.,0.,1.));
#10175=DIRECTION('ref_axis',(-1.,0.,0.));
#10176=DIRECTION('',(0.,0.,1.));
#10177=DIRECTION('center_axis',(0.,0.,1.));
#10178=DIRECTION('ref_axis',(-1.,0.,0.));
#10179=DIRECTION('',(0.,0.,1.));
#10180=DIRECTION('center_axis',(0.,0.,-1.));
#10181=DIRECTION('ref_axis',(-1.,3.466062125659E-15,0.));
#10182=DIRECTION('center_axis',(0.,0.,-1.));
#10183=DIRECTION('ref_axis',(4.4408920985006E-15,1.,0.));
#10184=DIRECTION('center_axis',(0.,1.,0.));
#10185=DIRECTION('ref_axis',(1.,0.,0.));
#10186=DIRECTION('',(0.,0.,-1.));
#10187=DIRECTION('center_axis',(0.,0.,-1.));
#10188=DIRECTION('ref_axis',(-1.73303106282951E-15,-1.,0.));
#10189=DIRECTION('center_axis',(-0.500000000000003,-0.866025403784437,0.));
#10190=DIRECTION('ref_axis',(-0.866025403784437,0.500000000000003,0.));
#10191=DIRECTION('',(0.,0.,1.));
#10192=DIRECTION('center_axis',(0.,0.,-1.));
#10193=DIRECTION('ref_axis',(0.500000000000003,0.866025403784437,0.));
#10194=DIRECTION('',(0.,0.,1.));
#10195=DIRECTION('center_axis',(-0.866025403784436,0.500000000000004,0.));
#10196=DIRECTION('ref_axis',(0.500000000000004,0.866025403784436,0.));
#10197=DIRECTION('',(0.,0.,-1.));
#10198=DIRECTION('center_axis',(0.,0.,-1.));
#10199=DIRECTION('ref_axis',(-0.866025403784441,0.499999999999996,0.));
#10200=DIRECTION('center_axis',(0.500000000000004,0.866025403784436,0.));
#10201=DIRECTION('ref_axis',(0.866025403784436,-0.500000000000004,0.));
#10202=DIRECTION('',(0.,0.,1.));
#10203=DIRECTION('center_axis',(0.,0.,-1.));
#10204=DIRECTION('ref_axis',(-0.5,-0.866025403784439,0.));
#10205=DIRECTION('',(0.,0.,1.));
#10206=DIRECTION('center_axis',(0.866025403784425,-0.500000000000023,0.));
#10207=DIRECTION('ref_axis',(-0.500000000000023,-0.866025403784425,0.));
#10208=DIRECTION('',(0.,0.,-1.));
#10209=DIRECTION('center_axis',(0.,0.,-1.));
#10210=DIRECTION('ref_axis',(0.866025403784423,-0.500000000000026,0.));
#10211=DIRECTION('center_axis',(0.,0.,-1.));
#10212=DIRECTION('ref_axis',(0.866025403784454,0.499999999999974,0.));
#10213=DIRECTION('',(0.,0.,1.));
#10214=DIRECTION('center_axis',(0.500000000000001,-0.866025403784438,0.));
#10215=DIRECTION('ref_axis',(-0.866025403784438,-0.500000000000001,0.));
#10216=DIRECTION('',(0.,0.,1.));
#10217=DIRECTION('center_axis',(0.,0.,-1.));
#10218=DIRECTION('ref_axis',(0.500000000000044,-0.866025403784414,0.));
#10219=DIRECTION('',(0.,0.,-1.));
#10220=DIRECTION('center_axis',(0.866025403784445,0.499999999999988,0.));
#10221=DIRECTION('ref_axis',(0.499999999999988,-0.866025403784445,0.));
#10222=DIRECTION('center_axis',(0.,0.,-1.));
#10223=DIRECTION('ref_axis',(0.500000000000005,-0.866025403784436,0.));
#10224=DIRECTION('',(0.,0.,1.));
#10225=DIRECTION('center_axis',(-0.86602540378445,-0.499999999999981,0.));
#10226=DIRECTION('ref_axis',(-0.499999999999981,0.86602540378445,0.));
#10227=DIRECTION('',(0.,0.,1.));
#10228=DIRECTION('center_axis',(0.,0.,-1.));
#10229=DIRECTION('ref_axis',(-0.866025403784454,-0.499999999999974,0.));
#10230=DIRECTION('',(0.,0.,-1.));
#10231=DIRECTION('center_axis',(0.500000000000001,-0.866025403784438,0.));
#10232=DIRECTION('ref_axis',(-0.866025403784438,-0.500000000000001,0.));
#10233=DIRECTION('center_axis',(0.,0.,-1.));
#10234=DIRECTION('ref_axis',(0.866025403784454,0.499999999999974,0.));
#10235=DIRECTION('',(0.,0.,1.));
#10236=DIRECTION('center_axis',(0.500000000000001,-0.866025403784438,0.));
#10237=DIRECTION('ref_axis',(-0.866025403784438,-0.500000000000001,0.));
#10238=DIRECTION('',(0.,0.,1.));
#10239=DIRECTION('center_axis',(0.,0.,-1.));
#10240=DIRECTION('ref_axis',(0.500000000000044,-0.866025403784414,0.));
#10241=DIRECTION('',(0.,0.,-1.));
#10242=DIRECTION('center_axis',(0.866025403784445,0.499999999999988,0.));
#10243=DIRECTION('ref_axis',(0.499999999999988,-0.866025403784445,0.));
#10244=DIRECTION('center_axis',(-0.866025403784445,-0.499999999999988,0.));
#10245=DIRECTION('ref_axis',(-0.499999999999988,0.866025403784445,0.));
#10246=DIRECTION('',(0.,0.,1.));
#10247=DIRECTION('center_axis',(0.,0.,-1.));
#10248=DIRECTION('ref_axis',(0.866025403784438,0.500000000000002,0.));
#10249=DIRECTION('',(0.,0.,1.));
#10250=DIRECTION('center_axis',(-0.500000000000001,0.866025403784438,0.));
#10251=DIRECTION('ref_axis',(0.866025403784438,0.500000000000001,0.));
#10252=DIRECTION('',(0.,0.,-1.));
#10253=DIRECTION('center_axis',(0.,0.,-1.));
#10254=DIRECTION('ref_axis',(-0.500000000000017,0.866025403784429,0.));
#10255=DIRECTION('center_axis',(0.866025403784421,-0.50000000000003,0.));
#10256=DIRECTION('ref_axis',(-0.50000000000003,-0.866025403784421,0.));
#10257=DIRECTION('',(0.,0.,1.));
#10258=DIRECTION('center_axis',(0.,0.,-1.));
#10259=DIRECTION('ref_axis',(-0.866025403784481,0.499999999999927,0.));
#10260=DIRECTION('',(0.,0.,1.));
#10261=DIRECTION('center_axis',(-0.500000000000006,-0.866025403784435,0.));
#10262=DIRECTION('ref_axis',(-0.866025403784435,0.500000000000006,0.));
#10263=DIRECTION('',(0.,0.,-1.));
#10264=DIRECTION('center_axis',(0.,0.,-1.));
#10265=DIRECTION('ref_axis',(-0.5,-0.866025403784439,0.));
#10266=DIRECTION('center_axis',(0.500000000000005,0.866025403784436,0.));
#10267=DIRECTION('ref_axis',(0.866025403784436,-0.500000000000005,0.));
#10268=DIRECTION('',(0.,0.,1.));
#10269=DIRECTION('center_axis',(0.,0.,-1.));
#10270=DIRECTION('ref_axis',(-0.5,-0.866025403784439,0.));
#10271=DIRECTION('',(0.,0.,1.));
#10272=DIRECTION('center_axis',(0.866025403784414,-0.500000000000042,0.));
#10273=DIRECTION('ref_axis',(-0.500000000000042,-0.866025403784414,0.));
#10274=DIRECTION('',(0.,0.,-1.));
#10275=DIRECTION('center_axis',(0.,0.,-1.));
#10276=DIRECTION('ref_axis',(0.866025403784436,-0.500000000000005,0.));
#10277=DIRECTION('center_axis',(-1.,-4.27522705030145E-16,0.));
#10278=DIRECTION('ref_axis',(-4.27522705030145E-16,1.,0.));
#10279=DIRECTION('',(0.,0.,-1.));
#10280=DIRECTION('center_axis',(0.,0.,-1.));
#10281=DIRECTION('ref_axis',(-1.,7.89491928622333E-16,0.));
#10282=DIRECTION('',(0.,0.,-1.));
#10283=DIRECTION('center_axis',(0.,-1.,0.));
#10284=DIRECTION('ref_axis',(-1.,0.,0.));
#10285=DIRECTION('center_axis',(0.,0.,1.));
#10286=DIRECTION('ref_axis',(-1.,0.,0.));
#10287=CARTESIAN_POINT('',(0.,0.,0.));
#10288=CARTESIAN_POINT('Origin',(-44.602652822817,-38.775,25.5));
#10289=CARTESIAN_POINT('',(-47.102652822817,-38.775,19.));
#10290=CARTESIAN_POINT('',(-47.102652822817,-38.775,25.5));
#10291=CARTESIAN_POINT('',(-47.102652822817,-38.775,25.5));
#10292=CARTESIAN_POINT('',(-44.602652822817,-41.275,19.));
#10293=CARTESIAN_POINT('Origin',(-44.602652822817,-38.775,19.));
#10294=CARTESIAN_POINT('',(-44.602652822817,-41.275,25.5));
#10295=CARTESIAN_POINT('',(-44.602652822817,-41.275,25.5));
#10296=CARTESIAN_POINT('Origin',(-44.602652822817,-38.775,25.5));
#10297=CARTESIAN_POINT('Origin',(-4.27499999999997,38.775,25.5));
#10298=CARTESIAN_POINT('',(-6.77499999999997,38.775,19.));
#10299=CARTESIAN_POINT('',(-6.77499999999997,38.775,25.5));
#10300=CARTESIAN_POINT('',(-6.77499999999997,38.775,25.5));
#10301=CARTESIAN_POINT('',(-4.27499999999997,41.275,19.));
#10302=CARTESIAN_POINT('Origin',(-4.27499999999997,38.775,19.));
#10303=CARTESIAN_POINT('',(-4.27499999999997,41.275,25.5));
#10304=CARTESIAN_POINT('',(-4.27499999999997,41.275,25.5));
#10305=CARTESIAN_POINT('Origin',(-4.27499999999997,38.775,25.5));
#10306=CARTESIAN_POINT('Origin',(-4.27499945838487,-38.775,25.5));
#10307=CARTESIAN_POINT('',(-6.77499945838487,-38.775,19.));
#10308=CARTESIAN_POINT('',(-6.77499945838487,-38.775,25.5));
#10309=CARTESIAN_POINT('',(-6.77499945838487,-38.775,25.5));
#10310=CARTESIAN_POINT('',(-4.27499945838487,-41.275,19.));
#10311=CARTESIAN_POINT('Origin',(-4.27499945838487,-38.775,19.));
#10312=CARTESIAN_POINT('',(-4.27499945838487,-41.275,25.5));
#10313=CARTESIAN_POINT('',(-4.27499945838487,-41.275,25.5));
#10314=CARTESIAN_POINT('Origin',(-4.27499945838487,-38.775,25.5));
#10315=CARTESIAN_POINT('Origin',(-44.699820538379,38.775,25.5));
#10316=CARTESIAN_POINT('',(-47.199820538379,38.775,19.));
#10317=CARTESIAN_POINT('',(-47.199820538379,38.775,25.5));
#10318=CARTESIAN_POINT('',(-47.199820538379,38.775,25.5));
#10319=CARTESIAN_POINT('',(-44.699820538379,41.275,19.));
#10320=CARTESIAN_POINT('Origin',(-44.699820538379,38.775,19.));
#10321=CARTESIAN_POINT('',(-44.699820538379,41.275,25.5));
#10322=CARTESIAN_POINT('',(-44.699820538379,41.275,25.5));
#10323=CARTESIAN_POINT('Origin',(-44.699820538379,38.775,25.5));
#10324=CARTESIAN_POINT('Origin',(67.225,39.05,26.25));
#10325=CARTESIAN_POINT('',(67.225,39.05,26.25));
#10326=CARTESIAN_POINT('',(8.72500000000005,39.05,26.25));
#10327=CARTESIAN_POINT('',(67.225,39.05,26.25));
#10328=CARTESIAN_POINT('',(67.225,39.05,27.5));
#10329=CARTESIAN_POINT('',(67.225,39.05,26.25));
#10330=CARTESIAN_POINT('',(8.72500000000005,39.05,27.5));
#10331=CARTESIAN_POINT('',(33.6125,39.05,27.5));
#10332=CARTESIAN_POINT('',(8.72500000000005,39.05,26.25));
#10333=CARTESIAN_POINT('Origin',(67.225,38.,26.25));
#10334=CARTESIAN_POINT('',(68.275,38.,26.25));
#10335=CARTESIAN_POINT('Origin',(67.225,38.,26.25));
#10336=CARTESIAN_POINT('',(68.275,38.,27.5));
#10337=CARTESIAN_POINT('',(68.275,38.,26.25));
#10338=CARTESIAN_POINT('Origin',(67.225,38.,27.5));
#10339=CARTESIAN_POINT('Origin',(68.275,-38.,26.25));
#10340=CARTESIAN_POINT('',(68.275,-38.,26.25));
#10341=CARTESIAN_POINT('',(68.275,-38.,26.25));
#10342=CARTESIAN_POINT('',(68.275,-38.,27.5));
#10343=CARTESIAN_POINT('',(68.275,-38.,26.25));
#10344=CARTESIAN_POINT('',(68.275,-19.,27.5));
#10345=CARTESIAN_POINT('Origin',(67.225,-38.,26.25));
#10346=CARTESIAN_POINT('',(67.225,-39.05,26.25));
#10347=CARTESIAN_POINT('Origin',(67.225,-38.,26.25));
#10348=CARTESIAN_POINT('',(67.225,-39.05,27.5));
#10349=CARTESIAN_POINT('',(67.225,-39.05,26.25));
#10350=CARTESIAN_POINT('Origin',(67.225,-38.,27.5));
#10351=CARTESIAN_POINT('Origin',(8.72500000000005,-39.05,26.25));
#10352=CARTESIAN_POINT('',(8.72500000000005,-39.05,26.25));
#10353=CARTESIAN_POINT('',(8.72500000000005,-39.05,26.25));
#10354=CARTESIAN_POINT('',(8.72500000000005,-39.05,27.5));
#10355=CARTESIAN_POINT('',(8.72500000000005,-39.05,26.25));
#10356=CARTESIAN_POINT('',(4.36250000000004,-39.05,27.5));
#10357=CARTESIAN_POINT('Origin',(8.72500000000005,-38.,26.25));
#10358=CARTESIAN_POINT('',(7.67977275198169,-38.1,26.25));
#10359=CARTESIAN_POINT('Origin',(8.72500000000005,-38.,26.25));
#10360=CARTESIAN_POINT('',(7.67500000000003,-38.,26.25));
#10361=CARTESIAN_POINT('Origin',(8.72500000000005,-38.,26.25));
#10362=CARTESIAN_POINT('',(7.67500000000003,-38.,27.5));
#10363=CARTESIAN_POINT('',(7.67500000000003,-38.,26.25));
#10364=CARTESIAN_POINT('Origin',(8.72500000000005,-38.,27.5));
#10365=CARTESIAN_POINT('Origin',(7.67500000000003,38.,26.25));
#10366=CARTESIAN_POINT('',(7.67500000000003,38.,26.25));
#10367=CARTESIAN_POINT('',(7.67500000000003,19.,26.25));
#10368=CARTESIAN_POINT('',(7.67500000000003,38.,27.5));
#10369=CARTESIAN_POINT('',(7.67500000000003,38.,26.25));
#10370=CARTESIAN_POINT('',(7.67500000000003,19.,27.5));
#10371=CARTESIAN_POINT('Origin',(8.72500000000005,38.,26.25));
#10372=CARTESIAN_POINT('',(7.67977275198169,38.1,26.25));
#10373=CARTESIAN_POINT('Origin',(8.72500000000005,38.,26.25));
#10374=CARTESIAN_POINT('Origin',(8.72500000000005,38.,26.25));
#10375=CARTESIAN_POINT('Origin',(8.72500000000005,38.,27.5));
#10376=CARTESIAN_POINT('Origin',(-27.2898997657068,-13.5750001543911,22.1849989891054));
#10377=CARTESIAN_POINT('',(-25.0398997657068,-13.5750001543911,22.1849989891054));
#10378=CARTESIAN_POINT('Origin',(-27.2898997657068,-13.5750001543911,22.1849989891054));
#10379=CARTESIAN_POINT('',(-26.5898997657068,-13.5750001543911,22.1849989891054));
#10380=CARTESIAN_POINT('Origin',(-27.2898997657068,-13.5750001543911,22.1849989891054));
#10381=CARTESIAN_POINT('Origin',(-44.602652822817,-38.775,19.));
#10382=CARTESIAN_POINT('Origin',(-44.602652822817,-38.775,19.));
#10383=CARTESIAN_POINT('',(-45.3026528228171,-38.775,19.));
#10384=CARTESIAN_POINT('Origin',(-44.602652822817,-38.775,19.));
#10385=CARTESIAN_POINT('Origin',(-50.0000000000001,-41.275,25.5));
#10386=CARTESIAN_POINT('',(-44.602652822817,-41.275,25.5));
#10387=CARTESIAN_POINT('',(-25.,-41.275,25.5));
#10388=CARTESIAN_POINT('',(-4.27499945838487,-41.275,25.5));
#10389=CARTESIAN_POINT('',(66.5,-41.275,19.));
#10390=CARTESIAN_POINT('Origin',(-44.699820538379,38.775,19.));
#10391=CARTESIAN_POINT('Origin',(-44.699820538379,38.775,19.));
#10392=CARTESIAN_POINT('',(-45.399820538379,38.775,19.));
#10393=CARTESIAN_POINT('Origin',(-44.699820538379,38.775,19.));
#10394=CARTESIAN_POINT('Origin',(66.5,41.275,25.5));
#10395=CARTESIAN_POINT('',(-44.699820538379,41.275,25.5));
#10396=CARTESIAN_POINT('',(-50.,41.275,25.5));
#10397=CARTESIAN_POINT('',(33.25,41.275,25.5));
#10398=CARTESIAN_POINT('',(-50.,41.275,19.));
#10399=CARTESIAN_POINT('',(-50.,41.275,25.5));
#10400=CARTESIAN_POINT('',(-50.,41.275,19.));
#10401=CARTESIAN_POINT('Origin',(-4.27499999999997,38.775,19.));
#10402=CARTESIAN_POINT('Origin',(-4.27499999999997,38.775,19.));
#10403=CARTESIAN_POINT('',(-4.97499999999997,38.775,19.));
#10404=CARTESIAN_POINT('Origin',(-4.27499999999997,38.775,19.));
#10405=CARTESIAN_POINT('Origin',(66.5,41.275,25.5));
#10406=CARTESIAN_POINT('',(-50.,41.275,19.));
#10407=CARTESIAN_POINT('',(-4.27499999999997,41.275,25.5));
#10408=CARTESIAN_POINT('',(33.25,41.275,25.5));
#10409=CARTESIAN_POINT('Origin',(-4.27499945838487,-38.775,19.));
#10410=CARTESIAN_POINT('Origin',(-4.27499945838487,-38.775,19.));
#10411=CARTESIAN_POINT('',(-4.97499945838487,-38.775,19.));
#10412=CARTESIAN_POINT('Origin',(-4.27499945838487,-38.775,19.));
#10413=CARTESIAN_POINT('Origin',(-50.0000000000001,-41.275,25.5));
#10414=CARTESIAN_POINT('',(66.5,-41.275,25.5));
#10415=CARTESIAN_POINT('',(-25.,-41.275,25.5));
#10416=CARTESIAN_POINT('',(66.5,-41.275,23.25));
#10417=CARTESIAN_POINT('',(66.5,-41.275,25.5));
#10418=CARTESIAN_POINT('',(64.3,-41.275,23.25));
#10419=CARTESIAN_POINT('',(8.69999999999998,-41.275,23.25));
#10420=CARTESIAN_POINT('',(64.3,-41.275,19.));
#10421=CARTESIAN_POINT('',(64.3,-41.275,24.375));
#10422=CARTESIAN_POINT('',(66.5,-41.275,19.));
#10423=CARTESIAN_POINT('Origin',(70.5,18.6375,25.5));
#10424=CARTESIAN_POINT('',(70.5,-37.275,27.5));
#10425=CARTESIAN_POINT('',(72.5000000000001,-37.275,25.5));
#10426=CARTESIAN_POINT('Origin',(70.5,-37.275,25.5));
#10427=CARTESIAN_POINT('',(72.5000000000001,37.275,25.5));
#10428=CARTESIAN_POINT('',(72.5,18.6375,25.5));
#10429=CARTESIAN_POINT('',(70.5,37.275,27.5));
#10430=CARTESIAN_POINT('Origin',(70.5,37.275,25.5));
#10431=CARTESIAN_POINT('',(70.5,18.6375,27.5));
#10432=CARTESIAN_POINT('Origin',(66.5,37.275,25.5));
#10433=CARTESIAN_POINT('',(66.5,43.275,25.5));
#10434=CARTESIAN_POINT('',(66.5,41.275,27.5));
#10435=CARTESIAN_POINT('Origin',(66.5,41.275,25.5));
#10436=CARTESIAN_POINT('Origin',(66.5,37.275,27.5));
#10437=CARTESIAN_POINT('Origin',(66.5,37.275,25.5));
#10438=CARTESIAN_POINT('Origin',(-25.,41.275,25.5));
#10439=CARTESIAN_POINT('',(-50.,43.275,25.5));
#10440=CARTESIAN_POINT('',(-50.,41.275,27.5));
#10441=CARTESIAN_POINT('Origin',(-50.,41.275,25.5));
#10442=CARTESIAN_POINT('',(-25.,41.275,27.5));
#10443=CARTESIAN_POINT('',(-25.,43.275,25.5));
#10444=CARTESIAN_POINT('Origin',(-50.,20.775,25.5));
#10445=CARTESIAN_POINT('',(-72.5,20.775,25.5));
#10446=CARTESIAN_POINT('',(-70.5,20.775,27.5));
#10447=CARTESIAN_POINT('Origin',(-70.5,20.775,25.5));
#10448=CARTESIAN_POINT('Origin',(-50.,20.775,27.5));
#10449=CARTESIAN_POINT('Origin',(-50.,20.775,25.5));
#10450=CARTESIAN_POINT('Origin',(-70.5,-10.3875,25.5));
#10451=CARTESIAN_POINT('',(-72.4999999999999,-20.775,25.5));
#10452=CARTESIAN_POINT('',(-70.5,-20.775,27.5));
#10453=CARTESIAN_POINT('Origin',(-70.5,-20.775,25.5));
#10454=CARTESIAN_POINT('',(-70.5,-10.3875,27.5));
#10455=CARTESIAN_POINT('',(-72.4999999999999,-10.3875,25.5));
#10456=CARTESIAN_POINT('Origin',(-49.9999999999999,-20.775,25.5));
#10457=CARTESIAN_POINT('',(-50.,-43.275,25.5));
#10458=CARTESIAN_POINT('',(-50.,-41.275,27.5));
#10459=CARTESIAN_POINT('Origin',(-50.,-41.275,25.5));
#10460=CARTESIAN_POINT('Origin',(-49.9999999999999,-20.775,27.5));
#10461=CARTESIAN_POINT('Origin',(-49.9999999999999,-20.775,25.5));
#10462=CARTESIAN_POINT('Origin',(33.25,-41.275,25.5));
#10463=CARTESIAN_POINT('',(66.5,-43.275,25.5));
#10464=CARTESIAN_POINT('',(66.5,-41.275,27.5));
#10465=CARTESIAN_POINT('Origin',(66.5,-41.275,25.5));
#10466=CARTESIAN_POINT('',(33.25,-41.275,27.5));
#10467=CARTESIAN_POINT('',(33.25,-43.275,25.5));
#10468=CARTESIAN_POINT('Origin',(66.5,-37.275,25.5));
#10469=CARTESIAN_POINT('Origin',(66.5,-37.275,27.5));
#10470=CARTESIAN_POINT('Origin',(66.5,-37.275,25.5));
#10471=CARTESIAN_POINT('Origin',(-50.,20.775,27.5));
#10472=CARTESIAN_POINT('',(-49.9999999999999,43.275,20.5));
#10473=CARTESIAN_POINT('',(-50.,43.275,27.5));
#10474=CARTESIAN_POINT('',(-72.5,20.775,20.5));
#10475=CARTESIAN_POINT('Origin',(-50.,20.775,20.5));
#10476=CARTESIAN_POINT('',(-72.5,20.775,27.5));
#10477=CARTESIAN_POINT('Origin',(-50.,43.275,27.5));
#10478=CARTESIAN_POINT('',(66.5,43.275,20.5));
#10479=CARTESIAN_POINT('',(66.5,43.275,21.5));
#10480=CARTESIAN_POINT('',(-25.,43.275,20.5));
#10481=CARTESIAN_POINT('Origin',(66.5,37.275,27.5));
#10482=CARTESIAN_POINT('',(72.5000000000001,37.275,20.5));
#10483=CARTESIAN_POINT('',(72.5000000000001,37.275,21.5));
#10484=CARTESIAN_POINT('Origin',(66.5,37.275,20.5));
#10485=CARTESIAN_POINT('Origin',(72.5,37.275,27.5));
#10486=CARTESIAN_POINT('',(72.5000000000001,-37.275,20.5));
#10487=CARTESIAN_POINT('',(72.5000000000001,-37.275,21.5));
#10488=CARTESIAN_POINT('',(72.5,18.6375,20.5));
#10489=CARTESIAN_POINT('Origin',(3.5527136788005E-14,-8.88178419700125E-15,
27.5));
#10490=CARTESIAN_POINT('',(-57.1973301514984,33.4375466640384,27.5000000000052));
#10491=CARTESIAN_POINT('',(-52.001177728792,30.4375466640385,27.5000000000052));
#10492=CARTESIAN_POINT('',(-28.5088901318654,16.8742680960726,27.5));
#10493=CARTESIAN_POINT('',(-51.6351523250076,29.071521260254,27.5000000000052));
#10494=CARTESIAN_POINT('Origin',(-52.501177728792,29.571521260254,27.5));
#10495=CARTESIAN_POINT('',(-51.8851523250076,28.6385085583619,27.5000000000052));
#10496=CARTESIAN_POINT('',(-51.4749272688907,29.3490391980939,27.5));
#10497=CARTESIAN_POINT('',(-53.251177728792,28.2724831545774,27.5000000000052));
#10498=CARTESIAN_POINT('Origin',(-52.751177728792,29.1385085583619,27.5));
#10499=CARTESIAN_POINT('',(-58.4473301514984,31.2724831545773,27.5000000000052));
#10500=CARTESIAN_POINT('',(-27.1608139205121,13.2092045866116,27.5));
#10501=CARTESIAN_POINT('',(-58.8133555552829,32.6385085583619,27.5000000000052));
#10502=CARTESIAN_POINT('Origin',(-57.9473301514984,32.1385085583618,27.5));
#10503=CARTESIAN_POINT('',(-58.563355555283,33.071521260254,27.5000000000052));
#10504=CARTESIAN_POINT('',(-58.5281304991664,33.1325328471474,27.5));
#10505=CARTESIAN_POINT('Origin',(-57.6973301514985,32.5715212602539,27.5));
#10506=CARTESIAN_POINT('',(-58.3851523250078,17.3801783091642,27.5000000000052));
#10507=CARTESIAN_POINT('',(-58.6351523250078,16.9471656072719,27.5000000000052));
#10508=CARTESIAN_POINT('',(-54.849927268891,23.5033677225486,27.5));
#10509=CARTESIAN_POINT('',(-60.0011777287923,16.5811402034875,27.5000000000052));
#10510=CARTESIAN_POINT('Origin',(-59.5011777287923,17.447165607272,27.5));
#10511=CARTESIAN_POINT('',(-65.1973301514988,19.5811402034875,27.5000000000052));
#10512=CARTESIAN_POINT('',(-33.9108139205124,1.51786163552161,27.5));
#10513=CARTESIAN_POINT('',(-65.5633555552833,20.947165607272,27.5000000000052));
#10514=CARTESIAN_POINT('Origin',(-64.6973301514988,20.447165607272,27.5));
#10515=CARTESIAN_POINT('',(-65.3133555552833,21.3801783091642,27.5000000000052));
#10516=CARTESIAN_POINT('',(-61.9031304991673,27.2868613716016,27.5));
#10517=CARTESIAN_POINT('',(-63.9473301514989,21.7462037129487,27.5000000000052));
#10518=CARTESIAN_POINT('Origin',(-64.4473301514988,20.8801783091641,27.5));
#10519=CARTESIAN_POINT('',(-58.7511777287922,18.7462037129486,27.5000000000052));
#10520=CARTESIAN_POINT('',(-35.2588901318657,5.18292514498271,27.5));
#10521=CARTESIAN_POINT('Origin',(-59.2511777287923,17.8801783091642,27.5));
#10522=CARTESIAN_POINT('',(-58.4667542960026,-33.1505777837883,27.5000000000052));
#10523=CARTESIAN_POINT('',(-58.7167542960026,-32.7175650818961,27.5000000000052));
#10524=CARTESIAN_POINT('',(-58.3357206367257,-33.3775347391576,27.5));
#10525=CARTESIAN_POINT('',(-58.3507288922181,-31.3515396781116,27.5000000000052));
#10526=CARTESIAN_POINT('Origin',(-57.8507288922181,-32.2175650818961,27.5));
#10527=CARTESIAN_POINT('',(-53.1545764695115,-28.3515396781116,27.5000000000052));
#10528=CARTESIAN_POINT('',(-29.6813981053862,-14.7992938308477,27.5));
#10529=CARTESIAN_POINT('',(-51.7885510657271,-28.7175650818961,27.5000000000052));
#10530=CARTESIAN_POINT('Origin',(-52.6545764695115,-29.217565081896,27.5));
#10531=CARTESIAN_POINT('',(-51.5385510657271,-29.1505777837883,27.5000000000052));
#10532=CARTESIAN_POINT('',(-51.5325174064495,-29.1610283882125,27.5));
#10533=CARTESIAN_POINT('',(-51.9045764695115,-30.5166031875727,27.5000000000052));
#10534=CARTESIAN_POINT('Origin',(-52.4045764695116,-29.6505777837883,27.5));
#10535=CARTESIAN_POINT('',(-57.1007288922181,-33.5166031875727,27.5000000000052));
#10536=CARTESIAN_POINT('',(-25.8333218940329,-15.4643573403088,27.5));
#10537=CARTESIAN_POINT('Origin',(-57.6007288922182,-32.6505777837883,27.5));
#10538=CARTESIAN_POINT('',(-59.9045764695112,-16.6601967270215,27.5000000000052));
#10539=CARTESIAN_POINT('',(-58.5385510657267,-17.0262221308059,27.5000000000052));
#10540=CARTESIAN_POINT('Origin',(-59.4045764695112,-17.5262221308059,27.5));
#10541=CARTESIAN_POINT('',(-58.2885510657267,-17.4592348326981,27.5000000000052));
#10542=CARTESIAN_POINT('',(-54.9075174064498,-23.3153569126664,27.5));
#10543=CARTESIAN_POINT('',(-58.6545764695112,-18.8252602364826,27.5000000000052));
#10544=CARTESIAN_POINT('Origin',(-59.1545764695112,-17.9592348326981,27.5));
#10545=CARTESIAN_POINT('',(-63.8507288922178,-21.8252602364826,27.5000000000052));
#10546=CARTESIAN_POINT('',(-32.5833218940328,-3.7730143892188,27.5));
#10547=CARTESIAN_POINT('',(-65.2167542960022,-21.4592348326982,27.5000000000052));
#10548=CARTESIAN_POINT('Origin',(-64.3507288922178,-20.9592348326982,27.5));
#10549=CARTESIAN_POINT('',(-65.4667542960022,-21.0262221308059,27.5000000000052));
#10550=CARTESIAN_POINT('',(-61.7107206367256,-27.5318632636123,27.5));
#10551=CARTESIAN_POINT('',(-65.1007288922178,-19.6601967270215,27.5000000000052));
#10552=CARTESIAN_POINT('Origin',(-64.6007288922178,-20.5262221308059,27.5));
#10553=CARTESIAN_POINT('',(-36.4313981053861,-3.10795087975772,27.5));
#10554=CARTESIAN_POINT('',(-53.788551065727,-25.2534634667582,27.5000000000052));
#10555=CARTESIAN_POINT('',(-54.1545764695114,-26.6194888705427,27.5000000000052));
#10556=CARTESIAN_POINT('Origin',(-54.6545764695115,-25.7534634667582,27.5));
#10557=CARTESIAN_POINT('',(-59.350728892218,-29.6194888705427,27.5000000000052));
#10558=CARTESIAN_POINT('',(-28.0833218940329,-11.5672430232789,27.5));
#10559=CARTESIAN_POINT('',(-60.7167542960025,-29.2534634667582,27.5000000000052));
#10560=CARTESIAN_POINT('Origin',(-59.850728892218,-28.7534634667583,27.5));
#10561=CARTESIAN_POINT('',(-60.9667542960025,-28.820450764866,27.5000000000052));
#10562=CARTESIAN_POINT('',(-59.4607206367257,-31.4289775806423,27.5));
#10563=CARTESIAN_POINT('',(-60.600728892218,-27.4544253610816,27.5000000000052));
#10564=CARTESIAN_POINT('Origin',(-60.100728892218,-28.320450764866,27.5));
#10565=CARTESIAN_POINT('',(-55.4045764695114,-24.4544253610816,27.5000000000052));
#10566=CARTESIAN_POINT('',(-31.9313981053862,-10.9021795138177,27.5));
#10567=CARTESIAN_POINT('',(-54.038551065727,-24.820450764866,27.5000000000052));
#10568=CARTESIAN_POINT('Origin',(-54.9045764695114,-25.320450764866,27.5));
#10569=CARTESIAN_POINT('',(-52.65751740645,-27.2124712296965,27.5));
#10570=CARTESIAN_POINT('',(-57.6545764695113,-20.5573110440515,27.5000000000052));
#10571=CARTESIAN_POINT('',(-56.2885510657268,-20.923336447836,27.5000000000052));
#10572=CARTESIAN_POINT('Origin',(-57.1545764695113,-21.4233364478359,27.5));
#10573=CARTESIAN_POINT('',(-56.0385510657268,-21.3563491497282,27.5000000000052));
#10574=CARTESIAN_POINT('',(-53.7825174064499,-25.2639140711815,27.5));
#10575=CARTESIAN_POINT('',(-56.4045764695113,-22.7223745535126,27.5000000000052));
#10576=CARTESIAN_POINT('Origin',(-56.9045764695113,-21.8563491497282,27.5));
#10577=CARTESIAN_POINT('',(-61.6007288922179,-25.7223745535126,27.5000000000052));
#10578=CARTESIAN_POINT('',(-30.3333218940328,-7.67012870624883,27.5));
#10579=CARTESIAN_POINT('',(-62.9667542960023,-25.3563491497282,27.5000000000052));
#10580=CARTESIAN_POINT('Origin',(-62.1007288922179,-24.8563491497282,27.5));
#10581=CARTESIAN_POINT('',(-63.2167542960023,-24.923336447836,27.5000000000052));
#10582=CARTESIAN_POINT('',(-60.5857206367257,-29.4804204221273,27.5));
#10583=CARTESIAN_POINT('',(-62.8507288922179,-23.5573110440516,27.5000000000052));
#10584=CARTESIAN_POINT('Origin',(-62.3507288922179,-24.423336447836,27.5));
#10585=CARTESIAN_POINT('',(-34.1813981053862,-7.0050651967877,27.5));
#10586=CARTESIAN_POINT('',(-59.4473301514984,29.5404323470084,27.5000000000052));
#10587=CARTESIAN_POINT('',(-54.2511777287923,26.5404323470087,27.5000000000052));
#10588=CARTESIAN_POINT('',(-30.7588901318654,12.9771537790427,27.5));
#10589=CARTESIAN_POINT('',(-53.8851523250079,25.1744069432242,27.5000000000052));
#10590=CARTESIAN_POINT('Origin',(-54.7511777287923,25.6744069432242,27.5));
#10591=CARTESIAN_POINT('',(-54.1351523250079,24.741394241332,27.5000000000052));
#10592=CARTESIAN_POINT('',(-52.5999272688913,27.4004820395785,27.5));
#10593=CARTESIAN_POINT('',(-55.5011777287923,24.3753688375476,27.5000000000052));
#10594=CARTESIAN_POINT('Origin',(-55.0011777287923,25.241394241332,27.5));
#10595=CARTESIAN_POINT('',(-60.6973301514984,27.3753688375473,27.5000000000052));
#10596=CARTESIAN_POINT('',(-29.4108139205124,9.31209026958162,27.5));
#10597=CARTESIAN_POINT('',(-61.0633555552829,28.7413942413319,27.5000000000052));
#10598=CARTESIAN_POINT('Origin',(-60.1973301514984,28.2413942413319,27.5));
#10599=CARTESIAN_POINT('',(-60.813355555283,29.174406943224,27.5000000000052));
#10600=CARTESIAN_POINT('',(-59.6531304991661,31.1839756886327,27.5));
#10601=CARTESIAN_POINT('Origin',(-59.9473301514985,28.6744069432239,27.5));
#10602=CARTESIAN_POINT('',(-57.7511777287924,20.4782545205176,27.5000000000052));
#10603=CARTESIAN_POINT('',(-62.9473301514989,23.4782545205175,27.5000000000052));
#10604=CARTESIAN_POINT('',(-31.6608139205124,5.41497595255172,27.5));
#10605=CARTESIAN_POINT('',(-63.3133555552834,24.8442799243021,27.5000000000052));
#10606=CARTESIAN_POINT('Origin',(-62.4473301514988,24.3442799243021,27.5));
#10607=CARTESIAN_POINT('',(-63.0633555552834,25.2772926261942,27.5000000000052));
#10608=CARTESIAN_POINT('',(-60.7781304991672,29.2354185301169,27.5));
#10609=CARTESIAN_POINT('',(-61.6973301514989,25.6433180299787,27.5000000000052));
#10610=CARTESIAN_POINT('Origin',(-62.1973301514989,24.7772926261942,27.5));
#10611=CARTESIAN_POINT('',(-56.5011777287924,22.6433180299788,27.5000000000052));
#10612=CARTESIAN_POINT('',(-33.0088901318655,9.08003946201293,27.5));
#10613=CARTESIAN_POINT('',(-56.1351523250079,21.2772926261943,27.5000000000052));
#10614=CARTESIAN_POINT('Origin',(-57.0011777287924,21.7772926261943,27.5));
#10615=CARTESIAN_POINT('',(-56.385152325008,20.844279924302,27.5000000000052));
#10616=CARTESIAN_POINT('',(-53.7249272688905,25.4519248810645,27.5));
#10617=CARTESIAN_POINT('Origin',(-57.2511777287924,21.3442799243021,27.5));
#10618=CARTESIAN_POINT('',(-16.1188453287967,-24.2894400390424,27.5));
#10619=CARTESIAN_POINT('Origin',(-19.9188453287967,-24.2894400390424,27.5));
#10620=CARTESIAN_POINT('',(-8.71884532879669,-16.8894400390424,27.5));
#10621=CARTESIAN_POINT('Origin',(-12.5188453287967,-16.8894400390424,27.5));
#10622=CARTESIAN_POINT('',(-8.71884532879671,-31.6894400390424,27.5));
#10623=CARTESIAN_POINT('Origin',(-12.5188453287967,-31.6894400390424,27.5));
#10624=CARTESIAN_POINT('',(-1.3188453287967,-24.2894400390424,27.5));
#10625=CARTESIAN_POINT('Origin',(-5.1188453287967,-24.2894400390424,27.5));
#10626=CARTESIAN_POINT('',(-4.86001345865911,23.7630369045541,27.5));
#10627=CARTESIAN_POINT('Origin',(-12.3600134586591,23.7630369045541,27.5));
#10628=CARTESIAN_POINT('',(-32.3198990077642,-13.187165154391,27.5));
#10629=CARTESIAN_POINT('Origin',(-39.8198990077642,-13.187165154391,27.5));
#10630=CARTESIAN_POINT('',(-43.4612009946691,9.76819796677106,27.5));
#10631=CARTESIAN_POINT('',(-49.3612009946691,9.76819796677106,27.5));
#10632=CARTESIAN_POINT('',(-21.7306004973345,9.76819796677106,27.5));
#10633=CARTESIAN_POINT('',(-49.3612009946691,16.168197966771,27.5));
#10634=CARTESIAN_POINT('',(-49.3612009946691,4.88409898338554,27.5));
#10635=CARTESIAN_POINT('',(-43.4612009946691,16.168197966771,27.5));
#10636=CARTESIAN_POINT('',(-24.6806004973346,16.168197966771,27.5));
#10637=CARTESIAN_POINT('',(-43.0612009946691,16.568197966771,27.5));
#10638=CARTESIAN_POINT('Origin',(-43.4612009946691,16.568197966771,27.5));
#10639=CARTESIAN_POINT('',(-43.0612009946691,22.4681979667711,27.5));
#10640=CARTESIAN_POINT('',(-43.0612009946691,8.2840989833855,27.5));
#10641=CARTESIAN_POINT('',(-36.6612009946691,22.4681979667711,27.5));
#10642=CARTESIAN_POINT('',(-21.5306004973345,22.4681979667711,27.5));
#10643=CARTESIAN_POINT('',(-36.6612009946691,16.568197966771,27.5));
#10644=CARTESIAN_POINT('',(-36.6612009946691,11.2340989833855,27.5));
#10645=CARTESIAN_POINT('',(-36.2612009946691,16.168197966771,27.5));
#10646=CARTESIAN_POINT('Origin',(-36.2612009946691,16.568197966771,27.5));
#10647=CARTESIAN_POINT('',(-30.3612009946691,16.168197966771,27.5));
#10648=CARTESIAN_POINT('',(-18.1306004973345,16.168197966771,27.5));
#10649=CARTESIAN_POINT('',(-30.3612009946691,9.76819796677106,27.5));
#10650=CARTESIAN_POINT('',(-30.3612009946691,8.0840989833855,27.5));
#10651=CARTESIAN_POINT('',(-36.2612009946691,9.76819796677106,27.5));
#10652=CARTESIAN_POINT('',(-15.1806004973345,9.76819796677106,27.5));
#10653=CARTESIAN_POINT('',(-36.6612009946691,9.36819796677107,27.5));
#10654=CARTESIAN_POINT('Origin',(-36.2612009946691,9.36819796677107,27.5));
#10655=CARTESIAN_POINT('',(-36.6612009946691,3.46819796677106,27.5));
#10656=CARTESIAN_POINT('',(-36.6612009946691,4.68409898338554,27.5));
#10657=CARTESIAN_POINT('',(-43.0612009946691,3.46819796677106,27.5));
#10658=CARTESIAN_POINT('',(-18.3306004973345,3.46819796677106,27.5));
#10659=CARTESIAN_POINT('',(-43.0612009946691,9.36819796677107,27.5));
#10660=CARTESIAN_POINT('',(-43.0612009946691,1.73409898338552,27.5));
#10661=CARTESIAN_POINT('Origin',(-43.4612009946691,9.36819796677107,27.5));
#10662=CARTESIAN_POINT('',(-18.6466963442131,-3.5527136788005E-14,27.5));
#10663=CARTESIAN_POINT('Origin',(-21.7466963442131,-3.5527136788005E-14,
27.5));
#10664=CARTESIAN_POINT('Origin',(1.77635683940025E-14,0.,19.));
#10665=CARTESIAN_POINT('',(66.5000000000001,-42.275,19.));
#10666=CARTESIAN_POINT('',(-50.0000000000001,-42.275,19.));
#10667=CARTESIAN_POINT('',(33.25,-42.275,19.));
#10668=CARTESIAN_POINT('',(-71.5,-20.775,19.));
#10669=CARTESIAN_POINT('Origin',(-50.0000000000002,-20.7750000000001,19.));
#10670=CARTESIAN_POINT('',(-71.5,20.775,19.));
#10671=CARTESIAN_POINT('',(-71.5,-10.3875,19.));
#10672=CARTESIAN_POINT('',(-50.,42.275,19.));
#10673=CARTESIAN_POINT('Origin',(-50.,20.775,19.));
#10674=CARTESIAN_POINT('',(66.5000000000001,42.275,19.));
#10675=CARTESIAN_POINT('',(-25.,42.275,19.));
#10676=CARTESIAN_POINT('',(71.5000000000001,37.275,19.));
#10677=CARTESIAN_POINT('Origin',(66.5,37.275,19.));
#10678=CARTESIAN_POINT('',(71.5000000000001,-37.275,19.));
#10679=CARTESIAN_POINT('',(71.5000000000001,18.6375,19.));
#10680=CARTESIAN_POINT('Origin',(66.5,-37.275,19.));
#10681=CARTESIAN_POINT('',(65.85,37.325,19.));
#10682=CARTESIAN_POINT('Origin',(66.55,37.325,19.));
#10683=CARTESIAN_POINT('',(68.5,35.075,19.));
#10684=CARTESIAN_POINT('',(66.55,35.075,19.));
#10685=CARTESIAN_POINT('',(66.55,35.075,19.));
#10686=CARTESIAN_POINT('',(64.3,37.325,19.));
#10687=CARTESIAN_POINT('Origin',(66.55,37.325,19.));
#10688=CARTESIAN_POINT('',(64.3,41.275,19.));
#10689=CARTESIAN_POINT('',(64.3,41.275,19.));
#10690=CARTESIAN_POINT('',(-50.,41.275,19.));
#10691=CARTESIAN_POINT('',(-70.5,20.7749999999999,19.));
#10692=CARTESIAN_POINT('Origin',(-49.9999999999999,20.7749999999999,19.));
#10693=CARTESIAN_POINT('',(-70.5,-20.775,19.));
#10694=CARTESIAN_POINT('',(-70.5,-20.775,19.));
#10695=CARTESIAN_POINT('',(-50.0000000000001,-41.275,19.));
#10696=CARTESIAN_POINT('Origin',(-50.,-20.775,19.));
#10697=CARTESIAN_POINT('',(66.5,-41.275,19.));
#10698=CARTESIAN_POINT('',(64.3,-37.329,19.));
#10699=CARTESIAN_POINT('',(64.3,-37.329,19.));
#10700=CARTESIAN_POINT('',(66.554,-35.075,19.));
#10701=CARTESIAN_POINT('Origin',(66.554,-37.329,19.));
#10702=CARTESIAN_POINT('',(68.5,-35.075,19.));
#10703=CARTESIAN_POINT('',(70.5,-35.075,19.));
#10704=CARTESIAN_POINT('',(68.5,-35.075,19.));
#10705=CARTESIAN_POINT('',(65.854,-37.329,19.));
#10706=CARTESIAN_POINT('Origin',(66.554,-37.329,19.));
#10707=CARTESIAN_POINT('Origin',(1.77635683940025E-14,0.,20.5));
#10708=CARTESIAN_POINT('',(66.5,-43.275,20.5));
#10709=CARTESIAN_POINT('Origin',(66.5,-37.275,20.5));
#10710=CARTESIAN_POINT('',(-50.,-43.275,20.5));
#10711=CARTESIAN_POINT('',(33.25,-43.275,20.5));
#10712=CARTESIAN_POINT('',(-72.5,-20.775,20.5));
#10713=CARTESIAN_POINT('Origin',(-49.9999999999999,-20.775,20.5));
#10714=CARTESIAN_POINT('',(-72.4999999999999,-10.3875,20.5));
#10715=CARTESIAN_POINT('',(-50.0000000000001,-42.275,20.5));
#10716=CARTESIAN_POINT('',(-71.5,-20.775,20.5));
#10717=CARTESIAN_POINT('Origin',(-50.0000000000002,-20.7750000000001,20.5));
#10718=CARTESIAN_POINT('',(66.5000000000001,-42.275,20.5));
#10719=CARTESIAN_POINT('',(33.25,-42.275,20.5));
#10720=CARTESIAN_POINT('',(71.5000000000001,-37.275,20.5));
#10721=CARTESIAN_POINT('Origin',(66.5,-37.275,20.5));
#10722=CARTESIAN_POINT('',(71.5000000000001,37.275,20.5));
#10723=CARTESIAN_POINT('',(71.5000000000001,18.6375,20.5));
#10724=CARTESIAN_POINT('',(66.5000000000001,42.275,20.5));
#10725=CARTESIAN_POINT('Origin',(66.5,37.275,20.5));
#10726=CARTESIAN_POINT('',(-50.,42.275,20.5));
#10727=CARTESIAN_POINT('',(-25.,42.275,20.5));
#10728=CARTESIAN_POINT('',(-71.5,20.775,20.5));
#10729=CARTESIAN_POINT('Origin',(-50.,20.775,20.5));
#10730=CARTESIAN_POINT('',(-71.5,-10.3875,20.5));
#10731=CARTESIAN_POINT('Origin',(66.5,37.275,20.));
#10732=CARTESIAN_POINT('',(71.5000000000001,37.275,20.));
#10733=CARTESIAN_POINT('',(66.5000000000001,42.275,20.));
#10734=CARTESIAN_POINT('Origin',(71.5000000000001,37.275,20.));
#10735=CARTESIAN_POINT('',(71.5000000000001,-37.275,20.));
#10736=CARTESIAN_POINT('Origin',(66.5,-37.275,20.));
#10737=CARTESIAN_POINT('',(66.5000000000001,-42.275,20.));
#10738=CARTESIAN_POINT('Origin',(66.5000000000001,-42.275,20.));
#10739=CARTESIAN_POINT('',(-50.0000000000001,-42.275,20.));
#10740=CARTESIAN_POINT('Origin',(3.82500000000002,38.1,23.25));
#10741=CARTESIAN_POINT('',(3.82500000000002,38.1,25.5));
#10742=CARTESIAN_POINT('',(3.82500000000002,-38.1,25.5));
#10743=CARTESIAN_POINT('',(3.82500000000002,19.05,25.5));
#10744=CARTESIAN_POINT('',(3.82500000000002,38.1,26.25));
#10745=CARTESIAN_POINT('',(3.82500000000002,38.1,23.25));
#10746=CARTESIAN_POINT('',(3.82500000000002,-38.1,26.25));
#10747=CARTESIAN_POINT('',(3.82500000000002,38.1,26.25));
#10748=CARTESIAN_POINT('',(3.82500000000002,-38.1,23.25));
#10749=CARTESIAN_POINT('Origin',(3.82500000000002,-38.1,23.25));
#10750=CARTESIAN_POINT('',(67.325,-38.1,25.5));
#10751=CARTESIAN_POINT('',(1.91250000000003,-38.1,25.5));
#10752=CARTESIAN_POINT('',(3.82500000000002,-38.1,26.25));
#10753=CARTESIAN_POINT('',(67.325,-38.1,26.25));
#10754=CARTESIAN_POINT('',(3.82500000000002,-38.1,26.25));
#10755=CARTESIAN_POINT('',(67.325,-38.1,23.25));
#10756=CARTESIAN_POINT('Origin',(67.325,-38.1,23.25));
#10757=CARTESIAN_POINT('',(67.325,38.1,25.5));
#10758=CARTESIAN_POINT('',(67.325,-19.05,25.5));
#10759=CARTESIAN_POINT('',(67.325,38.1,26.25));
#10760=CARTESIAN_POINT('',(67.325,-19.05,26.25));
#10761=CARTESIAN_POINT('',(67.325,38.1,23.25));
#10762=CARTESIAN_POINT('Origin',(67.325,38.1,23.25));
#10763=CARTESIAN_POINT('',(33.6625,38.1,25.5));
#10764=CARTESIAN_POINT('',(52.65,38.1,26.25));
#10765=CARTESIAN_POINT('',(67.325,38.1,26.25));
#10766=CARTESIAN_POINT('Origin',(35.575,-8.88178419700125E-15,26.25));
#10767=CARTESIAN_POINT('Origin',(67.4,38.175,23.25));
#10768=CARTESIAN_POINT('',(64.3,41.275,23.25));
#10769=CARTESIAN_POINT('',(64.3,37.325,23.25));
#10770=CARTESIAN_POINT('',(64.3,41.275,23.25));
#10771=CARTESIAN_POINT('',(66.55,35.075,23.25));
#10772=CARTESIAN_POINT('Origin',(66.55,37.325,23.25));
#10773=CARTESIAN_POINT('',(70.5,35.075,23.25));
#10774=CARTESIAN_POINT('',(66.55,35.075,23.25));
#10775=CARTESIAN_POINT('',(70.5,37.275,23.25));
#10776=CARTESIAN_POINT('',(70.5,0.44999999999999,23.25));
#10777=CARTESIAN_POINT('',(66.5,41.275,23.25));
#10778=CARTESIAN_POINT('Origin',(66.5,37.275,23.25));
#10779=CARTESIAN_POINT('',(66.95,41.275,23.25));
#10780=CARTESIAN_POINT('',(65.85,37.325,23.25));
#10781=CARTESIAN_POINT('Origin',(66.55,37.325,23.25));
#10782=CARTESIAN_POINT('Origin',(37.975,-8.88178419700125E-15,26.25));
#10783=CARTESIAN_POINT('Origin',(70.5,-35.075,21.85));
#10784=CARTESIAN_POINT('',(70.5,35.075,21.85));
#10785=CARTESIAN_POINT('',(70.5,-35.075,21.85));
#10786=CARTESIAN_POINT('',(70.5,-36.175,21.85));
#10787=CARTESIAN_POINT('',(68.5,35.075,21.85));
#10788=CARTESIAN_POINT('',(70.5,35.075,21.85));
#10789=CARTESIAN_POINT('',(68.5,-35.075,21.85));
#10790=CARTESIAN_POINT('',(68.5,35.075,21.85));
#10791=CARTESIAN_POINT('',(68.527,-35.075,21.85));
#10792=CARTESIAN_POINT('Origin',(68.5,0.,20.925));
#10793=CARTESIAN_POINT('',(68.5,35.075,22.0875));
#10794=CARTESIAN_POINT('',(68.5,-35.075,22.0875));
#10795=CARTESIAN_POINT('Origin',(70.5,35.075,23.25));
#10796=CARTESIAN_POINT('',(70.5,35.075,24.375));
#10797=CARTESIAN_POINT('',(66.55,35.075,23.25));
#10798=CARTESIAN_POINT('Origin',(70.5,-37.275,25.5));
#10799=CARTESIAN_POINT('',(70.5,-35.075,23.25));
#10800=CARTESIAN_POINT('',(70.5,-35.075,24.375));
#10801=CARTESIAN_POINT('',(70.5,-37.275,23.25));
#10802=CARTESIAN_POINT('',(70.5,-37.725,23.25));
#10803=CARTESIAN_POINT('',(70.5,-37.275,25.5));
#10804=CARTESIAN_POINT('',(70.5,-37.275,25.5));
#10805=CARTESIAN_POINT('',(70.5,37.275,25.5));
#10806=CARTESIAN_POINT('',(70.5,-18.6375,25.5));
#10807=CARTESIAN_POINT('',(70.5,37.275,25.5));
#10808=CARTESIAN_POINT('Origin',(8.88178419700125E-15,-8.88178419700125E-15,
26.));
#10809=CARTESIAN_POINT('',(-63.4,5.9884748399372,26.));
#10810=CARTESIAN_POINT('',(-69.5,5.9884748399372,26.));
#10811=CARTESIAN_POINT('',(-69.5,5.9884748399372,26.));
#10812=CARTESIAN_POINT('',(-63.4,-6.1115251600628,26.));
#10813=CARTESIAN_POINT('',(-63.4,5.9884748399372,26.));
#10814=CARTESIAN_POINT('',(-69.5,-6.1115251600628,26.));
#10815=CARTESIAN_POINT('',(-63.4,-6.1115251600628,26.));
#10816=CARTESIAN_POINT('',(-69.5,-6.1115251600628,26.));
#10817=CARTESIAN_POINT('Origin',(-65.7068655057236,5.9884748399372,25.5));
#10818=CARTESIAN_POINT('',(-65.7068655057236,6.9884748399372,25.5));
#10819=CARTESIAN_POINT('',(-65.7068655057236,5.9884748399372,25.5));
#10820=CARTESIAN_POINT('',(-65.7068655057236,2.9942374199686,25.5));
#10821=CARTESIAN_POINT('',(-65.7068655057236,6.9884748399372,22.75));
#10822=CARTESIAN_POINT('',(-65.7068655057236,6.9884748399372,25.5));
#10823=CARTESIAN_POINT('',(-65.7068655057236,5.9884748399372,22.75));
#10824=CARTESIAN_POINT('',(-65.7068655057236,6.9884748399372,22.75));
#10825=CARTESIAN_POINT('',(-65.7068655057236,5.9884748399372,25.5));
#10826=CARTESIAN_POINT('Origin',(-63.4,5.9884748399372,25.5));
#10827=CARTESIAN_POINT('',(-63.4,5.9884748399372,22.75));
#10828=CARTESIAN_POINT('',(-65.7068655057236,5.9884748399372,22.75));
#10829=CARTESIAN_POINT('',(-63.4,5.9884748399372,25.5));
#10830=CARTESIAN_POINT('',(-69.5,5.9884748399372,25.5));
#10831=CARTESIAN_POINT('',(-69.5,5.9884748399372,25.5));
#10832=CARTESIAN_POINT('',(-31.7,5.9884748399372,25.5));
#10833=CARTESIAN_POINT('Origin',(-63.4,-6.1115251600628,25.5));
#10834=CARTESIAN_POINT('',(-63.4,-6.1115251600628,22.75));
#10835=CARTESIAN_POINT('',(-63.4,5.9884748399372,22.75));
#10836=CARTESIAN_POINT('',(-63.4,-6.1115251600628,25.5));
#10837=CARTESIAN_POINT('Origin',(-69.5,-6.1115251600628,25.5));
#10838=CARTESIAN_POINT('',(-69.5,-6.1115251600628,22.75));
#10839=CARTESIAN_POINT('',(-63.4,-6.1115251600628,22.75));
#10840=CARTESIAN_POINT('',(-69.5,-6.1115251600628,25.5));
#10841=CARTESIAN_POINT('Origin',(-69.5,6.9884748399372,25.5));
#10842=CARTESIAN_POINT('',(-69.5,6.9884748399372,22.75));
#10843=CARTESIAN_POINT('',(-69.5,-6.1115251600628,22.75));
#10844=CARTESIAN_POINT('',(-69.5,6.9884748399372,25.5));
#10845=CARTESIAN_POINT('',(-69.5,6.9884748399372,25.5));
#10846=CARTESIAN_POINT('',(-69.5,3.49423741996859,25.5));
#10847=CARTESIAN_POINT('Origin',(-70.5,6.9884748399372,25.5));
#10848=CARTESIAN_POINT('',(-70.5,6.9884748399372,25.5));
#10849=CARTESIAN_POINT('',(-35.25,6.9884748399372,25.5));
#10850=CARTESIAN_POINT('',(-70.5,6.9884748399372,22.75));
#10851=CARTESIAN_POINT('',(-70.5,6.9884748399372,22.75));
#10852=CARTESIAN_POINT('',(-70.5,6.9884748399372,25.5));
#10853=CARTESIAN_POINT('Origin',(-62.4,-7.11152516006281,25.5));
#10854=CARTESIAN_POINT('',(-70.5,-7.11152516006281,25.5));
#10855=CARTESIAN_POINT('',(-62.4,-7.11152516006281,25.5));
#10856=CARTESIAN_POINT('',(-31.2,-7.11152516006281,25.5));
#10857=CARTESIAN_POINT('',(-70.5,-7.11152516006281,22.75));
#10858=CARTESIAN_POINT('',(-70.5,-7.11152516006281,25.5));
#10859=CARTESIAN_POINT('',(-62.4,-7.11152516006281,22.75));
#10860=CARTESIAN_POINT('',(-62.4,-7.11152516006281,22.75));
#10861=CARTESIAN_POINT('',(-62.4,-7.11152516006281,25.5));
#10862=CARTESIAN_POINT('Origin',(-62.4,6.9884748399372,25.5));
#10863=CARTESIAN_POINT('',(-62.4,6.9884748399372,25.5));
#10864=CARTESIAN_POINT('',(-62.4,3.49423741996859,25.5));
#10865=CARTESIAN_POINT('',(-62.4,6.9884748399372,22.75));
#10866=CARTESIAN_POINT('',(-62.4,6.9884748399372,22.75));
#10867=CARTESIAN_POINT('',(-62.4,6.9884748399372,25.5));
#10868=CARTESIAN_POINT('Origin',(-65.7068655057236,6.9884748399372,25.5));
#10869=CARTESIAN_POINT('',(-32.8534327528617,6.9884748399372,25.5));
#10870=CARTESIAN_POINT('',(-65.7068655057236,6.9884748399372,22.75));
#10871=CARTESIAN_POINT('Origin',(-66.45,-0.0615251600628053,22.75));
#10872=CARTESIAN_POINT('',(-70.5,10.3567374199686,22.75));
#10873=CARTESIAN_POINT('Origin',(-70.5,20.7749999999999,25.5));
#10874=CARTESIAN_POINT('',(-70.5,-20.775,25.5));
#10875=CARTESIAN_POINT('',(-70.5,10.3875,25.5));
#10876=CARTESIAN_POINT('',(-70.5,-20.775,25.5));
#10877=CARTESIAN_POINT('',(-70.5,20.7749999999999,25.5));
#10878=CARTESIAN_POINT('',(-70.5,20.7749999999999,25.5));
#10879=CARTESIAN_POINT('',(-70.5,18.5966466101195,25.5));
#10880=CARTESIAN_POINT('',(-70.5,10.3875,25.5));
#10881=CARTESIAN_POINT('',(-70.5,18.5966466101195,22.75));
#10882=CARTESIAN_POINT('',(-70.5,18.5966466101195,25.5));
#10883=CARTESIAN_POINT('',(-70.5,18.4857161297783,22.75));
#10884=CARTESIAN_POINT('',(-70.5,10.3875,22.75));
#10885=CARTESIAN_POINT('',(-70.5,18.4857161297783,25.5));
#10886=CARTESIAN_POINT('',(-70.5,18.4857161297783,25.5));
#10887=CARTESIAN_POINT('',(-70.5,10.3875,25.5));
#10888=CARTESIAN_POINT('Origin',(0.92499923429318,-38.775,25.5));
#10889=CARTESIAN_POINT('',(0.224999234293177,-38.775,23.25));
#10890=CARTESIAN_POINT('Origin',(0.92499923429318,-38.775,23.25));
#10891=CARTESIAN_POINT('',(0.224999234293177,-38.775,25.5));
#10892=CARTESIAN_POINT('',(0.224999234293177,-38.775,25.5));
#10893=CARTESIAN_POINT('Origin',(0.92499923429318,-38.775,25.5));
#10894=CARTESIAN_POINT('Origin',(0.92499923429318,-38.775,25.5));
#10895=CARTESIAN_POINT('',(-1.32500076570682,-38.775,23.25));
#10896=CARTESIAN_POINT('Origin',(0.92499923429318,-38.775,23.25));
#10897=CARTESIAN_POINT('',(-1.32500076570682,-38.775,25.5));
#10898=CARTESIAN_POINT('',(-1.32500076570682,-38.775,25.5));
#10899=CARTESIAN_POINT('Origin',(0.92499923429318,-38.775,25.5));
#10900=CARTESIAN_POINT('Origin',(0.92499923429318,-38.775,23.25));
#10901=CARTESIAN_POINT('Origin',(3.5527136788005E-14,-8.88178419700125E-15,
25.5));
#10902=CARTESIAN_POINT('',(-69.2489962013381,17.7634487498636,25.5));
#10903=CARTESIAN_POINT('',(-39.4347231567848,0.550170181898242,25.5));
#10904=CARTESIAN_POINT('',(-68.4989962013382,19.0624868555403,25.5));
#10905=CARTESIAN_POINT('',(-59.0137711452222,35.4913785739584,25.5));
#10906=CARTESIAN_POINT('',(-64.6018818843081,16.8124868555402,25.5));
#10907=CARTESIAN_POINT('',(-38.6847231567852,1.84920828757452,25.5));
#10908=CARTESIAN_POINT('',(-65.3518818843081,15.5134487498637,25.5));
#10909=CARTESIAN_POINT('',(-60.5416568281922,23.8450029428973,25.5));
#10910=CARTESIAN_POINT('',(-58.2504735732757,11.4134487498637,25.5));
#10911=CARTESIAN_POINT('',(-33.9354618427539,-2.62482981810198,25.5));
#10912=CARTESIAN_POINT('',(-46.6504735732757,31.5052381176625,25.5));
#10913=CARTESIAN_POINT('',(-47.6402485171596,29.790897626797,25.5));
#10914=CARTESIAN_POINT('',(-58.9480343070148,38.6052381176626,25.5));
#10915=CARTESIAN_POINT('',(-28.4842422096235,21.0169595496969,25.5));
#10916=CARTESIAN_POINT('',(-65.7137920973913,26.8866018730254,25.5));
#10917=CARTESIAN_POINT('Origin',(-49.9999999999999,20.7749999999999,25.5));
#10918=CARTESIAN_POINT('Origin',(-44.699820538379,38.775,25.5));
#10919=CARTESIAN_POINT('Origin',(-4.27499999999997,38.775,25.5));
#10920=CARTESIAN_POINT('',(66.5,41.275,25.5));
#10921=CARTESIAN_POINT('',(33.25,41.275,25.5));
#10922=CARTESIAN_POINT('Origin',(66.5,37.275,25.5));
#10923=CARTESIAN_POINT('Origin',(66.5,-37.275,25.5));
#10924=CARTESIAN_POINT('Origin',(-4.27499945838487,-38.775,25.5));
#10925=CARTESIAN_POINT('Origin',(-44.602652822817,-38.775,25.5));
#10926=CARTESIAN_POINT('',(-50.0000000000001,-41.275,25.5));
#10927=CARTESIAN_POINT('',(-25.,-41.275,25.5));
#10928=CARTESIAN_POINT('Origin',(-50.,-20.775,25.5));
#10929=CARTESIAN_POINT('',(-1.32500076570675,38.775,25.5));
#10930=CARTESIAN_POINT('Origin',(0.924999234293242,38.775,25.5));
#10931=CARTESIAN_POINT('',(-21.6100137657068,27.8228348456089,25.499998989105));
#10932=CARTESIAN_POINT('Origin',(-23.8600137657068,27.8228348456089,25.4999999999997));
#10933=CARTESIAN_POINT('',(3.1749992342932,-13.5750001543911,25.4999989891054));
#10934=CARTESIAN_POINT('Origin',(0.924999234293207,-13.5750001543911,25.5000000000001));
#10935=CARTESIAN_POINT('',(-45.2684227657068,2.92283484560897,25.4999989891052));
#10936=CARTESIAN_POINT('Origin',(-47.5184227657068,2.92283484560897,25.5));
#10937=CARTESIAN_POINT('',(-25.0398997657069,-38.0750001543911,25.4999989891055));
#10938=CARTESIAN_POINT('Origin',(-27.2898997657069,-38.0750001543911,25.5000000000003));
#10939=CARTESIAN_POINT('',(-25.0398997657068,-13.5750001543911,25.4999989891054));
#10940=CARTESIAN_POINT('Origin',(-27.2898997657068,-13.5750001543911,25.5000000000001));
#10941=CARTESIAN_POINT('',(-52.9492539401453,38.6925448135572,25.5));
#10942=CARTESIAN_POINT('Origin',(-50.6992539401453,38.6925448135572,25.5));
#10943=CARTESIAN_POINT('',(-69.25,11.8461880340977,25.5));
#10944=CARTESIAN_POINT('Origin',(-67.,11.8461880340977,25.5));
#10945=CARTESIAN_POINT('',(-46.3283693909884,7.51723861628544,25.5));
#10946=CARTESIAN_POINT('',(-45.3121603451548,6.50102957045177,25.5));
#10947=CARTESIAN_POINT('',(-32.86696738917,-5.94416338553304,25.5));
#10948=CARTESIAN_POINT('',(-34.4111227326494,6.50755372542855,25.5));
#10949=CARTESIAN_POINT('Origin',(-39.8612009946691,5.76819796677104,25.5));
#10950=CARTESIAN_POINT('',(-33.4005567533266,7.51811970475134,25.5));
#10951=CARTESIAN_POINT('',(-27.4352304808442,13.4834459772338,25.5));
#10952=CARTESIAN_POINT('',(-33.3810032060028,18.4208931514077,25.5));
#10953=CARTESIAN_POINT('Origin',(-32.6612009946691,12.9681979667711,25.5));
#10954=CARTESIAN_POINT('',(-34.4085058100325,19.4483957554374,25.5));
#10955=CARTESIAN_POINT('',(-20.4305291166508,5.47041906205471,25.5));
#10956=CARTESIAN_POINT('',(-45.3106165821998,19.4239737032741,25.5));
#10957=CARTESIAN_POINT('Origin',(-39.8612009946691,20.1681979667711,25.5));
#10958=CARTESIAN_POINT('',(-46.3160785966966,18.4174908210816,25.5));
#10959=CARTESIAN_POINT('',(-38.8504487396977,25.8907006962609,25.5));
#10960=CARTESIAN_POINT('Origin',(-47.0612009946691,12.9681979667711,25.5));
#10961=CARTESIAN_POINT('',(-16.9688176285181,31.6830369045541,25.5));
#10962=CARTESIAN_POINT('',(-21.1512092888005,31.6830369045541,25.5));
#10963=CARTESIAN_POINT('Origin',(-19.0600134586593,33.0530369045541,25.5));
#10964=CARTESIAN_POINT('',(-21.2600134586593,31.6830369045541,25.4999989891052));
#10965=CARTESIAN_POINT('',(-10.6300067293296,31.6830369045541,25.5));
#10966=CARTESIAN_POINT('',(-21.2600134586593,14.232753652605,25.4999989891052));
#10967=CARTESIAN_POINT('',(-21.2600134586593,7.11637682630248,25.5));
#10968=CARTESIAN_POINT('',(-2.42001345865926,14.232753652605,25.4999989891052));
#10969=CARTESIAN_POINT('',(-1.21000672932962,14.232753652605,25.5));
#10970=CARTESIAN_POINT('',(-2.42001345865926,14.341841074413,25.5));
#10971=CARTESIAN_POINT('',(-2.42001345865926,15.8415184522771,25.5));
#10972=CARTESIAN_POINT('',(-2.42001345865926,18.5242327346954,25.5));
#10973=CARTESIAN_POINT('Origin',(-1.05001345865925,16.4330369045542,25.5));
#10974=CARTESIAN_POINT('',(-2.42001345865926,31.6830369045541,25.4999989891052));
#10975=CARTESIAN_POINT('',(-2.42001345865926,15.8415184522771,25.5));
#10976=CARTESIAN_POINT('',(-10.6300067293296,31.6830369045541,25.5));
#10977=CARTESIAN_POINT('',(-47.7398990077642,-17.7959693242499,25.5));
#10978=CARTESIAN_POINT('',(-47.7398990077642,-21.9783609845323,25.5));
#10979=CARTESIAN_POINT('Origin',(-49.1098990077642,-19.8871651543911,25.5));
#10980=CARTESIAN_POINT('',(-47.7398990077642,-22.0871651543911,25.4999989891052));
#10981=CARTESIAN_POINT('',(-47.7398990077642,-11.0435825771956,25.5));
#10982=CARTESIAN_POINT('',(-30.245205817449,-22.0871651543911,25.4999989891052));
#10983=CARTESIAN_POINT('',(-15.1226029087245,-22.0871651543911,25.5));
#10984=CARTESIAN_POINT('',(-30.245205817449,-3.24716515439112,25.4999989891052));
#10985=CARTESIAN_POINT('',(-30.245205817449,-1.62358257719556,25.5));
#10986=CARTESIAN_POINT('',(-30.3987031776229,-3.24716515439112,25.5));
#10987=CARTESIAN_POINT('',(-23.8699495038821,-3.24716515439112,25.5));
#10988=CARTESIAN_POINT('',(-34.5810948379054,-3.24716515439112,25.5));
#10989=CARTESIAN_POINT('Origin',(-32.4898990077642,-1.87716515439112,25.5));
#10990=CARTESIAN_POINT('',(-47.7398990077642,-3.24716515439114,25.4999989891052));
#10991=CARTESIAN_POINT('',(-23.8699495038821,-3.24716515439112,25.5));
#10992=CARTESIAN_POINT('',(-47.7398990077642,-11.0435825771956,25.5));
#10993=CARTESIAN_POINT('',(-19.0182751039923,-16.8033435971803,25.5));
#10994=CARTESIAN_POINT('',(-20.0049417706589,-17.7900102638469,25.5));
#10995=CARTESIAN_POINT('Origin',(-20.0181873770993,-16.7900979907399,25.5));
#10996=CARTESIAN_POINT('',(-20.0049417706591,-30.7888698142379,25.5));
#10997=CARTESIAN_POINT('Origin',(-19.9188453287967,-24.2894400390424,25.5));
#10998=CARTESIAN_POINT('',(-19.0182751039923,-31.7755364809045,25.5));
#10999=CARTESIAN_POINT('Origin',(-20.0181873770995,-31.788782087345,25.5));
#11000=CARTESIAN_POINT('',(-6.01941555360108,-31.7755364809046,25.5));
#11001=CARTESIAN_POINT('Origin',(-12.5188453287967,-31.6894400390424,25.5));
#11002=CARTESIAN_POINT('',(-5.03274888693436,-30.788869814238,25.5));
#11003=CARTESIAN_POINT('Origin',(-5.01950328049396,-31.7887820873451,25.5));
#11004=CARTESIAN_POINT('',(-5.03274888693446,-17.7900102638468,25.5));
#11005=CARTESIAN_POINT('Origin',(-5.1188453287967,-24.2894400390424,25.5));
#11006=CARTESIAN_POINT('',(-6.01941555360114,-16.8033435971801,25.5));
#11007=CARTESIAN_POINT('Origin',(-5.01950328049407,-16.7900979907398,25.5));
#11008=CARTESIAN_POINT('Origin',(-12.5188453287967,-16.8894400390424,25.5));
#11009=CARTESIAN_POINT('',(-52.852652822817,-38.7716014190475,25.5));
#11010=CARTESIAN_POINT('Origin',(-50.602652822817,-38.7716014190475,25.5));
#11011=CARTESIAN_POINT('',(-69.25,-11.9810173206813,25.5));
#11012=CARTESIAN_POINT('Origin',(-67.,-11.9810173206813,25.5));
#11013=CARTESIAN_POINT('',(-58.7029105616243,-13.5415434610306,25.5));
#11014=CARTESIAN_POINT('',(-62.6000248786543,-15.7915434610306,25.5));
#11015=CARTESIAN_POINT('',(-33.7574889400893,0.860702427211377,25.5));
#11016=CARTESIAN_POINT('',(-63.3500248786543,-14.4925053553539,25.5));
#11017=CARTESIAN_POINT('',(-58.5689912193772,-22.7734985659189,25.5));
#11018=CARTESIAN_POINT('',(-70.4514331896866,-18.5925053553539,25.5));
#11019=CARTESIAN_POINT('',(-40.0067502541204,-1.01525946711198,25.5));
#11020=CARTESIAN_POINT('',(-58.8514331896866,-38.6842947231529,25.5));
#11021=CARTESIAN_POINT('',(-59.8703995304095,-36.9193932498184,25.5));
#11022=CARTESIAN_POINT('',(-46.5538724559476,-31.5842947231529,25.5));
#11023=CARTESIAN_POINT('',(-22.2579698872509,-17.557048834911,25.5));
#11024=CARTESIAN_POINT('',(-58.1538724559476,-11.492505355354,25.5));
#11025=CARTESIAN_POINT('',(-53.3728387966705,-19.7734985659189,25.5));
#11026=CARTESIAN_POINT('',(-59.4529105616243,-12.242505355354,25.5));
#11027=CARTESIAN_POINT('',(-34.5074889400892,2.15974053288792,25.5));
#11028=CARTESIAN_POINT('',(-49.246876902347,-29.9198741969801,25.5));
#11029=CARTESIAN_POINT('',(-24.8466963442131,2.52784493195287,25.5));
#11030=CARTESIAN_POINT('',(-24.8466963442131,-2.52784493195294,25.5));
#11031=CARTESIAN_POINT('',(-24.8466963442131,1.26392246597643,25.5));
#11032=CARTESIAN_POINT('Origin',(-21.7466963442131,-3.5527136788005E-14,
25.5));
#11033=CARTESIAN_POINT('',(-52.4684227657068,9.45749484560898,25.4999989891052));
#11034=CARTESIAN_POINT('Origin',(-54.7184227657068,9.45749484560898,25.4999999999999));
#11035=CARTESIAN_POINT('',(3.17499923429325,11.6330368456089,25.4999989891052));
#11036=CARTESIAN_POINT('Origin',(0.924999234293242,11.6330368456089,25.4999999999999));
#11037=CARTESIAN_POINT('',(-43.2933487657068,27.822834845609,25.499998989105));
#11038=CARTESIAN_POINT('Origin',(-45.5433487657068,27.822834845609,25.4999999999997));
#11039=CARTESIAN_POINT('',(-18.0100137657068,11.6330368456089,25.4999989891052));
#11040=CARTESIAN_POINT('Origin',(-20.2600137657068,11.6330368456089,25.4999999999999));
#11041=CARTESIAN_POINT('',(3.17499923429317,-34.0750001543911,25.4999989891055));
#11042=CARTESIAN_POINT('Origin',(0.924999234293171,-34.0750001543911,25.5000000000002));
#11043=CARTESIAN_POINT('',(-52.4684227657068,-8.69250515439104,25.4999989891053));
#11044=CARTESIAN_POINT('Origin',(-54.7184227657068,-8.69250515439104,25.5000000000001));
#11045=CARTESIAN_POINT('Origin',(0.924999234293242,38.775,25.5));
#11046=CARTESIAN_POINT('',(0.224999234293239,38.775,23.25));
#11047=CARTESIAN_POINT('Origin',(0.924999234293242,38.775,23.25));
#11048=CARTESIAN_POINT('',(0.224999234293239,38.775,25.5));
#11049=CARTESIAN_POINT('',(0.224999234293239,38.775,25.5));
#11050=CARTESIAN_POINT('Origin',(0.924999234293242,38.775,25.5));
#11051=CARTESIAN_POINT('Origin',(0.924999234293242,38.775,25.5));
#11052=CARTESIAN_POINT('',(-1.32500076570675,38.775,23.25));
#11053=CARTESIAN_POINT('Origin',(0.924999234293242,38.775,23.25));
#11054=CARTESIAN_POINT('',(-1.32500076570675,38.775,25.5));
#11055=CARTESIAN_POINT('Origin',(0.924999234293242,38.775,23.25));
#11056=CARTESIAN_POINT('Origin',(3.5527136788005E-14,-8.88178419700125E-15,
25.5));
#11057=CARTESIAN_POINT('Origin',(-50.,42.275,20.));
#11058=CARTESIAN_POINT('',(-50.,42.275,20.));
#11059=CARTESIAN_POINT('Origin',(-50.,20.775,20.));
#11060=CARTESIAN_POINT('',(-71.5,20.775,20.));
#11061=CARTESIAN_POINT('Origin',(-71.5,-20.775,20.));
#11062=CARTESIAN_POINT('',(-71.5,-20.775,20.));
#11063=CARTESIAN_POINT('Origin',(-50.0000000000002,-20.7750000000001,20.));
#11064=CARTESIAN_POINT('Origin',(66.5,-37.275,27.5));
#11065=CARTESIAN_POINT('',(66.5,-43.275,27.5));
#11066=CARTESIAN_POINT('Origin',(-54.7184227657068,-8.69250515439105,23.8699989891053));
#11067=CARTESIAN_POINT('',(-54.0184227657068,-8.69250515439104,25.4999989891053));
#11068=CARTESIAN_POINT('Origin',(-54.7184227657068,-8.69250515439104,25.5000000000001));
#11069=CARTESIAN_POINT('',(-54.0184227657068,-8.69250515439105,23.8699989891053));
#11070=CARTESIAN_POINT('',(-54.0184227657068,-8.69250515439105,23.8699989891053));
#11071=CARTESIAN_POINT('Origin',(-54.7184227657068,-8.69250515439105,23.8699989891053));
#11072=CARTESIAN_POINT('Origin',(-54.7184227657068,-8.69250515439105,23.8699989891053));
#11073=CARTESIAN_POINT('',(-52.4684227657068,-8.69250515439105,23.8699989891053));
#11074=CARTESIAN_POINT('',(-52.4684227657068,-8.69250515439105,23.8699989891053));
#11075=CARTESIAN_POINT('Origin',(-54.7184227657068,-8.69250515439105,23.8699989891053));
#11076=CARTESIAN_POINT('Origin',(-54.7184227657068,-8.69250515439105,23.8699989891053));
#11077=CARTESIAN_POINT('Origin',(3.5527136788005E-14,-8.88178419700125E-15,
25.5));
#11078=CARTESIAN_POINT('Origin',(-23.8600137657068,27.8228348456089,23.869998989105));
#11079=CARTESIAN_POINT('',(-23.1600137657068,27.8228348456089,25.499998989105));
#11080=CARTESIAN_POINT('Origin',(-23.8600137657068,27.8228348456089,25.4999999999997));
#11081=CARTESIAN_POINT('',(-23.1600137657068,27.8228348456089,23.869998989105));
#11082=CARTESIAN_POINT('',(-23.1600137657068,27.8228348456089,23.869998989105));
#11083=CARTESIAN_POINT('Origin',(-23.8600137657068,27.8228348456089,23.869998989105));
#11084=CARTESIAN_POINT('Origin',(-23.8600137657068,27.8228348456089,23.869998989105));
#11085=CARTESIAN_POINT('',(-21.6100137657068,27.8228348456089,23.869998989105));
#11086=CARTESIAN_POINT('',(-21.6100137657068,27.8228348456089,23.869998989105));
#11087=CARTESIAN_POINT('Origin',(-23.8600137657068,27.8228348456089,23.869998989105));
#11088=CARTESIAN_POINT('Origin',(-23.8600137657068,27.8228348456089,23.869998989105));
#11089=CARTESIAN_POINT('Origin',(3.5527136788005E-14,-8.88178419700125E-15,
25.5));
#11090=CARTESIAN_POINT('Origin',(0.924999234293171,-34.0750001543911,23.8699989891055));
#11091=CARTESIAN_POINT('',(1.62499923429317,-34.0750001543911,25.4999989891055));
#11092=CARTESIAN_POINT('Origin',(0.924999234293171,-34.0750001543911,25.5000000000002));
#11093=CARTESIAN_POINT('',(1.62499923429317,-34.0750001543911,23.8699989891055));
#11094=CARTESIAN_POINT('',(1.62499923429317,-34.0750001543911,23.8699989891055));
#11095=CARTESIAN_POINT('Origin',(0.924999234293171,-34.0750001543911,23.8699989891055));
#11096=CARTESIAN_POINT('Origin',(0.924999234293171,-34.0750001543911,23.8699989891055));
#11097=CARTESIAN_POINT('',(3.17499923429317,-34.0750001543911,23.8699989891055));
#11098=CARTESIAN_POINT('',(3.17499923429317,-34.0750001543911,23.8699989891055));
#11099=CARTESIAN_POINT('Origin',(0.924999234293171,-34.0750001543911,23.8699989891055));
#11100=CARTESIAN_POINT('Origin',(0.924999234293171,-34.0750001543911,23.8699989891055));
#11101=CARTESIAN_POINT('Origin',(3.5527136788005E-14,-8.88178419700125E-15,
25.5));
#11102=CARTESIAN_POINT('Origin',(0.924999234293207,-13.5750001543911,23.8699989891054));
#11103=CARTESIAN_POINT('',(1.62499923429321,-13.5750001543911,25.4999989891054));
#11104=CARTESIAN_POINT('Origin',(0.924999234293207,-13.5750001543911,25.5000000000001));
#11105=CARTESIAN_POINT('',(1.62499923429321,-13.5750001543911,23.8699989891054));
#11106=CARTESIAN_POINT('',(1.62499923429321,-13.5750001543911,23.8699989891054));
#11107=CARTESIAN_POINT('Origin',(0.924999234293207,-13.5750001543911,23.8699989891054));
#11108=CARTESIAN_POINT('Origin',(0.924999234293207,-13.5750001543911,23.8699989891054));
#11109=CARTESIAN_POINT('',(3.1749992342932,-13.5750001543911,23.8699989891054));
#11110=CARTESIAN_POINT('',(3.1749992342932,-13.5750001543911,23.8699989891054));
#11111=CARTESIAN_POINT('Origin',(0.924999234293207,-13.5750001543911,23.8699989891054));
#11112=CARTESIAN_POINT('Origin',(0.924999234293207,-13.5750001543911,23.8699989891054));
#11113=CARTESIAN_POINT('Origin',(3.5527136788005E-14,-8.88178419700125E-15,
25.5));
#11114=CARTESIAN_POINT('Origin',(-20.2600137657068,11.6330368456089,23.8699989891052));
#11115=CARTESIAN_POINT('',(-19.5600137657068,11.6330368456089,25.4999989891052));
#11116=CARTESIAN_POINT('Origin',(-20.2600137657068,11.6330368456089,25.4999999999999));
#11117=CARTESIAN_POINT('',(-19.5600137657068,11.6330368456089,23.8699989891052));
#11118=CARTESIAN_POINT('',(-19.5600137657068,11.6330368456089,23.8699989891052));
#11119=CARTESIAN_POINT('Origin',(-20.2600137657068,11.6330368456089,23.8699989891052));
#11120=CARTESIAN_POINT('Origin',(-20.2600137657068,11.6330368456089,23.8699989891052));
#11121=CARTESIAN_POINT('',(-18.0100137657068,11.6330368456089,23.8699989891052));
#11122=CARTESIAN_POINT('',(-18.0100137657068,11.6330368456089,23.8699989891052));
#11123=CARTESIAN_POINT('Origin',(-20.2600137657068,11.6330368456089,23.8699989891052));
#11124=CARTESIAN_POINT('Origin',(-20.2600137657068,11.6330368456089,23.8699989891052));
#11125=CARTESIAN_POINT('Origin',(3.5527136788005E-14,-8.88178419700125E-15,
25.5));
#11126=CARTESIAN_POINT('Origin',(-47.5184227657068,2.92283484560897,23.8699989891052));
#11127=CARTESIAN_POINT('',(-46.8184227657068,2.92283484560897,25.4999989891052));
#11128=CARTESIAN_POINT('Origin',(-47.5184227657068,2.92283484560897,25.5));
#11129=CARTESIAN_POINT('',(-46.8184227657068,2.92283484560897,23.8699989891052));
#11130=CARTESIAN_POINT('',(-46.8184227657068,2.92283484560897,23.8699989891052));
#11131=CARTESIAN_POINT('Origin',(-47.5184227657068,2.92283484560897,23.8699989891052));
#11132=CARTESIAN_POINT('Origin',(-47.5184227657068,2.92283484560897,23.8699989891052));
#11133=CARTESIAN_POINT('',(-45.2684227657068,2.92283484560897,23.8699989891052));
#11134=CARTESIAN_POINT('',(-45.2684227657068,2.92283484560897,23.8699989891052));
#11135=CARTESIAN_POINT('Origin',(-47.5184227657068,2.92283484560897,23.8699989891052));
#11136=CARTESIAN_POINT('Origin',(-47.5184227657068,2.92283484560897,23.8699989891052));
#11137=CARTESIAN_POINT('Origin',(3.5527136788005E-14,-8.88178419700125E-15,
25.5));
#11138=CARTESIAN_POINT('Origin',(-45.5433487657068,27.8228348456089,23.869998989105));
#11139=CARTESIAN_POINT('',(-44.8433487657068,27.822834845609,25.499998989105));
#11140=CARTESIAN_POINT('Origin',(-45.5433487657068,27.822834845609,25.4999999999997));
#11141=CARTESIAN_POINT('',(-44.8433487657068,27.8228348456089,23.869998989105));
#11142=CARTESIAN_POINT('',(-44.8433487657068,27.8228348456089,23.869998989105));
#11143=CARTESIAN_POINT('Origin',(-45.5433487657068,27.8228348456089,23.869998989105));
#11144=CARTESIAN_POINT('Origin',(-45.5433487657068,27.8228348456089,23.869998989105));
#11145=CARTESIAN_POINT('',(-43.2933487657068,27.8228348456089,23.869998989105));
#11146=CARTESIAN_POINT('',(-43.2933487657068,27.8228348456089,23.869998989105));
#11147=CARTESIAN_POINT('Origin',(-45.5433487657068,27.8228348456089,23.869998989105));
#11148=CARTESIAN_POINT('Origin',(-45.5433487657068,27.8228348456089,23.869998989105));
#11149=CARTESIAN_POINT('Origin',(3.5527136788005E-14,-8.88178419700125E-15,
25.5));
#11150=CARTESIAN_POINT('Origin',(-27.2898997657069,-38.0750001543911,23.8699989891055));
#11151=CARTESIAN_POINT('',(-26.5898997657069,-38.0750001543911,25.4999989891055));
#11152=CARTESIAN_POINT('Origin',(-27.2898997657069,-38.0750001543911,25.5000000000003));
#11153=CARTESIAN_POINT('',(-26.5898997657069,-38.0750001543911,23.8699989891055));
#11154=CARTESIAN_POINT('',(-26.5898997657069,-38.0750001543911,23.8699989891055));
#11155=CARTESIAN_POINT('Origin',(-27.2898997657069,-38.0750001543911,23.8699989891055));
#11156=CARTESIAN_POINT('Origin',(-27.2898997657069,-38.0750001543911,23.8699989891055));
#11157=CARTESIAN_POINT('',(-25.0398997657069,-38.0750001543911,23.8699989891055));
#11158=CARTESIAN_POINT('',(-25.0398997657069,-38.0750001543911,23.8699989891055));
#11159=CARTESIAN_POINT('Origin',(-27.2898997657069,-38.0750001543911,23.8699989891055));
#11160=CARTESIAN_POINT('Origin',(-27.2898997657069,-38.0750001543911,23.8699989891055));
#11161=CARTESIAN_POINT('Origin',(3.5527136788005E-14,-8.88178419700125E-15,
25.5));
#11162=CARTESIAN_POINT('Origin',(0.924999234293242,11.6330368456089,23.8699989891052));
#11163=CARTESIAN_POINT('',(1.62499923429325,11.6330368456089,25.4999989891052));
#11164=CARTESIAN_POINT('Origin',(0.924999234293242,11.6330368456089,25.4999999999999));
#11165=CARTESIAN_POINT('',(1.62499923429325,11.6330368456089,23.8699989891052));
#11166=CARTESIAN_POINT('',(1.62499923429325,11.6330368456089,23.8699989891052));
#11167=CARTESIAN_POINT('Origin',(0.924999234293242,11.6330368456089,23.8699989891052));
#11168=CARTESIAN_POINT('Origin',(0.924999234293242,11.6330368456089,23.8699989891052));
#11169=CARTESIAN_POINT('',(3.17499923429325,11.6330368456089,23.8699989891052));
#11170=CARTESIAN_POINT('',(3.17499923429325,11.6330368456089,23.8699989891052));
#11171=CARTESIAN_POINT('Origin',(0.924999234293242,11.6330368456089,23.8699989891052));
#11172=CARTESIAN_POINT('Origin',(0.924999234293242,11.6330368456089,23.8699989891052));
#11173=CARTESIAN_POINT('Origin',(3.5527136788005E-14,-8.88178419700125E-15,
25.5));
#11174=CARTESIAN_POINT('Origin',(-27.2898997657068,-13.5750001543911,23.8699989891054));
#11175=CARTESIAN_POINT('',(-26.5898997657068,-13.5750001543911,25.4999989891054));
#11176=CARTESIAN_POINT('Origin',(-27.2898997657068,-13.5750001543911,25.5000000000001));
#11177=CARTESIAN_POINT('',(-26.5898997657068,-13.5750001543911,23.8699989891054));
#11178=CARTESIAN_POINT('Origin',(-27.2898997657068,-13.5750001543911,23.8699989891054));
#11179=CARTESIAN_POINT('',(-25.0398997657068,-13.5750001543911,23.8699989891054));
#11180=CARTESIAN_POINT('Origin',(3.5527136788005E-14,-8.88178419700125E-15,
25.5));
#11181=CARTESIAN_POINT('Origin',(-54.7184227657068,9.45749484560896,23.8699989891052));
#11182=CARTESIAN_POINT('',(-54.0184227657068,9.45749484560898,25.4999989891052));
#11183=CARTESIAN_POINT('Origin',(-54.7184227657068,9.45749484560898,25.4999999999999));
#11184=CARTESIAN_POINT('',(-54.0184227657068,9.45749484560896,23.8699989891052));
#11185=CARTESIAN_POINT('',(-54.0184227657068,9.45749484560896,23.8699989891052));
#11186=CARTESIAN_POINT('Origin',(-54.7184227657068,9.45749484560896,23.8699989891052));
#11187=CARTESIAN_POINT('Origin',(-54.7184227657068,9.45749484560896,23.8699989891052));
#11188=CARTESIAN_POINT('',(-52.4684227657068,9.45749484560896,23.8699989891052));
#11189=CARTESIAN_POINT('',(-52.4684227657068,9.45749484560896,23.8699989891052));
#11190=CARTESIAN_POINT('Origin',(-54.7184227657068,9.45749484560896,23.8699989891052));
#11191=CARTESIAN_POINT('Origin',(-54.7184227657068,9.45749484560896,23.8699989891052));
#11192=CARTESIAN_POINT('Origin',(3.5527136788005E-14,-8.88178419700125E-15,
25.5));
#11193=CARTESIAN_POINT('Origin',(-24.8466963442131,2.52784493195287,25.5));
#11194=CARTESIAN_POINT('',(-24.8466963442131,2.52784493195287,26.5));
#11195=CARTESIAN_POINT('',(-24.8466963442131,2.52784493195287,25.5));
#11196=CARTESIAN_POINT('',(-24.8466963442131,-3.5527136788005E-14,26.5));
#11197=CARTESIAN_POINT('',(-24.8466963442131,-2.52784493195294,26.5));
#11198=CARTESIAN_POINT('',(-24.8466963442131,-2.52784493195294,26.5));
#11199=CARTESIAN_POINT('',(-24.8466963442131,-2.52784493195294,26.5));
#11200=CARTESIAN_POINT('',(-24.8466963442131,-2.52784493195294,25.5));
#11201=CARTESIAN_POINT('Origin',(-21.7466963442131,-3.5527136788005E-14,
25.5));
#11202=CARTESIAN_POINT('Origin',(-21.7466963442131,-3.5527136788005E-14,
26.5));
#11203=CARTESIAN_POINT('Origin',(8.88178419700125E-15,-8.88178419700125E-15,
26.5));
#11204=CARTESIAN_POINT('',(-18.6466963442131,-3.59067772957407E-14,26.5));
#11205=CARTESIAN_POINT('Origin',(-21.7466963442131,-3.5527136788005E-14,
26.5));
#11206=CARTESIAN_POINT('Origin',(-21.7466963442131,-3.5527136788005E-14,
26.5));
#11207=CARTESIAN_POINT('Origin',(-21.7466963442131,-3.5527136788005E-14,
27.5));
#11208=CARTESIAN_POINT('',(-18.6466963442131,-3.59067772957407E-14,27.5));
#11209=CARTESIAN_POINT('Origin',(66.554,-37.329,23.25));
#11210=CARTESIAN_POINT('',(65.854,-37.329,23.25));
#11211=CARTESIAN_POINT('',(65.854,-37.329,23.25));
#11212=CARTESIAN_POINT('Origin',(66.554,-37.329,23.25));
#11213=CARTESIAN_POINT('Origin',(66.554,-35.075,23.25));
#11214=CARTESIAN_POINT('',(66.554,-35.075,23.25));
#11215=CARTESIAN_POINT('',(66.554,-35.075,23.25));
#11216=CARTESIAN_POINT('',(70.5,-35.075,23.25));
#11217=CARTESIAN_POINT('Origin',(66.554,-37.329,23.25));
#11218=CARTESIAN_POINT('',(64.3,-37.329,23.25));
#11219=CARTESIAN_POINT('Origin',(66.554,-37.329,23.25));
#11220=CARTESIAN_POINT('',(64.3,-37.329,23.25));
#11221=CARTESIAN_POINT('Origin',(64.3,-41.275,23.25));
#11222=CARTESIAN_POINT('',(64.3,-37.329,23.25));
#11223=CARTESIAN_POINT('Origin',(67.4,-38.175,23.25));
#11224=CARTESIAN_POINT('Origin',(66.5,-37.275,23.25));
#11225=CARTESIAN_POINT('Origin',(66.5,-37.275,25.5));
#11226=CARTESIAN_POINT('Origin',(66.55,37.325,23.25));
#11227=CARTESIAN_POINT('',(65.85,37.325,23.25));
#11228=CARTESIAN_POINT('Origin',(64.3,37.325,23.25));
#11229=CARTESIAN_POINT('',(64.3,41.275,24.375));
#11230=CARTESIAN_POINT('',(64.3,37.325,23.25));
#11231=CARTESIAN_POINT('Origin',(66.55,37.325,23.25));
#11232=CARTESIAN_POINT('Origin',(-44.699820538379,38.775,25.5));
#11233=CARTESIAN_POINT('',(-45.399820538379,38.775,25.5));
#11234=CARTESIAN_POINT('',(-45.399820538379,38.775,25.5));
#11235=CARTESIAN_POINT('Origin',(-44.699820538379,38.775,25.5));
#11236=CARTESIAN_POINT('Origin',(-44.699820538379,38.775,25.5));
#11237=CARTESIAN_POINT('Origin',(66.5,41.275,25.5));
#11238=CARTESIAN_POINT('',(66.5,41.275,25.5));
#11239=CARTESIAN_POINT('Origin',(3.5527136788005E-14,-8.88178419700125E-15,
25.5));
#11240=CARTESIAN_POINT('Origin',(-4.27499945838487,-38.775,25.5));
#11241=CARTESIAN_POINT('',(-4.97499945838487,-38.775,25.5));
#11242=CARTESIAN_POINT('',(-4.97499945838487,-38.775,25.5));
#11243=CARTESIAN_POINT('Origin',(-4.27499945838487,-38.775,25.5));
#11244=CARTESIAN_POINT('Origin',(-4.27499945838487,-38.775,25.5));
#11245=CARTESIAN_POINT('Origin',(3.5527136788005E-14,-8.88178419700125E-15,
25.5));
#11246=CARTESIAN_POINT('Origin',(-4.27499999999997,38.775,25.5));
#11247=CARTESIAN_POINT('',(-4.97499999999997,38.775,25.5));
#11248=CARTESIAN_POINT('',(-4.97499999999997,38.775,25.5));
#11249=CARTESIAN_POINT('Origin',(-4.27499999999997,38.775,25.5));
#11250=CARTESIAN_POINT('Origin',(-4.27499999999997,38.775,25.5));
#11251=CARTESIAN_POINT('Origin',(3.5527136788005E-14,-8.88178419700125E-15,
25.5));
#11252=CARTESIAN_POINT('Origin',(-44.602652822817,-38.775,25.5));
#11253=CARTESIAN_POINT('',(-45.3026528228171,-38.775,25.5));
#11254=CARTESIAN_POINT('',(-45.3026528228171,-38.775,25.5));
#11255=CARTESIAN_POINT('Origin',(-44.602652822817,-38.775,25.5));
#11256=CARTESIAN_POINT('Origin',(-44.602652822817,-38.775,25.5));
#11257=CARTESIAN_POINT('Origin',(3.5527136788005E-14,-8.88178419700125E-15,
25.5));
#11258=CARTESIAN_POINT('Origin',(-58.5992539401453,25.009343433763,26.75));
#11259=CARTESIAN_POINT('',(-58.3989962013382,36.5562000119859,26.75));
#11260=CARTESIAN_POINT('',(-68.4989962013382,19.0624868555403,26.75));
#11261=CARTESIAN_POINT('',(-58.3989962013382,36.5562000119859,26.75));
#11262=CARTESIAN_POINT('',(-48.6995116789524,30.9562000119859,26.75));
#11263=CARTESIAN_POINT('',(-48.6995116789524,30.9562000119859,26.75));
#11264=CARTESIAN_POINT('',(-58.7995116789524,13.4624868555402,26.75));
#11265=CARTESIAN_POINT('',(-58.7995116789524,13.4624868555402,26.75));
#11266=CARTESIAN_POINT('',(-68.4989962013382,19.0624868555403,26.75));
#11267=CARTESIAN_POINT('',(-57.7511777287924,20.4782545205176,26.75));
#11268=CARTESIAN_POINT('',(-62.9473301514989,23.4782545205175,26.75));
#11269=CARTESIAN_POINT('',(-59.0502158344689,21.2282545205175,26.75));
#11270=CARTESIAN_POINT('',(-56.385152325008,20.844279924302,26.75));
#11271=CARTESIAN_POINT('Origin',(-57.2511777287924,21.3442799243021,26.75));
#11272=CARTESIAN_POINT('',(-56.1351523250079,21.2772926261943,26.75));
#11273=CARTESIAN_POINT('',(-55.6351523250079,22.1433180299786,26.75));
#11274=CARTESIAN_POINT('',(-56.5011777287924,22.6433180299788,26.75));
#11275=CARTESIAN_POINT('Origin',(-57.0011777287924,21.7772926261943,26.75));
#11276=CARTESIAN_POINT('',(-61.6973301514989,25.6433180299787,26.75));
#11277=CARTESIAN_POINT('',(-60.3982920458221,24.8933180299786,26.75));
#11278=CARTESIAN_POINT('',(-63.0633555552834,25.2772926261942,26.75));
#11279=CARTESIAN_POINT('Origin',(-62.1973301514989,24.7772926261942,26.75));
#11280=CARTESIAN_POINT('',(-63.3133555552834,24.8442799243021,26.75));
#11281=CARTESIAN_POINT('',(-62.6883555552834,25.9268116790327,26.75));
#11282=CARTESIAN_POINT('Origin',(-62.4473301514988,24.3442799243021,26.75));
#11283=CARTESIAN_POINT('',(-59.4473301514984,29.5404323470084,26.75));
#11284=CARTESIAN_POINT('',(-54.2511777287923,26.5404323470087,26.75));
#11285=CARTESIAN_POINT('',(-58.1482920458219,28.7904323470085,26.75));
#11286=CARTESIAN_POINT('',(-60.813355555283,29.174406943224,26.75));
#11287=CARTESIAN_POINT('Origin',(-59.9473301514985,28.6744069432239,26.75));
#11288=CARTESIAN_POINT('',(-61.0633555552829,28.7413942413319,26.75));
#11289=CARTESIAN_POINT('',(-61.5633555552829,27.8753688375475,26.75));
#11290=CARTESIAN_POINT('',(-60.6973301514984,27.3753688375473,26.75));
#11291=CARTESIAN_POINT('Origin',(-60.1973301514984,28.2413942413319,26.75));
#11292=CARTESIAN_POINT('',(-55.5011777287923,24.3753688375476,26.75));
#11293=CARTESIAN_POINT('',(-56.8002158344688,25.1253688375475,26.75));
#11294=CARTESIAN_POINT('',(-54.1351523250079,24.741394241332,26.75));
#11295=CARTESIAN_POINT('Origin',(-55.0011777287923,25.241394241332,26.75));
#11296=CARTESIAN_POINT('',(-53.8851523250079,25.1744069432242,26.75));
#11297=CARTESIAN_POINT('',(-54.5101523250079,24.0918751884937,26.75));
#11298=CARTESIAN_POINT('Origin',(-54.7511777287923,25.6744069432242,26.75));
#11299=CARTESIAN_POINT('',(-58.3851523250078,17.3801783091642,26.75));
#11300=CARTESIAN_POINT('',(-58.6351523250078,16.9471656072719,26.75));
#11301=CARTESIAN_POINT('',(-56.7601523250077,20.1947608714635,26.75));
#11302=CARTESIAN_POINT('',(-58.7511777287922,18.7462037129486,26.75));
#11303=CARTESIAN_POINT('Origin',(-59.2511777287923,17.8801783091642,26.75));
#11304=CARTESIAN_POINT('',(-63.9473301514989,21.7462037129487,26.75));
#11305=CARTESIAN_POINT('',(-62.6482920458221,20.9962037129486,26.75));
#11306=CARTESIAN_POINT('',(-65.3133555552833,21.3801783091642,26.75));
#11307=CARTESIAN_POINT('Origin',(-64.4473301514988,20.8801783091641,26.75));
#11308=CARTESIAN_POINT('',(-65.5633555552833,20.947165607272,26.75));
#11309=CARTESIAN_POINT('',(-63.8133555552833,23.9782545205176,26.75));
#11310=CARTESIAN_POINT('',(-65.1973301514988,19.5811402034875,26.75));
#11311=CARTESIAN_POINT('Origin',(-64.6973301514988,20.447165607272,26.75));
#11312=CARTESIAN_POINT('',(-60.0011777287923,16.5811402034875,26.75));
#11313=CARTESIAN_POINT('',(-61.3002158344688,17.3311402034875,26.75));
#11314=CARTESIAN_POINT('Origin',(-59.5011777287923,17.447165607272,26.75));
#11315=CARTESIAN_POINT('',(-57.1973301514984,33.4375466640384,26.75));
#11316=CARTESIAN_POINT('',(-52.001177728792,30.4375466640385,26.75));
#11317=CARTESIAN_POINT('',(-55.8982920458219,32.6875466640385,26.75));
#11318=CARTESIAN_POINT('',(-58.563355555283,33.071521260254,26.75));
#11319=CARTESIAN_POINT('Origin',(-57.6973301514985,32.5715212602539,26.75));
#11320=CARTESIAN_POINT('',(-58.8133555552829,32.6385085583619,26.75));
#11321=CARTESIAN_POINT('',(-60.438355555283,29.8239259960625,26.75));
#11322=CARTESIAN_POINT('',(-58.4473301514984,31.2724831545773,26.75));
#11323=CARTESIAN_POINT('Origin',(-57.9473301514984,32.1385085583618,26.75));
#11324=CARTESIAN_POINT('',(-53.251177728792,28.2724831545774,26.75));
#11325=CARTESIAN_POINT('',(-54.5502158344687,29.0224831545774,26.75));
#11326=CARTESIAN_POINT('',(-51.8851523250076,28.6385085583619,26.75));
#11327=CARTESIAN_POINT('Origin',(-52.751177728792,29.1385085583619,26.75));
#11328=CARTESIAN_POINT('',(-51.6351523250076,29.071521260254,26.75));
#11329=CARTESIAN_POINT('',(-53.3851523250077,26.0404323470085,26.75));
#11330=CARTESIAN_POINT('Origin',(-52.501177728792,29.571521260254,26.75));
#11331=CARTESIAN_POINT('Origin',(-58.5026528228171,-25.0884000392534,26.75));
#11332=CARTESIAN_POINT('',(-48.6029105616242,-31.0352566174762,26.75));
#11333=CARTESIAN_POINT('',(-58.7029105616243,-13.5415434610306,26.75));
#11334=CARTESIAN_POINT('',(-48.6029105616242,-31.0352566174762,26.75));
#11335=CARTESIAN_POINT('',(-58.3023950840099,-36.6352566174762,26.75));
#11336=CARTESIAN_POINT('',(-58.3023950840099,-36.6352566174762,26.75));
#11337=CARTESIAN_POINT('',(-68.40239508401,-19.1415434610306,26.75));
#11338=CARTESIAN_POINT('',(-68.40239508401,-19.1415434610306,26.75));
#11339=CARTESIAN_POINT('',(-58.7029105616243,-13.5415434610306,26.75));
#11340=CARTESIAN_POINT('',(-57.6545764695113,-20.5573110440515,26.75));
#11341=CARTESIAN_POINT('',(-56.2885510657268,-20.923336447836,26.75));
#11342=CARTESIAN_POINT('Origin',(-57.1545764695113,-21.4233364478359,26.75));
#11343=CARTESIAN_POINT('',(-62.8507288922179,-23.5573110440516,26.75));
#11344=CARTESIAN_POINT('',(-61.5516908575175,-22.8073110850297,26.75));
#11345=CARTESIAN_POINT('',(-63.2167542960023,-24.923336447836,26.75));
#11346=CARTESIAN_POINT('Origin',(-62.3507288922179,-24.423336447836,26.75));
#11347=CARTESIAN_POINT('',(-62.9667542960023,-25.3563491497282,26.75));
#11348=CARTESIAN_POINT('',(-62.4667542960024,-26.2223745535126,26.75));
#11349=CARTESIAN_POINT('',(-61.6007288922179,-25.7223745535126,26.75));
#11350=CARTESIAN_POINT('Origin',(-62.1007288922179,-24.8563491497282,26.75));
#11351=CARTESIAN_POINT('',(-56.4045764695113,-22.7223745535126,26.75));
#11352=CARTESIAN_POINT('',(-57.7036146461642,-23.4723745944908,26.75));
#11353=CARTESIAN_POINT('',(-56.0385510657268,-21.3563491497282,26.75));
#11354=CARTESIAN_POINT('Origin',(-56.9045764695113,-21.8563491497282,26.75));
#11355=CARTESIAN_POINT('',(-55.6635510657268,-22.0058682025666,26.75));
#11356=CARTESIAN_POINT('',(-53.788551065727,-25.2534634667582,26.75));
#11357=CARTESIAN_POINT('',(-54.1545764695114,-26.6194888705427,26.75));
#11358=CARTESIAN_POINT('Origin',(-54.6545764695115,-25.7534634667582,26.75));
#11359=CARTESIAN_POINT('',(-54.038551065727,-24.820450764866,26.75));
#11360=CARTESIAN_POINT('',(-54.5385510657269,-23.9544253610816,26.75));
#11361=CARTESIAN_POINT('',(-55.4045764695114,-24.4544253610816,26.75));
#11362=CARTESIAN_POINT('Origin',(-54.9045764695114,-25.320450764866,26.75));
#11363=CARTESIAN_POINT('',(-60.600728892218,-27.4544253610816,26.75));
#11364=CARTESIAN_POINT('',(-59.3016908575176,-26.7044254020597,26.75));
#11365=CARTESIAN_POINT('',(-60.9667542960025,-28.820450764866,26.75));
#11366=CARTESIAN_POINT('Origin',(-60.100728892218,-28.320450764866,26.75));
#11367=CARTESIAN_POINT('',(-60.7167542960025,-29.2534634667582,26.75));
#11368=CARTESIAN_POINT('',(-61.3417542960025,-28.1709317120276,26.75));
#11369=CARTESIAN_POINT('',(-59.350728892218,-29.6194888705427,26.75));
#11370=CARTESIAN_POINT('Origin',(-59.850728892218,-28.7534634667583,26.75));
#11371=CARTESIAN_POINT('',(-55.4536146461643,-27.3694889115208,26.75));
#11372=CARTESIAN_POINT('',(-59.9045764695112,-16.6601967270215,26.75));
#11373=CARTESIAN_POINT('',(-58.5385510657267,-17.0262221308059,26.75));
#11374=CARTESIAN_POINT('Origin',(-59.4045764695112,-17.5262221308059,26.75));
#11375=CARTESIAN_POINT('',(-65.1007288922178,-19.6601967270215,26.75));
#11376=CARTESIAN_POINT('',(-63.8016908575175,-18.9101967679997,26.75));
#11377=CARTESIAN_POINT('',(-65.4667542960022,-21.0262221308059,26.75));
#11378=CARTESIAN_POINT('Origin',(-64.6007288922178,-20.5262221308059,26.75));
#11379=CARTESIAN_POINT('',(-65.2167542960022,-21.4592348326982,26.75));
#11380=CARTESIAN_POINT('',(-63.5917542960023,-24.2738173949976,26.75));
#11381=CARTESIAN_POINT('',(-63.8507288922178,-21.8252602364826,26.75));
#11382=CARTESIAN_POINT('Origin',(-64.3507288922178,-20.9592348326982,26.75));
#11383=CARTESIAN_POINT('',(-58.6545764695112,-18.8252602364826,26.75));
#11384=CARTESIAN_POINT('',(-59.9536146461641,-19.5752602774608,26.75));
#11385=CARTESIAN_POINT('',(-58.2885510657267,-17.4592348326981,26.75));
#11386=CARTESIAN_POINT('Origin',(-59.1545764695112,-17.9592348326981,26.75));
#11387=CARTESIAN_POINT('',(-56.7885510657268,-20.0573110440515,26.75));
#11388=CARTESIAN_POINT('',(-58.4667542960026,-33.1505777837883,26.75));
#11389=CARTESIAN_POINT('',(-58.7167542960026,-32.7175650818961,26.75));
#11390=CARTESIAN_POINT('',(-60.2167542960026,-30.1194888705427,26.75));
#11391=CARTESIAN_POINT('',(-57.1007288922181,-33.5166031875727,26.75));
#11392=CARTESIAN_POINT('Origin',(-57.6007288922182,-32.6505777837883,26.75));
#11393=CARTESIAN_POINT('',(-51.9045764695115,-30.5166031875727,26.75));
#11394=CARTESIAN_POINT('',(-53.2036146461643,-31.2666032285508,26.75));
#11395=CARTESIAN_POINT('',(-51.5385510657271,-29.1505777837883,26.75));
#11396=CARTESIAN_POINT('Origin',(-52.4045764695116,-29.6505777837883,26.75));
#11397=CARTESIAN_POINT('',(-51.7885510657271,-28.7175650818961,26.75));
#11398=CARTESIAN_POINT('',(-53.4135510657272,-25.9029825195966,26.75));
#11399=CARTESIAN_POINT('',(-53.1545764695115,-28.3515396781116,26.75));
#11400=CARTESIAN_POINT('Origin',(-52.6545764695115,-29.217565081896,26.75));
#11401=CARTESIAN_POINT('',(-58.3507288922181,-31.3515396781116,26.75));
#11402=CARTESIAN_POINT('',(-57.0516908575176,-30.6015397190897,26.75));
#11403=CARTESIAN_POINT('Origin',(-57.8507288922181,-32.2175650818961,26.75));
#11404=CARTESIAN_POINT('Origin',(-61.6973301514989,25.6433180299787,26.7499989891052));
#11405=CARTESIAN_POINT('',(-56.5011777287924,22.6433180299788,26.7499989891052));
#11406=CARTESIAN_POINT('',(-61.6973301514989,25.6433180299787,26.7499989891052));
#11407=CARTESIAN_POINT('Origin',(-57.0011777287924,21.7772926261943,26.7499989891052));
#11408=CARTESIAN_POINT('',(-56.1351523250079,21.2772926261943,26.7499989891052));
#11409=CARTESIAN_POINT('Origin',(-56.1351523250079,21.2772926261943,26.7499989891052));
#11410=CARTESIAN_POINT('',(-56.385152325008,20.844279924302,26.7499989891052));
#11411=CARTESIAN_POINT('Origin',(-57.2511777287924,21.3442799243021,26.7499989891052));
#11412=CARTESIAN_POINT('',(-57.7511777287924,20.4782545205176,26.7499989891052));
#11413=CARTESIAN_POINT('Origin',(-55.5011777287923,24.3753688375476,26.7499989891052));
#11414=CARTESIAN_POINT('',(-60.6973301514984,27.3753688375473,26.7499989891052));
#11415=CARTESIAN_POINT('',(-55.5011777287923,24.3753688375476,26.7499989891052));
#11416=CARTESIAN_POINT('Origin',(-60.1973301514984,28.2413942413319,26.7499989891052));
#11417=CARTESIAN_POINT('',(-61.0633555552829,28.7413942413319,26.7499989891052));
#11418=CARTESIAN_POINT('Origin',(-61.0633555552829,28.7413942413319,26.7499989891052));
#11419=CARTESIAN_POINT('',(-60.813355555283,29.174406943224,26.7499989891052));
#11420=CARTESIAN_POINT('Origin',(-59.9473301514985,28.6744069432239,26.7499989891052));
#11421=CARTESIAN_POINT('',(-59.4473301514984,29.5404323470084,26.7499989891052));
#11422=CARTESIAN_POINT('Origin',(-65.5633555552833,20.947165607272,26.7499989891052));
#11423=CARTESIAN_POINT('',(-65.3133555552833,21.3801783091642,26.7499989891052));
#11424=CARTESIAN_POINT('',(-65.5633555552833,20.947165607272,26.7499989891052));
#11425=CARTESIAN_POINT('Origin',(-64.4473301514988,20.8801783091641,26.7499989891052));
#11426=CARTESIAN_POINT('',(-63.9473301514989,21.7462037129487,26.7499989891052));
#11427=CARTESIAN_POINT('Origin',(-63.9473301514989,21.7462037129487,26.7499989891052));
#11428=CARTESIAN_POINT('',(-58.7511777287922,18.7462037129486,26.7499989891052));
#11429=CARTESIAN_POINT('Origin',(-59.2511777287923,17.8801783091642,26.7499989891052));
#11430=CARTESIAN_POINT('',(-58.3851523250078,17.3801783091642,26.7499989891052));
#11431=CARTESIAN_POINT('Origin',(-53.251177728792,28.2724831545774,26.7499989891052));
#11432=CARTESIAN_POINT('',(-58.4473301514984,31.2724831545773,26.7499989891052));
#11433=CARTESIAN_POINT('',(-53.251177728792,28.2724831545774,26.7499989891052));
#11434=CARTESIAN_POINT('Origin',(-57.9473301514984,32.1385085583618,26.7499989891052));
#11435=CARTESIAN_POINT('',(-58.8133555552829,32.6385085583619,26.7499989891052));
#11436=CARTESIAN_POINT('Origin',(-58.8133555552829,32.6385085583619,26.7499989891052));
#11437=CARTESIAN_POINT('',(-58.563355555283,33.071521260254,26.7499989891052));
#11438=CARTESIAN_POINT('Origin',(-57.6973301514985,32.5715212602539,26.7499989891052));
#11439=CARTESIAN_POINT('',(-57.1973301514984,33.4375466640384,26.7499989891052));
#11440=CARTESIAN_POINT('Origin',(-62.1007288922179,-24.8563491497282,26.7499989891052));
#11441=CARTESIAN_POINT('',(-62.9667542960023,-25.3563491497282,26.7499989891052));
#11442=CARTESIAN_POINT('',(-61.6007288922179,-25.7223745535126,26.7499989891052));
#11443=CARTESIAN_POINT('Origin',(-62.9667542960023,-25.3563491497282,26.7499989891052));
#11444=CARTESIAN_POINT('',(-63.2167542960023,-24.923336447836,26.7499989891052));
#11445=CARTESIAN_POINT('Origin',(-62.3507288922179,-24.423336447836,26.7499989891052));
#11446=CARTESIAN_POINT('',(-62.8507288922179,-23.5573110440516,26.7499989891052));
#11447=CARTESIAN_POINT('Origin',(-62.8507288922179,-23.5573110440516,26.7499989891052));
#11448=CARTESIAN_POINT('',(-57.6545764695113,-20.5573110440515,26.7499989891052));
#11449=CARTESIAN_POINT('Origin',(-60.100728892218,-28.320450764866,26.7499989891052));
#11450=CARTESIAN_POINT('',(-60.600728892218,-27.4544253610816,26.7499989891052));
#11451=CARTESIAN_POINT('',(-60.9667542960025,-28.820450764866,26.7499989891052));
#11452=CARTESIAN_POINT('Origin',(-60.600728892218,-27.4544253610816,26.7499989891052));
#11453=CARTESIAN_POINT('',(-55.4045764695114,-24.4544253610816,26.7499989891052));
#11454=CARTESIAN_POINT('Origin',(-54.9045764695114,-25.320450764866,26.7499989891052));
#11455=CARTESIAN_POINT('',(-54.038551065727,-24.820450764866,26.7499989891052));
#11456=CARTESIAN_POINT('Origin',(-54.038551065727,-24.820450764866,26.7499989891052));
#11457=CARTESIAN_POINT('',(-53.788551065727,-25.2534634667582,26.7499989891052));
#11458=CARTESIAN_POINT('Origin',(-64.3507288922178,-20.9592348326982,26.7499989891052));
#11459=CARTESIAN_POINT('',(-65.2167542960022,-21.4592348326982,26.7499989891052));
#11460=CARTESIAN_POINT('',(-63.8507288922178,-21.8252602364826,26.7499989891052));
#11461=CARTESIAN_POINT('Origin',(-65.2167542960022,-21.4592348326982,26.7499989891052));
#11462=CARTESIAN_POINT('',(-65.4667542960022,-21.0262221308059,26.7499989891052));
#11463=CARTESIAN_POINT('Origin',(-64.6007288922178,-20.5262221308059,26.7499989891052));
#11464=CARTESIAN_POINT('',(-65.1007288922178,-19.6601967270215,26.7499989891052));
#11465=CARTESIAN_POINT('Origin',(-65.1007288922178,-19.6601967270215,26.7499989891052));
#11466=CARTESIAN_POINT('',(-59.9045764695112,-16.6601967270215,26.7499989891052));
#11467=CARTESIAN_POINT('Origin',(-51.7885510657271,-28.7175650818961,26.7499989891052));
#11468=CARTESIAN_POINT('',(-51.5385510657271,-29.1505777837883,26.7499989891052));
#11469=CARTESIAN_POINT('',(-51.7885510657271,-28.7175650818961,26.7499989891052));
#11470=CARTESIAN_POINT('Origin',(-52.4045764695116,-29.6505777837883,26.7499989891052));
#11471=CARTESIAN_POINT('',(-51.9045764695115,-30.5166031875727,26.7499989891052));
#11472=CARTESIAN_POINT('Origin',(-51.9045764695115,-30.5166031875727,26.7499989891052));
#11473=CARTESIAN_POINT('',(-57.1007288922181,-33.5166031875727,26.7499989891052));
#11474=CARTESIAN_POINT('Origin',(-57.6007288922182,-32.6505777837883,26.7499989891052));
#11475=CARTESIAN_POINT('',(-58.4667542960026,-33.1505777837883,26.7499989891052));
#11476=CARTESIAN_POINT('Origin',(-50.6992539401453,38.6925448135572,25.5));
#11477=CARTESIAN_POINT('',(-51.3992539401453,38.6925448135572,22.75));
#11478=CARTESIAN_POINT('Origin',(-50.6992539401453,38.6925448135572,22.75));
#11479=CARTESIAN_POINT('',(-51.3992539401453,38.6925448135572,25.5));
#11480=CARTESIAN_POINT('',(-51.3992539401453,38.6925448135572,25.5));
#11481=CARTESIAN_POINT('Origin',(-50.6992539401453,38.6925448135572,25.5));
#11482=CARTESIAN_POINT('Origin',(-50.6992539401453,38.6925448135572,25.5));
#11483=CARTESIAN_POINT('',(-52.9492539401453,38.6925448135572,22.75));
#11484=CARTESIAN_POINT('Origin',(-50.6992539401453,38.6925448135572,22.75));
#11485=CARTESIAN_POINT('',(-52.9492539401453,38.6925448135572,25.5));
#11486=CARTESIAN_POINT('Origin',(-50.6992539401453,38.6925448135572,22.75));
#11487=CARTESIAN_POINT('Origin',(3.5527136788005E-14,-8.88178419700125E-15,
25.5));
#11488=CARTESIAN_POINT('Origin',(-63.3500248786543,-14.4925053553539,25.5));
#11489=CARTESIAN_POINT('',(-62.6000248786543,-15.7915434610306,22.75));
#11490=CARTESIAN_POINT('',(-62.6000248786543,-15.7915434610306,25.5));
#11491=CARTESIAN_POINT('',(-63.3500248786543,-14.4925053553539,22.75));
#11492=CARTESIAN_POINT('',(-62.6000248786543,-15.7915434610306,22.75));
#11493=CARTESIAN_POINT('',(-63.3500248786543,-14.4925053553539,25.5));
#11494=CARTESIAN_POINT('Origin',(-70.4514331896866,-18.5925053553539,25.5));
#11495=CARTESIAN_POINT('',(-70.4514331896866,-18.5925053553539,22.75));
#11496=CARTESIAN_POINT('',(-63.3500248786543,-14.4925053553539,22.75));
#11497=CARTESIAN_POINT('',(-70.4514331896866,-18.5925053553539,25.5));
#11498=CARTESIAN_POINT('Origin',(-58.8514331896866,-38.6842947231529,25.5));
#11499=CARTESIAN_POINT('',(-58.8514331896866,-38.6842947231529,22.75));
#11500=CARTESIAN_POINT('',(-70.4514331896866,-18.5925053553539,22.75));
#11501=CARTESIAN_POINT('',(-58.8514331896866,-38.6842947231529,25.5));
#11502=CARTESIAN_POINT('Origin',(-46.5538724559476,-31.5842947231529,25.5));
#11503=CARTESIAN_POINT('',(-46.5538724559476,-31.5842947231529,22.75));
#11504=CARTESIAN_POINT('',(-58.8514331896866,-38.6842947231529,22.75));
#11505=CARTESIAN_POINT('',(-46.5538724559476,-31.5842947231529,25.5));
#11506=CARTESIAN_POINT('Origin',(-58.1538724559476,-11.492505355354,25.5));
#11507=CARTESIAN_POINT('',(-58.1538724559476,-11.492505355354,22.75));
#11508=CARTESIAN_POINT('',(-46.5538724559476,-31.5842947231529,22.75));
#11509=CARTESIAN_POINT('',(-58.1538724559476,-11.492505355354,25.5));
#11510=CARTESIAN_POINT('Origin',(-59.4529105616243,-12.242505355354,25.5));
#11511=CARTESIAN_POINT('',(-59.4529105616243,-12.242505355354,22.75));
#11512=CARTESIAN_POINT('',(-58.1538724559476,-11.492505355354,22.75));
#11513=CARTESIAN_POINT('',(-59.4529105616243,-12.242505355354,25.5));
#11514=CARTESIAN_POINT('Origin',(-48.6029105616242,-31.0352566174763,25.5));
#11515=CARTESIAN_POINT('',(-48.6029105616242,-31.0352566174763,22.75));
#11516=CARTESIAN_POINT('',(-48.6029105616242,-31.0352566174763,22.75));
#11517=CARTESIAN_POINT('',(-48.6029105616242,-31.0352566174762,25.5));
#11518=CARTESIAN_POINT('',(-58.7029105616243,-13.5415434610306,25.5));
#11519=CARTESIAN_POINT('Origin',(-58.3023950840099,-36.6352566174762,25.5));
#11520=CARTESIAN_POINT('',(-58.3023950840099,-36.6352566174762,22.75));
#11521=CARTESIAN_POINT('',(-58.3023950840099,-36.6352566174762,22.75));
#11522=CARTESIAN_POINT('',(-58.3023950840099,-36.6352566174762,25.5));
#11523=CARTESIAN_POINT('Origin',(-68.40239508401,-19.1415434610306,25.5));
#11524=CARTESIAN_POINT('',(-68.40239508401,-19.1415434610306,22.75));
#11525=CARTESIAN_POINT('',(-68.40239508401,-19.1415434610306,22.75));
#11526=CARTESIAN_POINT('',(-68.40239508401,-19.1415434610306,25.5));
#11527=CARTESIAN_POINT('Origin',(-62.6000248786543,-15.7915434610306,25.5));
#11528=CARTESIAN_POINT('',(-62.6000248786543,-15.7915434610306,22.75));
#11529=CARTESIAN_POINT('Origin',(-58.5026528228171,-25.0884000392534,22.75));
#11530=CARTESIAN_POINT('Origin',(-67.,-11.9810173206813,25.5));
#11531=CARTESIAN_POINT('',(-67.7,-11.9810173206813,22.75));
#11532=CARTESIAN_POINT('Origin',(-67.,-11.9810173206813,22.75));
#11533=CARTESIAN_POINT('',(-67.7,-11.9810173206813,25.5));
#11534=CARTESIAN_POINT('',(-67.7,-11.9810173206813,25.5));
#11535=CARTESIAN_POINT('Origin',(-67.,-11.9810173206813,25.5));
#11536=CARTESIAN_POINT('Origin',(-67.,-11.9810173206813,25.5));
#11537=CARTESIAN_POINT('',(-69.25,-11.9810173206813,22.75));
#11538=CARTESIAN_POINT('Origin',(-67.,-11.9810173206813,22.75));
#11539=CARTESIAN_POINT('',(-69.25,-11.9810173206813,25.5));
#11540=CARTESIAN_POINT('Origin',(-67.,-11.9810173206813,22.75));
#11541=CARTESIAN_POINT('Origin',(3.5527136788005E-14,-8.88178419700125E-15,
25.5));
#11542=CARTESIAN_POINT('Origin',(-67.,11.8461880340977,25.5));
#11543=CARTESIAN_POINT('',(-67.7,11.8461880340977,22.75));
#11544=CARTESIAN_POINT('Origin',(-67.,11.8461880340977,22.75));
#11545=CARTESIAN_POINT('',(-67.7,11.8461880340977,25.5));
#11546=CARTESIAN_POINT('',(-67.7,11.8461880340977,25.5));
#11547=CARTESIAN_POINT('Origin',(-67.,11.8461880340977,25.5));
#11548=CARTESIAN_POINT('Origin',(-67.,11.8461880340977,25.5));
#11549=CARTESIAN_POINT('',(-69.25,11.8461880340977,22.75));
#11550=CARTESIAN_POINT('Origin',(-67.,11.8461880340977,22.75));
#11551=CARTESIAN_POINT('',(-69.25,11.8461880340977,25.5));
#11552=CARTESIAN_POINT('Origin',(-67.,11.8461880340977,22.75));
#11553=CARTESIAN_POINT('Origin',(3.5527136788005E-14,-8.88178419700125E-15,
25.5));
#11554=CARTESIAN_POINT('Origin',(-50.602652822817,-38.7716014190475,25.5));
#11555=CARTESIAN_POINT('',(-51.3026528228171,-38.7716014190475,22.75));
#11556=CARTESIAN_POINT('Origin',(-50.602652822817,-38.7716014190475,22.75));
#11557=CARTESIAN_POINT('',(-51.3026528228171,-38.7716014190475,25.5));
#11558=CARTESIAN_POINT('',(-51.3026528228171,-38.7716014190475,25.5));
#11559=CARTESIAN_POINT('Origin',(-50.602652822817,-38.7716014190475,25.5));
#11560=CARTESIAN_POINT('Origin',(-50.602652822817,-38.7716014190475,25.5));
#11561=CARTESIAN_POINT('',(-52.852652822817,-38.7716014190475,22.75));
#11562=CARTESIAN_POINT('Origin',(-50.602652822817,-38.7716014190475,22.75));
#11563=CARTESIAN_POINT('',(-52.852652822817,-38.7716014190475,25.5));
#11564=CARTESIAN_POINT('Origin',(-50.602652822817,-38.7716014190475,22.75));
#11565=CARTESIAN_POINT('Origin',(3.5527136788005E-14,-8.88178419700125E-15,
25.5));
#11566=CARTESIAN_POINT('Origin',(-65.3518818843081,15.5134487498637,25.5));
#11567=CARTESIAN_POINT('',(-64.6018818843081,16.8124868555402,22.75));
#11568=CARTESIAN_POINT('',(-64.6018818843081,16.8124868555402,25.5));
#11569=CARTESIAN_POINT('',(-65.3518818843081,15.5134487498637,22.75));
#11570=CARTESIAN_POINT('',(-64.6018818843081,16.8124868555402,22.75));
#11571=CARTESIAN_POINT('',(-65.3518818843081,15.5134487498637,25.5));
#11572=CARTESIAN_POINT('Origin',(-58.2504735732757,11.4134487498637,25.5));
#11573=CARTESIAN_POINT('',(-58.2504735732757,11.4134487498637,22.75));
#11574=CARTESIAN_POINT('',(-65.3518818843081,15.5134487498637,22.75));
#11575=CARTESIAN_POINT('',(-58.2504735732757,11.4134487498637,25.5));
#11576=CARTESIAN_POINT('Origin',(-46.6504735732757,31.5052381176625,25.5));
#11577=CARTESIAN_POINT('',(-46.6504735732757,31.5052381176625,22.75));
#11578=CARTESIAN_POINT('',(-58.2504735732757,11.4134487498637,22.75));
#11579=CARTESIAN_POINT('',(-46.6504735732757,31.5052381176625,25.5));
#11580=CARTESIAN_POINT('Origin',(-58.9480343070148,38.6052381176626,25.5));
#11581=CARTESIAN_POINT('',(-58.9480343070148,38.6052381176626,22.75));
#11582=CARTESIAN_POINT('',(-46.6504735732757,31.5052381176625,22.75));
#11583=CARTESIAN_POINT('',(-58.9480343070148,38.6052381176626,25.5));
#11584=CARTESIAN_POINT('Origin',(-70.5,18.5966466101195,25.5));
#11585=CARTESIAN_POINT('',(-58.9480343070148,38.6052381176626,22.75));
#11586=CARTESIAN_POINT('Origin',(-69.2489962013381,17.7634487498636,25.5));
#11587=CARTESIAN_POINT('',(-69.2489962013381,17.7634487498636,22.75));
#11588=CARTESIAN_POINT('',(-70.5480343070148,18.5134487498636,22.75));
#11589=CARTESIAN_POINT('',(-69.2489962013381,17.7634487498636,25.5));
#11590=CARTESIAN_POINT('Origin',(-58.3989962013382,36.5562000119859,25.5));
#11591=CARTESIAN_POINT('',(-58.3989962013382,36.5562000119859,22.75));
#11592=CARTESIAN_POINT('',(-58.3989962013382,36.5562000119859,22.75));
#11593=CARTESIAN_POINT('',(-58.3989962013382,36.5562000119859,25.5));
#11594=CARTESIAN_POINT('',(-68.4989962013382,19.0624868555403,25.5));
#11595=CARTESIAN_POINT('Origin',(-48.6995116789524,30.9562000119859,25.5));
#11596=CARTESIAN_POINT('',(-48.6995116789524,30.9562000119859,22.75));
#11597=CARTESIAN_POINT('',(-48.6995116789524,30.9562000119859,22.75));
#11598=CARTESIAN_POINT('',(-48.6995116789524,30.9562000119859,25.5));
#11599=CARTESIAN_POINT('Origin',(-58.7995116789524,13.4624868555402,25.5));
#11600=CARTESIAN_POINT('',(-58.7995116789524,13.4624868555402,22.75));
#11601=CARTESIAN_POINT('',(-58.7995116789524,13.4624868555402,22.75));
#11602=CARTESIAN_POINT('',(-58.7995116789524,13.4624868555402,25.5));
#11603=CARTESIAN_POINT('Origin',(-64.6018818843081,16.8124868555402,25.5));
#11604=CARTESIAN_POINT('',(-64.6018818843081,16.8124868555402,22.75));
#11605=CARTESIAN_POINT('Origin',(-0.0240171535073674,-8.88178419700125E-15,
22.75));
#11606=CARTESIAN_POINT('Origin',(3.5527136788005E-14,-8.88178419700125E-15,
25.5));
#11607=CARTESIAN_POINT('Origin',(-32.6612009946691,12.9681979667711,24.3699989891052));
#11608=CARTESIAN_POINT('',(-30.3612009946691,14.5650699090382,24.3699989891052));
#11609=CARTESIAN_POINT('',(-30.3612009946691,11.3713260245039,24.3699989891052));
#11610=CARTESIAN_POINT('Origin',(-32.6612009946691,12.9681979667711,24.3699989891052));
#11611=CARTESIAN_POINT('',(-30.3612009946691,11.3713260245039,26.6499989891052));
#11612=CARTESIAN_POINT('',(-30.3612009946691,11.3713260245039,24.3699989891052));
#11613=CARTESIAN_POINT('',(-30.3612009946691,14.5650699090382,26.6499989891052));
#11614=CARTESIAN_POINT('Origin',(-32.6612009946691,12.9681979667711,26.6499989891052));
#11615=CARTESIAN_POINT('',(-30.3612009946691,14.5650699090382,24.3699989891052));
#11616=CARTESIAN_POINT('Origin',(-39.8612009946691,12.9681979667711,24.3699989891052));
#11617=CARTESIAN_POINT('',(-36.6612009946691,19.1939509332804,24.3699989891052));
#11618=CARTESIAN_POINT('',(-33.6354480281597,16.168197966771,24.3699989891052));
#11619=CARTESIAN_POINT('Origin',(-39.8612009946691,12.9681979667711,24.3699989891052));
#11620=CARTESIAN_POINT('',(-33.6354480281597,16.168197966771,26.6499989891052));
#11621=CARTESIAN_POINT('',(-33.6354480281597,16.168197966771,24.3699989891052));
#11622=CARTESIAN_POINT('',(-36.6612009946691,19.1939509332804,26.6499989891052));
#11623=CARTESIAN_POINT('Origin',(-39.8612009946691,12.9681979667711,26.6499989891052));
#11624=CARTESIAN_POINT('',(-36.6612009946691,19.1939509332804,24.3699989891052));
#11625=CARTESIAN_POINT('Origin',(-39.8612009946691,20.1681979667711,24.3699989891052));
#11626=CARTESIAN_POINT('',(-41.4580729369363,22.4681979667711,24.3699989891052));
#11627=CARTESIAN_POINT('',(-38.264329052402,22.4681979667711,24.3699989891052));
#11628=CARTESIAN_POINT('Origin',(-39.8612009946691,20.1681979667711,24.3699989891052));
#11629=CARTESIAN_POINT('',(-38.264329052402,22.4681979667711,26.6499989891052));
#11630=CARTESIAN_POINT('',(-38.264329052402,22.4681979667711,24.3699989891052));
#11631=CARTESIAN_POINT('',(-41.4580729369363,22.4681979667711,26.6499989891052));
#11632=CARTESIAN_POINT('Origin',(-39.8612009946691,20.1681979667711,26.6499989891052));
#11633=CARTESIAN_POINT('',(-41.4580729369363,22.4681979667711,24.3699989891052));
#11634=CARTESIAN_POINT('Origin',(-39.8612009946691,12.9681979667711,24.3699989891052));
#11635=CARTESIAN_POINT('',(-46.0869539611785,16.168197966771,24.3699989891052));
#11636=CARTESIAN_POINT('',(-43.0612009946691,19.1939509332804,24.3699989891052));
#11637=CARTESIAN_POINT('Origin',(-39.8612009946691,12.9681979667711,24.3699989891052));
#11638=CARTESIAN_POINT('',(-43.0612009946691,19.1939509332804,26.6499989891052));
#11639=CARTESIAN_POINT('',(-43.0612009946691,19.1939509332804,24.3699989891052));
#11640=CARTESIAN_POINT('',(-46.0869539611785,16.168197966771,26.6499989891052));
#11641=CARTESIAN_POINT('Origin',(-39.8612009946691,12.9681979667711,26.6499989891052));
#11642=CARTESIAN_POINT('',(-46.0869539611785,16.168197966771,24.3699989891052));
#11643=CARTESIAN_POINT('Origin',(-47.0612009946691,12.9681979667711,24.3699989891052));
#11644=CARTESIAN_POINT('',(-49.3612009946691,11.3713260245039,24.3699989891052));
#11645=CARTESIAN_POINT('',(-49.3612009946691,14.5650699090382,24.3699989891052));
#11646=CARTESIAN_POINT('Origin',(-47.0612009946691,12.9681979667711,24.3699989891052));
#11647=CARTESIAN_POINT('',(-49.3612009946691,14.5650699090382,26.6499989891052));
#11648=CARTESIAN_POINT('',(-49.3612009946691,14.5650699090382,24.3699989891052));
#11649=CARTESIAN_POINT('',(-49.3612009946691,11.3713260245039,26.6499989891052));
#11650=CARTESIAN_POINT('Origin',(-47.0612009946691,12.9681979667711,26.6499989891052));
#11651=CARTESIAN_POINT('',(-49.3612009946691,11.3713260245039,24.3699989891052));
#11652=CARTESIAN_POINT('Origin',(-39.8612009946691,12.9681979667711,24.3699989891052));
#11653=CARTESIAN_POINT('',(-43.0612009946691,6.74244500026172,24.3699989891052));
#11654=CARTESIAN_POINT('',(-46.0869539611785,9.76819796677106,24.3699989891052));
#11655=CARTESIAN_POINT('Origin',(-39.8612009946691,12.9681979667711,24.3699989891052));
#11656=CARTESIAN_POINT('',(-46.0869539611785,9.76819796677106,26.6499989891052));
#11657=CARTESIAN_POINT('',(-46.0869539611785,9.76819796677106,24.3699989891052));
#11658=CARTESIAN_POINT('',(-43.0612009946691,6.74244500026172,26.6499989891052));
#11659=CARTESIAN_POINT('Origin',(-39.8612009946691,12.9681979667711,26.6499989891052));
#11660=CARTESIAN_POINT('',(-43.0612009946691,6.74244500026172,24.3699989891052));
#11661=CARTESIAN_POINT('Origin',(-39.8612009946691,5.76819796677106,24.3699989891052));
#11662=CARTESIAN_POINT('',(-38.264329052402,3.46819796677106,24.3699989891052));
#11663=CARTESIAN_POINT('',(-41.4580729369363,3.46819796677106,24.3699989891052));
#11664=CARTESIAN_POINT('Origin',(-39.8612009946691,5.76819796677106,24.3699989891052));
#11665=CARTESIAN_POINT('',(-41.4580729369363,3.46819796677106,26.6499989891052));
#11666=CARTESIAN_POINT('',(-41.4580729369363,3.46819796677106,24.3699989891052));
#11667=CARTESIAN_POINT('',(-38.264329052402,3.46819796677106,26.6499989891052));
#11668=CARTESIAN_POINT('Origin',(-39.8612009946691,5.76819796677106,26.6499989891052));
#11669=CARTESIAN_POINT('',(-38.264329052402,3.46819796677106,24.3699989891052));
#11670=CARTESIAN_POINT('Origin',(-39.8612009946691,12.9681979667711,24.3699989891052));
#11671=CARTESIAN_POINT('',(-33.6354480281598,9.76819796677106,24.3699989891052));
#11672=CARTESIAN_POINT('',(-36.6612009946691,6.74244500026172,24.3699989891052));
#11673=CARTESIAN_POINT('Origin',(-39.8612009946691,12.9681979667711,24.3699989891052));
#11674=CARTESIAN_POINT('',(-36.6612009946691,6.74244500026172,26.6499989891052));
#11675=CARTESIAN_POINT('',(-36.6612009946691,6.74244500026172,24.3699989891052));
#11676=CARTESIAN_POINT('',(-33.6354480281598,9.76819796677106,26.6499989891052));
#11677=CARTESIAN_POINT('Origin',(-39.8612009946691,12.9681979667711,26.6499989891052));
#11678=CARTESIAN_POINT('',(-33.6354480281598,9.76819796677106,24.3699989891052));
#11679=CARTESIAN_POINT('Origin',(-33.9360506342193,17.5925737410242,24.3699989891052));
#11680=CARTESIAN_POINT('',(-35.2434082575285,18.8999807476694,24.3699989891052));
#11681=CARTESIAN_POINT('',(-33.9360506342193,17.5925737410242,24.3699989891052));
#11682=CARTESIAN_POINT('',(-35.2434082575285,18.8999807476694,24.3699989891052));
#11683=CARTESIAN_POINT('',(-35.2434082575285,18.8999807476694,26.6499989891052));
#11684=CARTESIAN_POINT('',(-35.2434082575285,18.8999807476694,24.3699989891052));
#11685=CARTESIAN_POINT('',(-33.9360506342193,17.5925737410242,26.6499989891052));
#11686=CARTESIAN_POINT('',(-34.2611883293887,17.9177237177482,26.6499989891052));
#11687=CARTESIAN_POINT('',(-33.9360506342193,17.5925737410242,24.3699989891052));
#11688=CARTESIAN_POINT('Origin',(-32.6634676247477,17.5931974113535,24.3699989891052));
#11689=CARTESIAN_POINT('',(-32.6634676247476,17.5931974113535,24.3699989891052));
#11690=CARTESIAN_POINT('',(-33.9360506342193,17.5925737410242,24.3699989891052));
#11691=CARTESIAN_POINT('',(-32.6634676247476,17.5931974113535,26.6499989891052));
#11692=CARTESIAN_POINT('',(-36.2634667600977,17.5914331157205,26.6499989891052));
#11693=CARTESIAN_POINT('',(-32.6634676247476,17.5931974113535,24.3699989891052));
#11694=CARTESIAN_POINT('Origin',(-32.6612009946691,12.9681979667711,24.3699989891052));
#11695=CARTESIAN_POINT('',(-32.6589343645906,8.34319852218862,24.3699989891052));
#11696=CARTESIAN_POINT('Origin',(-32.6612009946691,12.9681979667711,24.3699989891052));
#11697=CARTESIAN_POINT('',(-32.6589343645906,8.34319852218862,26.6499989891052));
#11698=CARTESIAN_POINT('Origin',(-32.6612009946691,12.9681979667711,26.6499989891052));
#11699=CARTESIAN_POINT('',(-32.6589343645906,8.34319852218862,24.3699989891052));
#11700=CARTESIAN_POINT('Origin',(-33.954204353471,8.34256373337364,24.3699989891052));
#11701=CARTESIAN_POINT('',(-33.954204353471,8.34256373337364,24.3699989891052));
#11702=CARTESIAN_POINT('',(-33.954204353471,8.34256373337364,24.3699989891052));
#11703=CARTESIAN_POINT('',(-33.954204353471,8.34256373337364,26.6499989891052));
#11704=CARTESIAN_POINT('',(-36.9065684943808,8.34111683214801,26.6499989891052));
#11705=CARTESIAN_POINT('',(-33.954204353471,8.34256373337364,24.3699989891052));
#11706=CARTESIAN_POINT('Origin',(-35.2362009946691,7.06056709217555,24.3699989891052));
#11707=CARTESIAN_POINT('',(-35.2362009946691,7.06056709217555,24.3699989891052));
#11708=CARTESIAN_POINT('',(-33.954204353471,8.34256373337364,24.3699989891052));
#11709=CARTESIAN_POINT('',(-35.2362009946691,7.06056709217555,26.6499989891052));
#11710=CARTESIAN_POINT('',(-34.9155432760202,7.38122481082443,26.6499989891052));
#11711=CARTESIAN_POINT('',(-35.2362009946691,7.06056709217555,24.3699989891052));
#11712=CARTESIAN_POINT('Origin',(-35.2362009946691,5.76819796677106,24.3699989891052));
#11713=CARTESIAN_POINT('',(-35.2362009946691,5.76819796677106,24.3699989891052));
#11714=CARTESIAN_POINT('',(-35.2362009946691,7.06056709217555,24.3699989891052));
#11715=CARTESIAN_POINT('',(-35.2362009946691,5.76819796677106,26.6499989891052));
#11716=CARTESIAN_POINT('',(-35.236200994669,9.36819796677098,26.6499989891052));
#11717=CARTESIAN_POINT('',(-35.2362009946691,5.76819796677106,24.3699989891052));
#11718=CARTESIAN_POINT('Origin',(-39.8612009946691,5.76819796677106,24.3699989891052));
#11719=CARTESIAN_POINT('',(-44.4862009946691,5.76819796677106,24.3699989891052));
#11720=CARTESIAN_POINT('Origin',(-39.8612009946691,5.76819796677106,24.3699989891052));
#11721=CARTESIAN_POINT('',(-44.4862009946691,5.76819796677106,26.6499989891052));
#11722=CARTESIAN_POINT('Origin',(-39.8612009946691,5.76819796677106,26.6499989891052));
#11723=CARTESIAN_POINT('',(-44.4862009946691,5.76819796677106,24.3699989891052));
#11724=CARTESIAN_POINT('Origin',(-44.4862009946691,7.03784786557008,24.3699989891052));
#11725=CARTESIAN_POINT('',(-44.4862009946691,7.03784786557008,24.3699989891052));
#11726=CARTESIAN_POINT('',(-44.4862009946691,7.03784786557008,24.3699989891052));
#11727=CARTESIAN_POINT('',(-44.4862009946691,7.03784786557008,26.6499989891052));
#11728=CARTESIAN_POINT('',(-44.4862009946692,10.0030229161705,26.6499989891052));
#11729=CARTESIAN_POINT('',(-44.4862009946691,7.03784786557008,24.3699989891052));
#11730=CARTESIAN_POINT('Origin',(-45.792186599148,8.34381933276846,24.3699989891052));
#11731=CARTESIAN_POINT('',(-45.792186599148,8.34381933276846,24.3699989891052));
#11732=CARTESIAN_POINT('',(-45.792186599148,8.34381933276846,24.3699989891052));
#11733=CARTESIAN_POINT('',(-45.792186599148,8.34381933276846,26.6499989891052));
#11734=CARTESIAN_POINT('',(-45.46551880566,8.01715507545594,26.6499989891052));
#11735=CARTESIAN_POINT('',(-45.792186599148,8.34381933276846,24.3699989891052));
#11736=CARTESIAN_POINT('Origin',(-47.0589343645906,8.34319852218861,24.3699989891052));
#11737=CARTESIAN_POINT('',(-47.0589343645906,8.34319852218861,24.3699989891052));
#11738=CARTESIAN_POINT('',(-45.792186599148,8.34381933276846,24.3699989891052));
#11739=CARTESIAN_POINT('',(-47.0589343645906,8.34319852218861,26.6499989891052));
#11740=CARTESIAN_POINT('',(-43.4589352292406,8.34496281782161,26.6499989891052));
#11741=CARTESIAN_POINT('',(-47.0589343645906,8.34319852218861,24.3699989891052));
#11742=CARTESIAN_POINT('Origin',(-47.0612009946691,12.9681979667711,24.3699989891052));
#11743=CARTESIAN_POINT('',(-47.0634676247476,17.5931974113535,24.3699989891052));
#11744=CARTESIAN_POINT('Origin',(-47.0612009946691,12.9681979667711,24.3699989891052));
#11745=CARTESIAN_POINT('',(-47.0634676247476,17.5931974113535,26.6499989891052));
#11746=CARTESIAN_POINT('Origin',(-47.0612009946691,12.9681979667711,26.6499989891052));
#11747=CARTESIAN_POINT('',(-47.0634676247476,17.5931974113535,24.3699989891052));
#11748=CARTESIAN_POINT('Origin',(-45.7407395663494,17.5938456568807,24.3699989891052));
#11749=CARTESIAN_POINT('',(-45.7407395663494,17.5938456568807,24.3699989891052));
#11750=CARTESIAN_POINT('',(-45.7407395663494,17.5938456568807,24.3699989891052));
#11751=CARTESIAN_POINT('',(-45.7407395663494,17.5938456568807,26.6499989891052));
#11752=CARTESIAN_POINT('',(-42.8021044601985,17.5952858297501,26.6499989891052));
#11753=CARTESIAN_POINT('',(-45.7407395663494,17.5938456568807,24.3699989891052));
#11754=CARTESIAN_POINT('Origin',(-44.4862009946691,18.849657989163,24.3699989891052));
#11755=CARTESIAN_POINT('',(-44.4862009946691,18.849657989163,24.3699989891052));
#11756=CARTESIAN_POINT('',(-44.4862009946691,18.849657989163,24.3699989891052));
#11757=CARTESIAN_POINT('',(-44.4862009946691,18.849657989163,26.6499989891052));
#11758=CARTESIAN_POINT('',(-44.8014886132293,18.5340502521497,26.6499989891052));
#11759=CARTESIAN_POINT('',(-44.4862009946691,18.849657989163,24.3699989891052));
#11760=CARTESIAN_POINT('Origin',(-44.4862009946691,20.1681979667711,24.3699989891052));
#11761=CARTESIAN_POINT('',(-44.4862009946691,20.1681979667711,24.3699989891052));
#11762=CARTESIAN_POINT('',(-44.4862009946691,18.849657989163,24.3699989891052));
#11763=CARTESIAN_POINT('',(-44.4862009946691,20.1681979667711,26.6499989891052));
#11764=CARTESIAN_POINT('',(-44.4862009946691,16.5681979667711,26.6499989891052));
#11765=CARTESIAN_POINT('',(-44.4862009946691,20.1681979667711,24.3699989891052));
#11766=CARTESIAN_POINT('Origin',(-39.8612009946691,20.1681979667711,24.3699989891052));
#11767=CARTESIAN_POINT('',(-35.2362772672304,20.1416364273928,24.3699989891052));
#11768=CARTESIAN_POINT('Origin',(-39.8612009946691,20.1681979667711,24.3699989891052));
#11769=CARTESIAN_POINT('',(-35.2362772672304,20.1416364273928,26.6499989891052));
#11770=CARTESIAN_POINT('Origin',(-39.8612009946691,20.1681979667711,26.6499989891052));
#11771=CARTESIAN_POINT('',(-35.2362772672304,20.1416364273928,24.3699989891052));
#11772=CARTESIAN_POINT('Origin',(-35.2434082575285,18.8999807476694,24.3699989891052));
#11773=CARTESIAN_POINT('',(-35.2434082575285,18.8999807476694,24.3699989891052));
#11774=CARTESIAN_POINT('',(-35.2605173493692,15.9209273243777,26.6499989891052));
#11775=CARTESIAN_POINT('Origin',(-39.8612009946691,12.9681979667711,24.3699989891052));
#11776=CARTESIAN_POINT('',(-30.3612009946691,9.76819796677106,24.3699989891052));
#11777=CARTESIAN_POINT('',(-33.6354480281598,9.76819796677106,24.3699989891052));
#11778=CARTESIAN_POINT('',(-30.3612009946691,9.76819796677106,24.3699989891052));
#11779=CARTESIAN_POINT('',(-30.3612009946691,16.168197966771,24.3699989891052));
#11780=CARTESIAN_POINT('',(-30.3612009946691,9.76819796677106,24.3699989891052));
#11781=CARTESIAN_POINT('',(-30.3612009946691,16.168197966771,24.3699989891052));
#11782=CARTESIAN_POINT('',(-36.6612009946691,22.4681979667711,24.3699989891052));
#11783=CARTESIAN_POINT('',(-36.6612009946691,22.4681979667711,24.3699989891052));
#11784=CARTESIAN_POINT('',(-43.0612009946691,22.4681979667711,24.3699989891052));
#11785=CARTESIAN_POINT('',(-43.0612009946691,22.4681979667711,24.3699989891052));
#11786=CARTESIAN_POINT('',(-43.0612009946691,22.4681979667711,24.3699989891052));
#11787=CARTESIAN_POINT('',(-43.0612009946691,19.1939509332804,24.3699989891052));
#11788=CARTESIAN_POINT('',(-49.3612009946691,16.168197966771,24.3699989891052));
#11789=CARTESIAN_POINT('',(-46.0869539611785,16.168197966771,24.3699989891052));
#11790=CARTESIAN_POINT('',(-49.3612009946691,16.168197966771,24.3699989891052));
#11791=CARTESIAN_POINT('',(-49.3612009946691,9.76819796677106,24.3699989891052));
#11792=CARTESIAN_POINT('',(-49.3612009946691,16.168197966771,24.3699989891052));
#11793=CARTESIAN_POINT('',(-49.3612009946691,9.76819796677106,24.3699989891052));
#11794=CARTESIAN_POINT('',(-43.0612009946691,3.46819796677106,24.3699989891052));
#11795=CARTESIAN_POINT('',(-43.0612009946691,3.46819796677106,24.3699989891052));
#11796=CARTESIAN_POINT('',(-36.6612009946691,3.46819796677106,24.3699989891052));
#11797=CARTESIAN_POINT('',(-36.6612009946691,3.46819796677106,24.3699989891052));
#11798=CARTESIAN_POINT('',(-36.6612009946691,3.46819796677106,24.3699989891052));
#11799=CARTESIAN_POINT('',(-36.6612009946691,6.74244500026172,24.3699989891052));
#11800=CARTESIAN_POINT('Origin',(-39.8612009946691,12.968197966771,26.6499989891052));
#11801=CARTESIAN_POINT('',(-41.4612009946691,22.4681979667711,26.6499989891052));
#11802=CARTESIAN_POINT('Origin',(-39.8612009946691,12.968197966771,26.6499989891052));
#11803=CARTESIAN_POINT('',(-36.2612009946691,16.168197966771,26.6499990653992));
#11804=CARTESIAN_POINT('',(-38.0612009946691,16.168197966771,26.6499989891052));
#11805=CARTESIAN_POINT('',(-36.6612009946691,16.568197966771,26.6499990653992));
#11806=CARTESIAN_POINT('Origin',(-36.2612009946691,16.568197966771,26.6499989891052));
#11807=CARTESIAN_POINT('',(-36.6612009946691,17.718197966771,26.6499989891052));
#11808=CARTESIAN_POINT('Origin',(-39.8612009946691,12.968197966771,26.6499989891052));
#11809=CARTESIAN_POINT('',(-30.3612009946691,14.568197966771,26.6499989891052));
#11810=CARTESIAN_POINT('Origin',(-39.8612009946691,12.968197966771,26.6499989891052));
#11811=CARTESIAN_POINT('',(-36.6612009946691,9.36819796677107,26.6499990653992));
#11812=CARTESIAN_POINT('',(-36.6612009946691,11.1681979667711,26.6499989891052));
#11813=CARTESIAN_POINT('',(-36.2612009946691,9.76819796677106,26.6499990653992));
#11814=CARTESIAN_POINT('Origin',(-36.2612009946691,9.36819796677107,26.6499989891052));
#11815=CARTESIAN_POINT('',(-35.1112009946691,9.76819796677106,26.6499989891052));
#11816=CARTESIAN_POINT('Origin',(-39.8612009946691,12.968197966771,26.6499989891052));
#11817=CARTESIAN_POINT('',(-38.2612009946691,3.46819796677106,26.6499989891052));
#11818=CARTESIAN_POINT('Origin',(-39.8612009946691,12.968197966771,26.6499989891052));
#11819=CARTESIAN_POINT('',(-43.4612009946691,9.76819796677106,26.6499990653992));
#11820=CARTESIAN_POINT('',(-41.6612009946691,9.76819796677106,26.6499989891052));
#11821=CARTESIAN_POINT('',(-43.0612009946691,9.36819796677107,26.6499990653992));
#11822=CARTESIAN_POINT('Origin',(-43.4612009946691,9.36819796677107,26.6499989891052));
#11823=CARTESIAN_POINT('',(-43.0612009946691,8.21819796677105,26.6499989891052));
#11824=CARTESIAN_POINT('Origin',(-39.8612009946691,12.968197966771,26.6499989891052));
#11825=CARTESIAN_POINT('',(-49.3612009946691,11.3681979667711,26.6499989891052));
#11826=CARTESIAN_POINT('Origin',(-39.8612009946691,12.968197966771,26.6499989891052));
#11827=CARTESIAN_POINT('',(-43.0612009946691,16.568197966771,26.6499990653992));
#11828=CARTESIAN_POINT('',(-43.0612009946691,14.768197966771,26.6499989891052));
#11829=CARTESIAN_POINT('',(-43.4612009946691,16.168197966771,26.6499990653992));
#11830=CARTESIAN_POINT('Origin',(-43.4612009946691,16.568197966771,26.6499989891052));
#11831=CARTESIAN_POINT('',(-44.6112009946691,16.168197966771,26.6499989891052));
#11832=CARTESIAN_POINT('Origin',(-36.2612009946691,16.168197966771,29.5499990653992));
#11833=CARTESIAN_POINT('',(-36.2612009946691,16.168197966771,29.5499990653992));
#11834=CARTESIAN_POINT('',(-30.3612009946691,16.168197966771,24.3699989891052));
#11835=CARTESIAN_POINT('Origin',(-30.3612009946691,16.168197966771,29.5499990653992));
#11836=CARTESIAN_POINT('',(-30.3612009946691,9.76819796677106,24.3699989891052));
#11837=CARTESIAN_POINT('Origin',(-30.3612009946691,9.76819796677106,29.5499990653992));
#11838=CARTESIAN_POINT('',(-36.2612009946691,9.76819796677106,29.5499990653992));
#11839=CARTESIAN_POINT('Origin',(-36.2612009946691,9.36819796677107,29.5499990653992));
#11840=CARTESIAN_POINT('',(-36.6612009946691,9.36819796677107,29.5499990653992));
#11841=CARTESIAN_POINT('Origin',(-36.6612009946691,9.36819796677107,29.5499990653992));
#11842=CARTESIAN_POINT('',(-36.6612009946691,3.46819796677106,24.3699989891052));
#11843=CARTESIAN_POINT('Origin',(-36.6612009946691,3.46819796677106,29.5499990653992));
#11844=CARTESIAN_POINT('',(-43.0612009946691,3.46819796677106,24.3699989891052));
#11845=CARTESIAN_POINT('Origin',(-43.0612009946691,3.46819796677106,29.5499990653992));
#11846=CARTESIAN_POINT('',(-43.0612009946691,9.36819796677107,29.5499990653992));
#11847=CARTESIAN_POINT('Origin',(-43.4612009946691,9.36819796677107,29.5499990653992));
#11848=CARTESIAN_POINT('',(-43.4612009946691,9.76819796677106,29.5499990653992));
#11849=CARTESIAN_POINT('Origin',(-43.4612009946691,9.76819796677106,29.5499990653992));
#11850=CARTESIAN_POINT('',(-49.3612009946691,9.76819796677106,29.5499990653992));
#11851=CARTESIAN_POINT('Origin',(-36.2612009946691,16.568197966771,29.5499990653992));
#11852=CARTESIAN_POINT('',(-36.6612009946691,16.568197966771,29.5499990653992));
#11853=CARTESIAN_POINT('Origin',(-36.6612009946691,22.4681979667711,29.5499990653992));
#11854=CARTESIAN_POINT('',(-36.6612009946691,22.4681979667711,24.3699989891052));
#11855=CARTESIAN_POINT('Origin',(-43.0612009946691,22.4681979667711,29.5499990653992));
#11856=CARTESIAN_POINT('',(-43.0612009946691,22.4681979667711,24.3699989891052));
#11857=CARTESIAN_POINT('Origin',(-43.0612009946691,16.568197966771,29.5499990653992));
#11858=CARTESIAN_POINT('',(-43.0612009946691,16.568197966771,29.5499990653992));
#11859=CARTESIAN_POINT('Origin',(-43.4612009946691,16.568197966771,29.5499990653992));
#11860=CARTESIAN_POINT('',(-43.4612009946691,16.168197966771,29.5499990653992));
#11861=CARTESIAN_POINT('Origin',(-49.3612009946691,16.168197966771,29.5499990653992));
#11862=CARTESIAN_POINT('',(-49.3612009946691,16.168197966771,24.3699989891052));
#11863=CARTESIAN_POINT('Origin',(-49.3612009946691,9.76819796677106,29.5499990653992));
#11864=CARTESIAN_POINT('Origin',(-33.3810032060028,18.4208931514077,23.8699989891052));
#11865=CARTESIAN_POINT('',(-33.3810032060028,18.4208931514077,26.6499989891052));
#11866=CARTESIAN_POINT('',(-33.3810032060028,18.4208931514077,23.8699989891052));
#11867=CARTESIAN_POINT('',(-34.4085058100325,19.4483957554374,26.6499989891052));
#11868=CARTESIAN_POINT('',(-33.3810032060028,18.4208931514077,26.6499989891052));
#11869=CARTESIAN_POINT('',(-34.4085058100325,19.4483957554374,23.8699989891052));
#11870=CARTESIAN_POINT('Origin',(-39.8612009946691,20.1681979667711,23.8699989891052));
#11871=CARTESIAN_POINT('',(-45.3106165821998,19.4239737032741,26.6499989891052));
#11872=CARTESIAN_POINT('Origin',(-39.8612009946691,20.1681979667711,26.6499989891052));
#11873=CARTESIAN_POINT('',(-45.3106165821998,19.4239737032741,23.8699989891052));
#11874=CARTESIAN_POINT('Origin',(-45.3106165821998,19.4239737032741,23.8699989891052));
#11875=CARTESIAN_POINT('',(-46.3160785966966,18.4174908210816,26.6499989891052));
#11876=CARTESIAN_POINT('',(-46.3160785966966,18.4174908210816,26.6499989891052));
#11877=CARTESIAN_POINT('',(-46.3160785966966,18.4174908210816,23.8699989891052));
#11878=CARTESIAN_POINT('Origin',(-47.0612009946691,12.9681979667711,23.8699989891052));
#11879=CARTESIAN_POINT('',(-46.3283693909884,7.51723861628544,26.6499989891052));
#11880=CARTESIAN_POINT('Origin',(-47.0612009946691,12.9681979667711,26.6499989891052));
#11881=CARTESIAN_POINT('',(-46.3283693909884,7.51723861628544,23.8699989891052));
#11882=CARTESIAN_POINT('Origin',(-46.3283693909884,7.51723861628544,23.8699989891052));
#11883=CARTESIAN_POINT('',(-45.3121603451548,6.50102957045177,26.6499989891052));
#11884=CARTESIAN_POINT('',(-45.3121603451548,6.50102957045177,26.6499989891052));
#11885=CARTESIAN_POINT('',(-45.3121603451548,6.50102957045177,23.8699989891052));
#11886=CARTESIAN_POINT('Origin',(-32.6612009946691,12.9681979667711,23.8699989891052));
#11887=CARTESIAN_POINT('',(-33.4005567533266,7.51811970475134,26.6499989891052));
#11888=CARTESIAN_POINT('',(-33.4005567533266,7.51811970475134,23.8699989891052));
#11889=CARTESIAN_POINT('Origin',(-32.6612009946691,12.9681979667711,26.6499989891052));
#11890=CARTESIAN_POINT('Origin',(-34.4111227326494,6.50755372542855,23.8699989891052));
#11891=CARTESIAN_POINT('',(-34.4111227326494,6.50755372542855,26.6499989891052));
#11892=CARTESIAN_POINT('',(-34.4111227326494,6.50755372542855,23.8699989891052));
#11893=CARTESIAN_POINT('',(-34.4111227326494,6.50755372542855,26.6499989891052));
#11894=CARTESIAN_POINT('Origin',(-39.8612009946691,5.76819796677104,23.8699989891052));
#11895=CARTESIAN_POINT('Origin',(-39.8612009946691,5.76819796677104,26.6499989891052));
#11896=CARTESIAN_POINT('Origin',(-39.8612009946691,12.968197966771,26.6499989891052));
#11897=CARTESIAN_POINT('Origin',(-40.1148990077642,-2.99716515439113,23.95));
#11898=CARTESIAN_POINT('',(-34.5810948379054,-3.24716515439112,24.2));
#11899=CARTESIAN_POINT('',(-34.8336353410576,-2.74716515439113,23.7));
#11900=CARTESIAN_POINT('Origin',(-32.4898990077642,-1.87716515439112,22.83));
#11901=CARTESIAN_POINT('',(-30.1461626744707,-2.74716515439113,23.7));
#11902=CARTESIAN_POINT('',(-40.1148990077642,-2.74716515439113,23.7));
#11903=CARTESIAN_POINT('',(-30.3987031776229,-3.24716515439112,24.2));
#11904=CARTESIAN_POINT('Origin',(-32.4898990077642,-1.87716515439112,22.83));
#11905=CARTESIAN_POINT('',(-40.1148990077642,-3.24716515439113,24.2));
#11906=CARTESIAN_POINT('Origin',(-32.4898990077642,-1.31216515439112,23.7));
#11907=CARTESIAN_POINT('Origin',(-32.4898990077642,-1.87716515439112,23.7));
#11908=CARTESIAN_POINT('',(-31.7898990077642,-1.87716515439112,23.7));
#11909=CARTESIAN_POINT('Origin',(-32.4898990077642,-1.87716515439112,23.7));
#11910=CARTESIAN_POINT('Origin',(-47.9898990077642,-20.9871651543911,23.95));
#11911=CARTESIAN_POINT('',(-47.7398990077642,-21.9783609845323,24.2));
#11912=CARTESIAN_POINT('',(-48.2398990077642,-22.2309014876846,23.7));
#11913=CARTESIAN_POINT('Origin',(-49.1098990077642,-19.8871651543911,22.83));
#11914=CARTESIAN_POINT('',(-48.2398990077642,-17.5434288210976,23.7));
#11915=CARTESIAN_POINT('',(-48.2398990077642,-20.9871651543911,23.7));
#11916=CARTESIAN_POINT('',(-47.7398990077642,-17.7959693242499,24.2));
#11917=CARTESIAN_POINT('Origin',(-49.1098990077642,-19.8871651543911,22.83));
#11918=CARTESIAN_POINT('',(-47.7398990077642,-20.9871651543911,24.2));
#11919=CARTESIAN_POINT('Origin',(-49.6748990077642,-19.8871651543911,23.7));
#11920=CARTESIAN_POINT('Origin',(-49.1098990077642,-19.8871651543911,23.7));
#11921=CARTESIAN_POINT('',(-48.4098990077642,-19.8871651543911,23.7));
#11922=CARTESIAN_POINT('Origin',(-49.1098990077642,-19.8871651543911,23.7));
#11923=CARTESIAN_POINT('Origin',(-2.17001345865926,24.0580369045542,23.95));
#11924=CARTESIAN_POINT('',(-2.42001345865926,18.5242327346954,24.2));
#11925=CARTESIAN_POINT('',(-1.92001345865926,18.7767732378476,23.7));
#11926=CARTESIAN_POINT('Origin',(-1.05001345865925,16.4330369045542,22.83));
#11927=CARTESIAN_POINT('',(-1.92001345865926,14.0893005712607,23.7));
#11928=CARTESIAN_POINT('',(-1.92001345865926,24.0580369045542,23.7));
#11929=CARTESIAN_POINT('',(-2.42001345865926,14.341841074413,24.2));
#11930=CARTESIAN_POINT('Origin',(-1.05001345865925,16.4330369045542,22.83));
#11931=CARTESIAN_POINT('',(-2.42001345865926,24.0580369045542,24.2));
#11932=CARTESIAN_POINT('Origin',(-0.48501345865926,16.4330369045542,23.7));
#11933=CARTESIAN_POINT('Origin',(-1.05001345865925,16.4330369045542,23.7));
#11934=CARTESIAN_POINT('',(-0.350013458659246,16.4330369045542,23.7));
#11935=CARTESIAN_POINT('Origin',(-1.05001345865925,16.4330369045542,23.7));
#11936=CARTESIAN_POINT('Origin',(-20.1600134586593,31.9330369045542,23.95));
#11937=CARTESIAN_POINT('',(-21.1512092888005,31.6830369045541,24.2));
#11938=CARTESIAN_POINT('',(-21.4037497919527,32.1830369045542,23.7));
#11939=CARTESIAN_POINT('Origin',(-19.0600134586593,33.0530369045541,22.8300000000001));
#11940=CARTESIAN_POINT('',(-16.7162771253658,32.1830369045542,23.7));
#11941=CARTESIAN_POINT('',(-20.1600134586593,32.1830369045542,23.7));
#11942=CARTESIAN_POINT('',(-16.9688176285181,31.6830369045541,24.2));
#11943=CARTESIAN_POINT('Origin',(-19.0600134586593,33.0530369045541,22.8300000000001));
#11944=CARTESIAN_POINT('',(-20.1600134586593,31.6830369045541,24.2));
#11945=CARTESIAN_POINT('Origin',(-19.0600134586593,33.6180369045541,23.7));
#11946=CARTESIAN_POINT('Origin',(-19.0600134586593,33.0530369045541,23.7));
#11947=CARTESIAN_POINT('',(-18.3600134586593,33.0530369045541,23.7));
#11948=CARTESIAN_POINT('Origin',(-19.0600134586593,33.0530369045541,23.7));
#11949=CARTESIAN_POINT('Origin',(-49.1098990077642,-19.8871651543911,25.5));
#11950=CARTESIAN_POINT('',(-48.4098990077642,-19.8871651543911,25.5));
#11951=CARTESIAN_POINT('',(-48.4098990077642,-19.8871651543911,25.5));
#11952=CARTESIAN_POINT('Origin',(-49.1098990077642,-19.8871651543911,25.5));
#11953=CARTESIAN_POINT('Origin',(-49.1098990077642,-19.8871651543911,25.5));
#11954=CARTESIAN_POINT('',(-47.7398990077642,-21.9783609845323,25.5));
#11955=CARTESIAN_POINT('',(-47.7398990077642,-17.7959693242499,25.5));
#11956=CARTESIAN_POINT('Origin',(-19.0600134586593,33.0530369045541,25.5));
#11957=CARTESIAN_POINT('',(-18.3600134586593,33.0530369045541,25.5));
#11958=CARTESIAN_POINT('',(-18.3600134586593,33.0530369045541,25.5));
#11959=CARTESIAN_POINT('Origin',(-19.0600134586593,33.0530369045541,25.5));
#11960=CARTESIAN_POINT('Origin',(-19.0600134586593,33.0530369045541,25.5));
#11961=CARTESIAN_POINT('',(-21.1512092888005,31.6830369045541,25.5));
#11962=CARTESIAN_POINT('',(-16.9688176285181,31.6830369045541,25.5));
#11963=CARTESIAN_POINT('Origin',(3.5527136788005E-14,-8.88178419700125E-15,
25.5));
#11964=CARTESIAN_POINT('Origin',(-1.05001345865925,16.4330369045542,25.5));
#11965=CARTESIAN_POINT('',(-0.350013458659246,16.4330369045542,25.5));
#11966=CARTESIAN_POINT('',(-0.350013458659246,16.4330369045542,25.5));
#11967=CARTESIAN_POINT('Origin',(-1.05001345865925,16.4330369045542,25.5));
#11968=CARTESIAN_POINT('Origin',(-1.05001345865925,16.4330369045542,25.5));
#11969=CARTESIAN_POINT('',(-2.42001345865926,18.5242327346954,25.5));
#11970=CARTESIAN_POINT('',(-2.42001345865926,14.341841074413,25.5));
#11971=CARTESIAN_POINT('Origin',(3.5527136788005E-14,-8.88178419700125E-15,
25.5));
#11972=CARTESIAN_POINT('Origin',(-32.4898990077642,-1.87716515439112,25.5));
#11973=CARTESIAN_POINT('',(-31.7898990077642,-1.87716515439112,25.5));
#11974=CARTESIAN_POINT('',(-31.7898990077642,-1.87716515439112,25.5));
#11975=CARTESIAN_POINT('Origin',(-32.4898990077642,-1.87716515439112,25.5));
#11976=CARTESIAN_POINT('Origin',(-32.4898990077642,-1.87716515439112,25.5));
#11977=CARTESIAN_POINT('',(-34.5810948379054,-3.24716515439112,25.5));
#11978=CARTESIAN_POINT('',(-30.3987031776229,-3.24716515439112,25.5));
#11979=CARTESIAN_POINT('Origin',(3.5527136788005E-14,-8.88178419700125E-15,
25.5));
#11980=CARTESIAN_POINT('Origin',(-39.8198990077642,-13.187165154391,34.1199989891052));
#11981=CARTESIAN_POINT('',(-32.3198990077642,-13.187165154391,26.4999989891052));
#11982=CARTESIAN_POINT('',(-32.3198990077642,-13.187165154391,34.1199989891052));
#11983=CARTESIAN_POINT('Origin',(-39.8198990077642,-13.187165154391,26.4999989891052));
#11984=CARTESIAN_POINT('Origin',(-12.3600134586591,23.7630369045541,34.1199989891052));
#11985=CARTESIAN_POINT('',(-4.86001345865911,23.7630369045541,26.4999989891052));
#11986=CARTESIAN_POINT('',(-4.86001345865911,23.7630369045541,34.1199989891052));
#11987=CARTESIAN_POINT('Origin',(-12.3600134586591,23.7630369045541,26.4999989891052));
#11988=CARTESIAN_POINT('Origin',(-21.2600134586593,14.232753652605,26.4999989891052));
#11989=CARTESIAN_POINT('',(-21.2600134586593,31.6830369045541,26.4999989891052));
#11990=CARTESIAN_POINT('',(-21.2600134586593,14.232753652605,26.4999989891052));
#11991=CARTESIAN_POINT('',(-21.2600134586593,31.6830369045541,26.4999989891052));
#11992=CARTESIAN_POINT('',(-21.2600134586593,14.232753652605,26.4999989891052));
#11993=CARTESIAN_POINT('',(-21.2600134586593,31.6830369045541,26.4999989891052));
#11994=CARTESIAN_POINT('Origin',(-2.42001345865926,14.232753652605,26.4999989891052));
#11995=CARTESIAN_POINT('',(-2.42001345865926,14.232753652605,26.4999989891052));
#11996=CARTESIAN_POINT('',(-21.2600134586593,14.232753652605,26.4999989891052));
#11997=CARTESIAN_POINT('',(-2.42001345865926,14.232753652605,26.4999989891052));
#11998=CARTESIAN_POINT('Origin',(-2.42001345865926,31.6830369045541,26.4999989891052));
#11999=CARTESIAN_POINT('',(-2.42001345865926,31.6830369045541,26.4999989891052));
#12000=CARTESIAN_POINT('',(-2.42001345865926,14.232753652605,26.4999989891052));
#12001=CARTESIAN_POINT('',(-2.42001345865926,31.6830369045541,26.4999989891052));
#12002=CARTESIAN_POINT('Origin',(-21.2600134586593,31.6830369045541,26.4999989891052));
#12003=CARTESIAN_POINT('',(-2.42001345865926,31.6830369045541,26.4999989891052));
#12004=CARTESIAN_POINT('Origin',(-11.8400134586593,22.9578952785795,26.4999989891052));
#12005=CARTESIAN_POINT('Origin',(-47.7398990077642,-22.0871651543911,26.4999989891052));
#12006=CARTESIAN_POINT('',(-47.7398990077642,-3.24716515439114,26.4999989891052));
#12007=CARTESIAN_POINT('',(-47.7398990077642,-3.24716515439114,26.4999989891052));
#12008=CARTESIAN_POINT('',(-47.7398990077642,-22.0871651543911,26.4999989891052));
#12009=CARTESIAN_POINT('',(-47.7398990077642,-3.24716515439114,26.4999989891052));
#12010=CARTESIAN_POINT('',(-47.7398990077642,-22.0871651543911,26.4999989891052));
#12011=CARTESIAN_POINT('Origin',(-30.245205817449,-22.0871651543911,26.4999989891052));
#12012=CARTESIAN_POINT('',(-30.245205817449,-22.0871651543911,26.4999989891052));
#12013=CARTESIAN_POINT('',(-47.7398990077642,-22.0871651543911,26.4999989891052));
#12014=CARTESIAN_POINT('',(-30.245205817449,-22.0871651543911,26.4999989891052));
#12015=CARTESIAN_POINT('Origin',(-30.245205817449,-3.24716515439112,26.4999989891052));
#12016=CARTESIAN_POINT('',(-30.245205817449,-3.24716515439112,26.4999989891052));
#12017=CARTESIAN_POINT('',(-30.245205817449,-22.0871651543911,26.4999989891052));
#12018=CARTESIAN_POINT('',(-30.245205817449,-3.24716515439112,26.4999989891052));
#12019=CARTESIAN_POINT('Origin',(-47.7398990077642,-3.24716515439114,26.4999989891052));
#12020=CARTESIAN_POINT('',(-30.245205817449,-3.24716515439112,26.4999989891052));
#12021=CARTESIAN_POINT('Origin',(-38.9925524126066,-12.6671651543911,26.4999989891052));
#12022=CARTESIAN_POINT('Origin',(-14.3188453287967,-26.0894400390424,24.3699989891052));
#12023=CARTESIAN_POINT('',(-14.3188453287967,-22.4894400390424,24.3699989891052));
#12024=CARTESIAN_POINT('',(-14.3188453287967,-26.0894400390424,24.3699989891052));
#12025=CARTESIAN_POINT('',(-14.3188453287967,-25.1894400390424,24.3699989891052));
#12026=CARTESIAN_POINT('',(-14.3188453287967,-22.4894400390424,24.0699989891052));
#12027=CARTESIAN_POINT('',(-14.3188453287967,-22.4894400390424,24.3699989891052));
#12028=CARTESIAN_POINT('',(-14.3188453287967,-26.0894400390424,24.0699989891052));
#12029=CARTESIAN_POINT('',(-14.3188453287967,-22.4894400390424,24.0699989891052));
#12030=CARTESIAN_POINT('',(-14.3188453287967,-26.0894400390424,24.3699989891052));
#12031=CARTESIAN_POINT('Origin',(-10.7188453287967,-26.0894400390424,24.3699989891052));
#12032=CARTESIAN_POINT('',(-10.7188453287967,-26.0894400390424,24.3699989891052));
#12033=CARTESIAN_POINT('',(-11.6188453287967,-26.0894400390424,24.3699989891052));
#12034=CARTESIAN_POINT('',(-10.7188453287967,-26.0894400390424,24.0699989891052));
#12035=CARTESIAN_POINT('',(-14.3188453287967,-26.0894400390424,24.0699989891052));
#12036=CARTESIAN_POINT('',(-10.7188453287967,-26.0894400390424,24.3699989891052));
#12037=CARTESIAN_POINT('Origin',(-10.7188453287967,-22.4894400390424,24.3699989891052));
#12038=CARTESIAN_POINT('',(-10.7188453287967,-22.4894400390424,24.3699989891052));
#12039=CARTESIAN_POINT('',(-10.7188453287967,-23.3894400390424,24.3699989891052));
#12040=CARTESIAN_POINT('',(-10.7188453287967,-22.4894400390424,24.0699989891052));
#12041=CARTESIAN_POINT('',(-10.7188453287967,-26.0894400390424,24.0699989891052));
#12042=CARTESIAN_POINT('',(-10.7188453287967,-22.4894400390424,24.3699989891052));
#12043=CARTESIAN_POINT('Origin',(-14.3188453287967,-22.4894400390424,24.3699989891052));
#12044=CARTESIAN_POINT('',(-13.4188453287967,-22.4894400390424,24.3699989891052));
#12045=CARTESIAN_POINT('',(-10.7188453287967,-22.4894400390424,24.0699989891052));
#12046=CARTESIAN_POINT('Origin',(-12.5188453287967,-24.2894400390424,24.0699989891052));
#12047=CARTESIAN_POINT('Origin',(-8.12531922179416,-14.2758893516763,24.3699989891052));
#12048=CARTESIAN_POINT('',(-8.27478825467721,-14.4253583845593,24.3699989891052));
#12049=CARTESIAN_POINT('',(-8.12531922179416,-14.2758893516763,24.3699989891052));
#12050=CARTESIAN_POINT('',(-8.27478825467721,-14.4253583845593,24.3699989891052));
#12051=CARTESIAN_POINT('',(-8.27478825467721,-14.4253583845593,26.4999989891052));
#12052=CARTESIAN_POINT('',(-8.27478825467721,-14.4253583845593,24.3699989891052));
#12053=CARTESIAN_POINT('',(-8.12531922179416,-14.2758893516763,26.4999989891052));
#12054=CARTESIAN_POINT('',(-11.7270884203863,-17.8776585502684,26.4999989891052));
#12055=CARTESIAN_POINT('',(-8.12531922179416,-14.2758893516763,24.3699989891052));
#12056=CARTESIAN_POINT('Origin',(-7.84247650931954,-14.5587320641509,24.3699989891052));
#12057=CARTESIAN_POINT('',(-7.48447698246963,-14.3803046593745,24.3699989891052));
#12058=CARTESIAN_POINT('Origin',(-7.84247650931954,-14.5587320641509,24.3699989891052));
#12059=CARTESIAN_POINT('',(-7.48447698246963,-14.3803046593745,26.4999989891052));
#12060=CARTESIAN_POINT('Origin',(-7.84247650931954,-14.5587320641509,26.4999989891052));
#12061=CARTESIAN_POINT('',(-7.48447698246963,-14.3803046593745,24.3699989891052));
#12062=CARTESIAN_POINT('Origin',(-12.5188453287967,-16.8894400390424,24.3699989891052));
#12063=CARTESIAN_POINT('',(-6.89820679868697,-17.1109067720907,24.3699989891052));
#12064=CARTESIAN_POINT('Origin',(-12.5188453287967,-16.8894400390424,24.3699989891052));
#12065=CARTESIAN_POINT('',(-6.89820679868697,-17.1109067720907,26.4999989891052));
#12066=CARTESIAN_POINT('Origin',(-12.5188453287967,-16.8894400390424,26.4999989891052));
#12067=CARTESIAN_POINT('',(-6.89820679868697,-17.1109067720907,24.3699989891052));
#12068=CARTESIAN_POINT('Origin',(-5.39936985732441,-17.1699645675703,24.3699989891052));
#12069=CARTESIAN_POINT('',(-5.34031206184486,-18.6688015089328,24.3699989891052));
#12070=CARTESIAN_POINT('Origin',(-5.39936985732441,-17.1699645675703,24.3699989891052));
#12071=CARTESIAN_POINT('',(-5.34031206184486,-18.6688015089328,26.4999989891052));
#12072=CARTESIAN_POINT('Origin',(-5.39936985732441,-17.1699645675703,26.4999989891052));
#12073=CARTESIAN_POINT('',(-5.34031206184486,-18.6688015089328,24.3699989891052));
#12074=CARTESIAN_POINT('Origin',(-5.1188453287967,-24.2894400390424,24.3699989891052));
#12075=CARTESIAN_POINT('',(-0.0850300523321668,-26.7996848005013,24.3699989891052));
#12076=CARTESIAN_POINT('Origin',(-5.1188453287967,-24.2894400390424,24.3699989891052));
#12077=CARTESIAN_POINT('',(-0.0850300523321668,-26.7996848005013,26.4999989891052));
#12078=CARTESIAN_POINT('Origin',(-5.1188453287967,-24.2894400390424,26.4999989891052));
#12079=CARTESIAN_POINT('',(-0.0850300523321668,-26.7996848005013,24.3699989891052));
#12080=CARTESIAN_POINT('Origin',(-0.44299024976965,-26.6211785063531,24.3699989891052));
#12081=CARTESIAN_POINT('',(-0.725832962244271,-26.9040212188277,24.3699989891052));
#12082=CARTESIAN_POINT('Origin',(-0.44299024976965,-26.6211785063531,24.3699989891052));
#12083=CARTESIAN_POINT('',(-0.725832962244271,-26.9040212188277,26.4999989891052));
#12084=CARTESIAN_POINT('Origin',(-0.44299024976965,-26.6211785063531,26.4999989891052));
#12085=CARTESIAN_POINT('',(-0.725832962244271,-26.9040212188277,24.3699989891052));
#12086=CARTESIAN_POINT('Origin',(-0.87529048189853,-26.7545636991734,24.3699989891052));
#12087=CARTESIAN_POINT('',(-0.87529048189853,-26.7545636991734,24.3699989891052));
#12088=CARTESIAN_POINT('',(-0.87529048189853,-26.7545636991734,24.3699989891052));
#12089=CARTESIAN_POINT('',(-0.87529048189853,-26.7545636991734,26.4999989891052));
#12090=CARTESIAN_POINT('',(-4.40246010865581,-23.2273940724161,26.4999989891052));
#12091=CARTESIAN_POINT('',(-0.87529048189853,-26.7545636991734,24.3699989891052));
#12092=CARTESIAN_POINT('Origin',(-0.592447769423909,-26.4717209866988,24.3699989891052));
#12093=CARTESIAN_POINT('',(-0.952758022906313,-26.2980070804177,24.3699989891052));
#12094=CARTESIAN_POINT('Origin',(-0.592447769423909,-26.4717209866988,24.3699989891052));
#12095=CARTESIAN_POINT('',(-0.952758022906313,-26.2980070804177,26.4999989891052));
#12096=CARTESIAN_POINT('Origin',(-0.592447769423909,-26.4717209866988,26.4999989891052));
#12097=CARTESIAN_POINT('',(-0.952758022906313,-26.2980070804177,24.3699989891052));
#12098=CARTESIAN_POINT('Origin',(-5.1188453287967,-24.2894400390424,24.3699989891052));
#12099=CARTESIAN_POINT('',(-3.09705080375319,-28.4491241494652,24.3699989891052));
#12100=CARTESIAN_POINT('Origin',(-5.1188453287967,-24.2894400390424,24.3699989891052));
#12101=CARTESIAN_POINT('',(-3.09705080375319,-28.4491241494652,26.4999989891052));
#12102=CARTESIAN_POINT('Origin',(-5.1188453287967,-24.2894400390424,26.4999989891052));
#12103=CARTESIAN_POINT('',(-3.09705080375319,-28.4491241494652,24.3699989891052));
#12104=CARTESIAN_POINT('Origin',(-2.92219289888457,-28.8088806130694,24.3699989891052));
#12105=CARTESIAN_POINT('',(-2.63935018640995,-28.5260379005948,24.3699989891052));
#12106=CARTESIAN_POINT('Origin',(-2.92219289888457,-28.8088806130694,24.3699989891052));
#12107=CARTESIAN_POINT('',(-2.63935018640995,-28.5260379005948,26.4999989891052));
#12108=CARTESIAN_POINT('Origin',(-2.92219289888457,-28.8088806130694,26.4999989891052));
#12109=CARTESIAN_POINT('',(-2.63935018640995,-28.5260379005948,24.3699989891052));
#12110=CARTESIAN_POINT('Origin',(-2.490050639101,-28.6753374479037,24.3699989891052));
#12111=CARTESIAN_POINT('',(-2.49005063910099,-28.6753374479037,24.3699989891052));
#12112=CARTESIAN_POINT('',(-2.63935018640995,-28.5260379005948,24.3699989891052));
#12113=CARTESIAN_POINT('',(-2.49005063910099,-28.6753374479037,26.4999989891052));
#12114=CARTESIAN_POINT('',(-6.09372366374023,-25.0716644232645,26.4999989891052));
#12115=CARTESIAN_POINT('',(-2.49005063910099,-28.6753374479037,24.3699989891052));
#12116=CARTESIAN_POINT('Origin',(-2.77289335157562,-28.9581801603783,24.3699989891052));
#12117=CARTESIAN_POINT('',(-2.5932989418362,-29.3155956720596,24.3699989891052));
#12118=CARTESIAN_POINT('Origin',(-2.77289335157562,-28.9581801603783,24.3699989891052));
#12119=CARTESIAN_POINT('',(-2.5932989418362,-29.3155956720596,26.4999989891052));
#12120=CARTESIAN_POINT('Origin',(-2.77289335157562,-28.9581801603783,26.4999989891052));
#12121=CARTESIAN_POINT('',(-2.5932989418362,-29.3155956720596,24.3699989891052));
#12122=CARTESIAN_POINT('Origin',(-5.1188453287967,-24.2894400390424,24.3699989891052));
#12123=CARTESIAN_POINT('',(-5.34031206184498,-29.910078569152,24.3699989891052));
#12124=CARTESIAN_POINT('Origin',(-5.1188453287967,-24.2894400390424,24.3699989891052));
#12125=CARTESIAN_POINT('',(-5.34031206184498,-29.910078569152,26.4999989891052));
#12126=CARTESIAN_POINT('Origin',(-5.1188453287967,-24.2894400390424,26.4999989891052));
#12127=CARTESIAN_POINT('',(-5.34031206184498,-29.910078569152,24.3699989891052));
#12128=CARTESIAN_POINT('Origin',(-5.39936985732452,-31.4089155105145,24.3699989891052));
#12129=CARTESIAN_POINT('',(-6.89820679868707,-31.4679733059941,24.3699989891052));
#12130=CARTESIAN_POINT('Origin',(-5.39936985732452,-31.4089155105145,24.3699989891052));
#12131=CARTESIAN_POINT('',(-6.89820679868707,-31.4679733059941,26.4999989891052));
#12132=CARTESIAN_POINT('Origin',(-5.39936985732452,-31.4089155105145,26.4999989891052));
#12133=CARTESIAN_POINT('',(-6.89820679868707,-31.4679733059941,24.3699989891052));
#12134=CARTESIAN_POINT('Origin',(-12.5188453287967,-31.6894400390424,24.3699989891052));
#12135=CARTESIAN_POINT('',(-15.0471081506275,-36.7142297962112,24.3699989891052));
#12136=CARTESIAN_POINT('Origin',(-12.5188453287967,-31.6894400390424,24.3699989891052));
#12137=CARTESIAN_POINT('',(-15.0471081506275,-36.7142297962112,26.4999989891052));
#12138=CARTESIAN_POINT('Origin',(-12.5188453287967,-31.6894400390424,26.4999989891052));
#12139=CARTESIAN_POINT('',(-15.0471081506275,-36.7142297962112,24.3699989891052));
#12140=CARTESIAN_POINT('Origin',(-14.8673205721862,-36.3569114134792,24.3699989891052));
#12141=CARTESIAN_POINT('',(-15.1501632846608,-36.0740687010046,24.3699989891052));
#12142=CARTESIAN_POINT('Origin',(-14.8673205721862,-36.3569114134792,24.3699989891052));
#12143=CARTESIAN_POINT('',(-15.1501632846608,-36.0740687010046,26.4999989891052));
#12144=CARTESIAN_POINT('Origin',(-14.8673205721862,-36.3569114134792,26.4999989891052));
#12145=CARTESIAN_POINT('',(-15.1501632846608,-36.0740687010046,24.3699989891052));
#12146=CARTESIAN_POINT('Origin',(-15.0008916201405,-35.9247970364842,24.3699989891052));
#12147=CARTESIAN_POINT('',(-15.0008916201405,-35.9247970364842,24.3699989891052));
#12148=CARTESIAN_POINT('',(-15.0008916201405,-35.9247970364842,24.3699989891052));
#12149=CARTESIAN_POINT('',(-15.0008916201405,-35.9247970364842,26.4999989891052));
#12150=CARTESIAN_POINT('',(-11.471540797944,-32.3954462142882,26.4999989891052));
#12151=CARTESIAN_POINT('',(-15.0008916201405,-35.9247970364842,24.3699989891052));
#12152=CARTESIAN_POINT('Origin',(-14.7180489076659,-36.2076397489589,24.3699989891052));
#12153=CARTESIAN_POINT('',(-14.5429879262634,-35.8479820606073,24.3699989891052));
#12154=CARTESIAN_POINT('Origin',(-14.7180489076659,-36.2076397489589,24.3699989891052));
#12155=CARTESIAN_POINT('',(-14.5429879262634,-35.8479820606073,26.4999989891052));
#12156=CARTESIAN_POINT('Origin',(-14.7180489076659,-36.2076397489589,26.4999989891052));
#12157=CARTESIAN_POINT('',(-14.5429879262634,-35.8479820606073,24.3699989891052));
#12158=CARTESIAN_POINT('Origin',(-12.5188453287967,-31.6894400390424,24.3699989891052));
#12159=CARTESIAN_POINT('',(-16.6860674034915,-33.695651687941,24.3699989891052));
#12160=CARTESIAN_POINT('Origin',(-12.5188453287967,-31.6894400390424,24.3699989891052));
#12161=CARTESIAN_POINT('',(-16.6860674034915,-33.695651687941,26.4999989891052));
#12162=CARTESIAN_POINT('Origin',(-12.5188453287967,-31.6894400390424,26.4999989891052));
#12163=CARTESIAN_POINT('',(-16.6860674034915,-33.695651687941,24.3699989891052));
#12164=CARTESIAN_POINT('Origin',(-17.0464757991408,-33.8691618846025,24.3699989891052));
#12165=CARTESIAN_POINT('',(-16.7636330866662,-34.1520045970772,24.3699989891052));
#12166=CARTESIAN_POINT('Origin',(-17.0464757991408,-33.8691618846025,24.3699989891052));
#12167=CARTESIAN_POINT('',(-16.7636330866662,-34.1520045970772,26.4999989891052));
#12168=CARTESIAN_POINT('Origin',(-17.0464757991408,-33.8691618846025,26.4999989891052));
#12169=CARTESIAN_POINT('',(-16.7636330866662,-34.1520045970772,24.3699989891052));
#12170=CARTESIAN_POINT('Origin',(-16.9131188964821,-34.3014904068931,24.3699989891052));
#12171=CARTESIAN_POINT('',(-16.9131188964821,-34.3014904068931,24.3699989891052));
#12172=CARTESIAN_POINT('',(-16.7636330866662,-34.1520045970772,24.3699989891052));
#12173=CARTESIAN_POINT('',(-16.9131188964821,-34.3014904068931,26.4999989891052));
#12174=CARTESIAN_POINT('',(-13.311537912598,-30.6999094230092,26.4999989891052));
#12175=CARTESIAN_POINT('',(-16.9131188964821,-34.3014904068931,24.3699989891052));
#12176=CARTESIAN_POINT('Origin',(-17.1959616089567,-34.0186476944184,24.3699989891052));
#12177=CARTESIAN_POINT('',(-17.5540183576771,-34.1969602421985,24.3699989891052));
#12178=CARTESIAN_POINT('Origin',(-17.1959616089567,-34.0186476944184,24.3699989891052));
#12179=CARTESIAN_POINT('',(-17.5540183576771,-34.1969602421985,26.4999989891052));
#12180=CARTESIAN_POINT('Origin',(-17.1959616089567,-34.0186476944184,26.4999989891052));
#12181=CARTESIAN_POINT('',(-17.5540183576771,-34.1969602421985,24.3699989891052));
#12182=CARTESIAN_POINT('Origin',(-12.5188453287967,-31.6894400390424,24.3699989891052));
#12183=CARTESIAN_POINT('',(-18.1394838589063,-31.467973305994,24.3699989891052));
#12184=CARTESIAN_POINT('Origin',(-12.5188453287967,-31.6894400390424,24.3699989891052));
#12185=CARTESIAN_POINT('',(-18.1394838589063,-31.467973305994,26.4999989891052));
#12186=CARTESIAN_POINT('Origin',(-12.5188453287967,-31.6894400390424,26.4999989891052));
#12187=CARTESIAN_POINT('',(-18.1394838589063,-31.467973305994,24.3699989891052));
#12188=CARTESIAN_POINT('Origin',(-19.6383208002689,-31.4089155105145,24.3699989891052));
#12189=CARTESIAN_POINT('',(-19.6973785957484,-29.9100785691519,24.3699989891052));
#12190=CARTESIAN_POINT('Origin',(-19.6383208002689,-31.4089155105145,24.3699989891052));
#12191=CARTESIAN_POINT('',(-19.6973785957484,-29.9100785691519,26.4999989891052));
#12192=CARTESIAN_POINT('Origin',(-19.6383208002689,-31.4089155105145,26.4999989891052));
#12193=CARTESIAN_POINT('',(-19.6973785957484,-29.9100785691519,24.3699989891052));
#12194=CARTESIAN_POINT('Origin',(-19.9188453287967,-24.2894400390424,24.3699989891052));
#12195=CARTESIAN_POINT('',(-24.9441341356374,-21.7621692961578,24.3699989891052));
#12196=CARTESIAN_POINT('Origin',(-19.9188453287967,-24.2894400390424,24.3699989891052));
#12197=CARTESIAN_POINT('',(-24.9441341356374,-21.7621692961578,26.4999989891052));
#12198=CARTESIAN_POINT('Origin',(-19.9188453287967,-24.2894400390424,26.4999989891052));
#12199=CARTESIAN_POINT('',(-24.9441341356374,-21.7621692961578,24.3699989891052));
#12200=CARTESIAN_POINT('Origin',(-24.5867802649287,-21.9418863267629,24.3699989891052));
#12201=CARTESIAN_POINT('',(-24.3039375524541,-21.6590436142883,24.3699989891052));
#12202=CARTESIAN_POINT('Origin',(-24.5867802649287,-21.9418863267629,24.3699989891052));
#12203=CARTESIAN_POINT('',(-24.3039375524541,-21.6590436142883,26.4999989891052));
#12204=CARTESIAN_POINT('Origin',(-24.5867802649287,-21.9418863267629,26.4999989891052));
#12205=CARTESIAN_POINT('',(-24.3039375524541,-21.6590436142883,24.3699989891052));
#12206=CARTESIAN_POINT('Origin',(-24.1546557103967,-21.8083254563456,24.3699989891052));
#12207=CARTESIAN_POINT('',(-24.1546557103967,-21.8083254563456,24.3699989891052));
#12208=CARTESIAN_POINT('',(-24.1546557103967,-21.8083254563456,24.3699989891052));
#12209=CARTESIAN_POINT('',(-24.1546557103967,-21.8083254563456,26.4999989891052));
#12210=CARTESIAN_POINT('',(-20.6254244693227,-25.3375566974199,26.4999989891052));
#12211=CARTESIAN_POINT('',(-24.1546557103967,-21.8083254563456,24.3699989891052));
#12212=CARTESIAN_POINT('Origin',(-24.4374984228713,-22.0911681688203,24.3699989891052));
#12213=CARTESIAN_POINT('',(-24.0778046442385,-22.2661549843603,24.3699989891052));
#12214=CARTESIAN_POINT('Origin',(-24.4374984228713,-22.0911681688203,24.3699989891052));
#12215=CARTESIAN_POINT('',(-24.0778046442385,-22.2661549843603,26.4999989891052));
#12216=CARTESIAN_POINT('Origin',(-24.4374984228713,-22.0911681688203,26.4999989891052));
#12217=CARTESIAN_POINT('',(-24.0778046442385,-22.2661549843603,24.3699989891052));
#12218=CARTESIAN_POINT('Origin',(-19.9188453287967,-24.2894400390424,24.3699989891052));
#12219=CARTESIAN_POINT('',(-21.9259174504338,-20.1226323282706,24.3699989891052));
#12220=CARTESIAN_POINT('Origin',(-19.9188453287967,-24.2894400390424,24.3699989891052));
#12221=CARTESIAN_POINT('',(-21.9259174504338,-20.1226323282706,26.4999989891052));
#12222=CARTESIAN_POINT('Origin',(-19.9188453287967,-24.2894400390424,26.4999989891052));
#12223=CARTESIAN_POINT('',(-21.9259174504338,-20.1226323282706,24.3699989891052));
#12224=CARTESIAN_POINT('Origin',(-22.0995020663592,-19.7622597695012,24.3699989891052));
#12225=CARTESIAN_POINT('',(-22.3823447788338,-20.0451024819758,24.3699989891052));
#12226=CARTESIAN_POINT('Origin',(-22.0995020663592,-19.7622597695012,24.3699989891052));
#12227=CARTESIAN_POINT('',(-22.3823447788338,-20.0451024819758,26.4999989891052));
#12228=CARTESIAN_POINT('Origin',(-22.0995020663592,-19.7622597695012,26.4999989891052));
#12229=CARTESIAN_POINT('',(-22.3823447788338,-20.0451024819758,24.3699989891052));
#12230=CARTESIAN_POINT('Origin',(-22.5318202480556,-19.895627012754,24.3699989891052));
#12231=CARTESIAN_POINT('',(-22.5318202480557,-19.895627012754,24.3699989891052));
#12232=CARTESIAN_POINT('',(-22.3823447788338,-20.0451024819758,24.3699989891052));
#12233=CARTESIAN_POINT('',(-22.5318202480557,-19.895627012754,26.4999989891052));
#12234=CARTESIAN_POINT('',(-18.9301232616688,-23.4973239991408,26.4999989891052));
#12235=CARTESIAN_POINT('',(-22.5318202480557,-19.895627012754,24.3699989891052));
#12236=CARTESIAN_POINT('Origin',(-22.248977535581,-19.6127843002794,24.3699989891052));
#12237=CARTESIAN_POINT('',(-22.4273608624162,-19.2547628083166,24.3699989891052));
#12238=CARTESIAN_POINT('Origin',(-22.248977535581,-19.6127843002794,24.3699989891052));
#12239=CARTESIAN_POINT('',(-22.4273608624162,-19.2547628083166,26.4999989891052));
#12240=CARTESIAN_POINT('Origin',(-22.248977535581,-19.6127843002794,26.4999989891052));
#12241=CARTESIAN_POINT('',(-22.4273608624162,-19.2547628083166,24.3699989891052));
#12242=CARTESIAN_POINT('Origin',(-19.9188453287967,-24.2894400390424,24.3699989891052));
#12243=CARTESIAN_POINT('',(-19.6973785957486,-18.6688015089329,24.3699989891052));
#12244=CARTESIAN_POINT('Origin',(-19.9188453287967,-24.2894400390424,24.3699989891052));
#12245=CARTESIAN_POINT('',(-19.6973785957486,-18.6688015089329,26.4999989891052));
#12246=CARTESIAN_POINT('Origin',(-19.9188453287967,-24.2894400390424,26.4999989891052));
#12247=CARTESIAN_POINT('',(-19.6973785957486,-18.6688015089329,24.3699989891052));
#12248=CARTESIAN_POINT('Origin',(-19.6383208002691,-17.1699645675702,24.3699989891052));
#12249=CARTESIAN_POINT('',(-18.1394838589064,-17.1109067720908,24.3699989891052));
#12250=CARTESIAN_POINT('Origin',(-19.6383208002691,-17.1699645675702,24.3699989891052));
#12251=CARTESIAN_POINT('',(-18.1394838589064,-17.1109067720908,26.4999989891052));
#12252=CARTESIAN_POINT('Origin',(-19.6383208002691,-17.1699645675702,26.4999989891052));
#12253=CARTESIAN_POINT('',(-18.1394838589064,-17.1109067720908,24.3699989891052));
#12254=CARTESIAN_POINT('Origin',(-12.5188453287967,-16.8894400390424,24.3699989891052));
#12255=CARTESIAN_POINT('',(-9.99219257216202,-11.8638404880046,24.3699989891052));
#12256=CARTESIAN_POINT('Origin',(-12.5188453287967,-16.8894400390424,24.3699989891052));
#12257=CARTESIAN_POINT('',(-9.99219257216202,-11.8638404880046,26.4999989891052));
#12258=CARTESIAN_POINT('Origin',(-12.5188453287967,-16.8894400390424,26.4999989891052));
#12259=CARTESIAN_POINT('',(-9.99219257216202,-11.8638404880046,24.3699989891052));
#12260=CARTESIAN_POINT('Origin',(-10.1718656570783,-12.2212164560784,24.3699989891052));
#12261=CARTESIAN_POINT('',(-9.88902294460363,-12.504059168553,24.3699989891052));
#12262=CARTESIAN_POINT('Origin',(-10.1718656570783,-12.2212164560784,24.3699989891052));
#12263=CARTESIAN_POINT('',(-9.88902294460363,-12.504059168553,26.4999989891052));
#12264=CARTESIAN_POINT('Origin',(-10.1718656570783,-12.2212164560784,26.4999989891052));
#12265=CARTESIAN_POINT('',(-9.88902294460363,-12.504059168553,24.3699989891052));
#12266=CARTESIAN_POINT('Origin',(-10.0383111297352,-12.6533473536845,24.3699989891052));
#12267=CARTESIAN_POINT('',(-10.0383111297352,-12.6533473536845,24.3699989891052));
#12268=CARTESIAN_POINT('',(-10.0383111297352,-12.6533473536845,24.3699989891052));
#12269=CARTESIAN_POINT('',(-10.0383111297352,-12.6533473536845,26.4999989891052));
#12270=CARTESIAN_POINT('',(-13.56746785084,-16.1825040747895,26.4999989891052));
#12271=CARTESIAN_POINT('',(-10.0383111297352,-12.6533473536845,24.3699989891052));
#12272=CARTESIAN_POINT('Origin',(-10.3211538422098,-12.3705046412099,24.3699989891052));
#12273=CARTESIAN_POINT('',(-10.4960944580575,-12.7302208917836,24.3699989891052));
#12274=CARTESIAN_POINT('Origin',(-10.3211538422098,-12.3705046412099,24.3699989891052));
#12275=CARTESIAN_POINT('',(-10.4960944580575,-12.7302208917836,26.4999989891052));
#12276=CARTESIAN_POINT('Origin',(-10.3211538422098,-12.3705046412099,26.4999989891052));
#12277=CARTESIAN_POINT('',(-10.4960944580575,-12.7302208917836,24.3699989891052));
#12278=CARTESIAN_POINT('Origin',(-12.5188453287967,-16.8894400390424,24.3699989891052));
#12279=CARTESIAN_POINT('',(-8.35229577397127,-14.8818320575918,24.3699989891052));
#12280=CARTESIAN_POINT('Origin',(-12.5188453287967,-16.8894400390424,24.3699989891052));
#12281=CARTESIAN_POINT('',(-8.35229577397127,-14.8818320575918,26.4999989891052));
#12282=CARTESIAN_POINT('Origin',(-12.5188453287967,-16.8894400390424,26.4999989891052));
#12283=CARTESIAN_POINT('',(-8.35229577397127,-14.8818320575918,24.3699989891052));
#12284=CARTESIAN_POINT('Origin',(-7.99194554220255,-14.7082010970339,24.3699989891052));
#12285=CARTESIAN_POINT('Origin',(-7.99194554220255,-14.7082010970339,24.3699989891052));
#12286=CARTESIAN_POINT('Origin',(-7.99194554220255,-14.7082010970339,26.4999989891052));
#12287=CARTESIAN_POINT('Origin',(-12.5188453287967,-24.2894400390424,24.3699989891052));
#12288=CARTESIAN_POINT('Origin',(-5.01950328049396,-31.7887820873451,23.8699989891052));
#12289=CARTESIAN_POINT('',(-6.01941555360108,-31.7755364809046,26.4999989891052));
#12290=CARTESIAN_POINT('',(-6.01941555360108,-31.7755364809046,23.8699989891052));
#12291=CARTESIAN_POINT('',(-5.03274888693436,-30.788869814238,26.4999989891052));
#12292=CARTESIAN_POINT('Origin',(-5.01950328049396,-31.7887820873451,26.4999989891052));
#12293=CARTESIAN_POINT('',(-5.03274888693436,-30.788869814238,23.8699989891052));
#12294=CARTESIAN_POINT('Origin',(-5.1188453287967,-24.2894400390424,23.8699989891052));
#12295=CARTESIAN_POINT('',(-5.03274888693446,-17.7900102638468,26.4999989891052));
#12296=CARTESIAN_POINT('Origin',(-5.1188453287967,-24.2894400390424,26.4999989891052));
#12297=CARTESIAN_POINT('',(-5.03274888693446,-17.7900102638468,23.8699989891052));
#12298=CARTESIAN_POINT('Origin',(-5.01950328049407,-16.7900979907398,23.8699989891052));
#12299=CARTESIAN_POINT('',(-6.01941555360114,-16.8033435971801,26.4999989891052));
#12300=CARTESIAN_POINT('Origin',(-5.01950328049407,-16.7900979907398,26.4999989891052));
#12301=CARTESIAN_POINT('',(-6.01941555360114,-16.8033435971801,23.8699989891052));
#12302=CARTESIAN_POINT('Origin',(-12.5188453287967,-16.8894400390424,23.8699989891052));
#12303=CARTESIAN_POINT('',(-19.0182751039923,-16.8033435971803,26.4999989891052));
#12304=CARTESIAN_POINT('Origin',(-12.5188453287967,-16.8894400390424,26.4999989891052));
#12305=CARTESIAN_POINT('',(-19.0182751039923,-16.8033435971803,23.8699989891052));
#12306=CARTESIAN_POINT('Origin',(-20.0181873770993,-16.7900979907399,23.8699989891052));
#12307=CARTESIAN_POINT('',(-20.0049417706589,-17.7900102638469,26.4999989891052));
#12308=CARTESIAN_POINT('Origin',(-20.0181873770993,-16.7900979907399,26.4999989891052));
#12309=CARTESIAN_POINT('',(-20.0049417706589,-17.7900102638469,23.8699989891052));
#12310=CARTESIAN_POINT('Origin',(-12.5188453287967,-31.6894400390424,23.8699989891052));
#12311=CARTESIAN_POINT('',(-19.0182751039923,-31.7755364809045,26.4999989891052));
#12312=CARTESIAN_POINT('',(-19.0182751039923,-31.7755364809045,23.8699989891052));
#12313=CARTESIAN_POINT('Origin',(-12.5188453287967,-31.6894400390424,26.4999989891052));
#12314=CARTESIAN_POINT('Origin',(-20.0181873770995,-31.788782087345,23.8699989891052));
#12315=CARTESIAN_POINT('',(-20.0049417706591,-30.7888698142379,26.4999989891052));
#12316=CARTESIAN_POINT('',(-20.0049417706591,-30.7888698142379,23.8699989891052));
#12317=CARTESIAN_POINT('Origin',(-20.0181873770995,-31.788782087345,26.4999989891052));
#12318=CARTESIAN_POINT('Origin',(-19.9188453287967,-24.2894400390424,23.8699989891052));
#12319=CARTESIAN_POINT('Origin',(-19.9188453287967,-24.2894400390424,26.4999989891052));
#12320=CARTESIAN_POINT('Origin',(-12.5188453287966,-24.2894400390424,26.4999989891052));
#12321=CARTESIAN_POINT('',(-1.3188453287967,-24.2894400390424,26.4999989891052));
#12322=CARTESIAN_POINT('Origin',(-5.1188453287967,-24.2894400390424,26.4999989891052));
#12323=CARTESIAN_POINT('',(-8.71884532879671,-31.6894400390424,26.4999989891052));
#12324=CARTESIAN_POINT('Origin',(-12.5188453287967,-31.6894400390424,26.4999989891052));
#12325=CARTESIAN_POINT('',(-8.71884532879669,-16.8894400390424,26.4999989891052));
#12326=CARTESIAN_POINT('Origin',(-12.5188453287967,-16.8894400390424,26.4999989891052));
#12327=CARTESIAN_POINT('',(-16.1188453287967,-24.2894400390424,26.4999989891052));
#12328=CARTESIAN_POINT('Origin',(-19.9188453287967,-24.2894400390424,26.4999989891052));
#12329=CARTESIAN_POINT('Origin',(-5.1188453287967,-24.2894400390424,24.3699989891052));
#12330=CARTESIAN_POINT('',(-1.3188453287967,-24.2894400390424,24.3699989891052));
#12331=CARTESIAN_POINT('Origin',(-12.5188453287967,-31.6894400390424,24.3699989891052));
#12332=CARTESIAN_POINT('',(-8.71884532879671,-31.6894400390424,24.3699989891052));
#12333=CARTESIAN_POINT('Origin',(-12.5188453287967,-16.8894400390424,24.3699989891052));
#12334=CARTESIAN_POINT('',(-8.71884532879669,-16.8894400390424,24.3699989891052));
#12335=CARTESIAN_POINT('Origin',(-19.9188453287967,-24.2894400390424,24.3699989891052));
#12336=CARTESIAN_POINT('',(-16.1188453287967,-24.2894400390424,24.3699989891052));
#12337=CARTESIAN_POINT('Origin',(-49.9999999999999,20.7749999999999,25.5));
#12338=CARTESIAN_POINT('Origin',(66.5,37.275,25.5));
#12339=CARTESIAN_POINT('Origin',(-50.0000000000001,-41.275,25.5));
#12340=CARTESIAN_POINT('',(-50.0000000000001,-41.275,25.5));
#12341=CARTESIAN_POINT('Origin',(-50.,-20.775,25.5));
#12342=CARTESIAN_POINT('Origin',(-57.7511777287924,20.4782545205176,26.7499989891052));
#12343=CARTESIAN_POINT('',(-62.9473301514989,23.4782545205175,26.7499989891052));
#12344=CARTESIAN_POINT('Origin',(-62.1973301514989,24.7772926261942,26.7499989891052));
#12345=CARTESIAN_POINT('',(-63.0633555552834,25.2772926261942,26.7499989891052));
#12346=CARTESIAN_POINT('Origin',(-63.3133555552834,24.8442799243021,26.7499989891052));
#12347=CARTESIAN_POINT('',(-63.3133555552834,24.8442799243021,26.7499989891052));
#12348=CARTESIAN_POINT('Origin',(-62.4473301514988,24.3442799243021,26.7499989891052));
#12349=CARTESIAN_POINT('Origin',(-59.4473301514984,29.5404323470084,26.7499989891052));
#12350=CARTESIAN_POINT('',(-54.2511777287923,26.5404323470087,26.7499989891052));
#12351=CARTESIAN_POINT('Origin',(-55.0011777287923,25.241394241332,26.7499989891052));
#12352=CARTESIAN_POINT('',(-54.1351523250079,24.741394241332,26.7499989891052));
#12353=CARTESIAN_POINT('Origin',(-53.8851523250079,25.1744069432242,26.7499989891052));
#12354=CARTESIAN_POINT('',(-53.8851523250079,25.1744069432242,26.7499989891052));
#12355=CARTESIAN_POINT('Origin',(-54.7511777287923,25.6744069432242,26.7499989891052));
#12356=CARTESIAN_POINT('Origin',(-57.1545764695113,-21.4233364478359,26.7499989891052));
#12357=CARTESIAN_POINT('',(-56.2885510657268,-20.923336447836,26.7499989891052));
#12358=CARTESIAN_POINT('Origin',(-56.4045764695113,-22.7223745535126,26.7499989891052));
#12359=CARTESIAN_POINT('',(-56.4045764695113,-22.7223745535126,26.7499989891052));
#12360=CARTESIAN_POINT('Origin',(-56.9045764695113,-21.8563491497282,26.7499989891052));
#12361=CARTESIAN_POINT('',(-56.0385510657268,-21.3563491497282,26.7499989891052));
#12362=CARTESIAN_POINT('Origin',(-56.2885510657268,-20.923336447836,26.7499989891052));
#12363=CARTESIAN_POINT('Origin',(-54.6545764695115,-25.7534634667582,26.7499989891052));
#12364=CARTESIAN_POINT('',(-54.1545764695114,-26.6194888705427,26.7499989891052));
#12365=CARTESIAN_POINT('Origin',(-60.7167542960025,-29.2534634667582,26.7499989891052));
#12366=CARTESIAN_POINT('',(-60.7167542960025,-29.2534634667582,26.7499989891052));
#12367=CARTESIAN_POINT('Origin',(-59.850728892218,-28.7534634667583,26.7499989891052));
#12368=CARTESIAN_POINT('',(-59.350728892218,-29.6194888705427,26.7499989891052));
#12369=CARTESIAN_POINT('Origin',(-54.1545764695114,-26.6194888705427,26.7499989891052));
#12370=CARTESIAN_POINT('Origin',(-59.4045764695112,-17.5262221308059,26.7499989891052));
#12371=CARTESIAN_POINT('',(-58.5385510657267,-17.0262221308059,26.7499989891052));
#12372=CARTESIAN_POINT('Origin',(-58.6545764695112,-18.8252602364826,26.7499989891052));
#12373=CARTESIAN_POINT('',(-58.6545764695112,-18.8252602364826,26.7499989891052));
#12374=CARTESIAN_POINT('Origin',(-59.1545764695112,-17.9592348326981,26.7499989891052));
#12375=CARTESIAN_POINT('',(-58.2885510657267,-17.4592348326981,26.7499989891052));
#12376=CARTESIAN_POINT('Origin',(-58.5385510657267,-17.0262221308059,26.7499989891052));
#12377=CARTESIAN_POINT('Origin',(-58.4667542960026,-33.1505777837883,26.7499989891052));
#12378=CARTESIAN_POINT('',(-58.7167542960026,-32.7175650818961,26.7499989891052));
#12379=CARTESIAN_POINT('Origin',(-52.6545764695115,-29.217565081896,26.7499989891052));
#12380=CARTESIAN_POINT('',(-53.1545764695115,-28.3515396781116,26.7499989891052));
#12381=CARTESIAN_POINT('Origin',(-58.3507288922181,-31.3515396781116,26.7499989891052));
#12382=CARTESIAN_POINT('',(-58.3507288922181,-31.3515396781116,26.7499989891052));
#12383=CARTESIAN_POINT('Origin',(-57.8507288922181,-32.2175650818961,26.7499989891052));
#12384=CARTESIAN_POINT('Origin',(-58.3851523250078,17.3801783091642,26.7499989891052));
#12385=CARTESIAN_POINT('',(-58.6351523250078,16.9471656072719,26.7499989891052));
#12386=CARTESIAN_POINT('Origin',(-64.6973301514988,20.447165607272,26.7499989891052));
#12387=CARTESIAN_POINT('',(-65.1973301514988,19.5811402034875,26.7499989891052));
#12388=CARTESIAN_POINT('Origin',(-60.0011777287923,16.5811402034875,26.7499989891052));
#12389=CARTESIAN_POINT('',(-60.0011777287923,16.5811402034875,26.7499989891052));
#12390=CARTESIAN_POINT('Origin',(-59.5011777287923,17.447165607272,26.7499989891052));
#12391=CARTESIAN_POINT('Origin',(-57.1973301514984,33.4375466640384,26.7499989891052));
#12392=CARTESIAN_POINT('',(-52.001177728792,30.4375466640385,26.7499989891052));
#12393=CARTESIAN_POINT('Origin',(-52.751177728792,29.1385085583619,26.7499989891052));
#12394=CARTESIAN_POINT('',(-51.8851523250076,28.6385085583619,26.7499989891052));
#12395=CARTESIAN_POINT('Origin',(-51.6351523250076,29.071521260254,26.7499989891052));
#12396=CARTESIAN_POINT('',(-51.6351523250076,29.071521260254,26.7499989891052));
#12397=CARTESIAN_POINT('Origin',(-52.501177728792,29.571521260254,26.7499989891052));
#12398=CARTESIAN_POINT('Origin',(-72.4999999999999,-20.775,27.5));
#12399=CARTESIAN_POINT('',(-72.4999999999999,-20.775,27.5));
#12400=CARTESIAN_POINT('Origin',(-49.9999999999999,-20.775,27.5));
#12401=CARTESIAN_POINT('',(-50.,-43.275,27.5));
#12402=CARTESIAN_POINT('Origin',(66.5,-43.275,27.5));
#12403=CARTESIAN_POINT('Origin',(3.5527136788005E-14,-8.88178419700125E-15,
25.5));
#12404=UNCERTAINTY_MEASURE_WITH_UNIT(LENGTH_MEASURE(0.01),#12408,
'DISTANCE_ACCURACY_VALUE',
'Maximum model space distance between geometric entities at asserted c
onnectivities');
#12405=UNCERTAINTY_MEASURE_WITH_UNIT(LENGTH_MEASURE(0.01),#12408,
'DISTANCE_ACCURACY_VALUE',
'Maximum model space distance between geometric entities at asserted c
onnectivities');
#12406=(
GEOMETRIC_REPRESENTATION_CONTEXT(3)
GLOBAL_UNCERTAINTY_ASSIGNED_CONTEXT((#12404))
GLOBAL_UNIT_ASSIGNED_CONTEXT((#12408,#12409,#12410))
REPRESENTATION_CONTEXT('','3D')
);
#12407=(
GEOMETRIC_REPRESENTATION_CONTEXT(3)
GLOBAL_UNCERTAINTY_ASSIGNED_CONTEXT((#12405))
GLOBAL_UNIT_ASSIGNED_CONTEXT((#12408,#12409,#12410))
REPRESENTATION_CONTEXT('','3D')
);
#12408=(
LENGTH_UNIT()
NAMED_UNIT(*)
SI_UNIT(.MILLI.,.METRE.)
);
#12409=(
NAMED_UNIT(*)
PLANE_ANGLE_UNIT()
SI_UNIT($,.RADIAN.)
);
#12410=(
NAMED_UNIT(*)
SI_UNIT($,.STERADIAN.)
SOLID_ANGLE_UNIT()
);
#12411=SHAPE_DEFINITION_REPRESENTATION(#12412,#12413);
#12412=PRODUCT_DEFINITION_SHAPE('',$,#12415);
#12413=SHAPE_REPRESENTATION('',(#7291),#12406);
#12414=PRODUCT_DEFINITION_CONTEXT('part definition',#12419,'design');
#12415=PRODUCT_DEFINITION('Xii-Boy Ultra','Xii-Boy Ultra v221',#12416,#12414);
#12416=PRODUCT_DEFINITION_FORMATION('',$,#12421);
#12417=PRODUCT_RELATED_PRODUCT_CATEGORY('Xii-Boy Ultra v221',
'Xii-Boy Ultra v221',(#12421));
#12418=APPLICATION_PROTOCOL_DEFINITION('international standard',
'automotive_design',2009,#12419);
#12419=APPLICATION_CONTEXT(
'Core Data for Automotive Mechanical Design Process');
#12420=PRODUCT_CONTEXT('part definition',#12419,'mechanical');
#12421=PRODUCT('Xii-Boy Ultra','Xii-Boy Ultra v221',$,(#12420));
#12422=PRESENTATION_STYLE_ASSIGNMENT((#12456));
#12423=PRESENTATION_STYLE_ASSIGNMENT((#12457));
#12424=PRESENTATION_STYLE_ASSIGNMENT((#12458));
#12425=PRESENTATION_STYLE_ASSIGNMENT((#12459));
#12426=PRESENTATION_STYLE_ASSIGNMENT((#12460));
#12427=PRESENTATION_STYLE_ASSIGNMENT((#12461));
#12428=PRESENTATION_STYLE_ASSIGNMENT((#12462));
#12429=PRESENTATION_STYLE_ASSIGNMENT((#12463));
#12430=PRESENTATION_STYLE_ASSIGNMENT((#12464));
#12431=PRESENTATION_STYLE_ASSIGNMENT((#12465));
#12432=PRESENTATION_STYLE_ASSIGNMENT((#12466));
#12433=PRESENTATION_STYLE_ASSIGNMENT((#12467));
#12434=PRESENTATION_STYLE_ASSIGNMENT((#12468));
#12435=PRESENTATION_STYLE_ASSIGNMENT((#12469));
#12436=PRESENTATION_STYLE_ASSIGNMENT((#12470));
#12437=PRESENTATION_STYLE_ASSIGNMENT((#12471));
#12438=PRESENTATION_STYLE_ASSIGNMENT((#12472));
#12439=PRESENTATION_STYLE_ASSIGNMENT((#12473));
#12440=PRESENTATION_STYLE_ASSIGNMENT((#12474));
#12441=PRESENTATION_STYLE_ASSIGNMENT((#12475));
#12442=PRESENTATION_STYLE_ASSIGNMENT((#12476));
#12443=PRESENTATION_STYLE_ASSIGNMENT((#12477));
#12444=PRESENTATION_STYLE_ASSIGNMENT((#12478));
#12445=PRESENTATION_STYLE_ASSIGNMENT((#12479));
#12446=PRESENTATION_STYLE_ASSIGNMENT((#12480));
#12447=PRESENTATION_STYLE_ASSIGNMENT((#12481));
#12448=PRESENTATION_STYLE_ASSIGNMENT((#12482));
#12449=PRESENTATION_STYLE_ASSIGNMENT((#12483));
#12450=PRESENTATION_STYLE_ASSIGNMENT((#12484));
#12451=PRESENTATION_STYLE_ASSIGNMENT((#12485));
#12452=PRESENTATION_STYLE_ASSIGNMENT((#12486));
#12453=PRESENTATION_STYLE_ASSIGNMENT((#12487));
#12454=PRESENTATION_STYLE_ASSIGNMENT((#12488));
#12455=PRESENTATION_STYLE_ASSIGNMENT((#12489));
#12456=SURFACE_STYLE_USAGE(.BOTH.,#12490);
#12457=SURFACE_STYLE_USAGE(.BOTH.,#12491);
#12458=SURFACE_STYLE_USAGE(.BOTH.,#12492);
#12459=SURFACE_STYLE_USAGE(.BOTH.,#12493);
#12460=SURFACE_STYLE_USAGE(.BOTH.,#12494);
#12461=SURFACE_STYLE_USAGE(.BOTH.,#12495);
#12462=SURFACE_STYLE_USAGE(.BOTH.,#12496);
#12463=SURFACE_STYLE_USAGE(.BOTH.,#12497);
#12464=SURFACE_STYLE_USAGE(.BOTH.,#12498);
#12465=SURFACE_STYLE_USAGE(.BOTH.,#12499);
#12466=SURFACE_STYLE_USAGE(.BOTH.,#12500);
#12467=SURFACE_STYLE_USAGE(.BOTH.,#12501);
#12468=SURFACE_STYLE_USAGE(.BOTH.,#12502);
#12469=SURFACE_STYLE_USAGE(.BOTH.,#12503);
#12470=SURFACE_STYLE_USAGE(.BOTH.,#12504);
#12471=SURFACE_STYLE_USAGE(.BOTH.,#12505);
#12472=SURFACE_STYLE_USAGE(.BOTH.,#12506);
#12473=SURFACE_STYLE_USAGE(.BOTH.,#12507);
#12474=SURFACE_STYLE_USAGE(.BOTH.,#12508);
#12475=SURFACE_STYLE_USAGE(.BOTH.,#12509);
#12476=SURFACE_STYLE_USAGE(.BOTH.,#12510);
#12477=SURFACE_STYLE_USAGE(.BOTH.,#12511);
#12478=SURFACE_STYLE_USAGE(.BOTH.,#12512);
#12479=SURFACE_STYLE_USAGE(.BOTH.,#12513);
#12480=SURFACE_STYLE_USAGE(.BOTH.,#12514);
#12481=SURFACE_STYLE_USAGE(.BOTH.,#12515);
#12482=SURFACE_STYLE_USAGE(.BOTH.,#12516);
#12483=SURFACE_STYLE_USAGE(.BOTH.,#12517);
#12484=SURFACE_STYLE_USAGE(.BOTH.,#12518);
#12485=SURFACE_STYLE_USAGE(.BOTH.,#12519);
#12486=SURFACE_STYLE_USAGE(.BOTH.,#12520);
#12487=SURFACE_STYLE_USAGE(.BOTH.,#12521);
#12488=SURFACE_STYLE_USAGE(.BOTH.,#12522);
#12489=SURFACE_STYLE_USAGE(.BOTH.,#12523);
#12490=SURFACE_SIDE_STYLE('',(#12524));
#12491=SURFACE_SIDE_STYLE('',(#12525));
#12492=SURFACE_SIDE_STYLE('',(#12526));
#12493=SURFACE_SIDE_STYLE('',(#12527));
#12494=SURFACE_SIDE_STYLE('',(#12528));
#12495=SURFACE_SIDE_STYLE('',(#12529));
#12496=SURFACE_SIDE_STYLE('',(#12530));
#12497=SURFACE_SIDE_STYLE('',(#12531));
#12498=SURFACE_SIDE_STYLE('',(#12532));
#12499=SURFACE_SIDE_STYLE('',(#12533));
#12500=SURFACE_SIDE_STYLE('',(#12534));
#12501=SURFACE_SIDE_STYLE('',(#12535));
#12502=SURFACE_SIDE_STYLE('',(#12536));
#12503=SURFACE_SIDE_STYLE('',(#12537));
#12504=SURFACE_SIDE_STYLE('',(#12538));
#12505=SURFACE_SIDE_STYLE('',(#12539));
#12506=SURFACE_SIDE_STYLE('',(#12540));
#12507=SURFACE_SIDE_STYLE('',(#12541));
#12508=SURFACE_SIDE_STYLE('',(#12542));
#12509=SURFACE_SIDE_STYLE('',(#12543));
#12510=SURFACE_SIDE_STYLE('',(#12544));
#12511=SURFACE_SIDE_STYLE('',(#12545));
#12512=SURFACE_SIDE_STYLE('',(#12546));
#12513=SURFACE_SIDE_STYLE('',(#12547));
#12514=SURFACE_SIDE_STYLE('',(#12548));
#12515=SURFACE_SIDE_STYLE('',(#12549));
#12516=SURFACE_SIDE_STYLE('',(#12550));
#12517=SURFACE_SIDE_STYLE('',(#12551));
#12518=SURFACE_SIDE_STYLE('',(#12552));
#12519=SURFACE_SIDE_STYLE('',(#12553));
#12520=SURFACE_SIDE_STYLE('',(#12554));
#12521=SURFACE_SIDE_STYLE('',(#12555));
#12522=SURFACE_SIDE_STYLE('',(#12556));
#12523=SURFACE_SIDE_STYLE('',(#12557));
#12524=SURFACE_STYLE_FILL_AREA(#12558);
#12525=SURFACE_STYLE_FILL_AREA(#12559);
#12526=SURFACE_STYLE_FILL_AREA(#12560);
#12527=SURFACE_STYLE_FILL_AREA(#12561);
#12528=SURFACE_STYLE_FILL_AREA(#12562);
#12529=SURFACE_STYLE_FILL_AREA(#12563);
#12530=SURFACE_STYLE_FILL_AREA(#12564);
#12531=SURFACE_STYLE_FILL_AREA(#12565);
#12532=SURFACE_STYLE_FILL_AREA(#12566);
#12533=SURFACE_STYLE_FILL_AREA(#12567);
#12534=SURFACE_STYLE_FILL_AREA(#12568);
#12535=SURFACE_STYLE_FILL_AREA(#12569);
#12536=SURFACE_STYLE_FILL_AREA(#12570);
#12537=SURFACE_STYLE_FILL_AREA(#12571);
#12538=SURFACE_STYLE_FILL_AREA(#12572);
#12539=SURFACE_STYLE_FILL_AREA(#12573);
#12540=SURFACE_STYLE_FILL_AREA(#12574);
#12541=SURFACE_STYLE_FILL_AREA(#12575);
#12542=SURFACE_STYLE_FILL_AREA(#12576);
#12543=SURFACE_STYLE_FILL_AREA(#12577);
#12544=SURFACE_STYLE_FILL_AREA(#12578);
#12545=SURFACE_STYLE_FILL_AREA(#12579);
#12546=SURFACE_STYLE_FILL_AREA(#12580);
#12547=SURFACE_STYLE_FILL_AREA(#12581);
#12548=SURFACE_STYLE_FILL_AREA(#12582);
#12549=SURFACE_STYLE_FILL_AREA(#12583);
#12550=SURFACE_STYLE_FILL_AREA(#12584);
#12551=SURFACE_STYLE_FILL_AREA(#12585);
#12552=SURFACE_STYLE_FILL_AREA(#12586);
#12553=SURFACE_STYLE_FILL_AREA(#12587);
#12554=SURFACE_STYLE_FILL_AREA(#12588);
#12555=SURFACE_STYLE_FILL_AREA(#12589);
#12556=SURFACE_STYLE_FILL_AREA(#12590);
#12557=SURFACE_STYLE_FILL_AREA(#12591);
#12558=FILL_AREA_STYLE('Opaque(80,124,105)',(#12592));
#12559=FILL_AREA_STYLE('Opaque(50,50,50)',(#12593));
#12560=FILL_AREA_STYLE('Opaque(218,205,0)',(#12594));
#12561=FILL_AREA_STYLE('Opaque(52,52,52)',(#12595));
#12562=FILL_AREA_STYLE('Opaque(191,191,191)',(#12596));
#12563=FILL_AREA_STYLE('Opaque(15,102,15)',(#12597));
#12564=FILL_AREA_STYLE('Opaque(202,209,238)',(#12598));
#12565=FILL_AREA_STYLE('Opaque(255,255,255)',(#12599));
#12566=FILL_AREA_STYLE('Opaque(152,170,175)',(#12600));
#12567=FILL_AREA_STYLE('Opaque(204,203,178)',(#12601));
#12568=FILL_AREA_STYLE('Opaque(234,234,234)',(#12602));
#12569=FILL_AREA_STYLE('Opaque(69,69,69)',(#12603));
#12570=FILL_AREA_STYLE('Opaque(64,64,64)',(#12604));
#12571=FILL_AREA_STYLE('Opaque(225,225,225)',(#12605));
#12572=FILL_AREA_STYLE('Opaque(25,25,25)',(#12606));
#12573=FILL_AREA_STYLE('Opaque(211,84,18)',(#12607));
#12574=FILL_AREA_STYLE('Opaque(70,70,70)',(#12608));
#12575=FILL_AREA_STYLE('Opaque(219,219,219)',(#12609));
#12576=FILL_AREA_STYLE('Opaque(204,204,204)',(#12610));
#12577=FILL_AREA_STYLE('Opaque(160,160,160)',(#12611));
#12578=FILL_AREA_STYLE('Opaque(220,220,220)',(#12612));
#12579=FILL_AREA_STYLE('Opaque(63,63,63)',(#12613));
#12580=FILL_AREA_STYLE('Opaque(176,176,176)',(#12614));
#12581=FILL_AREA_STYLE('Powder Coat - Rough (Dark Grey)',(#12615));
#12582=FILL_AREA_STYLE('Opaque(21,22,24)',(#12616));
#12583=FILL_AREA_STYLE('Aluminum - Polished',(#12617));
#12584=FILL_AREA_STYLE('Gold - Polished',(#12618));
#12585=FILL_AREA_STYLE('Steel - Satin',(#12619));
#12586=FILL_AREA_STYLE('Opaque(246,246,243)',(#12620));
#12587=FILL_AREA_STYLE('Plastic - Glossy (Black)',(#12621));
#12588=FILL_AREA_STYLE('Copper - Polished',(#12622));
#12589=FILL_AREA_STYLE('Aluminum - Anodized Rough (Red)',(#12623));
#12590=FILL_AREA_STYLE('Glass (Clear)',(#12624));
#12591=FILL_AREA_STYLE('Opaque(243,243,243)',(#12625));
#12592=FILL_AREA_STYLE_COLOUR('Opaque(80,124,105)',#12626);
#12593=FILL_AREA_STYLE_COLOUR('Opaque(50,50,50)',#12627);
#12594=FILL_AREA_STYLE_COLOUR('Opaque(218,205,0)',#12628);
#12595=FILL_AREA_STYLE_COLOUR('Opaque(52,52,52)',#12629);
#12596=FILL_AREA_STYLE_COLOUR('Opaque(191,191,191)',#12630);
#12597=FILL_AREA_STYLE_COLOUR('Opaque(15,102,15)',#12631);
#12598=FILL_AREA_STYLE_COLOUR('Opaque(202,209,238)',#12632);
#12599=FILL_AREA_STYLE_COLOUR('Opaque(255,255,255)',#12633);
#12600=FILL_AREA_STYLE_COLOUR('Opaque(152,170,175)',#12634);
#12601=FILL_AREA_STYLE_COLOUR('Opaque(204,203,178)',#12635);
#12602=FILL_AREA_STYLE_COLOUR('Opaque(234,234,234)',#12636);
#12603=FILL_AREA_STYLE_COLOUR('Opaque(69,69,69)',#12637);
#12604=FILL_AREA_STYLE_COLOUR('Opaque(64,64,64)',#12638);
#12605=FILL_AREA_STYLE_COLOUR('Opaque(225,225,225)',#12639);
#12606=FILL_AREA_STYLE_COLOUR('Opaque(25,25,25)',#12640);
#12607=FILL_AREA_STYLE_COLOUR('Opaque(211,84,18)',#12641);
#12608=FILL_AREA_STYLE_COLOUR('Opaque(70,70,70)',#12642);
#12609=FILL_AREA_STYLE_COLOUR('Opaque(219,219,219)',#12643);
#12610=FILL_AREA_STYLE_COLOUR('Opaque(204,204,204)',#12644);
#12611=FILL_AREA_STYLE_COLOUR('Opaque(160,160,160)',#12645);
#12612=FILL_AREA_STYLE_COLOUR('Opaque(220,220,220)',#12646);
#12613=FILL_AREA_STYLE_COLOUR('Opaque(63,63,63)',#12647);
#12614=FILL_AREA_STYLE_COLOUR('Opaque(176,176,176)',#12648);
#12615=FILL_AREA_STYLE_COLOUR('Powder Coat - Rough (Dark Grey)',#12649);
#12616=FILL_AREA_STYLE_COLOUR('Opaque(21,22,24)',#12650);
#12617=FILL_AREA_STYLE_COLOUR('Aluminum - Polished',#12651);
#12618=FILL_AREA_STYLE_COLOUR('Gold - Polished',#12652);
#12619=FILL_AREA_STYLE_COLOUR('Steel - Satin',#12653);
#12620=FILL_AREA_STYLE_COLOUR('Opaque(246,246,243)',#12654);
#12621=FILL_AREA_STYLE_COLOUR('Plastic - Glossy (Black)',#12655);
#12622=FILL_AREA_STYLE_COLOUR('Copper - Polished',#12656);
#12623=FILL_AREA_STYLE_COLOUR('Aluminum - Anodized Rough (Red)',#12657);
#12624=FILL_AREA_STYLE_COLOUR('Glass (Clear)',#12658);
#12625=FILL_AREA_STYLE_COLOUR('Opaque(243,243,243)',#12659);
#12626=COLOUR_RGB('Opaque(80,124,105)',0.313725490196078,0.486274509803922,
0.411764705882353);
#12627=COLOUR_RGB('Opaque(50,50,50)',0.196078431372549,0.196078431372549,
0.196078431372549);
#12628=COLOUR_RGB('Opaque(218,205,0)',0.854901960784314,0.803921568627451,
0.);
#12629=COLOUR_RGB('Opaque(52,52,52)',0.203921568627451,0.203921568627451,
0.203921568627451);
#12630=COLOUR_RGB('Opaque(191,191,191)',0.749019607843137,0.749019607843137,
0.749019607843137);
#12631=COLOUR_RGB('Opaque(15,102,15)',0.0588235294117647,0.4,0.0588235294117647);
#12632=COLOUR_RGB('Opaque(202,209,238)',0.792156862745098,0.819607843137255,
0.933333333333333);
#12633=COLOUR_RGB('Opaque(255,255,255)',1.,1.,1.);
#12634=COLOUR_RGB('Opaque(152,170,175)',0.596078431372549,0.666666666666667,
0.686274509803922);
#12635=COLOUR_RGB('Opaque(204,203,178)',0.8,0.796078431372549,0.698039215686274);
#12636=COLOUR_RGB('Opaque(234,234,234)',0.917647058823529,0.917647058823529,
0.917647058823529);
#12637=COLOUR_RGB('Opaque(69,69,69)',0.270588235294118,0.270588235294118,
0.270588235294118);
#12638=COLOUR_RGB('Opaque(64,64,64)',0.250980392156863,0.250980392156863,
0.250980392156863);
#12639=COLOUR_RGB('Opaque(225,225,225)',0.882352941176471,0.882352941176471,
0.882352941176471);
#12640=COLOUR_RGB('Opaque(25,25,25)',0.0980392156862745,0.0980392156862745,
0.0980392156862745);
#12641=COLOUR_RGB('Opaque(211,84,18)',0.827450980392157,0.329411764705882,
0.0705882352941176);
#12642=COLOUR_RGB('Opaque(70,70,70)',0.274509803921569,0.274509803921569,
0.274509803921569);
#12643=COLOUR_RGB('Opaque(219,219,219)',0.858823529411765,0.858823529411765,
0.858823529411765);
#12644=COLOUR_RGB('Opaque(204,204,204)',0.8,0.8,0.8);
#12645=COLOUR_RGB('Opaque(160,160,160)',0.627450980392157,0.627450980392157,
0.627450980392157);
#12646=COLOUR_RGB('Opaque(220,220,220)',0.862745098039216,0.862745098039216,
0.862745098039216);
#12647=COLOUR_RGB('Opaque(63,63,63)',0.250980392156863,0.250980392156863,
0.250980392156863);
#12648=COLOUR_RGB('Opaque(176,176,176)',0.690196078431373,0.690196078431373,
0.690196078431373);
#12649=COLOUR_RGB('Powder Coat - Rough (Dark Grey)',0.349019607843137,0.349019607843137,
0.349019607843137);
#12650=COLOUR_RGB('Opaque(21,22,24)',0.0823529411764706,0.0862745098039216,
0.0941176470588235);
#12651=COLOUR_RGB('Aluminum - Polished',0.96078431372549,0.96078431372549,
0.964705882352941);
#12652=COLOUR_RGB('Gold - Polished',0.956862745098039,0.898039215686275,
0.654901960784314);
#12653=COLOUR_RGB('Steel - Satin',0.627450980392157,0.627450980392157,0.627450980392157);
#12654=COLOUR_RGB('Opaque(246,246,243)',0.964705882352941,0.964705882352941,
0.952941176470588);
#12655=COLOUR_RGB('Plastic - Glossy (Black)',0.0980392156862745,0.0980392156862745,
0.0980392156862745);
#12656=COLOUR_RGB('Copper - Polished',0.929411764705882,0.807843137254902,
0.764705882352941);
#12657=COLOUR_RGB('Aluminum - Anodized Rough (Red)',0.854901960784314,0.349019607843137,
0.349019607843137);
#12658=COLOUR_RGB('Glass (Clear)',0.964705882352941,0.964705882352941,0.952941176470588);
#12659=COLOUR_RGB('Opaque(243,243,243)',0.952941176470588,0.952941176470588,
0.952941176470588);
ENDSEC;
END-ISO-10303-21;
